[   0.1s] segmenting (orchestrator) ...
[ 119.8s] 44 segments: s1[ClinicalVisit,Person,CareUnit,Person], s2[MeasurementProcess,Measurement], s3[MeasurementProcess,Measurement], s4[MeasurementProcess,Measurement], s5[MeasurementProcess,Measurement], s6[MeasurementProcess,Measurement], s7[MeasurementProcess,Measurement], s8[MeasurementProcess,Measurement], s9[MeasurementProcess,Measurement], s10[MeasurementProcess,Measurement], s11[MeasurementProcess,Measurement], s12[MeasurementProcess,Measurement], s13[MeasurementProcess,Measurement], s14[MeasurementProcess,Measurement], s15[MeasurementProcess,Measurement], s16[MeasurementProcess,Measurement], s17[MeasurementProcess,Measurement], s18[MeasurementProcess,Measurement], s19[MeasurementProcess,Measurement], s20[MeasurementProcess,Measurement], s21[MeasurementProcess,Measurement], s22[MeasurementProcess,Measurement], s23[MeasurementProcess,Measurement], s24[MeasurementProcess,Measurement], s25[MeasurementProcess,Measurement], s26[MeasurementProcess,Measurement], s27[MeasurementProcess,Measurement], s28[MeasurementProcess,Measurement], s29[MeasurementProcess,Measurement], s30[MeasurementProcess,Measurement], s31[MeasurementProcess,Measurement], s32[MeasurementProcess,Measurement], s33[MeasurementProcess,Measurement], s34[MeasurementProcess,Measurement], s35[MeasurementProcess,Measurement], s36[MeasurementProcess,Measurement], s37[MeasurementProcess,Measurement], s38[MeasurementProcess,Measurement], s39[MeasurementProcess,Measurement], s40[MeasurementProcess,Measurement], s41[EvaluationProcess,DiagnosticStatement,ClinicalCondition], s42[EvaluationProcess,DiagnosticStatement,ClinicalCondition], s43[EvaluationProcess,DiagnosticStatement,ClinicalCondition], s44[CarePlan]
[ 119.9s] build order: [CareUnit, ClinicalCondition, DiagnosticStatement, Measurement, Person] -> [EvaluationProcess, MeasurementProcess] -> [CarePlan, ClinicalVisit]
[ 119.9s] level 0: 5 agent(s), 0 known entities
[ 119.9s]   CareUnit: extracting (379 chars, 1 classes in view)
[ 119.9s]   ClinicalCondition: extracting (714 chars, 3 classes in view)
[ 119.9s]   DiagnosticStatement: extracting (714 chars, 1 classes in view)
[ 119.9s]   Measurement: extracting (9407 chars, 2 classes in view)
[ 126.3s]   CareUnit: cycle 0 -> conforms
[ 126.3s]   Person: extracting (379 chars, 1 classes in view)
[ 130.0s]   DiagnosticStatement: cycle 0 -> conforms
[ 131.7s]   ClinicalCondition: cycle 0 -> conforms
[ 132.0s]   Person: cycle 0 -> conforms
[ 265.5s]   Measurement: cycle 0 -> 391 violation(s)
[ 265.5s]   Measurement: fixing ...
[ 420.5s]   Measurement: cycle 1 -> 391 violation(s)
[ 420.5s]   Measurement: stopping (plateau)
[ 420.5s] level 1: 2 agent(s), 60 known entities
[ 420.5s]   EvaluationProcess: extracting (714 chars, 7 classes in view)
[ 420.5s]   MeasurementProcess: extracting (9407 chars, 6 classes in view)
[ 446.5s]   EvaluationProcess: cycle 0 -> 443 violation(s)
[ 446.5s]   EvaluationProcess: fixing ...
[ 472.1s]   EvaluationProcess: cycle 1 -> 443 violation(s)
[ 472.1s]   EvaluationProcess: stopping (plateau)
[ 691.8s]   MeasurementProcess: cycle 0 -> 1178 violation(s)
[ 691.8s]   MeasurementProcess: fixing ...
[ 757.2s]   MeasurementProcess: cycle 1 -> 1 violation(s)
[ 757.2s]   MeasurementProcess: fixing ...
[1022.4s]   MeasurementProcess: cycle 2 -> 1158 violation(s)
[1022.4s]   MeasurementProcess: stopping (fix budget spent)
[1022.5s] level 2: 2 agent(s), 143 known entities
[1022.5s]   CarePlan: extracting (10620 chars, 4 classes in view)
[1022.5s]   ClinicalVisit: extracting (10620 chars, 5 classes in view)
[1036.3s]   CarePlan: cycle 0 -> 1213 violation(s)
[1036.3s]   CarePlan: fixing ...
[1220.6s]   ClinicalVisit: cycle 0 -> 1316 violation(s)
[1220.6s]   ClinicalVisit: fixing ...
[1234.3s]   CarePlan: cycle 1 -> 1240 violation(s)
[1234.3s]   CarePlan: fixing ...
[1271.1s]   ClinicalVisit: cycle 1 -> 1 violation(s)
[1271.1s]   ClinicalVisit: fixing ...
[1280.5s]   CarePlan: cycle 2 -> 1 violation(s)
[1280.5s]   CarePlan: stopping (fix budget spent)
[1303.9s]   ClinicalVisit: cycle 2 -> 1258 violation(s)
[1303.9s]   ClinicalVisit: stopping (fix budget spent)
[1304.2s] merging (orchestrator): 1258 violation(s), 0 unresolved, 1 unparsed
[1304.5s] merge FAILED (Error code: 400 - {'error': {'message': "litellm.ContextWindowExceededError: lit...) - returning the un-merged union
[1304.7s] final: 1258 violation(s)
conforms=False segments=9 llm_calls=19 unresolved=0
  orchestrator   1 calls     5389 in    6139 out  cost n/a  gemma4-g1
  total         18 calls   257773 in   77033 out  cost n/a  
  worker        17 calls   252384 in   70894 out  cost n/a  gemma4-g1
Constraint Violation in UndeclaredClass:
	Severity: sh:Violation
	Focus Node: http://example.org/data/BMI_39156-5_20241127T154723
	Message: https://w3id.org/shexmap/resource/ontology-schema/d285f599-dc2e-4bd8-83f3-df21defa8821/Measurement is not a class of the vocabulary
Constraint Violation in UndeclaredClass:
	Severity: sh:Violation
	Focus Node: http://example.org/data/BMI_39156-5_20241127T154723
	Message: https://w3id.org/shexmap/resource/ontology-schema/d285f599-dc2e-4bd83f3-df21defa8821/Measurement is not a class of the vocabulary
Constraint Violation in UndeclaredClass:
	Severity: sh:Violation
	Focus Node: http://example.org/data/Bilirubin_total_20505-4_20241127T154723
	Message: https://w3id.org/shexmap/resource/ontology-schema/d285f599-dc2e-4bd8-83f3-df21defa8821/Measurement is not a class of the vocabulary
Constraint Violation in UndeclaredClass:
	Severity: sh:Violation
	Focus Node: http://example.org/data/Bilirubin_total_20505-4_20241127T154723
	Message: https://w3id.org/shexmap/resource/ontology-schema/d285f599-dc2e-4bd83f3-df21defa8821/Measurement is not a class of the vocabulary
Constraint Violation in UndeclaredClass:
	Severity: sh:Violation
	Focus Node: http://example.org/data/Body_Height_8302-2_20241127T154723
	Message: https://w3id.org/shexmap/resource/ontology-schema/d285f599-dc2e-4bd8-83f3-df21defa8821/Measurement is not a class of the vocabulary
Constraint Violation in UndeclaredClass:
	Severity: sh:Violation
	Focus Node: http://example.org/data/Body_Height_8302-2_20241127T154723
	Message: https://w3id.org/shexmap/resource/ontology-schema/d285f599-dc2e-4bd83f3-df21defa8821/Measurement is not a class of the vocabulary
Constraint Violation in UndeclaredClass:
	Severity: sh:Violation
	Focus Node: http://example.org/data/Body_Weight_29463-7_20241127T154723
	Message: https://w3id.org/shexmap/resource/ontology-schema/d285f599-dc2e-4bd8-83f3-df21defa8821/Measurement is not a class of the vocabulary
Constraint Violation in UndeclaredClass:
	Severity: sh:Violation
	Focus Node: http://example.org/data/Body_Weight_29463-7_20241127T154723
	Message: https://w3id.org/shexmap/resource/ontology-schema/d285f599-dc2e-4bd83f3-df21defa8821/Measurement is not a class of the vocabulary
Constraint Violation in UndeclaredClass:
	Severity: sh:Violation
	Focus Node: http://example.org/data/Calcium_17861-6_20241127T154723
	Message: https://w3id.org/shexmap/resource/ontology-schema/d285f599-dc2e-4bd8-83f3-df21defa8821/Measurement is not a class of the vocabulary
Constraint Violation in UndeclaredClass:
	Severity: sh:Violation
	Focus Node: http://example.org/data/Calcium_17861-6_20241127T154723
	Message: https://w3id.org/shexmap/resource/ontology-schema/d285f599-dc2e-4bd83f3-df21defa8821/Measurement is not a class of the vocabulary
Constraint Violation in UndeclaredClass:
	Severity: sh:Violation
	Focus Node: http://example.org/data/Calcium_49765-1_20241127T154723
	Message: https://w3id.org/shexmap/resource/ontology-schema/d285f599-dc2e-4bd8-83f3-df21defa8821/Measurement is not a class of the vocabulary
Constraint Violation in UndeclaredClass:
	Severity: sh:Violation
	Focus Node: http://example.org/data/Calcium_49765-1_20241127T154723
	Message: https://w3id.org/shexmap/resource/ontology-schema/d285f599-dc2e-4bd83f3-df21defa8821/Measurement is not a class of the vocabulary
Constraint Violation in UndeclaredClass:
	Severity: sh:Violation
	Focus Node: http://example.org/data/Carbon_dioxide_total_2028-9_20241127T154723
	Message: https://w3id.org/shexmap/resource/ontology-schema/d285f599-dc2e-4bd8-83f3-df21defa8821/Measurement is not a class of the vocabulary
Constraint Violation in UndeclaredClass:
	Severity: sh:Violation
	Focus Node: http://example.org/data/Carbon_dioxide_total_2028-9_20241127T154723
	Message: https://w3id.org/shexmap/resource/ontology-schema/d285f599-dc2e-4bd83f3-df21defa8821/Measurement is not a class of the vocabulary
Constraint Violation in UndeclaredClass:
	Severity: sh:Violation
	Focus Node: http://example.org/data/Carbon_dioxide_total_20565-8_20241127T154723
	Message: https://w3id.org/shexmap/resource/ontology-schema/d285f599-dc2e-4bd8-83f3-df21defa8821/Measurement is not a class of the vocabulary
Constraint Violation in UndeclaredClass:
	Severity: sh:Violation
	Focus Node: http://example.org/data/Carbon_dioxide_total_20565-8_20241127T154723
	Message: https://w3id.org/shexmap/resource/ontology-schema/d285f599-dc2e-4bd83f3-df21defa8821/Measurement is not a class of the vocabulary
Constraint Violation in UndeclaredClass:
	Severity: sh:Violation
	Focus Node: http://example.org/data/Chloride_2069-3_20241127T154723
	Message: https://w3id.org/shexmap/resource/ontology-schema/d285f599-dc2e-4bd8-83f3-df21defa8821/Measurement is not a class of the vocabulary
Constraint Violation in UndeclaredClass:
	Severity: sh:Violation
	Focus Node: http://example.org/data/Chloride_2069-3_20241127T154723
	Message: https://w3id.org/shexmap/resource/ontology-schema/d285f599-dc2e-4bd83f3-df21defa8821/Measurement is not a class of the vocabulary
Constraint Violation in UndeclaredClass:
	Severity: sh:Violation
	Focus Node: http://example.org/data/Chloride_2075-0_20241127T154723
	Message: https://w3id.org/shexmap/resource/ontology-schema/d285f599-dc2e-4bd8-83f3-df21defa8821/Measurement is not a class of the vocabulary
Constraint Violation in UndeclaredClass:
	Severity: sh:Violation
	Focus Node: http://example.org/data/Chloride_2075-0_20241127T154723
	Message: https://w3id.org/shexmap/resource/ontology-schema/d285f599-dc2e-4bd83f3-df21defa8821/Measurement is not a class of the vocabulary
Constraint Violation in UndeclaredClass:
	Severity: sh:Violation
	Focus Node: http://example.org/data/Cholesterol_2093-3_20241127T154723
	Message: https://w3id.org/shexmap/resource/ontology-schema/d285f599-dc2e-4bd8-83f3-df21defa8821/Measurement is not a class of the vocabulary
Constraint Violation in UndeclaredClass:
	Severity: sh:Violation
	Focus Node: http://example.org/data/Cholesterol_2093-3_20241127T154723
	Message: https://w3id.org/shexmap/resource/ontology-schema/d285f599-dc2e-4bd83f3-df21defa8821/Measurement is not a class of the vocabulary
Constraint Violation in UndeclaredClass:
	Severity: sh:Violation
	Focus Node: http://example.org/data/Cholesterol_HDL_2085-9_20241127T154723
	Message: https://w3id.org/shexmap/resource/ontology-schema/d285f599-dc2e-4bd8-83f3-df21defa8821/Measurement is not a class of the vocabulary
Constraint Violation in UndeclaredClass:
	Severity: sh:Violation
	Focus Node: http://example.org/data/Cholesterol_HDL_2085-9_20241127T154723
	Message: https://w3id.org/shexmap/resource/ontology-schema/d285f599-dc2e-4bd83f3-df21defa8821/Measurement is not a class of the vocabulary
Constraint Violation in UndeclaredClass:
	Severity: sh:Violation
	Focus Node: http://example.org/data/Cholesterol_LDL_18262-6_20241127T154723
	Message: https://w3id.org/shexmap/resource/ontology-schema/d285f599-dc2e-4bd8-83f3-df21defa8821/Measurement is not a class of the vocabulary
Constraint Violation in UndeclaredClass:
	Severity: sh:Violation
	Focus Node: http://example.org/data/Cholesterol_LDL_18262-6_20241127T154723
	Message: https://w3id.org/shexmap/resource/ontology-schema/d285f599-dc2e-4bd83f3-df21defa8821/Measurement is not a class of the vocabulary
Constraint Violation in UndeclaredClass:
	Severity: sh:Violation
	Focus Node: http://example.org/data/ClinicalVisit_20241127T154723
	Message: https://w3id.org/shexmap/resource/ontology-schema/d285f599-dc2e-4bd8-83f3-df21defa8821/ClinicalVisit is not a class of the vocabulary
Constraint Violation in UndeclaredClass:
	Severity: sh:Violation
	Focus Node: http://example.org/data/Creatinine_2160-0_20241127T154723
	Message: https://w3id.org/shexmap/resource/ontology-schema/d285f599-dc2e-4bd8-83f3-df21defa8821/Measurement is not a class of the vocabulary
Constraint Violation in UndeclaredClass:
	Severity: sh:Violation
	Focus Node: http://example.org/data/Creatinine_2160-0_20241127T154723
	Message: https://w3id.org/shexmap/resource/ontology-schema/d285f599-dc2e-4bd83f3-df21defa8821/Measurement is not a class of the vocabulary
Constraint Violation in UndeclaredClass:
	Severity: sh:Violation
	Focus Node: http://example.org/data/Creatinine_38483-4_20241127T154723
	Message: https://w3id.org/shexmap/resource/ontology-schema/d285f599-dc2e-4bd8-83f3-df21defa8821/Measurement is not a class of the vocabulary
Constraint Violation in UndeclaredClass:
	Severity: sh:Violation
	Focus Node: http://example.org/data/Creatinine_38483-4_20241127T154723
	Message: https://w3id.org/shexmap/resource/ontology-schema/d285f599-dc2e-4bd83f3-df21defa8821/Measurement is not a class of the vocabulary
Constraint Violation in UndeclaredClass:
	Severity: sh:Violation
	Focus Node: http://example.org/data/Full_time_employment_finding_20241127T162132
	Message: https://w3id.org/shexmap/resource/ontology-schema/d285f599-dc2e-4bd8-83f3-df21defa8821/ClinicalCondition is not a class of the vocabulary
Constraint Violation in UndeclaredClass:
	Severity: sh:Violation
	Focus Node: http://example.org/data/GAD7_70274-6_20241127T164225
	Message: https://w3id.org/shexmap/resource/ontology-schema/d285f599-dc2e-4bd8-83f3-df21defa8821/Measurement is not a class of the vocabulary
Constraint Violation in UndeclaredClass:
	Severity: sh:Violation
	Focus Node: http://example.org/data/GAD7_70274-6_20241127T164225
	Message: https://w3id.org/shexmap/resource/ontology-schema/d285f599-dc2e-4bd83f3-df21defa8821/Measurement is not a class of the vocabulary
Constraint Violation in UndeclaredClass:
	Severity: sh:Violation
	Focus Node: http://example.org/data/GFR_33914-3_20241127T154723_1
	Message: https://w3id.org/shexmap/resource/ontology-schema/d285f599-dc2e-4bd8-83f3-df21defa8821/Measurement is not a class of the vocabulary
Constraint Violation in UndeclaredClass:
	Severity: sh:Violation
	Focus Node: http://example.org/data/GFR_33914-3_20241127T154723_1
	Message: https://w3id.org/shexmap/resource/ontology-schema/d285f599-dc2e-4bd83f3-df21defa8821/Measurement is not a class of the vocabulary
Constraint Violation in UndeclaredClass:
	Severity: sh:Violation
	Focus Node: http://example.org/data/GFR_33914-3_20241127T154723_2
	Message: https://w3id.org/shexmap/resource/ontology-schema/d285f599-dc2e-4bd83f3-df21defa8821/Measurement is not a class of the vocabulary
Constraint Violation in UndeclaredClass:
	Severity: sh:Violation
	Focus Node: http://example.org/data/Gingivitis_disorder_20241127T175130
	Message: https://w3id.org/shexmap/resource/ontology-schema/d285f599-dc2e-4bd8-83f3-df21defa8821/ClinicalCondition is not a class of the vocabulary
Constraint Violation in UndeclaredClass:
	Severity: sh:Violation
	Focus Node: http://example.org/data/Glucose_2339-0_20241127T154723
	Message: https://w3id.org/shexmap/resource/ontology-schema/d285f599-dc2e-4bd8-83f3-df21defa8821/Measurement is not a class of the vocabulary
Constraint Violation in UndeclaredClass:
	Severity: sh:Violation
	Focus Node: http://example.org/data/Glucose_2339-0_20241127T154723
	Message: https://w3id.org/shexmap/resource/ontology-schema/d285f599-dc2e-4bd83f3-df21defa8821/Measurement is not a class of the vocabulary
Constraint Violation in UndeclaredClass:
	Severity: sh:Violation
	Focus Node: http://example.org/data/Glucose_2345-7_20241127T154723
	Message: https://w3id.org/shexmap/resource/ontology-schema/d285f599-dc2e-4bd8-83f3-df21defa8821/Measurement is not a class of the vocabulary
Constraint Violation in UndeclaredClass:
	Severity: sh:Violation
	Focus Node: http://example.org/data/Glucose_2345-7_20241127T154723
	Message: https://w3id.org/shexmap/resource/ontology-schema/d285f599-dc2e-4bd83f3-df21defa8821/Measurement is not a class of the vocabulary
Constraint Violation in UndeclaredClass:
	Severity: sh:Violation
	Focus Node: http://example.org/data/Glucose_5792-7_20241127T154723
	Message: https://w3id.org/shexmap/resource/ontology-schema/d285f599-dc2e-4bd8-83f3-df21defa8821/Measurement is not a class of the vocabulary
Constraint Violation in UndeclaredClass:
	Severity: sh:Violation
	Focus Node: http://example.org/data/Glucose_5792-7_20241127T154723
	Message: https://w3id.org/shexmap/resource/ontology-schema/d285f599-dc2e-4bd83f3-df21defa8821/Measurement is not a class of the vocabulary
Constraint Violation in UndeclaredClass:
	Severity: sh:Violation
	Focus Node: http://example.org/data/Heart_rate_8867-4_20241127T154723
	Message: https://w3id.org/shexmap/resource/ontology-schema/d285f599-dc2e-4bd8-83f3-df21defa8821/Measurement is not a class of the vocabulary
Constraint Violation in UndeclaredClass:
	Severity: sh:Violation
	Focus Node: http://example.org/data/Heart_rate_8867-4_20241127T154723
	Message: https://w3id.org/shexmap/resource/ontology-schema/d285f599-dc2e-4bd83f3-df21defa8821/Measurement is not a class of the vocabulary
Constraint Violation in UndeclaredClass:
	Severity: sh:Violation
	Focus Node: http://example.org/data/Hemoglobin_A1c_4548-4_20241127T154723
	Message: https://w3id.org/shexmap/resource/ontology-schema/d285f599-dc2e-4bd8-83f3-df21defa8821/Measurement is not a class of the vocabulary
Constraint Violation in UndeclaredClass:
	Severity: sh:Violation
	Focus Node: http://example.org/data/Hemoglobin_A1c_4548-4_20241127T154723
	Message: https://w3id.org/shexmap/resource/ontology-schema/d285f599-dc2e-4bd83f3-df21defa8821/Measurement is not a class of the vocabulary
Constraint Violation in UndeclaredClass:
	Severity: sh:Violation
	Focus Node: http://example.org/data/Ketones_5797-6_20241127T154723
	Message: https://w3id.org/shexmap/resource/ontology-schema/d285f599-dc2e-4bd8-83f3-df21defa8821/Measurement is not a class of the vocabulary
Constraint Violation in UndeclaredClass:
	Severity: sh:Violation
	Focus Node: http://example.org/data/Ketones_5797-6_20241127T154723
	Message: https://w3id.org/shexmap/resource/ontology-schema/d285f599-dc2e-4bd83f3-df21defa8821/Measurement is not a class of the vocabulary
Constraint Violation in UndeclaredClass:
	Severity: sh:Violation
	Focus Node: http://example.org/data/Microalbumin_Creatinine_14959-1_20241127T154723
	Message: https://w3id.org/shexmap/resource/ontology-schema/d285f599-dc2e-4bd8-83f3-df21defa8821/Measurement is not a class of the vocabulary
Constraint Violation in UndeclaredClass:
	Severity: sh:Violation
	Focus Node: http://example.org/data/Microalbumin_Creatinine_14959-1_20241127T154723
	Message: https://w3id.org/shexmap/resource/ontology-schema/d285f599-dc2e-4bd83f3-df21defa8821/Measurement is not a class of the vocabulary
Constraint Violation in UndeclaredClass:
	Severity: sh:Violation
	Focus Node: http://example.org/data/Pain_severity_72514-3_20241127T154723
	Message: https://w3id.org/shexmap/resource/ontology-schema/d285f599-dc2e-4bd8-83f3-df21defa8821/Measurement is not a class of the vocabulary
Constraint Violation in UndeclaredClass:
	Severity: sh:Violation
	Focus Node: http://example.org/data/Pain_severity_72514-3_20241127T154723
	Message: https://w3id.org/shexmap/resource/ontology-schema/d285f599-dc2e-4bd83f3-df21defa8821/Measurement is not a class of the vocabulary
Constraint Violation in UndeclaredClass:
	Severity: sh:Violation
	Focus Node: http://example.org/data/Potassium_2823-3_20241127T154723
	Message: https://w3id.org/shexmap/resource/ontology-schema/d285f599-dc2e-4bd8-83f3-df21defa8821/Measurement is not a class of the vocabulary
Constraint Violation in UndeclaredClass:
	Severity: sh:Violation
	Focus Node: http://example.org/data/Potassium_2823-3_20241127T154723
	Message: https://w3id.org/shexmap/resource/ontology-schema/d285f599-dc2e-4bd83f3-df21defa8821/Measurement is not a class of the vocabulary
Constraint Violation in UndeclaredClass:
	Severity: sh:Violation
	Focus Node: http://example.org/data/Potassium_6298-4_20241127T154723
	Message: https://w3id.org/shexmap/resource/ontology-schema/d285f599-dc2e-4bd8-83f3-df21defa8821/Measurement is not a class of the vocabulary
Constraint Violation in UndeclaredClass:
	Severity: sh:Violation
	Focus Node: http://example.org/data/Potassium_6298-4_20241127T154723
	Message: https://w3id.org/shexmap/resource/ontology-schema/d285f599-dc2e-4bd83f3-df21defa8821/Measurement is not a class of the vocabulary
Constraint Violation in UndeclaredClass:
	Severity: sh:Violation
	Focus Node: http://example.org/data/Protein_5804-0_20241127T154723
	Message: https://w3id.org/shexmap/resource/ontology-schema/d285f599-dc2e-4bd8-83f3-df21defa8821/Measurement is not a class of the vocabulary
Constraint Violation in UndeclaredClass:
	Severity: sh:Violation
	Focus Node: http://example.org/data/Protein_5804-0_20241127T154723
	Message: https://w3id.org/shexmap/resource/ontology-schema/d285f599-dc2e-4bd83f3-df21defa8821/Measurement is not a class of the vocabulary
Constraint Violation in UndeclaredClass:
	Severity: sh:Violation
	Focus Node: http://example.org/data/Reports_of_violence_in_the_environment_finding_20241127T162132
	Message: https://w3id.org/shexmap/resource/ontology-schema/d285f599-dc2e-4bd8-83f3-df21defa8821/ClinicalCondition is not a class of the vocabulary
Constraint Violation in UndeclaredClass:
	Severity: sh:Violation
	Focus Node: http://example.org/data/Respiratory_rate_9279-1_20241127T154723
	Message: https://w3id.org/shexmap/resource/ontology-schema/d285f599-dc2e-4bd8-83f3-df21defa8821/Measurement is not a class of the vocabulary
Constraint Violation in UndeclaredClass:
	Severity: sh:Violation
	Focus Node: http://example.org/data/Respiratory_rate_9279-1_20241127T154723
	Message: https://w3id.org/shexmap/resource/ontology-schema/d285f599-dc2e-4bd83f3-df21defa8821/Measurement is not a class of the vocabulary
Constraint Violation in UndeclaredClass:
	Severity: sh:Violation
	Focus Node: http://example.org/data/Sodium_2947-0_20241127T154723
	Message: https://w3id.org/shexmap/resource/ontology-schema/d285f599-dc2e-4bd8-83f3-df21defa8821/Measurement is not a class of the vocabulary
Constraint Violation in UndeclaredClass:
	Severity: sh:Violation
	Focus Node: http://example.org/data/Sodium_2947-0_20241127T154723
	Message: https://w3id.org/shexmap/resource/ontology-schema/d285f599-dc2e-4bd83f3-df21defa8821/Measurement is not a class of the vocabulary
Constraint Violation in UndeclaredClass:
	Severity: sh:Violation
	Focus Node: http://example.org/data/Sodium_2951-2_20241127T154723
	Message: https://w3id.org/shexmap/resource/ontology-schema/d285f599-dc2e-4bd8-83f3-df21defa8821/Measurement is not a class of the vocabulary
Constraint Violation in UndeclaredClass:
	Severity: sh:Violation
	Focus Node: http://example.org/data/Sodium_2951-2_20241127T154723
	Message: https://w3id.org/shexmap/resource/ontology-schema/d285f599-dc2e-4bd83f3-df21defa8821/Measurement is not a class of the vocabulary
Constraint Violation in UndeclaredClass:
	Severity: sh:Violation
	Focus Node: http://example.org/data/Specific_gravity_5811-5_20241127T154723
	Message: https://w3id.org/shexmap/resource/ontology-schema/d285f599-dc2e-4bd8-83f3-df21defa8821/Measurement is not a class of the vocabulary
Constraint Violation in UndeclaredClass:
	Severity: sh:Violation
	Focus Node: http://example.org/data/Specific_gravity_5811-5_20241127T154723
	Message: https://w3id.org/shexmap/resource/ontology-schema/d285f599-dc2e-4bd83f3-df21defa8821/Measurement is not a class of the vocabulary
Constraint Violation in UndeclaredClass:
	Severity: sh:Violation
	Focus Node: http://example.org/data/Total_score_AUDIT-C_75626-2_20241127T175130
	Message: https://w3id.org/shexmap/resource/ontology-schema/d285f599-dc2e-4bd8-83f3-df21defa8821/Measurement is not a class of the vocabulary
Constraint Violation in UndeclaredClass:
	Severity: sh:Violation
	Focus Node: http://example.org/data/Total_score_AUDIT-C_75626-2_20241127T175130
	Message: https://w3id.org/shexmap/resource/ontology-schema/d285f599-dc2e-4bd83f3-df21defa8821/Measurement is not a class of the vocabulary
Constraint Violation in UndeclaredClass:
	Severity: sh:Violation
	Focus Node: http://example.org/data/Total_score_HARK_76504-0_20241127T171332
	Message: https://w3id.org/shexmap/resource/ontology-schema/d285f599-dc2e-4bd8-83f3-df21defa8821/Measurement is not a class of the vocabulary
Constraint Violation in UndeclaredClass:
	Severity: sh:Violation
	Focus Node: http://example.org/data/Total_score_HARK_76504-0_20241127T171332
	Message: https://w3id.org/shexmap/resource/ontology-schema/d285f599-dc2e-4bd83f3-df21defa8821/Measurement is not a class of the vocabulary
Constraint Violation in UndeclaredClass:
	Severity: sh:Violation
	Focus Node: http://example.org/data/Triglyceride_2571-8_20241127T154723
	Message: https://w3id.org/shexmap/resource/ontology-schema/d285f599-dc2e-4bd8-83f3-df21defa8821/Measurement is not a class of the vocabulary
Constraint Violation in UndeclaredClass:
	Severity: sh:Violation
	Focus Node: http://example.org/data/Triglyceride_2571-8_20241127T154723
	Message: https://w3id.org/shexmap/resource/ontology-schema/d285f599-dc2e-4bd83f3-df21defa8821/Measurement is not a class of the vocabulary
Constraint Violation in UndeclaredClass:
	Severity: sh:Violation
	Focus Node: http://example.org/data/Unit_cblscorecbr
	Message: https://w3id.org/shexmap/resource/ontology-schema/d285f599-dc2e-4bd83f3-df21defa8821/Unit is not a class of the vocabulary
Constraint Violation in UndeclaredClass:
	Severity: sh:Violation
	Focus Node: http://example.org/data/Unit_cm
	Message: https://w3id.org/shexmap/resource/ontology-schema/d285f599-dc2e-4bd83f3-df21defa8821/Unit is not a class of the vocabulary
Constraint Violation in UndeclaredClass:
	Severity: sh:Violation
	Focus Node: http://example.org/data/Unit_kg
	Message: https://w3id.org/shexmap/resource/ontology-schema/d285f599-dc2e-4bd83f3-df21defa8821/Unit is not a class of the vocabulary
Constraint Violation in UndeclaredClass:
	Severity: sh:Violation
	Focus Node: http://example.org/data/Unit_kgperm2
	Message: https://w3id.org/shexmap/resource/ontology-schema/d285f599-dc2e-4bd83f3-df21defa8821/Unit is not a class of the vocabulary
Constraint Violation in UndeclaredClass:
	Severity: sh:Violation
	Focus Node: http://example.org/data/Unit_mLpercblscorecbr
	Message: https://w3id.org/shexmap/resource/ontology-schema/d285f599-dc2e-4bd83f3-df21defa8821/Unit is not a class of the vocabulary
Constraint Violation in UndeclaredClass:
	Severity: sh:Violation
	Focus Node: http://example.org/data/Unit_mgperdL
	Message: https://w3id.org/shexmap/resource/ontology-schema/d285f599-dc2e-4bd83f3-df21defa8821/Unit is not a class of the vocabulary
Constraint Violation in UndeclaredClass:
	Severity: sh:Violation
	Focus Node: http://example.org/data/Unit_mgperg
	Message: https://w3id.org/shexmap/resource/ontology-schema/d285f599-dc2e-4bd83f3-df21defa8821/Unit is not a class of the vocabulary
Constraint Violation in UndeclaredClass:
	Severity: sh:Violation
	Focus Node: http://example.org/data/Unit_mmolperL
	Message: https://w3id.org/shexmap/resource/ontology-schema/d285f599-dc2e-4bd83f3-df21defa8821/Unit is not a class of the vocabulary
Constraint Violation in UndeclaredClass:
	Severity: sh:Violation
	Focus Node: http://example.org/data/Unit_nominal
	Message: https://w3id.org/shexmap/resource/ontology-schema/d285f599-dc2e-4bd83f3-df21defa8821/Unit is not a class of the vocabulary
Constraint Violation in UndeclaredClass:
	Severity: sh:Violation
	Focus Node: http://example.org/data/Unit_pH
	Message: https://w3id.org/shexmap/resource/ontology-schema/d285f599-dc2e-4bd83f3-df21defa8821/Unit is not a class of the vocabulary
Constraint Violation in UndeclaredClass:
	Severity: sh:Violation
	Focus Node: http://example.org/data/Unit_percent
	Message: https://w3id.org/shexmap/resource/ontology-schema/d285f599-dc2e-4bd83f3-df21defa8821/Unit is not a class of the vocabulary
Constraint Violation in UndeclaredClass:
	Severity: sh:Violation
	Focus Node: http://example.org/data/Unit_permin
	Message: https://w3id.org/shexmap/resource/ontology-schema/d285f599-dc2e-4bd83f3-df21defa8821/Unit is not a class of the vocabulary
Constraint Violation in UndeclaredClass:
	Severity: sh:Violation
	Focus Node: http://example.org/data/Urea_nitrogen_3094-0_20241127T154723
	Message: https://w3id.org/shexmap/resource/ontology-schema/d285f599-dc2e-4bd8-83f3-df21defa8821/Measurement is not a class of the vocabulary
Constraint Violation in UndeclaredClass:
	Severity: sh:Violation
	Focus Node: http://example.org/data/Urea_nitrogen_3094-0_20241127T154723
	Message: https://w3id.org/shexmap/resource/ontology-schema/d285f599-dc2e-4bd83f3-df21defa8821/Measurement is not a class of the vocabulary
Constraint Violation in UndeclaredClass:
	Severity: sh:Violation
	Focus Node: http://example.org/data/Urea_nitrogen_6299-2_20241127T154723
	Message: https://w3id.org/shexmap/resource/ontology-schema/d285f599-dc2e-4bd8-83f3-df21defa8821/Measurement is not a class of the vocabulary
Constraint Violation in UndeclaredClass:
	Severity: sh:Violation
	Focus Node: http://example.org/data/Urea_nitrogen_6299-2_20241127T154723
	Message: https://w3id.org/shexmap/resource/ontology-schema/d285f599-dc2e-4bd83f3-df21defa8821/Measurement is not a class of the vocabulary
Constraint Violation in UndeclaredClass:
	Severity: sh:Violation
	Focus Node: http://example.org/data/evaluation_Full-time_employment_20241127T162132
	Message: https://w3id.org/shexmap/resource/ontology-schema/d285f599-dc2e-4bd8-83f3-df21defa8821/EvaluationProcess is not a class of the vocabulary
Constraint Violation in UndeclaredClass:
	Severity: sh:Violation
	Focus Node: http://example.org/data/evaluation_Gingivitis_20241127T175130
	Message: https://w3id.org/shexmap/resource/ontology-schema/d285f599-dc2e-4bd8-83f3-df21defa8821/EvaluationProcess is not a class of the vocabulary
Constraint Violation in UndeclaredClass:
	Severity: sh:Violation
	Focus Node: http://example.org/data/evaluation_Reports_of_violence_20241127T162132
	Message: https://w3id.org/shexmap/resource/ontology-schema/d285f599-dc2e-4bd8-83f3-df21defa8821/EvaluationProcess is not a class of the vocabulary
Constraint Violation in UndeclaredClass:
	Severity: sh:Violation
	Focus Node: http://example.org/data/pH_5803-2_20241127T154723
	Message: https://w3id.org/shexmap/resource/ontology-schema/d285f599-dc2e-4bd8-83f3-df21defa8821/Measurement is not a class of the vocabulary
Constraint Violation in UndeclaredClass:
	Severity: sh:Violation
	Focus Node: http://example.org/data/pH_5803-2_20241127T154723
	Message: https://w3id.org/shexmap/resource/ontology-schema/d285f599-dc2e-4bd83f3-df21defa8821/Measurement is not a class of the vocabulary
Constraint Violation in UndeclaredClass:
	Severity: sh:Violation
	Focus Node: http://example.org/data/proc_BMI_39156-5_20241127T154723
	Message: https://w3id.org/shexmap/resource/ontology-schema/d285f599-dc2e-4bd8-83f3-df21defa8821/MeasurementProcess is not a class of the vocabulary
Constraint Violation in UndeclaredClass:
	Severity: sh:Violation
	Focus Node: http://example.org/data/proc_Bilirubin_20505-4_20241127T154723
	Message: https://w3id.org/shexmap/resource/ontology-schema/d285f599-dc2e-4bd8-83f3-df21defa8821/MeasurementProcess is not a class of the vocabulary
Constraint Violation in UndeclaredClass:
	Severity: sh:Violation
	Focus Node: http://example.org/data/proc_Body_Height_8302-2_20241127T154723
	Message: https://w3id.org/shexmap/resource/ontology-schema/d285f599-dc2e-4bd8-83f3-df21defa8821/MeasurementProcess is not a class of the vocabulary
Constraint Violation in UndeclaredClass:
	Severity: sh:Violation
	Focus Node: http://example.org/data/proc_Body_Weight_29463-7_20241127T154723
	Message: https://w3id.org/shexmap/resource/ontology-schema/d285f599-dc2e-4bd8-83f3-df21defa8821/MeasurementProcess is not a class of the vocabulary
Constraint Violation in UndeclaredClass:
	Severity: sh:Violation
	Focus Node: http://example.org/data/proc_Calcium_17861-6_20241127T154723
	Message: https://w3id.org/shexmap/resource/ontology-schema/d285f599-dc2e-4bd8-83f3-df21defa8821/MeasurementProcess is not a class of the vocabulary
Constraint Violation in UndeclaredClass:
	Severity: sh:Violation
	Focus Node: http://example.org/data/proc_Calcium_49765-1_20241127T154723
	Message: https://w3id.org/shexmap/resource/ontology-schema/d285f599-dc2e-4bd8-83f3-df21defa8821/MeasurementProcess is not a class of the vocabulary
Constraint Violation in UndeclaredClass:
	Severity: sh:Violation
	Focus Node: http://example.org/data/proc_Carbon_dioxide_total_2028-9_20241127T154723
	Message: https://w3id.org/shexmap/resource/ontology-schema/d285f599-dc2e-4bd8-83f3-df21defa8821/MeasurementProcess is not a class of the vocabulary
Constraint Violation in UndeclaredClass:
	Severity: sh:Violation
	Focus Node: http://example.org/data/proc_Carbon_dioxide_total_20565-8_20241127T154723
	Message: https://w3id.org/shexmap/resource/ontology-schema/d285f599-dc2e-4bd8-83f3-df21defa8821/MeasurementProcess is not a class of the vocabulary
Constraint Violation in UndeclaredClass:
	Severity: sh:Violation
	Focus Node: http://example.org/data/proc_Chloride_2069-3_20241127T154723
	Message: https://w3id.org/shexmap/resource/ontology-schema/d285f599-dc2e-4bd8-83f3-df21defa8821/MeasurementProcess is not a class of the vocabulary
Constraint Violation in UndeclaredClass:
	Severity: sh:Violation
	Focus Node: http://example.org/data/proc_Chloride_2075-0_20241127T154723
	Message: https://w3id.org/shexmap/resource/ontology-schema/d285f599-dc2e-4bd8-83f3-df21defa8821/MeasurementProcess is not a class of the vocabulary
Constraint Violation in UndeclaredClass:
	Severity: sh:Violation
	Focus Node: http://example.org/data/proc_Cholesterol_2093-3_20241127T154723
	Message: https://w3id.org/shexmap/resource/ontology-schema/d285f599-dc2e-4bd8-83f3-df21defa8821/MeasurementProcess is not a class of the vocabulary
Constraint Violation in UndeclaredClass:
	Severity: sh:Violation
	Focus Node: http://example.org/data/proc_Cholesterol_HDL_2085-9_20241127T154723
	Message: https://w3id.org/shexmap/resource/ontology-schema/d285f599-dc2e-4bd8-83f3-df21defa8821/MeasurementProcess is not a class of the vocabulary
Constraint Violation in UndeclaredClass:
	Severity: sh:Violation
	Focus Node: http://example.org/data/proc_Cholesterol_LDL_18262-6_20241127T154723
	Message: https://w3id.org/shexmap/resource/ontology-schema/d285f599-dc2e-4bd8-83f3-df21defa8821/MeasurementProcess is not a class of the vocabulary
Constraint Violation in UndeclaredClass:
	Severity: sh:Violation
	Focus Node: http://example.org/data/proc_Creatinine_2160-0_20241127T154723
	Message: https://w3id.org/shexmap/resource/ontology-schema/d285f599-dc2e-4bd8-83f3-df21defa8821/MeasurementProcess is not a class of the vocabulary
Constraint Violation in UndeclaredClass:
	Severity: sh:Violation
	Focus Node: http://example.org/data/proc_Creatinine_38483-4_20241127T154723
	Message: https://w3id.org/shexmap/resource/ontology-schema/d285f599-dc2e-4bd8-83f3-df21defa8821/MeasurementProcess is not a class of the vocabulary
Constraint Violation in UndeclaredClass:
	Severity: sh:Violation
	Focus Node: http://example.org/data/proc_GAD7_70274-6_20241127T164225
	Message: https://w3id.org/shexmap/resource/ontology-schema/d285f599-dc2e-4bd8-83f3-df21defa8821/MeasurementProcess is not a class of the vocabulary
Constraint Violation in UndeclaredClass:
	Severity: sh:Violation
	Focus Node: http://example.org/data/proc_GFR_33914-3_20241127T154723_1
	Message: https://w3id.org/shexmap/resource/ontology-schema/d285f599-dc2e-4bd8-83f3-df21defa8821/MeasurementProcess is not a class of the vocabulary
Constraint Violation in UndeclaredClass:
	Severity: sh:Violation
	Focus Node: http://example.org/data/proc_Glucose_2339-0_20241127T154723
	Message: https://w3id.org/shexmap/resource/ontology-schema/d285f599-dc2e-4bd8-83f3-df21defa8821/MeasurementProcess is not a class of the vocabulary
Constraint Violation in UndeclaredClass:
	Severity: sh:Violation
	Focus Node: http://example.org/data/proc_Glucose_2345-7_20241127T154723
	Message: https://w3id.org/shexmap/resource/ontology-schema/d285f599-dc2e-4bd8-83f3-df21defa8821/MeasurementProcess is not a class of the vocabulary
Constraint Violation in UndeclaredClass:
	Severity: sh:Violation
	Focus Node: http://example.org/data/proc_Glucose_5792-7_20241127T154723
	Message: https://w3id.org/shexmap/resource/ontology-schema/d285f599-dc2e-4bd8-83f3-df21defa8821/MeasurementProcess is not a class of the vocabulary
Constraint Violation in UndeclaredClass:
	Severity: sh:Violation
	Focus Node: http://example.org/data/proc_Heart_rate_8867-4_20241127T154723
	Message: https://w3id.org/shexmap/resource/ontology-schema/d285f599-dc2e-4bd8-83f3-df21defa8821/MeasurementProcess is not a class of the vocabulary
Constraint Violation in UndeclaredClass:
	Severity: sh:Violation
	Focus Node: http://example.org/data/proc_Hemoglobin_A1c_4548-4_20241127T154723
	Message: https://w3id.org/shexmap/resource/ontology-schema/d285f599-dc2e-4bd8-83f3-df21defa8821/MeasurementProcess is not a class of the vocabulary
Constraint Violation in UndeclaredClass:
	Severity: sh:Violation
	Focus Node: http://example.org/data/proc_Ketones_5797-6_20241127T154723
	Message: https://w3id.org/shexmap/resource/ontology-schema/d285f599-dc2e-4bd8-83f3-df21defa8821/MeasurementProcess is not a class of the vocabulary
Constraint Violation in UndeclaredClass:
	Severity: sh:Violation
	Focus Node: http://example.org/data/proc_Microalbumin_Creatinine_14959-1_20241127T154723
	Message: https://w3id.org/shexmap/resource/ontology-schema/d285f599-dc2e-4bd8-83f3-df21defa8821/MeasurementProcess is not a class of the vocabulary
Constraint Violation in UndeclaredClass:
	Severity: sh:Violation
	Focus Node: http://example.org/data/proc_Pain_severity_72514-3_20241127T154723
	Message: https://w3id.org/shexmap/resource/ontology-schema/d285f599-dc2e-4bd8-83f3-df21defa8821/MeasurementProcess is not a class of the vocabulary
Constraint Violation in UndeclaredClass:
	Severity: sh:Violation
	Focus Node: http://example.org/data/proc_Potassium_2823-3_20241127T154723
	Message: https://w3id.org/shexmap/resource/ontology-schema/d285f599-dc2e-4bd8-83f3-df21defa8821/MeasurementProcess is not a class of the vocabulary
Constraint Violation in UndeclaredClass:
	Severity: sh:Violation
	Focus Node: http://example.org/data/proc_Potassium_6298-4_20241127T154723
	Message: https://w3id.org/shexmap/resource/ontology-schema/d285f599-dc2e-4bd8-83f3-df21defa8821/MeasurementProcess is not a class of the vocabulary
Constraint Violation in UndeclaredClass:
	Severity: sh:Violation
	Focus Node: http://example.org/data/proc_Protein_5804-0_20241127T154723
	Message: https://w3id.org/shexmap/resource/ontology-schema/d285f599-dc2e-4bd8-83f3-df21defa8821/MeasurementProcess is not a class of the vocabulary
Constraint Violation in UndeclaredClass:
	Severity: sh:Violation
	Focus Node: http://example.org/data/proc_Respiratory_rate_9279-1_20241127T154723
	Message: https://w3id.org/shexmap/resource/ontology-schema/d285f599-dc2e-4bd8-83f3-df21defa8821/MeasurementProcess is not a class of the vocabulary
Constraint Violation in UndeclaredClass:
	Severity: sh:Violation
	Focus Node: http://example.org/data/proc_Sodium_2947-0_20241127T154723
	Message: https://w3id.org/shexmap/resource/ontology-schema/d285f599-dc2e-4bd8-83f3-df21defa8821/MeasurementProcess is not a class of the vocabulary
Constraint Violation in UndeclaredClass:
	Severity: sh:Violation
	Focus Node: http://example.org/data/proc_Sodium_2951-2_20241127T154723
	Message: https://w3id.org/shexmap/resource/ontology-schema/d285f599-dc2e-4bd8-83f3-df21defa8821/MeasurementProcess is not a class of the vocabulary
Constraint Violation in UndeclaredClass:
	Severity: sh:Violation
	Focus Node: http://example.org/data/proc_Specific_gravity_5811-5_20241127T154723
	Message: https://w3id.org/shexmap/resource/ontology-schema/d285f599-dc2e-4bd8-83f3-df21defa8821/MeasurementProcess is not a class of the vocabulary
Constraint Violation in UndeclaredClass:
	Severity: sh:Violation
	Focus Node: http://example.org/data/proc_Total_score_AUDIT-C_75626-2_20241127T175130
	Message: https://w3id.org/shexmap/resource/ontology-schema/d285f599-dc2e-4bd8-83f3-df21defa8821/MeasurementProcess is not a class of the vocabulary
Constraint Violation in UndeclaredClass:
	Severity: sh:Violation
	Focus Node: http://example.org/data/proc_Total_score_HARK_76504-0_20241127T171332
	Message: https://w3id.org/shexmap/resource/ontology-schema/d285f599-dc2e-4bd8-83f3-df21defa8821/MeasurementProcess is not a class of the vocabulary
Constraint Violation in UndeclaredClass:
	Severity: sh:Violation
	Focus Node: http://example.org/data/proc_Triglyceride_2571-8_20241127T154723
	Message: https://w3id.org/shexmap/resource/ontology-schema/d285f599-dc2e-4bd8-83f3-df21defa8821/MeasurementProcess is not a class of the vocabulary
Constraint Violation in UndeclaredClass:
	Severity: sh:Violation
	Focus Node: http://example.org/data/proc_Urea_nitrogen_3094-0_20241127T154723
	Message: https://w3id.org/shexmap/resource/ontology-schema/d285f599-dc2e-4bd8-83f3-df21defa8821/MeasurementProcess is not a class of the vocabulary
Constraint Violation in UndeclaredClass:
	Severity: sh:Violation
	Focus Node: http://example.org/data/proc_Urea_nitrogen_6299-2_20241127T154723
	Message: https://w3id.org/shexmap/resource/ontology-schema/d285f599-dc2e-4bd8-83f3-df21defa8821/MeasurementProcess is not a class of the vocabulary
Constraint Violation in UndeclaredClass:
	Severity: sh:Violation
	Focus Node: http://example.org/data/proc_pH_5803-2_20241127T154723
	Message: https://w3id.org/shexmap/resource/ontology-schema/d285f599-dc2e-4bd8-83f3-df21defa8821/MeasurementProcess is not a class of the vocabulary
Constraint Violation in UndeclaredClass:
	Severity: sh:Violation
	Focus Node: http://example.org/data/status_completed
	Message: https://w3id.org/shexmap/resource/ontology-schema/d285f599-dc2e-4bd8-83f3-df21defa8821/ProcessStatus is not a class of the vocabulary
Constraint Violation in UndeclaredProperty:
	Severity: sh:Violation
	Focus Node: http://example.org/data/BMI_39156-5_20241127T154723
	Message: https://w3id.org/shexmap/resource/ontology-schema/d285f599-dc2e-4bd8-83f3-df21defa8821/hasCode is not a property of the vocabulary
Constraint Violation in UndeclaredProperty:
	Severity: sh:Violation
	Focus Node: http://example.org/data/BMI_39156-5_20241127T154723
	Message: https://w3id.org/shexmap/resource/ontology-schema/d285f599-dc2e-4bd8-83f3-df21defa8821/hasMeasuredDate is not a property of the vocabulary
Constraint Violation in UndeclaredProperty:
	Severity: sh:Violation
	Focus Node: http://example.org/data/BMI_39156-5_20241127T154723
	Message: https://w3id.org/shexmap/resource/ontology-schema/d285f599-dc2e-4bd8-83f3-df21defa8821/hasQuantityValue is not a property of the vocabulary
Constraint Violation in UndeclaredProperty:
	Severity: sh:Violation
	Focus Node: http://example.org/data/BMI_39156-5_20241127T154723
	Message: https://w3id.org/shexmap/resource/ontology-schema/d285f599-dc2e-4bd8-83f3-df21defa8821/hasUnit is not a property of the vocabulary
Constraint Violation in UndeclaredProperty:
	Severity: sh:Violation
	Focus Node: http://example.org/data/BMI_39156-5_20241127T154723
	Message: https://w3id.org/shexmap/resource/ontology-schema/d285f599-dc2e-4bd83f3-df21defa8821/hasCode is not a property of the vocabulary
Constraint Violation in UndeclaredProperty:
	Severity: sh:Violation
	Focus Node: http://example.org/data/BMI_39156-5_20241127T154723
	Message: https://w3id.org/shexmap/resource/ontology-schema/d285f599-dc2e-4bd83f3-df21defa8821/hasMeasuredDate is not a property of the vocabulary
Constraint Violation in UndeclaredProperty:
	Severity: sh:Violation
	Focus Node: http://example.org/data/BMI_39156-5_20241127T154723
	Message: https://w3id.org/shexmap/resource/ontology-schema/d285f599-dc2e-4bd83f3-df21defa8821/hasQuantityValue is not a property of the vocabulary
Constraint Violation in UndeclaredProperty:
	Severity: sh:Violation
	Focus Node: http://example.org/data/BMI_39156-5_20241127T154723
	Message: https://w3id.org/shexmap/resource/ontology-schema/d285f599-dc2e-4bd83f3-df21defa8821/hasUnit is not a property of the vocabulary
Constraint Violation in UndeclaredProperty:
	Severity: sh:Violation
	Focus Node: http://example.org/data/Bilirubin_total_20505-4_20241127T154723
	Message: https://w3id.org/shexmap/resource/ontology-schema/d285f599-dc2e-4bd8-83f3-df21defa8821/hasCode is not a property of the vocabulary
Constraint Violation in UndeclaredProperty:
	Severity: sh:Violation
	Focus Node: http://example.org/data/Bilirubin_total_20505-4_20241127T154723
	Message: https://w3id.org/shexmap/resource/ontology-schema/d285f599-dc2e-4bd8-83f3-df21defa8821/hasMeasuredDate is not a property of the vocabulary
Constraint Violation in UndeclaredProperty:
	Severity: sh:Violation
	Focus Node: http://example.org/data/Bilirubin_total_20505-4_20241127T154723
	Message: https://w3id.org/shexmap/resource/ontology-schema/d285f599-dc2e-4bd8-83f3-df21defa8821/hasQuantityValue is not a property of the vocabulary
Constraint Violation in UndeclaredProperty:
	Severity: sh:Violation
	Focus Node: http://example.org/data/Bilirubin_total_20505-4_20241127T154723
	Message: https://w3id.org/shexmap/resource/ontology-schema/d285f599-dc2e-4bd8-83f3-df21defa8821/hasUnit is not a property of the vocabulary
Constraint Violation in UndeclaredProperty:
	Severity: sh:Violation
	Focus Node: http://example.org/data/Bilirubin_total_20505-4_20241127T154723
	Message: https://w3id.org/shexmap/resource/ontology-schema/d285f599-dc2e-4bd83f3-df21defa8821/hasCode is not a property of the vocabulary
Constraint Violation in UndeclaredProperty:
	Severity: sh:Violation
	Focus Node: http://example.org/data/Bilirubin_total_20505-4_20241127T154723
	Message: https://w3id.org/shexmap/resource/ontology-schema/d285f599-dc2e-4bd83f3-df21defa8821/hasMeasuredDate is not a property of the vocabulary
Constraint Violation in UndeclaredProperty:
	Severity: sh:Violation
	Focus Node: http://example.org/data/Bilirubin_total_20505-4_20241127T154723
	Message: https://w3id.org/shexmap/resource/ontology-schema/d285f599-dc2e-4bd83f3-df21defa8821/hasQuantityValue is not a property of the vocabulary
Constraint Violation in UndeclaredProperty:
	Severity: sh:Violation
	Focus Node: http://example.org/data/Bilirubin_total_20505-4_20241127T154723
	Message: https://w3id.org/shexmap/resource/ontology-schema/d285f599-dc2e-4bd83f3-df21defa8821/hasUnit is not a property of the vocabulary
Constraint Violation in UndeclaredProperty:
	Severity: sh:Violation
	Focus Node: http://example.org/data/Body_Height_8302-2_20241127T154723
	Message: https://w3id.org/shexmap/resource/ontology-schema/d285f599-dc2e-4bd8-83f3-df21defa8821/hasCode is not a property of the vocabulary
Constraint Violation in UndeclaredProperty:
	Severity: sh:Violation
	Focus Node: http://example.org/data/Body_Height_8302-2_20241127T154723
	Message: https://w3id.org/shexmap/resource/ontology-schema/d285f599-dc2e-4bd8-83f3-df21defa8821/hasMeasuredDate is not a property of the vocabulary
Constraint Violation in UndeclaredProperty:
	Severity: sh:Violation
	Focus Node: http://example.org/data/Body_Height_8302-2_20241127T154723
	Message: https://w3id.org/shexmap/resource/ontology-schema/d285f599-dc2e-4bd8-83f3-df21defa8821/hasQuantityValue is not a property of the vocabulary
Constraint Violation in UndeclaredProperty:
	Severity: sh:Violation
	Focus Node: http://example.org/data/Body_Height_8302-2_20241127T154723
	Message: https://w3id.org/shexmap/resource/ontology-schema/d285f599-dc2e-4bd8-83f3-df21defa8821/hasUnit is not a property of the vocabulary
Constraint Violation in UndeclaredProperty:
	Severity: sh:Violation
	Focus Node: http://example.org/data/Body_Height_8302-2_20241127T154723
	Message: https://w3id.org/shexmap/resource/ontology-schema/d285f599-dc2e-4bd83f3-df21defa8821/hasCode is not a property of the vocabulary
Constraint Violation in UndeclaredProperty:
	Severity: sh:Violation
	Focus Node: http://example.org/data/Body_Height_8302-2_20241127T154723
	Message: https://w3id.org/shexmap/resource/ontology-schema/d285f599-dc2e-4bd83f3-df21defa8821/hasMeasuredDate is not a property of the vocabulary
Constraint Violation in UndeclaredProperty:
	Severity: sh:Violation
	Focus Node: http://example.org/data/Body_Height_8302-2_20241127T154723
	Message: https://w3id.org/shexmap/resource/ontology-schema/d285f599-dc2e-4bd83f3-df21defa8821/hasQuantityValue is not a property of the vocabulary
Constraint Violation in UndeclaredProperty:
	Severity: sh:Violation
	Focus Node: http://example.org/data/Body_Height_8302-2_20241127T154723
	Message: https://w3id.org/shexmap/resource/ontology-schema/d285f599-dc2e-4bd83f3-df21defa8821/hasUnit is not a property of the vocabulary
Constraint Violation in UndeclaredProperty:
	Severity: sh:Violation
	Focus Node: http://example.org/data/Body_Weight_29463-7_20241127T154723
	Message: https://w3id.org/shexmap/resource/ontology-schema/d285f599-dc2e-4bd8-83f3-df21defa8821/hasCode is not a property of the vocabulary
Constraint Violation in UndeclaredProperty:
	Severity: sh:Violation
	Focus Node: http://example.org/data/Body_Weight_29463-7_20241127T154723
	Message: https://w3id.org/shexmap/resource/ontology-schema/d285f599-dc2e-4bd8-83f3-df21defa8821/hasMeasuredDate is not a property of the vocabulary
Constraint Violation in UndeclaredProperty:
	Severity: sh:Violation
	Focus Node: http://example.org/data/Body_Weight_29463-7_20241127T154723
	Message: https://w3id.org/shexmap/resource/ontology-schema/d285f599-dc2e-4bd8-83f3-df21defa8821/hasQuantityValue is not a property of the vocabulary
Constraint Violation in UndeclaredProperty:
	Severity: sh:Violation
	Focus Node: http://example.org/data/Body_Weight_29463-7_20241127T154723
	Message: https://w3id.org/shexmap/resource/ontology-schema/d285f599-dc2e-4bd8-83f3-df21defa8821/hasUnit is not a property of the vocabulary
Constraint Violation in UndeclaredProperty:
	Severity: sh:Violation
	Focus Node: http://example.org/data/Body_Weight_29463-7_20241127T154723
	Message: https://w3id.org/shexmap/resource/ontology-schema/d285f599-dc2e-4bd83f3-df21defa8821/hasCode is not a property of the vocabulary
Constraint Violation in UndeclaredProperty:
	Severity: sh:Violation
	Focus Node: http://example.org/data/Body_Weight_29463-7_20241127T154723
	Message: https://w3id.org/shexmap/resource/ontology-schema/d285f599-dc2e-4bd83f3-df21defa8821/hasMeasuredDate is not a property of the vocabulary
Constraint Violation in UndeclaredProperty:
	Severity: sh:Violation
	Focus Node: http://example.org/data/Body_Weight_29463-7_20241127T154723
	Message: https://w3id.org/shexmap/resource/ontology-schema/d285f599-dc2e-4bd83f3-df21defa8821/hasQuantityValue is not a property of the vocabulary
Constraint Violation in UndeclaredProperty:
	Severity: sh:Violation
	Focus Node: http://example.org/data/Body_Weight_29463-7_20241127T154723
	Message: https://w3id.org/shexmap/resource/ontology-schema/d285f599-dc2e-4bd83f3-df21defa8821/hasUnit is not a property of the vocabulary
Constraint Violation in UndeclaredProperty:
	Severity: sh:Violation
	Focus Node: http://example.org/data/Calcium_17861-6_20241127T154723
	Message: https://w3id.org/shexmap/resource/ontology-schema/d285f599-dc2e-4bd8-83f3-df21defa8821/hasCode is not a property of the vocabulary
Constraint Violation in UndeclaredProperty:
	Severity: sh:Violation
	Focus Node: http://example.org/data/Calcium_17861-6_20241127T154723
	Message: https://w3id.org/shexmap/resource/ontology-schema/d285f599-dc2e-4bd8-83f3-df21defa8821/hasMeasuredDate is not a property of the vocabulary
Constraint Violation in UndeclaredProperty:
	Severity: sh:Violation
	Focus Node: http://example.org/data/Calcium_17861-6_20241127T154723
	Message: https://w3id.org/shexmap/resource/ontology-schema/d285f599-dc2e-4bd8-83f3-df21defa8821/hasQuantityValue is not a property of the vocabulary
Constraint Violation in UndeclaredProperty:
	Severity: sh:Violation
	Focus Node: http://example.org/data/Calcium_17861-6_20241127T154723
	Message: https://w3id.org/shexmap/resource/ontology-schema/d285f599-dc2e-4bd8-83f3-df21defa8821/hasUnit is not a property of the vocabulary
Constraint Violation in UndeclaredProperty:
	Severity: sh:Violation
	Focus Node: http://example.org/data/Calcium_17861-6_20241127T154723
	Message: https://w3id.org/shexmap/resource/ontology-schema/d285f599-dc2e-4bd83f3-df21defa8821/hasCode is not a property of the vocabulary
Constraint Violation in UndeclaredProperty:
	Severity: sh:Violation
	Focus Node: http://example.org/data/Calcium_17861-6_20241127T154723
	Message: https://w3id.org/shexmap/resource/ontology-schema/d285f599-dc2e-4bd83f3-df21defa8821/hasMeasuredDate is not a property of the vocabulary
Constraint Violation in UndeclaredProperty:
	Severity: sh:Violation
	Focus Node: http://example.org/data/Calcium_17861-6_20241127T154723
	Message: https://w3id.org/shexmap/resource/ontology-schema/d285f599-dc2e-4bd83f3-df21defa8821/hasQuantityValue is not a property of the vocabulary
Constraint Violation in UndeclaredProperty:
	Severity: sh:Violation
	Focus Node: http://example.org/data/Calcium_17861-6_20241127T154723
	Message: https://w3id.org/shexmap/resource/ontology-schema/d285f599-dc2e-4bd83f3-df21defa8821/hasUnit is not a property of the vocabulary
Constraint Violation in UndeclaredProperty:
	Severity: sh:Violation
	Focus Node: http://example.org/data/Calcium_49765-1_20241127T154723
	Message: https://w3id.org/shexmap/resource/ontology-schema/d285f599-dc2e-4bd8-83f3-df21defa8821/hasCode is not a property of the vocabulary
Constraint Violation in UndeclaredProperty:
	Severity: sh:Violation
	Focus Node: http://example.org/data/Calcium_49765-1_20241127T154723
	Message: https://w3id.org/shexmap/resource/ontology-schema/d285f599-dc2e-4bd8-83f3-df21defa8821/hasMeasuredDate is not a property of the vocabulary
Constraint Violation in UndeclaredProperty:
	Severity: sh:Violation
	Focus Node: http://example.org/data/Calcium_49765-1_20241127T154723
	Message: https://w3id.org/shexmap/resource/ontology-schema/d285f599-dc2e-4bd8-83f3-df21defa8821/hasQuantityValue is not a property of the vocabulary
Constraint Violation in UndeclaredProperty:
	Severity: sh:Violation
	Focus Node: http://example.org/data/Calcium_49765-1_20241127T154723
	Message: https://w3id.org/shexmap/resource/ontology-schema/d285f599-dc2e-4bd8-83f3-df21defa8821/hasUnit is not a property of the vocabulary
Constraint Violation in UndeclaredProperty:
	Severity: sh:Violation
	Focus Node: http://example.org/data/Calcium_49765-1_20241127T154723
	Message: https://w3id.org/shexmap/resource/ontology-schema/d285f599-dc2e-4bd83f3-df21defa8821/hasCode is not a property of the vocabulary
Constraint Violation in UndeclaredProperty:
	Severity: sh:Violation
	Focus Node: http://example.org/data/Calcium_49765-1_20241127T154723
	Message: https://w3id.org/shexmap/resource/ontology-schema/d285f599-dc2e-4bd83f3-df21defa8821/hasMeasuredDate is not a property of the vocabulary
Constraint Violation in UndeclaredProperty:
	Severity: sh:Violation
	Focus Node: http://example.org/data/Calcium_49765-1_20241127T154723
	Message: https://w3id.org/shexmap/resource/ontology-schema/d285f599-dc2e-4bd83f3-df21defa8821/hasQuantityValue is not a property of the vocabulary
Constraint Violation in UndeclaredProperty:
	Severity: sh:Violation
	Focus Node: http://example.org/data/Calcium_49765-1_20241127T154723
	Message: https://w3id.org/shexmap/resource/ontology-schema/d285f599-dc2e-4bd83f3-df21defa8821/hasUnit is not a property of the vocabulary
Constraint Violation in UndeclaredProperty:
	Severity: sh:Violation
	Focus Node: http://example.org/data/Carbon_dioxide_total_2028-9_20241127T154723
	Message: https://w3id.org/shexmap/resource/ontology-schema/d285f599-dc2e-4bd8-83f3-df21defa8821/hasCode is not a property of the vocabulary
Constraint Violation in UndeclaredProperty:
	Severity: sh:Violation
	Focus Node: http://example.org/data/Carbon_dioxide_total_2028-9_20241127T154723
	Message: https://w3id.org/shexmap/resource/ontology-schema/d285f599-dc2e-4bd8-83f3-df21defa8821/hasMeasuredDate is not a property of the vocabulary
Constraint Violation in UndeclaredProperty:
	Severity: sh:Violation
	Focus Node: http://example.org/data/Carbon_dioxide_total_2028-9_20241127T154723
	Message: https://w3id.org/shexmap/resource/ontology-schema/d285f599-dc2e-4bd8-83f3-df21defa8821/hasQuantityValue is not a property of the vocabulary
Constraint Violation in UndeclaredProperty:
	Severity: sh:Violation
	Focus Node: http://example.org/data/Carbon_dioxide_total_2028-9_20241127T154723
	Message: https://w3id.org/shexmap/resource/ontology-schema/d285f599-dc2e-4bd8-83f3-df21defa8821/hasUnit is not a property of the vocabulary
Constraint Violation in UndeclaredProperty:
	Severity: sh:Violation
	Focus Node: http://example.org/data/Carbon_dioxide_total_2028-9_20241127T154723
	Message: https://w3id.org/shexmap/resource/ontology-schema/d285f599-dc2e-4bd83f3-df21defa8821/hasCode is not a property of the vocabulary
Constraint Violation in UndeclaredProperty:
	Severity: sh:Violation
	Focus Node: http://example.org/data/Carbon_dioxide_total_2028-9_20241127T154723
	Message: https://w3id.org/shexmap/resource/ontology-schema/d285f599-dc2e-4bd83f3-df21defa8821/hasMeasuredDate is not a property of the vocabulary
Constraint Violation in UndeclaredProperty:
	Severity: sh:Violation
	Focus Node: http://example.org/data/Carbon_dioxide_total_2028-9_20241127T154723
	Message: https://w3id.org/shexmap/resource/ontology-schema/d285f599-dc2e-4bd83f3-df21defa8821/hasQuantityValue is not a property of the vocabulary
Constraint Violation in UndeclaredProperty:
	Severity: sh:Violation
	Focus Node: http://example.org/data/Carbon_dioxide_total_2028-9_20241127T154723
	Message: https://w3id.org/shexmap/resource/ontology-schema/d285f599-dc2e-4bd83f3-df21defa8821/hasUnit is not a property of the vocabulary
Constraint Violation in UndeclaredProperty:
	Severity: sh:Violation
	Focus Node: http://example.org/data/Carbon_dioxide_total_20565-8_20241127T154723
	Message: https://w3id.org/shexmap/resource/ontology-schema/d285f599-dc2e-4bd8-83f3-df21defa8821/hasCode is not a property of the vocabulary
Constraint Violation in UndeclaredProperty:
	Severity: sh:Violation
	Focus Node: http://example.org/data/Carbon_dioxide_total_20565-8_20241127T154723
	Message: https://w3id.org/shexmap/resource/ontology-schema/d285f599-dc2e-4bd8-83f3-df21defa8821/hasMeasuredDate is not a property of the vocabulary
Constraint Violation in UndeclaredProperty:
	Severity: sh:Violation
	Focus Node: http://example.org/data/Carbon_dioxide_total_20565-8_20241127T154723
	Message: https://w3id.org/shexmap/resource/ontology-schema/d285f599-dc2e-4bd8-83f3-df21defa8821/hasQuantityValue is not a property of the vocabulary
Constraint Violation in UndeclaredProperty:
	Severity: sh:Violation
	Focus Node: http://example.org/data/Carbon_dioxide_total_20565-8_20241127T154723
	Message: https://w3id.org/shexmap/resource/ontology-schema/d285f599-dc2e-4bd8-83f3-df21defa8821/hasUnit is not a property of the vocabulary
Constraint Violation in UndeclaredProperty:
	Severity: sh:Violation
	Focus Node: http://example.org/data/Carbon_dioxide_total_20565-8_20241127T154723
	Message: https://w3id.org/shexmap/resource/ontology-schema/d285f599-dc2e-4bd83f3-df21defa8821/hasCode is not a property of the vocabulary
Constraint Violation in UndeclaredProperty:
	Severity: sh:Violation
	Focus Node: http://example.org/data/Carbon_dioxide_total_20565-8_20241127T154723
	Message: https://w3id.org/shexmap/resource/ontology-schema/d285f599-dc2e-4bd83f3-df21defa8821/hasMeasuredDate is not a property of the vocabulary
Constraint Violation in UndeclaredProperty:
	Severity: sh:Violation
	Focus Node: http://example.org/data/Carbon_dioxide_total_20565-8_20241127T154723
	Message: https://w3id.org/shexmap/resource/ontology-schema/d285f599-dc2e-4bd83f3-df21defa8821/hasQuantityValue is not a property of the vocabulary
Constraint Violation in UndeclaredProperty:
	Severity: sh:Violation
	Focus Node: http://example.org/data/Carbon_dioxide_total_20565-8_20241127T154723
	Message: https://w3id.org/shexmap/resource/ontology-schema/d285f599-dc2e-4bd83f3-df21defa8821/hasUnit is not a property of the vocabulary
Constraint Violation in UndeclaredProperty:
	Severity: sh:Violation
	Focus Node: http://example.org/data/Chloride_2069-3_20241127T154723
	Message: https://w3id.org/shexmap/resource/ontology-schema/d285f599-dc2e-4bd8-83f3-df21defa8821/hasCode is not a property of the vocabulary
Constraint Violation in UndeclaredProperty:
	Severity: sh:Violation
	Focus Node: http://example.org/data/Chloride_2069-3_20241127T154723
	Message: https://w3id.org/shexmap/resource/ontology-schema/d285f599-dc2e-4bd8-83f3-df21defa8821/hasMeasuredDate is not a property of the vocabulary
Constraint Violation in UndeclaredProperty:
	Severity: sh:Violation
	Focus Node: http://example.org/data/Chloride_2069-3_20241127T154723
	Message: https://w3id.org/shexmap/resource/ontology-schema/d285f599-dc2e-4bd8-83f3-df21defa8821/hasQuantityValue is not a property of the vocabulary
Constraint Violation in UndeclaredProperty:
	Severity: sh:Violation
	Focus Node: http://example.org/data/Chloride_2069-3_20241127T154723
	Message: https://w3id.org/shexmap/resource/ontology-schema/d285f599-dc2e-4bd8-83f3-df21defa8821/hasUnit is not a property of the vocabulary
Constraint Violation in UndeclaredProperty:
	Severity: sh:Violation
	Focus Node: http://example.org/data/Chloride_2069-3_20241127T154723
	Message: https://w3id.org/shexmap/resource/ontology-schema/d285f599-dc2e-4bd83f3-df21defa8821/hasCode is not a property of the vocabulary
Constraint Violation in UndeclaredProperty:
	Severity: sh:Violation
	Focus Node: http://example.org/data/Chloride_2069-3_20241127T154723
	Message: https://w3id.org/shexmap/resource/ontology-schema/d285f599-dc2e-4bd83f3-df21defa8821/hasMeasuredDate is not a property of the vocabulary
Constraint Violation in UndeclaredProperty:
	Severity: sh:Violation
	Focus Node: http://example.org/data/Chloride_2069-3_20241127T154723
	Message: https://w3id.org/shexmap/resource/ontology-schema/d285f599-dc2e-4bd83f3-df21defa8821/hasQuantityValue is not a property of the vocabulary
Constraint Violation in UndeclaredProperty:
	Severity: sh:Violation
	Focus Node: http://example.org/data/Chloride_2069-3_20241127T154723
	Message: https://w3id.org/shexmap/resource/ontology-schema/d285f599-dc2e-4bd83f3-df21defa8821/hasUnit is not a property of the vocabulary
Constraint Violation in UndeclaredProperty:
	Severity: sh:Violation
	Focus Node: http://example.org/data/Chloride_2075-0_20241127T154723
	Message: https://w3id.org/shexmap/resource/ontology-schema/d285f599-dc2e-4bd8-83f3-df21defa8821/hasCode is not a property of the vocabulary
Constraint Violation in UndeclaredProperty:
	Severity: sh:Violation
	Focus Node: http://example.org/data/Chloride_2075-0_20241127T154723
	Message: https://w3id.org/shexmap/resource/ontology-schema/d285f599-dc2e-4bd8-83f3-df21defa8821/hasMeasuredDate is not a property of the vocabulary
Constraint Violation in UndeclaredProperty:
	Severity: sh:Violation
	Focus Node: http://example.org/data/Chloride_2075-0_20241127T154723
	Message: https://w3id.org/shexmap/resource/ontology-schema/d285f599-dc2e-4bd8-83f3-df21defa8821/hasQuantityValue is not a property of the vocabulary
Constraint Violation in UndeclaredProperty:
	Severity: sh:Violation
	Focus Node: http://example.org/data/Chloride_2075-0_20241127T154723
	Message: https://w3id.org/shexmap/resource/ontology-schema/d285f599-dc2e-4bd8-83f3-df21defa8821/hasUnit is not a property of the vocabulary
Constraint Violation in UndeclaredProperty:
	Severity: sh:Violation
	Focus Node: http://example.org/data/Chloride_2075-0_20241127T154723
	Message: https://w3id.org/shexmap/resource/ontology-schema/d285f599-dc2e-4bd83f3-df21defa8821/hasCode is not a property of the vocabulary
Constraint Violation in UndeclaredProperty:
	Severity: sh:Violation
	Focus Node: http://example.org/data/Chloride_2075-0_20241127T154723
	Message: https://w3id.org/shexmap/resource/ontology-schema/d285f599-dc2e-4bd83f3-df21defa8821/hasMeasuredDate is not a property of the vocabulary
Constraint Violation in UndeclaredProperty:
	Severity: sh:Violation
	Focus Node: http://example.org/data/Chloride_2075-0_20241127T154723
	Message: https://w3id.org/shexmap/resource/ontology-schema/d285f599-dc2e-4bd83f3-df21defa8821/hasQuantityValue is not a property of the vocabulary
Constraint Violation in UndeclaredProperty:
	Severity: sh:Violation
	Focus Node: http://example.org/data/Chloride_2075-0_20241127T154723
	Message: https://w3id.org/shexmap/resource/ontology-schema/d285f599-dc2e-4bd83f3-df21defa8821/hasUnit is not a property of the vocabulary
Constraint Violation in UndeclaredProperty:
	Severity: sh:Violation
	Focus Node: http://example.org/data/Cholesterol_2093-3_20241127T154723
	Message: https://w3id.org/shexmap/resource/ontology-schema/d285f599-dc2e-4bd8-83f3-df21defa8821/hasCode is not a property of the vocabulary
Constraint Violation in UndeclaredProperty:
	Severity: sh:Violation
	Focus Node: http://example.org/data/Cholesterol_2093-3_20241127T154723
	Message: https://w3id.org/shexmap/resource/ontology-schema/d285f599-dc2e-4bd8-83f3-df21defa8821/hasMeasuredDate is not a property of the vocabulary
Constraint Violation in UndeclaredProperty:
	Severity: sh:Violation
	Focus Node: http://example.org/data/Cholesterol_2093-3_20241127T154723
	Message: https://w3id.org/shexmap/resource/ontology-schema/d285f599-dc2e-4bd8-83f3-df21defa8821/hasQuantityValue is not a property of the vocabulary
Constraint Violation in UndeclaredProperty:
	Severity: sh:Violation
	Focus Node: http://example.org/data/Cholesterol_2093-3_20241127T154723
	Message: https://w3id.org/shexmap/resource/ontology-schema/d285f599-dc2e-4bd8-83f3-df21defa8821/hasUnit is not a property of the vocabulary
Constraint Violation in UndeclaredProperty:
	Severity: sh:Violation
	Focus Node: http://example.org/data/Cholesterol_2093-3_20241127T154723
	Message: https://w3id.org/shexmap/resource/ontology-schema/d285f599-dc2e-4bd83f3-df21defa8821/hasCode is not a property of the vocabulary
Constraint Violation in UndeclaredProperty:
	Severity: sh:Violation
	Focus Node: http://example.org/data/Cholesterol_2093-3_20241127T154723
	Message: https://w3id.org/shexmap/resource/ontology-schema/d285f599-dc2e-4bd83f3-df21defa8821/hasMeasuredDate is not a property of the vocabulary
Constraint Violation in UndeclaredProperty:
	Severity: sh:Violation
	Focus Node: http://example.org/data/Cholesterol_2093-3_20241127T154723
	Message: https://w3id.org/shexmap/resource/ontology-schema/d285f599-dc2e-4bd83f3-df21defa8821/hasQuantityValue is not a property of the vocabulary
Constraint Violation in UndeclaredProperty:
	Severity: sh:Violation
	Focus Node: http://example.org/data/Cholesterol_2093-3_20241127T154723
	Message: https://w3id.org/shexmap/resource/ontology-schema/d285f599-dc2e-4bd83f3-df21defa8821/hasUnit is not a property of the vocabulary
Constraint Violation in UndeclaredProperty:
	Severity: sh:Violation
	Focus Node: http://example.org/data/Cholesterol_HDL_2085-9_20241127T154723
	Message: https://w3id.org/shexmap/resource/ontology-schema/d285f599-dc2e-4bd8-83f3-df21defa8821/hasCode is not a property of the vocabulary
Constraint Violation in UndeclaredProperty:
	Severity: sh:Violation
	Focus Node: http://example.org/data/Cholesterol_HDL_2085-9_20241127T154723
	Message: https://w3id.org/shexmap/resource/ontology-schema/d285f599-dc2e-4bd8-83f3-df21defa8821/hasMeasuredDate is not a property of the vocabulary
Constraint Violation in UndeclaredProperty:
	Severity: sh:Violation
	Focus Node: http://example.org/data/Cholesterol_HDL_2085-9_20241127T154723
	Message: https://w3id.org/shexmap/resource/ontology-schema/d285f599-dc2e-4bd8-83f3-df21defa8821/hasQuantityValue is not a property of the vocabulary
Constraint Violation in UndeclaredProperty:
	Severity: sh:Violation
	Focus Node: http://example.org/data/Cholesterol_HDL_2085-9_20241127T154723
	Message: https://w3id.org/shexmap/resource/ontology-schema/d285f599-dc2e-4bd8-83f3-df21defa8821/hasUnit is not a property of the vocabulary
Constraint Violation in UndeclaredProperty:
	Severity: sh:Violation
	Focus Node: http://example.org/data/Cholesterol_HDL_2085-9_20241127T154723
	Message: https://w3id.org/shexmap/resource/ontology-schema/d285f599-dc2e-4bd83f3-df21defa8821/hasCode is not a property of the vocabulary
Constraint Violation in UndeclaredProperty:
	Severity: sh:Violation
	Focus Node: http://example.org/data/Cholesterol_HDL_2085-9_20241127T154723
	Message: https://w3id.org/shexmap/resource/ontology-schema/d285f599-dc2e-4bd83f3-df21defa8821/hasMeasuredDate is not a property of the vocabulary
Constraint Violation in UndeclaredProperty:
	Severity: sh:Violation
	Focus Node: http://example.org/data/Cholesterol_HDL_2085-9_20241127T154723
	Message: https://w3id.org/shexmap/resource/ontology-schema/d285f599-dc2e-4bd83f3-df21defa8821/hasQuantityValue is not a property of the vocabulary
Constraint Violation in UndeclaredProperty:
	Severity: sh:Violation
	Focus Node: http://example.org/data/Cholesterol_HDL_2085-9_20241127T154723
	Message: https://w3id.org/shexmap/resource/ontology-schema/d285f599-dc2e-4bd83f3-df21defa8821/hasUnit is not a property of the vocabulary
Constraint Violation in UndeclaredProperty:
	Severity: sh:Violation
	Focus Node: http://example.org/data/Cholesterol_LDL_18262-6_20241127T154723
	Message: https://w3id.org/shexmap/resource/ontology-schema/d285f599-dc2e-4bd8-83f3-df21defa8821/hasCode is not a property of the vocabulary
Constraint Violation in UndeclaredProperty:
	Severity: sh:Violation
	Focus Node: http://example.org/data/Cholesterol_LDL_18262-6_20241127T154723
	Message: https://w3id.org/shexmap/resource/ontology-schema/d285f599-dc2e-4bd8-83f3-df21defa8821/hasMeasuredDate is not a property of the vocabulary
Constraint Violation in UndeclaredProperty:
	Severity: sh:Violation
	Focus Node: http://example.org/data/Cholesterol_LDL_18262-6_20241127T154723
	Message: https://w3id.org/shexmap/resource/ontology-schema/d285f599-dc2e-4bd8-83f3-df21defa8821/hasQuantityValue is not a property of the vocabulary
Constraint Violation in UndeclaredProperty:
	Severity: sh:Violation
	Focus Node: http://example.org/data/Cholesterol_LDL_18262-6_20241127T154723
	Message: https://w3id.org/shexmap/resource/ontology-schema/d285f599-dc2e-4bd8-83f3-df21defa8821/hasUnit is not a property of the vocabulary
Constraint Violation in UndeclaredProperty:
	Severity: sh:Violation
	Focus Node: http://example.org/data/Cholesterol_LDL_18262-6_20241127T154723
	Message: https://w3id.org/shexmap/resource/ontology-schema/d285f599-dc2e-4bd83f3-df21defa8821/hasCode is not a property of the vocabulary
Constraint Violation in UndeclaredProperty:
	Severity: sh:Violation
	Focus Node: http://example.org/data/Cholesterol_LDL_18262-6_20241127T154723
	Message: https://w3id.org/shexmap/resource/ontology-schema/d285f599-dc2e-4bd83f3-df21defa8821/hasMeasuredDate is not a property of the vocabulary
Constraint Violation in UndeclaredProperty:
	Severity: sh:Violation
	Focus Node: http://example.org/data/Cholesterol_LDL_18262-6_20241127T154723
	Message: https://w3id.org/shexmap/resource/ontology-schema/d285f599-dc2e-4bd83f3-df21defa8821/hasQuantityValue is not a property of the vocabulary
Constraint Violation in UndeclaredProperty:
	Severity: sh:Violation
	Focus Node: http://example.org/data/Cholesterol_LDL_18262-6_20241127T154723
	Message: https://w3id.org/shexmap/resource/ontology-schema/d285f599-dc2e-4bd83f3-df21defa8821/hasUnit is not a property of the vocabulary
Constraint Violation in UndeclaredProperty:
	Severity: sh:Violation
	Focus Node: http://example.org/data/ClinicalVisit_20241127T154723
	Message: https://w3id.org/shexmap/resource/ontology-schema/d285f599-dc2e-4bd8-83f3-df21defa8821/hasCareProvider is not a property of the vocabulary
Constraint Violation in UndeclaredProperty:
	Severity: sh:Violation
	Focus Node: http://example.org/data/ClinicalVisit_20241127T154723
	Message: https://w3id.org/shexmap/resource/ontology-schema/d285f599-dc2e-4bd8-83f3-df21defa8821/hasCareUnit is not a property of the vocabulary
Constraint Violation in UndeclaredProperty:
	Severity: sh:Violation
	Focus Node: http://example.org/data/ClinicalVisit_20241127T154723
	Message: https://w3id.org/shexmap/resource/ontology-schema/d285f599-dc2e-4bd8-83f3-df21defa8821/hasDate is not a property of the vocabulary
Constraint Violation in UndeclaredProperty:
	Severity: sh:Violation
	Focus Node: http://example.org/data/ClinicalVisit_20241127T154723
	Message: https://w3id.org/shexmap/resource/ontology-schema/d285f599-dc2e-4bd8-83f3-df21defa8821/hasPatient is not a property of the vocabulary
Constraint Violation in UndeclaredProperty:
	Severity: sh:Violation
	Focus Node: http://example.org/data/ClinicalVisit_20241127T154723
	Message: https://w3id.org/shexmap/resource/ontology-schema/d285f599-dc2e-4bd8-83f3-df21defa8821/hasProcedure is not a property of the vocabulary
Constraint Violation in UndeclaredProperty:
	Severity: sh:Violation
	Focus Node: http://example.org/data/Creatinine_2160-0_20241127T154723
	Message: https://w3id.org/shexmap/resource/ontology-schema/d285f599-dc2e-4bd8-83f3-df21defa8821/hasCode is not a property of the vocabulary
Constraint Violation in UndeclaredProperty:
	Severity: sh:Violation
	Focus Node: http://example.org/data/Creatinine_2160-0_20241127T154723
	Message: https://w3id.org/shexmap/resource/ontology-schema/d285f599-dc2e-4bd8-83f3-df21defa8821/hasMeasuredDate is not a property of the vocabulary
Constraint Violation in UndeclaredProperty:
	Severity: sh:Violation
	Focus Node: http://example.org/data/Creatinine_2160-0_20241127T154723
	Message: https://w3id.org/shexmap/resource/ontology-schema/d285f599-dc2e-4bd8-83f3-df21defa8821/hasQuantityValue is not a property of the vocabulary
Constraint Violation in UndeclaredProperty:
	Severity: sh:Violation
	Focus Node: http://example.org/data/Creatinine_2160-0_20241127T154723
	Message: https://w3id.org/shexmap/resource/ontology-schema/d285f599-dc2e-4bd8-83f3-df21defa8821/hasUnit is not a property of the vocabulary
Constraint Violation in UndeclaredProperty:
	Severity: sh:Violation
	Focus Node: http://example.org/data/Creatinine_2160-0_20241127T154723
	Message: https://w3id.org/shexmap/resource/ontology-schema/d285f599-dc2e-4bd83f3-df21defa8821/hasCode is not a property of the vocabulary
Constraint Violation in UndeclaredProperty:
	Severity: sh:Violation
	Focus Node: http://example.org/data/Creatinine_2160-0_20241127T154723
	Message: https://w3id.org/shexmap/resource/ontology-schema/d285f599-dc2e-4bd83f3-df21defa8821/hasMeasuredDate is not a property of the vocabulary
Constraint Violation in UndeclaredProperty:
	Severity: sh:Violation
	Focus Node: http://example.org/data/Creatinine_2160-0_20241127T154723
	Message: https://w3id.org/shexmap/resource/ontology-schema/d285f599-dc2e-4bd83f3-df21defa8821/hasQuantityValue is not a property of the vocabulary
Constraint Violation in UndeclaredProperty:
	Severity: sh:Violation
	Focus Node: http://example.org/data/Creatinine_2160-0_20241127T154723
	Message: https://w3id.org/shexmap/resource/ontology-schema/d285f599-dc2e-4bd83f3-df21defa8821/hasUnit is not a property of the vocabulary
Constraint Violation in UndeclaredProperty:
	Severity: sh:Violation
	Focus Node: http://example.org/data/Creatinine_38483-4_20241127T154723
	Message: https://w3id.org/shexmap/resource/ontology-schema/d285f599-dc2e-4bd8-83f3-df21defa8821/hasCode is not a property of the vocabulary
Constraint Violation in UndeclaredProperty:
	Severity: sh:Violation
	Focus Node: http://example.org/data/Creatinine_38483-4_20241127T154723
	Message: https://w3id.org/shexmap/resource/ontology-schema/d285f599-dc2e-4bd8-83f3-df21defa8821/hasMeasuredDate is not a property of the vocabulary
Constraint Violation in UndeclaredProperty:
	Severity: sh:Violation
	Focus Node: http://example.org/data/Creatinine_38483-4_20241127T154723
	Message: https://w3id.org/shexmap/resource/ontology-schema/d285f599-dc2e-4bd8-83f3-df21defa8821/hasQuantityValue is not a property of the vocabulary
Constraint Violation in UndeclaredProperty:
	Severity: sh:Violation
	Focus Node: http://example.org/data/Creatinine_38483-4_20241127T154723
	Message: https://w3id.org/shexmap/resource/ontology-schema/d285f599-dc2e-4bd8-83f3-df21defa8821/hasUnit is not a property of the vocabulary
Constraint Violation in UndeclaredProperty:
	Severity: sh:Violation
	Focus Node: http://example.org/data/Creatinine_38483-4_20241127T154723
	Message: https://w3id.org/shexmap/resource/ontology-schema/d285f599-dc2e-4bd83f3-df21defa8821/hasCode is not a property of the vocabulary
Constraint Violation in UndeclaredProperty:
	Severity: sh:Violation
	Focus Node: http://example.org/data/Creatinine_38483-4_20241127T154723
	Message: https://w3id.org/shexmap/resource/ontology-schema/d285f599-dc2e-4bd83f3-df21defa8821/hasMeasuredDate is not a property of the vocabulary
Constraint Violation in UndeclaredProperty:
	Severity: sh:Violation
	Focus Node: http://example.org/data/Creatinine_38483-4_20241127T154723
	Message: https://w3id.org/shexmap/resource/ontology-schema/d285f599-dc2e-4bd83f3-df21defa8821/hasQuantityValue is not a property of the vocabulary
Constraint Violation in UndeclaredProperty:
	Severity: sh:Violation
	Focus Node: http://example.org/data/Creatinine_38483-4_20241127T154723
	Message: https://w3id.org/shexmap/resource/ontology-schema/d285f599-dc2e-4bd83f3-df21defa8821/hasUnit is not a property of the vocabulary
Constraint Violation in UndeclaredProperty:
	Severity: sh:Violation
	Focus Node: http://example.org/data/Full_time_employment_finding_20241127T162132
	Message: https://w3id.org/shexmap/resource/ontology-schema/d285f599-dc2e-4bd8-83f3-df21defa8821/hasCode is not a property of the vocabulary
Constraint Violation in UndeclaredProperty:
	Severity: sh:Violation
	Focus Node: http://example.org/data/Full_time_employment_finding_20241127T162132
	Message: https://w3id.org/shexmap/resource/ontology-schema/d285f599-dc2e-4bd8-83f3-df21defa8821/hasRecordDate is not a property of the vocabulary
Constraint Violation in UndeclaredProperty:
	Severity: sh:Violation
	Focus Node: http://example.org/data/GAD7_70274-6_20241127T164225
	Message: https://w3id.org/shexmap/resource/ontology-schema/d285f599-dc2e-4bd8-83f3-df21defa8821/hasCode is not a property of the vocabulary
Constraint Violation in UndeclaredProperty:
	Severity: sh:Violation
	Focus Node: http://example.org/data/GAD7_70274-6_20241127T164225
	Message: https://w3id.org/shexmap/resource/ontology-schema/d285f599-dc2e-4bd8-83f3-df21defa8821/hasMeasuredDate is not a property of the vocabulary
Constraint Violation in UndeclaredProperty:
	Severity: sh:Violation
	Focus Node: http://example.org/data/GAD7_70274-6_20241127T164225
	Message: https://w3id.org/shexmap/resource/ontology-schema/d285f599-dc2e-4bd8-83f3-df21defa8821/hasQuantityValue is not a property of the vocabulary
Constraint Violation in UndeclaredProperty:
	Severity: sh:Violation
	Focus Node: http://example.org/data/GAD7_70274-6_20241127T164225
	Message: https://w3id.org/shexmap/resource/ontology-schema/d285f599-dc2e-4bd8-83f3-df21defa8821/hasUnit is not a property of the vocabulary
Constraint Violation in UndeclaredProperty:
	Severity: sh:Violation
	Focus Node: http://example.org/data/GAD7_70274-6_20241127T164225
	Message: https://w3id.org/shexmap/resource/ontology-schema/d285f599-dc2e-4bd83f3-df21defa8821/hasCode is not a property of the vocabulary
Constraint Violation in UndeclaredProperty:
	Severity: sh:Violation
	Focus Node: http://example.org/data/GAD7_70274-6_20241127T164225
	Message: https://w3id.org/shexmap/resource/ontology-schema/d285f599-dc2e-4bd83f3-df21defa8821/hasMeasuredDate is not a property of the vocabulary
Constraint Violation in UndeclaredProperty:
	Severity: sh:Violation
	Focus Node: http://example.org/data/GAD7_70274-6_20241127T164225
	Message: https://w3id.org/shexmap/resource/ontology-schema/d285f599-dc2e-4bd83f3-df21defa8821/hasQuantityValue is not a property of the vocabulary
Constraint Violation in UndeclaredProperty:
	Severity: sh:Violation
	Focus Node: http://example.org/data/GAD7_70274-6_20241127T164225
	Message: https://w3id.org/shexmap/resource/ontology-schema/d285f599-dc2e-4bd83f3-df21defa8821/hasUnit is not a property of the vocabulary
Constraint Violation in UndeclaredProperty:
	Severity: sh:Violation
	Focus Node: http://example.org/data/GFR_33914-3_20241127T154723_1
	Message: https://w3id.org/shexmap/resource/ontology-schema/d285f599-dc2e-4bd8-83f3-df21defa8821/hasCode is not a property of the vocabulary
Constraint Violation in UndeclaredProperty:
	Severity: sh:Violation
	Focus Node: http://example.org/data/GFR_33914-3_20241127T154723_1
	Message: https://w3id.org/shexmap/resource/ontology-schema/d285f599-dc2e-4bd8-83f3-df21defa8821/hasMeasuredDate is not a property of the vocabulary
Constraint Violation in UndeclaredProperty:
	Severity: sh:Violation
	Focus Node: http://example.org/data/GFR_33914-3_20241127T154723_1
	Message: https://w3id.org/shexmap/resource/ontology-schema/d285f599-dc2e-4bd8-83f3-df21defa8821/hasQuantityValue is not a property of the vocabulary
Constraint Violation in UndeclaredProperty:
	Severity: sh:Violation
	Focus Node: http://example.org/data/GFR_33914-3_20241127T154723_1
	Message: https://w3id.org/shexmap/resource/ontology-schema/d285f599-dc2e-4bd8-83f3-df21defa8821/hasUnit is not a property of the vocabulary
Constraint Violation in UndeclaredProperty:
	Severity: sh:Violation
	Focus Node: http://example.org/data/GFR_33914-3_20241127T154723_1
	Message: https://w3id.org/shexmap/resource/ontology-schema/d285f599-dc2e-4bd83f3-df21defa8821/hasCode is not a property of the vocabulary
Constraint Violation in UndeclaredProperty:
	Severity: sh:Violation
	Focus Node: http://example.org/data/GFR_33914-3_20241127T154723_1
	Message: https://w3id.org/shexmap/resource/ontology-schema/d285f599-dc2e-4bd83f3-df21defa8821/hasMeasuredDate is not a property of the vocabulary
Constraint Violation in UndeclaredProperty:
	Severity: sh:Violation
	Focus Node: http://example.org/data/GFR_33914-3_20241127T154723_1
	Message: https://w3id.org/shexmap/resource/ontology-schema/d285f599-dc2e-4bd83f3-df21defa8821/hasQuantityValue is not a property of the vocabulary
Constraint Violation in UndeclaredProperty:
	Severity: sh:Violation
	Focus Node: http://example.org/data/GFR_33914-3_20241127T154723_1
	Message: https://w3id.org/shexmap/resource/ontology-schema/d285f599-dc2e-4bd83f3-df21defa8821/hasUnit is not a property of the vocabulary
Constraint Violation in UndeclaredProperty:
	Severity: sh:Violation
	Focus Node: http://example.org/data/GFR_33914-3_20241127T154723_2
	Message: https://w3id.org/shexmap/resource/ontology-schema/d285f599-dc2e-4bd83f3-df21defa8821/hasCode is not a property of the vocabulary
Constraint Violation in UndeclaredProperty:
	Severity: sh:Violation
	Focus Node: http://example.org/data/GFR_33914-3_20241127T154723_2
	Message: https://w3id.org/shexmap/resource/ontology-schema/d285f599-dc2e-4bd83f3-df21defa8821/hasMeasuredDate is not a property of the vocabulary
Constraint Violation in UndeclaredProperty:
	Severity: sh:Violation
	Focus Node: http://example.org/data/GFR_33914-3_20241127T154723_2
	Message: https://w3id.org/shexmap/resource/ontology-schema/d285f599-dc2e-4bd83f3-df21defa8821/hasQuantityValue is not a property of the vocabulary
Constraint Violation in UndeclaredProperty:
	Severity: sh:Violation
	Focus Node: http://example.org/data/GFR_33914-3_20241127T154723_2
	Message: https://w3id.org/shexmap/resource/ontology-schema/d285f599-dc2e-4bd83f3-df21defa8821/hasUnit is not a property of the vocabulary
Constraint Violation in UndeclaredProperty:
	Severity: sh:Violation
	Focus Node: http://example.org/data/Gingivitis_disorder_20241127T175130
	Message: https://w3id.org/shexmap/resource/ontology-schema/d285f599-dc2e-4bd8-83f3-df21defa8821/hasCode is not a property of the vocabulary
Constraint Violation in UndeclaredProperty:
	Severity: sh:Violation
	Focus Node: http://example.org/data/Gingivitis_disorder_20241127T175130
	Message: https://w3id.org/shexmap/resource/ontology-schema/d285f599-dc2e-4bd8-83f3-df21defa8821/hasRecordDate is not a property of the vocabulary
Constraint Violation in UndeclaredProperty:
	Severity: sh:Violation
	Focus Node: http://example.org/data/Glucose_2339-0_20241127T154723
	Message: https://w3id.org/shexmap/resource/ontology-schema/d285f599-dc2e-4bd8-83f3-df21defa8821/hasCode is not a property of the vocabulary
Constraint Violation in UndeclaredProperty:
	Severity: sh:Violation
	Focus Node: http://example.org/data/Glucose_2339-0_20241127T154723
	Message: https://w3id.org/shexmap/resource/ontology-schema/d285f599-dc2e-4bd8-83f3-df21defa8821/hasMeasuredDate is not a property of the vocabulary
Constraint Violation in UndeclaredProperty:
	Severity: sh:Violation
	Focus Node: http://example.org/data/Glucose_2339-0_20241127T154723
	Message: https://w3id.org/shexmap/resource/ontology-schema/d285f599-dc2e-4bd8-83f3-df21defa8821/hasQuantityValue is not a property of the vocabulary
Constraint Violation in UndeclaredProperty:
	Severity: sh:Violation
	Focus Node: http://example.org/data/Glucose_2339-0_20241127T154723
	Message: https://w3id.org/shexmap/resource/ontology-schema/d285f599-dc2e-4bd8-83f3-df21defa8821/hasUnit is not a property of the vocabulary
Constraint Violation in UndeclaredProperty:
	Severity: sh:Violation
	Focus Node: http://example.org/data/Glucose_2339-0_20241127T154723
	Message: https://w3id.org/shexmap/resource/ontology-schema/d285f599-dc2e-4bd83f3-df21defa8821/hasCode is not a property of the vocabulary
Constraint Violation in UndeclaredProperty:
	Severity: sh:Violation
	Focus Node: http://example.org/data/Glucose_2339-0_20241127T154723
	Message: https://w3id.org/shexmap/resource/ontology-schema/d285f599-dc2e-4bd83f3-df21defa8821/hasMeasuredDate is not a property of the vocabulary
Constraint Violation in UndeclaredProperty:
	Severity: sh:Violation
	Focus Node: http://example.org/data/Glucose_2339-0_20241127T154723
	Message: https://w3id.org/shexmap/resource/ontology-schema/d285f599-dc2e-4bd83f3-df21defa8821/hasQuantityValue is not a property of the vocabulary
Constraint Violation in UndeclaredProperty:
	Severity: sh:Violation
	Focus Node: http://example.org/data/Glucose_2339-0_20241127T154723
	Message: https://w3id.org/shexmap/resource/ontology-schema/d285f599-dc2e-4bd83f3-df21defa8821/hasUnit is not a property of the vocabulary
Constraint Violation in UndeclaredProperty:
	Severity: sh:Violation
	Focus Node: http://example.org/data/Glucose_2345-7_20241127T154723
	Message: https://w3id.org/shexmap/resource/ontology-schema/d285f599-dc2e-4bd8-83f3-df21defa8821/hasCode is not a property of the vocabulary
Constraint Violation in UndeclaredProperty:
	Severity: sh:Violation
	Focus Node: http://example.org/data/Glucose_2345-7_20241127T154723
	Message: https://w3id.org/shexmap/resource/ontology-schema/d285f599-dc2e-4bd8-83f3-df21defa8821/hasMeasuredDate is not a property of the vocabulary
Constraint Violation in UndeclaredProperty:
	Severity: sh:Violation
	Focus Node: http://example.org/data/Glucose_2345-7_20241127T154723
	Message: https://w3id.org/shexmap/resource/ontology-schema/d285f599-dc2e-4bd8-83f3-df21defa8821/hasQuantityValue is not a property of the vocabulary
Constraint Violation in UndeclaredProperty:
	Severity: sh:Violation
	Focus Node: http://example.org/data/Glucose_2345-7_20241127T154723
	Message: https://w3id.org/shexmap/resource/ontology-schema/d285f599-dc2e-4bd8-83f3-df21defa8821/hasUnit is not a property of the vocabulary
Constraint Violation in UndeclaredProperty:
	Severity: sh:Violation
	Focus Node: http://example.org/data/Glucose_2345-7_20241127T154723
	Message: https://w3id.org/shexmap/resource/ontology-schema/d285f599-dc2e-4bd83f3-df21defa8821/hasCode is not a property of the vocabulary
Constraint Violation in UndeclaredProperty:
	Severity: sh:Violation
	Focus Node: http://example.org/data/Glucose_2345-7_20241127T154723
	Message: https://w3id.org/shexmap/resource/ontology-schema/d285f599-dc2e-4bd83f3-df21defa8821/hasMeasuredDate is not a property of the vocabulary
Constraint Violation in UndeclaredProperty:
	Severity: sh:Violation
	Focus Node: http://example.org/data/Glucose_2345-7_20241127T154723
	Message: https://w3id.org/shexmap/resource/ontology-schema/d285f599-dc2e-4bd83f3-df21defa8821/hasQuantityValue is not a property of the vocabulary
Constraint Violation in UndeclaredProperty:
	Severity: sh:Violation
	Focus Node: http://example.org/data/Glucose_2345-7_20241127T154723
	Message: https://w3id.org/shexmap/resource/ontology-schema/d285f599-dc2e-4bd83f3-df21defa8821/hasUnit is not a property of the vocabulary
Constraint Violation in UndeclaredProperty:
	Severity: sh:Violation
	Focus Node: http://example.org/data/Glucose_5792-7_20241127T154723
	Message: https://w3id.org/shexmap/resource/ontology-schema/d285f599-dc2e-4bd8-83f3-df21defa8821/hasCode is not a property of the vocabulary
Constraint Violation in UndeclaredProperty:
	Severity: sh:Violation
	Focus Node: http://example.org/data/Glucose_5792-7_20241127T154723
	Message: https://w3id.org/shexmap/resource/ontology-schema/d285f599-dc2e-4bd8-83f3-df21defa8821/hasMeasuredDate is not a property of the vocabulary
Constraint Violation in UndeclaredProperty:
	Severity: sh:Violation
	Focus Node: http://example.org/data/Glucose_5792-7_20241127T154723
	Message: https://w3id.org/shexmap/resource/ontology-schema/d285f599-dc2e-4bd8-83f3-df21defa8821/hasQuantityValue is not a property of the vocabulary
Constraint Violation in UndeclaredProperty:
	Severity: sh:Violation
	Focus Node: http://example.org/data/Glucose_5792-7_20241127T154723
	Message: https://w3id.org/shexmap/resource/ontology-schema/d285f599-dc2e-4bd8-83f3-df21defa8821/hasUnit is not a property of the vocabulary
Constraint Violation in UndeclaredProperty:
	Severity: sh:Violation
	Focus Node: http://example.org/data/Glucose_5792-7_20241127T154723
	Message: https://w3id.org/shexmap/resource/ontology-schema/d285f599-dc2e-4bd83f3-df21defa8821/hasCode is not a property of the vocabulary
Constraint Violation in UndeclaredProperty:
	Severity: sh:Violation
	Focus Node: http://example.org/data/Glucose_5792-7_20241127T154723
	Message: https://w3id.org/shexmap/resource/ontology-schema/d285f599-dc2e-4bd83f3-df21defa8821/hasMeasuredDate is not a property of the vocabulary
Constraint Violation in UndeclaredProperty:
	Severity: sh:Violation
	Focus Node: http://example.org/data/Glucose_5792-7_20241127T154723
	Message: https://w3id.org/shexmap/resource/ontology-schema/d285f599-dc2e-4bd83f3-df21defa8821/hasQuantityValue is not a property of the vocabulary
Constraint Violation in UndeclaredProperty:
	Severity: sh:Violation
	Focus Node: http://example.org/data/Glucose_5792-7_20241127T154723
	Message: https://w3id.org/shexmap/resource/ontology-schema/d285f599-dc2e-4bd83f3-df21defa8821/hasUnit is not a property of the vocabulary
Constraint Violation in UndeclaredProperty:
	Severity: sh:Violation
	Focus Node: http://example.org/data/Heart_rate_8867-4_20241127T154723
	Message: https://w3id.org/shexmap/resource/ontology-schema/d285f599-dc2e-4bd8-83f3-df21defa8821/hasCode is not a property of the vocabulary
Constraint Violation in UndeclaredProperty:
	Severity: sh:Violation
	Focus Node: http://example.org/data/Heart_rate_8867-4_20241127T154723
	Message: https://w3id.org/shexmap/resource/ontology-schema/d285f599-dc2e-4bd8-83f3-df21defa8821/hasMeasuredDate is not a property of the vocabulary
Constraint Violation in UndeclaredProperty:
	Severity: sh:Violation
	Focus Node: http://example.org/data/Heart_rate_8867-4_20241127T154723
	Message: https://w3id.org/shexmap/resource/ontology-schema/d285f599-dc2e-4bd8-83f3-df21defa8821/hasQuantityValue is not a property of the vocabulary
Constraint Violation in UndeclaredProperty:
	Severity: sh:Violation
	Focus Node: http://example.org/data/Heart_rate_8867-4_20241127T154723
	Message: https://w3id.org/shexmap/resource/ontology-schema/d285f599-dc2e-4bd8-83f3-df21defa8821/hasUnit is not a property of the vocabulary
Constraint Violation in UndeclaredProperty:
	Severity: sh:Violation
	Focus Node: http://example.org/data/Heart_rate_8867-4_20241127T154723
	Message: https://w3id.org/shexmap/resource/ontology-schema/d285f599-dc2e-4bd83f3-df21defa8821/hasCode is not a property of the vocabulary
Constraint Violation in UndeclaredProperty:
	Severity: sh:Violation
	Focus Node: http://example.org/data/Heart_rate_8867-4_20241127T154723
	Message: https://w3id.org/shexmap/resource/ontology-schema/d285f599-dc2e-4bd83f3-df21defa8821/hasMeasuredDate is not a property of the vocabulary
Constraint Violation in UndeclaredProperty:
	Severity: sh:Violation
	Focus Node: http://example.org/data/Heart_rate_8867-4_20241127T154723
	Message: https://w3id.org/shexmap/resource/ontology-schema/d285f599-dc2e-4bd83f3-df21defa8821/hasQuantityValue is not a property of the vocabulary
Constraint Violation in UndeclaredProperty:
	Severity: sh:Violation
	Focus Node: http://example.org/data/Heart_rate_8867-4_20241127T154723
	Message: https://w3id.org/shexmap/resource/ontology-schema/d285f599-dc2e-4bd83f3-df21defa8821/hasUnit is not a property of the vocabulary
Constraint Violation in UndeclaredProperty:
	Severity: sh:Violation
	Focus Node: http://example.org/data/Hemoglobin_A1c_4548-4_20241127T154723
	Message: https://w3id.org/shexmap/resource/ontology-schema/d285f599-dc2e-4bd8-83f3-df21defa8821/hasCode is not a property of the vocabulary
Constraint Violation in UndeclaredProperty:
	Severity: sh:Violation
	Focus Node: http://example.org/data/Hemoglobin_A1c_4548-4_20241127T154723
	Message: https://w3id.org/shexmap/resource/ontology-schema/d285f599-dc2e-4bd8-83f3-df21defa8821/hasMeasuredDate is not a property of the vocabulary
Constraint Violation in UndeclaredProperty:
	Severity: sh:Violation
	Focus Node: http://example.org/data/Hemoglobin_A1c_4548-4_20241127T154723
	Message: https://w3id.org/shexmap/resource/ontology-schema/d285f599-dc2e-4bd8-83f3-df21defa8821/hasQuantityValue is not a property of the vocabulary
Constraint Violation in UndeclaredProperty:
	Severity: sh:Violation
	Focus Node: http://example.org/data/Hemoglobin_A1c_4548-4_20241127T154723
	Message: https://w3id.org/shexmap/resource/ontology-schema/d285f599-dc2e-4bd8-83f3-df21defa8821/hasUnit is not a property of the vocabulary
Constraint Violation in UndeclaredProperty:
	Severity: sh:Violation
	Focus Node: http://example.org/data/Hemoglobin_A1c_4548-4_20241127T154723
	Message: https://w3id.org/shexmap/resource/ontology-schema/d285f599-dc2e-4bd83f3-df21defa8821/hasCode is not a property of the vocabulary
Constraint Violation in UndeclaredProperty:
	Severity: sh:Violation
	Focus Node: http://example.org/data/Hemoglobin_A1c_4548-4_20241127T154723
	Message: https://w3id.org/shexmap/resource/ontology-schema/d285f599-dc2e-4bd83f3-df21defa8821/hasMeasuredDate is not a property of the vocabulary
Constraint Violation in UndeclaredProperty:
	Severity: sh:Violation
	Focus Node: http://example.org/data/Hemoglobin_A1c_4548-4_20241127T154723
	Message: https://w3id.org/shexmap/resource/ontology-schema/d285f599-dc2e-4bd83f3-df21defa8821/hasQuantityValue is not a property of the vocabulary
Constraint Violation in UndeclaredProperty:
	Severity: sh:Violation
	Focus Node: http://example.org/data/Hemoglobin_A1c_4548-4_20241127T154723
	Message: https://w3id.org/shexmap/resource/ontology-schema/d285f599-dc2e-4bd83f3-df21defa8821/hasUnit is not a property of the vocabulary
Constraint Violation in UndeclaredProperty:
	Severity: sh:Violation
	Focus Node: http://example.org/data/Ketones_5797-6_20241127T154723
	Message: https://w3id.org/shexmap/resource/ontology-schema/d285f599-dc2e-4bd8-83f3-df21defa8821/hasCode is not a property of the vocabulary
Constraint Violation in UndeclaredProperty:
	Severity: sh:Violation
	Focus Node: http://example.org/data/Ketones_5797-6_20241127T154723
	Message: https://w3id.org/shexmap/resource/ontology-schema/d285f599-dc2e-4bd8-83f3-df21defa8821/hasMeasuredDate is not a property of the vocabulary
Constraint Violation in UndeclaredProperty:
	Severity: sh:Violation
	Focus Node: http://example.org/data/Ketones_5797-6_20241127T154723
	Message: https://w3id.org/shexmap/resource/ontology-schema/d285f599-dc2e-4bd8-83f3-df21defa8821/hasQuantityValue is not a property of the vocabulary
Constraint Violation in UndeclaredProperty:
	Severity: sh:Violation
	Focus Node: http://example.org/data/Ketones_5797-6_20241127T154723
	Message: https://w3id.org/shexmap/resource/ontology-schema/d285f599-dc2e-4bd8-83f3-df21defa8821/hasUnit is not a property of the vocabulary
Constraint Violation in UndeclaredProperty:
	Severity: sh:Violation
	Focus Node: http://example.org/data/Ketones_5797-6_20241127T154723
	Message: https://w3id.org/shexmap/resource/ontology-schema/d285f599-dc2e-4bd83f3-df21defa8821/hasCode is not a property of the vocabulary
Constraint Violation in UndeclaredProperty:
	Severity: sh:Violation
	Focus Node: http://example.org/data/Ketones_5797-6_20241127T154723
	Message: https://w3id.org/shexmap/resource/ontology-schema/d285f599-dc2e-4bd83f3-df21defa8821/hasMeasuredDate is not a property of the vocabulary
Constraint Violation in UndeclaredProperty:
	Severity: sh:Violation
	Focus Node: http://example.org/data/Ketones_5797-6_20241127T154723
	Message: https://w3id.org/shexmap/resource/ontology-schema/d285f599-dc2e-4bd83f3-df21defa8821/hasQuantityValue is not a property of the vocabulary
Constraint Violation in UndeclaredProperty:
	Severity: sh:Violation
	Focus Node: http://example.org/data/Ketones_5797-6_20241127T154723
	Message: https://w3id.org/shexmap/resource/ontology-schema/d285f599-dc2e-4bd83f3-df21defa8821/hasUnit is not a property of the vocabulary
Constraint Violation in UndeclaredProperty:
	Severity: sh:Violation
	Focus Node: http://example.org/data/Microalbumin_Creatinine_14959-1_20241127T154723
	Message: https://w3id.org/shexmap/resource/ontology-schema/d285f599-dc2e-4bd8-83f3-df21defa8821/hasCode is not a property of the vocabulary
Constraint Violation in UndeclaredProperty:
	Severity: sh:Violation
	Focus Node: http://example.org/data/Microalbumin_Creatinine_14959-1_20241127T154723
	Message: https://w3id.org/shexmap/resource/ontology-schema/d285f599-dc2e-4bd8-83f3-df21defa8821/hasMeasuredDate is not a property of the vocabulary
Constraint Violation in UndeclaredProperty:
	Severity: sh:Violation
	Focus Node: http://example.org/data/Microalbumin_Creatinine_14959-1_20241127T154723
	Message: https://w3id.org/shexmap/resource/ontology-schema/d285f599-dc2e-4bd8-83f3-df21defa8821/hasQuantityValue is not a property of the vocabulary
Constraint Violation in UndeclaredProperty:
	Severity: sh:Violation
	Focus Node: http://example.org/data/Microalbumin_Creatinine_14959-1_20241127T154723
	Message: https://w3id.org/shexmap/resource/ontology-schema/d285f599-dc2e-4bd8-83f3-df21defa8821/hasUnit is not a property of the vocabulary
Constraint Violation in UndeclaredProperty:
	Severity: sh:Violation
	Focus Node: http://example.org/data/Microalbumin_Creatinine_14959-1_20241127T154723
	Message: https://w3id.org/shexmap/resource/ontology-schema/d285f599-dc2e-4bd83f3-df21defa8821/hasCode is not a property of the vocabulary
Constraint Violation in UndeclaredProperty:
	Severity: sh:Violation
	Focus Node: http://example.org/data/Microalbumin_Creatinine_14959-1_20241127T154723
	Message: https://w3id.org/shexmap/resource/ontology-schema/d285f599-dc2e-4bd83f3-df21defa8821/hasMeasuredDate is not a property of the vocabulary
Constraint Violation in UndeclaredProperty:
	Severity: sh:Violation
	Focus Node: http://example.org/data/Microalbumin_Creatinine_14959-1_20241127T154723
	Message: https://w3id.org/shexmap/resource/ontology-schema/d285f599-dc2e-4bd83f3-df21defa8821/hasQuantityValue is not a property of the vocabulary
Constraint Violation in UndeclaredProperty:
	Severity: sh:Violation
	Focus Node: http://example.org/data/Microalbumin_Creatinine_14959-1_20241127T154723
	Message: https://w3id.org/shexmap/resource/ontology-schema/d285f599-dc2e-4bd83f3-df21defa8821/hasUnit is not a property of the vocabulary
Constraint Violation in UndeclaredProperty:
	Severity: sh:Violation
	Focus Node: http://example.org/data/Pain_severity_72514-3_20241127T154723
	Message: https://w3id.org/shexmap/resource/ontology-schema/d285f599-dc2e-4bd8-83f3-df21defa8821/hasCode is not a property of the vocabulary
Constraint Violation in UndeclaredProperty:
	Severity: sh:Violation
	Focus Node: http://example.org/data/Pain_severity_72514-3_20241127T154723
	Message: https://w3id.org/shexmap/resource/ontology-schema/d285f599-dc2e-4bd8-83f3-df21defa8821/hasMeasuredDate is not a property of the vocabulary
Constraint Violation in UndeclaredProperty:
	Severity: sh:Violation
	Focus Node: http://example.org/data/Pain_severity_72514-3_20241127T154723
	Message: https://w3id.org/shexmap/resource/ontology-schema/d285f599-dc2e-4bd8-83f3-df21defa8821/hasQuantityValue is not a property of the vocabulary
Constraint Violation in UndeclaredProperty:
	Severity: sh:Violation
	Focus Node: http://example.org/data/Pain_severity_72514-3_20241127T154723
	Message: https://w3id.org/shexmap/resource/ontology-schema/d285f599-dc2e-4bd8-83f3-df21defa8821/hasUnit is not a property of the vocabulary
Constraint Violation in UndeclaredProperty:
	Severity: sh:Violation
	Focus Node: http://example.org/data/Pain_severity_72514-3_20241127T154723
	Message: https://w3id.org/shexmap/resource/ontology-schema/d285f599-dc2e-4bd83f3-df21defa8821/hasCode is not a property of the vocabulary
Constraint Violation in UndeclaredProperty:
	Severity: sh:Violation
	Focus Node: http://example.org/data/Pain_severity_72514-3_20241127T154723
	Message: https://w3id.org/shexmap/resource/ontology-schema/d285f599-dc2e-4bd83f3-df21defa8821/hasMeasuredDate is not a property of the vocabulary
Constraint Violation in UndeclaredProperty:
	Severity: sh:Violation
	Focus Node: http://example.org/data/Pain_severity_72514-3_20241127T154723
	Message: https://w3id.org/shexmap/resource/ontology-schema/d285f599-dc2e-4bd83f3-df21defa8821/hasQuantityValue is not a property of the vocabulary
Constraint Violation in UndeclaredProperty:
	Severity: sh:Violation
	Focus Node: http://example.org/data/Pain_severity_72514-3_20241127T154723
	Message: https://w3id.org/shexmap/resource/ontology-schema/d285f599-dc2e-4bd83f3-df21defa8821/hasUnit is not a property of the vocabulary
Constraint Violation in UndeclaredProperty:
	Severity: sh:Violation
	Focus Node: http://example.org/data/Potassium_2823-3_20241127T154723
	Message: https://w3id.org/shexmap/resource/ontology-schema/d285f599-dc2e-4bd8-83f3-df21defa8821/hasCode is not a property of the vocabulary
Constraint Violation in UndeclaredProperty:
	Severity: sh:Violation
	Focus Node: http://example.org/data/Potassium_2823-3_20241127T154723
	Message: https://w3id.org/shexmap/resource/ontology-schema/d285f599-dc2e-4bd8-83f3-df21defa8821/hasMeasuredDate is not a property of the vocabulary
Constraint Violation in UndeclaredProperty:
	Severity: sh:Violation
	Focus Node: http://example.org/data/Potassium_2823-3_20241127T154723
	Message: https://w3id.org/shexmap/resource/ontology-schema/d285f599-dc2e-4bd8-83f3-df21defa8821/hasQuantityValue is not a property of the vocabulary
Constraint Violation in UndeclaredProperty:
	Severity: sh:Violation
	Focus Node: http://example.org/data/Potassium_2823-3_20241127T154723
	Message: https://w3id.org/shexmap/resource/ontology-schema/d285f599-dc2e-4bd8-83f3-df21defa8821/hasUnit is not a property of the vocabulary
Constraint Violation in UndeclaredProperty:
	Severity: sh:Violation
	Focus Node: http://example.org/data/Potassium_2823-3_20241127T154723
	Message: https://w3id.org/shexmap/resource/ontology-schema/d285f599-dc2e-4bd83f3-df21defa8821/hasCode is not a property of the vocabulary
Constraint Violation in UndeclaredProperty:
	Severity: sh:Violation
	Focus Node: http://example.org/data/Potassium_2823-3_20241127T154723
	Message: https://w3id.org/shexmap/resource/ontology-schema/d285f599-dc2e-4bd83f3-df21defa8821/hasMeasuredDate is not a property of the vocabulary
Constraint Violation in UndeclaredProperty:
	Severity: sh:Violation
	Focus Node: http://example.org/data/Potassium_2823-3_20241127T154723
	Message: https://w3id.org/shexmap/resource/ontology-schema/d285f599-dc2e-4bd83f3-df21defa8821/hasQuantityValue is not a property of the vocabulary
Constraint Violation in UndeclaredProperty:
	Severity: sh:Violation
	Focus Node: http://example.org/data/Potassium_2823-3_20241127T154723
	Message: https://w3id.org/shexmap/resource/ontology-schema/d285f599-dc2e-4bd83f3-df21defa8821/hasUnit is not a property of the vocabulary
Constraint Violation in UndeclaredProperty:
	Severity: sh:Violation
	Focus Node: http://example.org/data/Potassium_6298-4_20241127T154723
	Message: https://w3id.org/shexmap/resource/ontology-schema/d285f599-dc2e-4bd8-83f3-df21defa8821/hasCode is not a property of the vocabulary
Constraint Violation in UndeclaredProperty:
	Severity: sh:Violation
	Focus Node: http://example.org/data/Potassium_6298-4_20241127T154723
	Message: https://w3id.org/shexmap/resource/ontology-schema/d285f599-dc2e-4bd8-83f3-df21defa8821/hasMeasuredDate is not a property of the vocabulary
Constraint Violation in UndeclaredProperty:
	Severity: sh:Violation
	Focus Node: http://example.org/data/Potassium_6298-4_20241127T154723
	Message: https://w3id.org/shexmap/resource/ontology-schema/d285f599-dc2e-4bd8-83f3-df21defa8821/hasQuantityValue is not a property of the vocabulary
Constraint Violation in UndeclaredProperty:
	Severity: sh:Violation
	Focus Node: http://example.org/data/Potassium_6298-4_20241127T154723
	Message: https://w3id.org/shexmap/resource/ontology-schema/d285f599-dc2e-4bd8-83f3-df21defa8821/hasUnit is not a property of the vocabulary
Constraint Violation in UndeclaredProperty:
	Severity: sh:Violation
	Focus Node: http://example.org/data/Potassium_6298-4_20241127T154723
	Message: https://w3id.org/shexmap/resource/ontology-schema/d285f599-dc2e-4bd83f3-df21defa8821/hasCode is not a property of the vocabulary
Constraint Violation in UndeclaredProperty:
	Severity: sh:Violation
	Focus Node: http://example.org/data/Potassium_6298-4_20241127T154723
	Message: https://w3id.org/shexmap/resource/ontology-schema/d285f599-dc2e-4bd83f3-df21defa8821/hasMeasuredDate is not a property of the vocabulary
Constraint Violation in UndeclaredProperty:
	Severity: sh:Violation
	Focus Node: http://example.org/data/Potassium_6298-4_20241127T154723
	Message: https://w3id.org/shexmap/resource/ontology-schema/d285f599-dc2e-4bd83f3-df21defa8821/hasQuantityValue is not a property of the vocabulary
Constraint Violation in UndeclaredProperty:
	Severity: sh:Violation
	Focus Node: http://example.org/data/Potassium_6298-4_20241127T154723
	Message: https://w3id.org/shexmap/resource/ontology-schema/d285f599-dc2e-4bd83f3-df21defa8821/hasUnit is not a property of the vocabulary
Constraint Violation in UndeclaredProperty:
	Severity: sh:Violation
	Focus Node: http://example.org/data/Protein_5804-0_20241127T154723
	Message: https://w3id.org/shexmap/resource/ontology-schema/d285f599-dc2e-4bd8-83f3-df21defa8821/hasCode is not a property of the vocabulary
Constraint Violation in UndeclaredProperty:
	Severity: sh:Violation
	Focus Node: http://example.org/data/Protein_5804-0_20241127T154723
	Message: https://w3id.org/shexmap/resource/ontology-schema/d285f599-dc2e-4bd8-83f3-df21defa8821/hasMeasuredDate is not a property of the vocabulary
Constraint Violation in UndeclaredProperty:
	Severity: sh:Violation
	Focus Node: http://example.org/data/Protein_5804-0_20241127T154723
	Message: https://w3id.org/shexmap/resource/ontology-schema/d285f599-dc2e-4bd8-83f3-df21defa8821/hasQuantityValue is not a property of the vocabulary
Constraint Violation in UndeclaredProperty:
	Severity: sh:Violation
	Focus Node: http://example.org/data/Protein_5804-0_20241127T154723
	Message: https://w3id.org/shexmap/resource/ontology-schema/d285f599-dc2e-4bd8-83f3-df21defa8821/hasUnit is not a property of the vocabulary
Constraint Violation in UndeclaredProperty:
	Severity: sh:Violation
	Focus Node: http://example.org/data/Protein_5804-0_20241127T154723
	Message: https://w3id.org/shexmap/resource/ontology-schema/d285f599-dc2e-4bd83f3-df21defa8821/hasCode is not a property of the vocabulary
Constraint Violation in UndeclaredProperty:
	Severity: sh:Violation
	Focus Node: http://example.org/data/Protein_5804-0_20241127T154723
	Message: https://w3id.org/shexmap/resource/ontology-schema/d285f599-dc2e-4bd83f3-df21defa8821/hasMeasuredDate is not a property of the vocabulary
Constraint Violation in UndeclaredProperty:
	Severity: sh:Violation
	Focus Node: http://example.org/data/Protein_5804-0_20241127T154723
	Message: https://w3id.org/shexmap/resource/ontology-schema/d285f599-dc2e-4bd83f3-df21defa8821/hasQuantityValue is not a property of the vocabulary
Constraint Violation in UndeclaredProperty:
	Severity: sh:Violation
	Focus Node: http://example.org/data/Protein_5804-0_20241127T154723
	Message: https://w3id.org/shexmap/resource/ontology-schema/d285f599-dc2e-4bd83f3-df21defa8821/hasUnit is not a property of the vocabulary
Constraint Violation in UndeclaredProperty:
	Severity: sh:Violation
	Focus Node: http://example.org/data/Reports_of_violence_in_the_environment_finding_20241127T162132
	Message: https://w3id.org/shexmap/resource/ontology-schema/d285f599-dc2e-4bd8-83f3-df21defa8821/hasCode is not a property of the vocabulary
Constraint Violation in UndeclaredProperty:
	Severity: sh:Violation
	Focus Node: http://example.org/data/Reports_of_violence_in_the_environment_finding_20241127T162132
	Message: https://w3id.org/shexmap/resource/ontology-schema/d285f599-dc2e-4bd8-83f3-df21defa8821/hasRecordDate is not a property of the vocabulary
Constraint Violation in UndeclaredProperty:
	Severity: sh:Violation
	Focus Node: http://example.org/data/Respiratory_rate_9279-1_20241127T154723
	Message: https://w3id.org/shexmap/resource/ontology-schema/d285f599-dc2e-4bd8-83f3-df21defa8821/hasCode is not a property of the vocabulary
Constraint Violation in UndeclaredProperty:
	Severity: sh:Violation
	Focus Node: http://example.org/data/Respiratory_rate_9279-1_20241127T154723
	Message: https://w3id.org/shexmap/resource/ontology-schema/d285f599-dc2e-4bd8-83f3-df21defa8821/hasMeasuredDate is not a property of the vocabulary
Constraint Violation in UndeclaredProperty:
	Severity: sh:Violation
	Focus Node: http://example.org/data/Respiratory_rate_9279-1_20241127T154723
	Message: https://w3id.org/shexmap/resource/ontology-schema/d285f599-dc2e-4bd8-83f3-df21defa8821/hasQuantityValue is not a property of the vocabulary
Constraint Violation in UndeclaredProperty:
	Severity: sh:Violation
	Focus Node: http://example.org/data/Respiratory_rate_9279-1_20241127T154723
	Message: https://w3id.org/shexmap/resource/ontology-schema/d285f599-dc2e-4bd8-83f3-df21defa8821/hasUnit is not a property of the vocabulary
Constraint Violation in UndeclaredProperty:
	Severity: sh:Violation
	Focus Node: http://example.org/data/Respiratory_rate_9279-1_20241127T154723
	Message: https://w3id.org/shexmap/resource/ontology-schema/d285f599-dc2e-4bd83f3-df21defa8821/hasCode is not a property of the vocabulary
Constraint Violation in UndeclaredProperty:
	Severity: sh:Violation
	Focus Node: http://example.org/data/Respiratory_rate_9279-1_20241127T154723
	Message: https://w3id.org/shexmap/resource/ontology-schema/d285f599-dc2e-4bd83f3-df21defa8821/hasMeasuredDate is not a property of the vocabulary
Constraint Violation in UndeclaredProperty:
	Severity: sh:Violation
	Focus Node: http://example.org/data/Respiratory_rate_9279-1_20241127T154723
	Message: https://w3id.org/shexmap/resource/ontology-schema/d285f599-dc2e-4bd83f3-df21defa8821/hasQuantityValue is not a property of the vocabulary
Constraint Violation in UndeclaredProperty:
	Severity: sh:Violation
	Focus Node: http://example.org/data/Respiratory_rate_9279-1_20241127T154723
	Message: https://w3id.org/shexmap/resource/ontology-schema/d285f599-dc2e-4bd83f3-df21defa8821/hasUnit is not a property of the vocabulary
Constraint Violation in UndeclaredProperty:
	Severity: sh:Violation
	Focus Node: http://example.org/data/Sodium_2947-0_20241127T154723
	Message: https://w3id.org/shexmap/resource/ontology-schema/d285f599-dc2e-4bd8-83f3-df21defa8821/hasCode is not a property of the vocabulary
Constraint Violation in UndeclaredProperty:
	Severity: sh:Violation
	Focus Node: http://example.org/data/Sodium_2947-0_20241127T154723
	Message: https://w3id.org/shexmap/resource/ontology-schema/d285f599-dc2e-4bd8-83f3-df21defa8821/hasMeasuredDate is not a property of the vocabulary
Constraint Violation in UndeclaredProperty:
	Severity: sh:Violation
	Focus Node: http://example.org/data/Sodium_2947-0_20241127T154723
	Message: https://w3id.org/shexmap/resource/ontology-schema/d285f599-dc2e-4bd8-83f3-df21defa8821/hasQuantityValue is not a property of the vocabulary
Constraint Violation in UndeclaredProperty:
	Severity: sh:Violation
	Focus Node: http://example.org/data/Sodium_2947-0_20241127T154723
	Message: https://w3id.org/shexmap/resource/ontology-schema/d285f599-dc2e-4bd8-83f3-df21defa8821/hasUnit is not a property of the vocabulary
Constraint Violation in UndeclaredProperty:
	Severity: sh:Violation
	Focus Node: http://example.org/data/Sodium_2947-0_20241127T154723
	Message: https://w3id.org/shexmap/resource/ontology-schema/d285f599-dc2e-4bd83f3-df21defa8821/hasCode is not a property of the vocabulary
Constraint Violation in UndeclaredProperty:
	Severity: sh:Violation
	Focus Node: http://example.org/data/Sodium_2947-0_20241127T154723
	Message: https://w3id.org/shexmap/resource/ontology-schema/d285f599-dc2e-4bd83f3-df21defa8821/hasMeasuredDate is not a property of the vocabulary
Constraint Violation in UndeclaredProperty:
	Severity: sh:Violation
	Focus Node: http://example.org/data/Sodium_2947-0_20241127T154723
	Message: https://w3id.org/shexmap/resource/ontology-schema/d285f599-dc2e-4bd83f3-df21defa8821/hasQuantityValue is not a property of the vocabulary
Constraint Violation in UndeclaredProperty:
	Severity: sh:Violation
	Focus Node: http://example.org/data/Sodium_2947-0_20241127T154723
	Message: https://w3id.org/shexmap/resource/ontology-schema/d285f599-dc2e-4bd83f3-df21defa8821/hasUnit is not a property of the vocabulary
Constraint Violation in UndeclaredProperty:
	Severity: sh:Violation
	Focus Node: http://example.org/data/Sodium_2951-2_20241127T154723
	Message: https://w3id.org/shexmap/resource/ontology-schema/d285f599-dc2e-4bd8-83f3-df21defa8821/hasCode is not a property of the vocabulary
Constraint Violation in UndeclaredProperty:
	Severity: sh:Violation
	Focus Node: http://example.org/data/Sodium_2951-2_20241127T154723
	Message: https://w3id.org/shexmap/resource/ontology-schema/d285f599-dc2e-4bd8-83f3-df21defa8821/hasMeasuredDate is not a property of the vocabulary
Constraint Violation in UndeclaredProperty:
	Severity: sh:Violation
	Focus Node: http://example.org/data/Sodium_2951-2_20241127T154723
	Message: https://w3id.org/shexmap/resource/ontology-schema/d285f599-dc2e-4bd8-83f3-df21defa8821/hasQuantityValue is not a property of the vocabulary
Constraint Violation in UndeclaredProperty:
	Severity: sh:Violation
	Focus Node: http://example.org/data/Sodium_2951-2_20241127T154723
	Message: https://w3id.org/shexmap/resource/ontology-schema/d285f599-dc2e-4bd8-83f3-df21defa8821/hasUnit is not a property of the vocabulary
Constraint Violation in UndeclaredProperty:
	Severity: sh:Violation
	Focus Node: http://example.org/data/Sodium_2951-2_20241127T154723
	Message: https://w3id.org/shexmap/resource/ontology-schema/d285f599-dc2e-4bd83f3-df21defa8821/hasCode is not a property of the vocabulary
Constraint Violation in UndeclaredProperty:
	Severity: sh:Violation
	Focus Node: http://example.org/data/Sodium_2951-2_20241127T154723
	Message: https://w3id.org/shexmap/resource/ontology-schema/d285f599-dc2e-4bd83f3-df21defa8821/hasMeasuredDate is not a property of the vocabulary
Constraint Violation in UndeclaredProperty:
	Severity: sh:Violation
	Focus Node: http://example.org/data/Sodium_2951-2_20241127T154723
	Message: https://w3id.org/shexmap/resource/ontology-schema/d285f599-dc2e-4bd83f3-df21defa8821/hasQuantityValue is not a property of the vocabulary
Constraint Violation in UndeclaredProperty:
	Severity: sh:Violation
	Focus Node: http://example.org/data/Sodium_2951-2_20241127T154723
	Message: https://w3id.org/shexmap/resource/ontology-schema/d285f599-dc2e-4bd83f3-df21defa8821/hasUnit is not a property of the vocabulary
Constraint Violation in UndeclaredProperty:
	Severity: sh:Violation
	Focus Node: http://example.org/data/Specific_gravity_5811-5_20241127T154723
	Message: https://w3id.org/shexmap/resource/ontology-schema/d285f599-dc2e-4bd8-83f3-df21defa8821/hasCode is not a property of the vocabulary
Constraint Violation in UndeclaredProperty:
	Severity: sh:Violation
	Focus Node: http://example.org/data/Specific_gravity_5811-5_20241127T154723
	Message: https://w3id.org/shexmap/resource/ontology-schema/d285f599-dc2e-4bd8-83f3-df21defa8821/hasMeasuredDate is not a property of the vocabulary
Constraint Violation in UndeclaredProperty:
	Severity: sh:Violation
	Focus Node: http://example.org/data/Specific_gravity_5811-5_20241127T154723
	Message: https://w3id.org/shexmap/resource/ontology-schema/d285f599-dc2e-4bd8-83f3-df21defa8821/hasQuantityValue is not a property of the vocabulary
Constraint Violation in UndeclaredProperty:
	Severity: sh:Violation
	Focus Node: http://example.org/data/Specific_gravity_5811-5_20241127T154723
	Message: https://w3id.org/shexmap/resource/ontology-schema/d285f599-dc2e-4bd8-83f3-df21defa8821/hasUnit is not a property of the vocabulary
Constraint Violation in UndeclaredProperty:
	Severity: sh:Violation
	Focus Node: http://example.org/data/Specific_gravity_5811-5_20241127T154723
	Message: https://w3id.org/shexmap/resource/ontology-schema/d285f599-dc2e-4bd83f3-df21defa8821/hasCode is not a property of the vocabulary
Constraint Violation in UndeclaredProperty:
	Severity: sh:Violation
	Focus Node: http://example.org/data/Specific_gravity_5811-5_20241127T154723
	Message: https://w3id.org/shexmap/resource/ontology-schema/d285f599-dc2e-4bd83f3-df21defa8821/hasMeasuredDate is not a property of the vocabulary
Constraint Violation in UndeclaredProperty:
	Severity: sh:Violation
	Focus Node: http://example.org/data/Specific_gravity_5811-5_20241127T154723
	Message: https://w3id.org/shexmap/resource/ontology-schema/d285f599-dc2e-4bd83f3-df21defa8821/hasQuantityValue is not a property of the vocabulary
Constraint Violation in UndeclaredProperty:
	Severity: sh:Violation
	Focus Node: http://example.org/data/Specific_gravity_5811-5_20241127T154723
	Message: https://w3id.org/shexmap/resource/ontology-schema/d285f599-dc2e-4bd83f3-df21defa8821/hasUnit is not a property of the vocabulary
Constraint Violation in UndeclaredProperty:
	Severity: sh:Violation
	Focus Node: http://example.org/data/Total_score_AUDIT-C_75626-2_20241127T175130
	Message: https://w3id.org/shexmap/resource/ontology-schema/d285f599-dc2e-4bd8-83f3-df21defa8821/hasCode is not a property of the vocabulary
Constraint Violation in UndeclaredProperty:
	Severity: sh:Violation
	Focus Node: http://example.org/data/Total_score_AUDIT-C_75626-2_20241127T175130
	Message: https://w3id.org/shexmap/resource/ontology-schema/d285f599-dc2e-4bd8-83f3-df21defa8821/hasMeasuredDate is not a property of the vocabulary
Constraint Violation in UndeclaredProperty:
	Severity: sh:Violation
	Focus Node: http://example.org/data/Total_score_AUDIT-C_75626-2_20241127T175130
	Message: https://w3id.org/shexmap/resource/ontology-schema/d285f599-dc2e-4bd8-83f3-df21defa8821/hasQuantityValue is not a property of the vocabulary
Constraint Violation in UndeclaredProperty:
	Severity: sh:Violation
	Focus Node: http://example.org/data/Total_score_AUDIT-C_75626-2_20241127T175130
	Message: https://w3id.org/shexmap/resource/ontology-schema/d285f599-dc2e-4bd8-83f3-df21defa8821/hasUnit is not a property of the vocabulary
Constraint Violation in UndeclaredProperty:
	Severity: sh:Violation
	Focus Node: http://example.org/data/Total_score_AUDIT-C_75626-2_20241127T175130
	Message: https://w3id.org/shexmap/resource/ontology-schema/d285f599-dc2e-4bd83f3-df21defa8821/hasCode is not a property of the vocabulary
Constraint Violation in UndeclaredProperty:
	Severity: sh:Violation
	Focus Node: http://example.org/data/Total_score_AUDIT-C_75626-2_20241127T175130
	Message: https://w3id.org/shexmap/resource/ontology-schema/d285f599-dc2e-4bd83f3-df21defa8821/hasMeasuredDate is not a property of the vocabulary
Constraint Violation in UndeclaredProperty:
	Severity: sh:Violation
	Focus Node: http://example.org/data/Total_score_AUDIT-C_75626-2_20241127T175130
	Message: https://w3id.org/shexmap/resource/ontology-schema/d285f599-dc2e-4bd83f3-df21defa8821/hasQuantityValue is not a property of the vocabulary
Constraint Violation in UndeclaredProperty:
	Severity: sh:Violation
	Focus Node: http://example.org/data/Total_score_AUDIT-C_75626-2_20241127T175130
	Message: https://w3id.org/shexmap/resource/ontology-schema/d285f599-dc2e-4bd83f3-df21defa8821/hasUnit is not a property of the vocabulary
Constraint Violation in UndeclaredProperty:
	Severity: sh:Violation
	Focus Node: http://example.org/data/Total_score_HARK_76504-0_20241127T171332
	Message: https://w3id.org/shexmap/resource/ontology-schema/d285f599-dc2e-4bd8-83f3-df21defa8821/hasCode is not a property of the vocabulary
Constraint Violation in UndeclaredProperty:
	Severity: sh:Violation
	Focus Node: http://example.org/data/Total_score_HARK_76504-0_20241127T171332
	Message: https://w3id.org/shexmap/resource/ontology-schema/d285f599-dc2e-4bd8-83f3-df21defa8821/hasMeasuredDate is not a property of the vocabulary
Constraint Violation in UndeclaredProperty:
	Severity: sh:Violation
	Focus Node: http://example.org/data/Total_score_HARK_76504-0_20241127T171332
	Message: https://w3id.org/shexmap/resource/ontology-schema/d285f599-dc2e-4bd8-83f3-df21defa8821/hasQuantityValue is not a property of the vocabulary
Constraint Violation in UndeclaredProperty:
	Severity: sh:Violation
	Focus Node: http://example.org/data/Total_score_HARK_76504-0_20241127T171332
	Message: https://w3id.org/shexmap/resource/ontology-schema/d285f599-dc2e-4bd8-83f3-df21defa8821/hasUnit is not a property of the vocabulary
Constraint Violation in UndeclaredProperty:
	Severity: sh:Violation
	Focus Node: http://example.org/data/Total_score_HARK_76504-0_20241127T171332
	Message: https://w3id.org/shexmap/resource/ontology-schema/d285f599-dc2e-4bd83f3-df21defa8821/hasCode is not a property of the vocabulary
Constraint Violation in UndeclaredProperty:
	Severity: sh:Violation
	Focus Node: http://example.org/data/Total_score_HARK_76504-0_20241127T171332
	Message: https://w3id.org/shexmap/resource/ontology-schema/d285f599-dc2e-4bd83f3-df21defa8821/hasMeasuredDate is not a property of the vocabulary
Constraint Violation in UndeclaredProperty:
	Severity: sh:Violation
	Focus Node: http://example.org/data/Total_score_HARK_76504-0_20241127T171332
	Message: https://w3id.org/shexmap/resource/ontology-schema/d285f599-dc2e-4bd83f3-df21defa8821/hasQuantityValue is not a property of the vocabulary
Constraint Violation in UndeclaredProperty:
	Severity: sh:Violation
	Focus Node: http://example.org/data/Total_score_HARK_76504-0_20241127T171332
	Message: https://w3id.org/shexmap/resource/ontology-schema/d285f599-dc2e-4bd83f3-df21defa8821/hasUnit is not a property of the vocabulary
Constraint Violation in UndeclaredProperty:
	Severity: sh:Violation
	Focus Node: http://example.org/data/Triglyceride_2571-8_20241127T154723
	Message: https://w3id.org/shexmap/resource/ontology-schema/d285f599-dc2e-4bd8-83f3-df21defa8821/hasCode is not a property of the vocabulary
Constraint Violation in UndeclaredProperty:
	Severity: sh:Violation
	Focus Node: http://example.org/data/Triglyceride_2571-8_20241127T154723
	Message: https://w3id.org/shexmap/resource/ontology-schema/d285f599-dc2e-4bd8-83f3-df21defa8821/hasMeasuredDate is not a property of the vocabulary
Constraint Violation in UndeclaredProperty:
	Severity: sh:Violation
	Focus Node: http://example.org/data/Triglyceride_2571-8_20241127T154723
	Message: https://w3id.org/shexmap/resource/ontology-schema/d285f599-dc2e-4bd8-83f3-df21defa8821/hasQuantityValue is not a property of the vocabulary
Constraint Violation in UndeclaredProperty:
	Severity: sh:Violation
	Focus Node: http://example.org/data/Triglyceride_2571-8_20241127T154723
	Message: https://w3id.org/shexmap/resource/ontology-schema/d285f599-dc2e-4bd8-83f3-df21defa8821/hasUnit is not a property of the vocabulary
Constraint Violation in UndeclaredProperty:
	Severity: sh:Violation
	Focus Node: http://example.org/data/Triglyceride_2571-8_20241127T154723
	Message: https://w3id.org/shexmap/resource/ontology-schema/d285f599-dc2e-4bd83f3-df21defa8821/hasCode is not a property of the vocabulary
Constraint Violation in UndeclaredProperty:
	Severity: sh:Violation
	Focus Node: http://example.org/data/Triglyceride_2571-8_20241127T154723
	Message: https://w3id.org/shexmap/resource/ontology-schema/d285f599-dc2e-4bd83f3-df21defa8821/hasMeasuredDate is not a property of the vocabulary
Constraint Violation in UndeclaredProperty:
	Severity: sh:Violation
	Focus Node: http://example.org/data/Triglyceride_2571-8_20241127T154723
	Message: https://w3id.org/shexmap/resource/ontology-schema/d285f599-dc2e-4bd83f3-df21defa8821/hasQuantityValue is not a property of the vocabulary
Constraint Violation in UndeclaredProperty:
	Severity: sh:Violation
	Focus Node: http://example.org/data/Triglyceride_2571-8_20241127T154723
	Message: https://w3id.org/shexmap/resource/ontology-schema/d285f599-dc2e-4bd83f3-df21defa8821/hasUnit is not a property of the vocabulary
Constraint Violation in UndeclaredProperty:
	Severity: sh:Violation
	Focus Node: http://example.org/data/Unit_cblscorecbr
	Message: https://w3id.org/shexmap/resource/ontology-schema/d285f599-dc2e-4bd83f3-df21defa8821/hasCode is not a property of the vocabulary
Constraint Violation in UndeclaredProperty:
	Severity: sh:Violation
	Focus Node: http://example.org/data/Unit_cm
	Message: https://w3id.org/shexmap/resource/ontology-schema/d285f599-dc2e-4bd83f3-df21defa8821/hasCode is not a property of the vocabulary
Constraint Violation in UndeclaredProperty:
	Severity: sh:Violation
	Focus Node: http://example.org/data/Unit_kg
	Message: https://w3id.org/shexmap/resource/ontology-schema/d285f599-dc2e-4bd83f3-df21defa8821/hasCode is not a property of the vocabulary
Constraint Violation in UndeclaredProperty:
	Severity: sh:Violation
	Focus Node: http://example.org/data/Unit_kgperm2
	Message: https://w3id.org/shexmap/resource/ontology-schema/d285f599-dc2e-4bd83f3-df21defa8821/hasCode is not a property of the vocabulary
Constraint Violation in UndeclaredProperty:
	Severity: sh:Violation
	Focus Node: http://example.org/data/Unit_mLpercblscorecbr
	Message: https://w3id.org/shexmap/resource/ontology-schema/d285f599-dc2e-4bd83f3-df21defa8821/hasCode is not a property of the vocabulary
Constraint Violation in UndeclaredProperty:
	Severity: sh:Violation
	Focus Node: http://example.org/data/Unit_mgperdL
	Message: https://w3id.org/shexmap/resource/ontology-schema/d285f599-dc2e-4bd83f3-df21defa8821/hasCode is not a property of the vocabulary
Constraint Violation in UndeclaredProperty:
	Severity: sh:Violation
	Focus Node: http://example.org/data/Unit_mgperg
	Message: https://w3id.org/shexmap/resource/ontology-schema/d285f599-dc2e-4bd83f3-df21defa8821/hasCode is not a property of the vocabulary
Constraint Violation in UndeclaredProperty:
	Severity: sh:Violation
	Focus Node: http://example.org/data/Unit_mmolperL
	Message: https://w3id.org/shexmap/resource/ontology-schema/d285f599-dc2e-4bd83f3-df21defa8821/hasCode is not a property of the vocabulary
Constraint Violation in UndeclaredProperty:
	Severity: sh:Violation
	Focus Node: http://example.org/data/Unit_nominal
	Message: https://w3id.org/shexmap/resource/ontology-schema/d285f599-dc2e-4bd83f3-df21defa8821/hasCode is not a property of the vocabulary
Constraint Violation in UndeclaredProperty:
	Severity: sh:Violation
	Focus Node: http://example.org/data/Unit_pH
	Message: https://w3id.org/shexmap/resource/ontology-schema/d285f599-dc2e-4bd83f3-df21defa8821/hasCode is not a property of the vocabulary
Constraint Violation in UndeclaredProperty:
	Severity: sh:Violation
	Focus Node: http://example.org/data/Unit_percent
	Message: https://w3id.org/shexmap/resource/ontology-schema/d285f599-dc2e-4bd83f3-df21defa8821/hasCode is not a property of the vocabulary
Constraint Violation in UndeclaredProperty:
	Severity: sh:Violation
	Focus Node: http://example.org/data/Unit_permin
	Message: https://w3id.org/shexmap/resource/ontology-schema/d285f599-dc2e-4bd83f3-df21defa8821/hasCode is not a property of the vocabulary
Constraint Violation in UndeclaredProperty:
	Severity: sh:Violation
	Focus Node: http://example.org/data/Urea_nitrogen_3094-0_20241127T154723
	Message: https://w3id.org/shexmap/resource/ontology-schema/d285f599-dc2e-4bd8-83f3-df21defa8821/hasCode is not a property of the vocabulary
Constraint Violation in UndeclaredProperty:
	Severity: sh:Violation
	Focus Node: http://example.org/data/Urea_nitrogen_3094-0_20241127T154723
	Message: https://w3id.org/shexmap/resource/ontology-schema/d285f599-dc2e-4bd8-83f3-df21defa8821/hasMeasuredDate is not a property of the vocabulary
Constraint Violation in UndeclaredProperty:
	Severity: sh:Violation
	Focus Node: http://example.org/data/Urea_nitrogen_3094-0_20241127T154723
	Message: https://w3id.org/shexmap/resource/ontology-schema/d285f599-dc2e-4bd8-83f3-df21defa8821/hasQuantityValue is not a property of the vocabulary
Constraint Violation in UndeclaredProperty:
	Severity: sh:Violation
	Focus Node: http://example.org/data/Urea_nitrogen_3094-0_20241127T154723
	Message: https://w3id.org/shexmap/resource/ontology-schema/d285f599-dc2e-4bd8-83f3-df21defa8821/hasUnit is not a property of the vocabulary
Constraint Violation in UndeclaredProperty:
	Severity: sh:Violation
	Focus Node: http://example.org/data/Urea_nitrogen_3094-0_20241127T154723
	Message: https://w3id.org/shexmap/resource/ontology-schema/d285f599-dc2e-4bd83f3-df21defa8821/hasCode is not a property of the vocabulary
Constraint Violation in UndeclaredProperty:
	Severity: sh:Violation
	Focus Node: http://example.org/data/Urea_nitrogen_3094-0_20241127T154723
	Message: https://w3id.org/shexmap/resource/ontology-schema/d285f599-dc2e-4bd83f3-df21defa8821/hasMeasuredDate is not a property of the vocabulary
Constraint Violation in UndeclaredProperty:
	Severity: sh:Violation
	Focus Node: http://example.org/data/Urea_nitrogen_3094-0_20241127T154723
	Message: https://w3id.org/shexmap/resource/ontology-schema/d285f599-dc2e-4bd83f3-df21defa8821/hasQuantityValue is not a property of the vocabulary
Constraint Violation in UndeclaredProperty:
	Severity: sh:Violation
	Focus Node: http://example.org/data/Urea_nitrogen_3094-0_20241127T154723
	Message: https://w3id.org/shexmap/resource/ontology-schema/d285f599-dc2e-4bd83f3-df21defa8821/hasUnit is not a property of the vocabulary
Constraint Violation in UndeclaredProperty:
	Severity: sh:Violation
	Focus Node: http://example.org/data/Urea_nitrogen_6299-2_20241127T154723
	Message: https://w3id.org/shexmap/resource/ontology-schema/d285f599-dc2e-4bd8-83f3-df21defa8821/hasCode is not a property of the vocabulary
Constraint Violation in UndeclaredProperty:
	Severity: sh:Violation
	Focus Node: http://example.org/data/Urea_nitrogen_6299-2_20241127T154723
	Message: https://w3id.org/shexmap/resource/ontology-schema/d285f599-dc2e-4bd8-83f3-df21defa8821/hasMeasuredDate is not a property of the vocabulary
Constraint Violation in UndeclaredProperty:
	Severity: sh:Violation
	Focus Node: http://example.org/data/Urea_nitrogen_6299-2_20241127T154723
	Message: https://w3id.org/shexmap/resource/ontology-schema/d285f599-dc2e-4bd8-83f3-df21defa8821/hasQuantityValue is not a property of the vocabulary
Constraint Violation in UndeclaredProperty:
	Severity: sh:Violation
	Focus Node: http://example.org/data/Urea_nitrogen_6299-2_20241127T154723
	Message: https://w3id.org/shexmap/resource/ontology-schema/d285f599-dc2e-4bd8-83f3-df21defa8821/hasUnit is not a property of the vocabulary
Constraint Violation in UndeclaredProperty:
	Severity: sh:Violation
	Focus Node: http://example.org/data/Urea_nitrogen_6299-2_20241127T154723
	Message: https://w3id.org/shexmap/resource/ontology-schema/d285f599-dc2e-4bd83f3-df21defa8821/hasCode is not a property of the vocabulary
Constraint Violation in UndeclaredProperty:
	Severity: sh:Violation
	Focus Node: http://example.org/data/Urea_nitrogen_6299-2_20241127T154723
	Message: https://w3id.org/shexmap/resource/ontology-schema/d285f599-dc2e-4bd83f3-df21defa8821/hasMeasuredDate is not a property of the vocabulary
Constraint Violation in UndeclaredProperty:
	Severity: sh:Violation
	Focus Node: http://example.org/data/Urea_nitrogen_6299-2_20241127T154723
	Message: https://w3id.org/shexmap/resource/ontology-schema/d285f599-dc2e-4bd83f3-df21defa8821/hasQuantityValue is not a property of the vocabulary
Constraint Violation in UndeclaredProperty:
	Severity: sh:Violation
	Focus Node: http://example.org/data/Urea_nitrogen_6299-2_20241127T154723
	Message: https://w3id.org/shexmap/resource/ontology-schema/d285f599-dc2e-4bd83f3-df21defa8821/hasUnit is not a property of the vocabulary
Constraint Violation in UndeclaredProperty:
	Severity: sh:Violation
	Focus Node: http://example.org/data/evaluation_Full-time_employment_20241127T162132
	Message: https://w3id.org/shexmap/resource/ontology-schema/d285f599-dc2e-4bd8-83f3-df21defa8821/hasCondition is not a property of the vocabulary
Constraint Violation in UndeclaredProperty:
	Severity: sh:Violation
	Focus Node: http://example.org/data/evaluation_Full-time_employment_20241127T162132
	Message: https://w3id.org/shexmap/resource/ontology-schema/d285f599-dc2e-4bd8-83f3-df21defa8821/hasObservation is not a property of the vocabulary
Constraint Violation in UndeclaredProperty:
	Severity: sh:Violation
	Focus Node: http://example.org/data/evaluation_Full-time_employment_20241127T162132
	Message: https://w3id.org/shexmap/resource/ontology-schema/d285f599-dc2e-4bd8-83f3-df21defa8821/hasPatient is not a property of the vocabulary
Constraint Violation in UndeclaredProperty:
	Severity: sh:Violation
	Focus Node: http://example.org/data/evaluation_Full-time_employment_20241127T162132
	Message: https://w3id.org/shexmap/resource/ontology-schema/d285f599-dc2e-4bd8-83f3-df21defa8821/hasPerformedDate is not a property of the vocabulary
Constraint Violation in UndeclaredProperty:
	Severity: sh:Violation
	Focus Node: http://example.org/data/evaluation_Full-time_employment_20241127T162132
	Message: https://w3id.org/shexmap/resource/ontology-schema/d285f599-dc2e-4bd8-83f3-df21defa8821/hasPerformer is not a property of the vocabulary
Constraint Violation in UndeclaredProperty:
	Severity: sh:Violation
	Focus Node: http://example.org/data/evaluation_Gingivitis_20241127T175130
	Message: https://w3id.org/shexmap/resource/ontology-schema/d285f599-dc2e-4bd8-83f3-df21defa8821/hasCondition is not a property of the vocabulary
Constraint Violation in UndeclaredProperty:
	Severity: sh:Violation
	Focus Node: http://example.org/data/evaluation_Gingivitis_20241127T175130
	Message: https://w3id.org/shexmap/resource/ontology-schema/d285f599-dc2e-4bd8-83f3-df21defa8821/hasObservation is not a property of the vocabulary
Constraint Violation in UndeclaredProperty:
	Severity: sh:Violation
	Focus Node: http://example.org/data/evaluation_Gingivitis_20241127T175130
	Message: https://w3id.org/shexmap/resource/ontology-schema/d285f599-dc2e-4bd8-83f3-df21defa8821/hasPatient is not a property of the vocabulary
Constraint Violation in UndeclaredProperty:
	Severity: sh:Violation
	Focus Node: http://example.org/data/evaluation_Gingivitis_20241127T175130
	Message: https://w3id.org/shexmap/resource/ontology-schema/d285f599-dc2e-4bd8-83f3-df21defa8821/hasPerformedDate is not a property of the vocabulary
Constraint Violation in UndeclaredProperty:
	Severity: sh:Violation
	Focus Node: http://example.org/data/evaluation_Gingivitis_20241127T175130
	Message: https://w3id.org/shexmap/resource/ontology-schema/d285f599-dc2e-4bd8-83f3-df21defa8821/hasPerformer is not a property of the vocabulary
Constraint Violation in UndeclaredProperty:
	Severity: sh:Violation
	Focus Node: http://example.org/data/evaluation_Reports_of_violence_20241127T162132
	Message: https://w3id.org/shexmap/resource/ontology-schema/d285f599-dc2e-4bd8-83f3-df21defa8821/hasCondition is not a property of the vocabulary
Constraint Violation in UndeclaredProperty:
	Severity: sh:Violation
	Focus Node: http://example.org/data/evaluation_Reports_of_violence_20241127T162132
	Message: https://w3id.org/shexmap/resource/ontology-schema/d285f599-dc2e-4bd8-83f3-df21defa8821/hasObservation is not a property of the vocabulary
Constraint Violation in UndeclaredProperty:
	Severity: sh:Violation
	Focus Node: http://example.org/data/evaluation_Reports_of_violence_20241127T162132
	Message: https://w3id.org/shexmap/resource/ontology-schema/d285f599-dc2e-4bd8-83f3-df21defa8821/hasPatient is not a property of the vocabulary
Constraint Violation in UndeclaredProperty:
	Severity: sh:Violation
	Focus Node: http://example.org/data/evaluation_Reports_of_violence_20241127T162132
	Message: https://w3id.org/shexmap/resource/ontology-schema/d285f599-dc2e-4bd8-83f3-df21defa8821/hasPerformedDate is not a property of the vocabulary
Constraint Violation in UndeclaredProperty:
	Severity: sh:Violation
	Focus Node: http://example.org/data/evaluation_Reports_of_violence_20241127T162132
	Message: https://w3id.org/shexmap/resource/ontology-schema/d285f599-dc2e-4bd8-83f3-df21defa8821/hasPerformer is not a property of the vocabulary
Constraint Violation in UndeclaredProperty:
	Severity: sh:Violation
	Focus Node: http://example.org/data/pH_5803-2_20241127T154723
	Message: https://w3id.org/shexmap/resource/ontology-schema/d285f599-dc2e-4bd8-83f3-df21defa8821/hasCode is not a property of the vocabulary
Constraint Violation in UndeclaredProperty:
	Severity: sh:Violation
	Focus Node: http://example.org/data/pH_5803-2_20241127T154723
	Message: https://w3id.org/shexmap/resource/ontology-schema/d285f599-dc2e-4bd8-83f3-df21defa8821/hasMeasuredDate is not a property of the vocabulary
Constraint Violation in UndeclaredProperty:
	Severity: sh:Violation
	Focus Node: http://example.org/data/pH_5803-2_20241127T154723
	Message: https://w3id.org/shexmap/resource/ontology-schema/d285f599-dc2e-4bd8-83f3-df21defa8821/hasQuantityValue is not a property of the vocabulary
Constraint Violation in UndeclaredProperty:
	Severity: sh:Violation
	Focus Node: http://example.org/data/pH_5803-2_20241127T154723
	Message: https://w3id.org/shexmap/resource/ontology-schema/d285f599-dc2e-4bd8-83f3-df21defa8821/hasUnit is not a property of the vocabulary
Constraint Violation in UndeclaredProperty:
	Severity: sh:Violation
	Focus Node: http://example.org/data/pH_5803-2_20241127T154723
	Message: https://w3id.org/shexmap/resource/ontology-schema/d285f599-dc2e-4bd83f3-df21defa8821/hasCode is not a property of the vocabulary
Constraint Violation in UndeclaredProperty:
	Severity: sh:Violation
	Focus Node: http://example.org/data/pH_5803-2_20241127T154723
	Message: https://w3id.org/shexmap/resource/ontology-schema/d285f599-dc2e-4bd83f3-df21defa8821/hasMeasuredDate is not a property of the vocabulary
Constraint Violation in UndeclaredProperty:
	Severity: sh:Violation
	Focus Node: http://example.org/data/pH_5803-2_20241127T154723
	Message: https://w3id.org/shexmap/resource/ontology-schema/d285f599-dc2e-4bd83f3-df21defa8821/hasQuantityValue is not a property of the vocabulary
Constraint Violation in UndeclaredProperty:
	Severity: sh:Violation
	Focus Node: http://example.org/data/pH_5803-2_20241127T154723
	Message: https://w3id.org/shexmap/resource/ontology-schema/d285f599-dc2e-4bd83f3-df21defa8821/hasUnit is not a property of the vocabulary
Constraint Violation in UndeclaredProperty:
	Severity: sh:Violation
	Focus Node: http://example.org/data/proc_BMI_39156-5_20241127T154723
	Message: https://w3id.org/shexmap/resource/ontology-schema/d285f599-dc2e-4bd8-83f3-df21defa8821/hasPatient is not a property of the vocabulary
Constraint Violation in UndeclaredProperty:
	Severity: sh:Violation
	Focus Node: http://example.org/data/proc_BMI_39156-5_20241127T154723
	Message: https://w3id.org/shexmap/resource/ontology-schema/d285f599-dc2e-4bd8-83f3-df21defa8821/hasPerformedDate is not a property of the vocabulary
Constraint Violation in UndeclaredProperty:
	Severity: sh:Violation
	Focus Node: http://example.org/data/proc_BMI_39156-5_20241127T154723
	Message: https://w3id.org/shexmap/resource/ontology-schema/d285f599-dc2e-4bd8-83f3-df21defa8821/hasPerformer is not a property of the vocabulary
Constraint Violation in UndeclaredProperty:
	Severity: sh:Violation
	Focus Node: http://example.org/data/proc_BMI_39156-5_20241127T154723
	Message: https://w3id.org/shexmap/resource/ontology-schema/d285f599-dc2e-4bd8-83f3-df21defa8821/hasResult is not a property of the vocabulary
Constraint Violation in UndeclaredProperty:
	Severity: sh:Violation
	Focus Node: http://example.org/data/proc_BMI_39156-5_20241127T154723
	Message: https://w3id.org/shexmap/resource/ontology-schema/d285f599-dc2e-4bd8-83f3-df21defa8821/hasStatus is not a property of the vocabulary
Constraint Violation in UndeclaredProperty:
	Severity: sh:Violation
	Focus Node: http://example.org/data/proc_Bilirubin_20505-4_20241127T154723
	Message: https://w3id.org/shexmap/resource/ontology-schema/d285f599-dc2e-4bd8-83f3-df21defa8821/hasPatient is not a property of the vocabulary
Constraint Violation in UndeclaredProperty:
	Severity: sh:Violation
	Focus Node: http://example.org/data/proc_Bilirubin_20505-4_20241127T154723
	Message: https://w3id.org/shexmap/resource/ontology-schema/d285f599-dc2e-4bd8-83f3-df21defa8821/hasPerformedDate is not a property of the vocabulary
Constraint Violation in UndeclaredProperty:
	Severity: sh:Violation
	Focus Node: http://example.org/data/proc_Bilirubin_20505-4_20241127T154723
	Message: https://w3id.org/shexmap/resource/ontology-schema/d285f599-dc2e-4bd8-83f3-df21defa8821/hasPerformer is not a property of the vocabulary
Constraint Violation in UndeclaredProperty:
	Severity: sh:Violation
	Focus Node: http://example.org/data/proc_Bilirubin_20505-4_20241127T154723
	Message: https://w3id.org/shexmap/resource/ontology-schema/d285f599-dc2e-4bd8-83f3-df21defa8821/hasResult is not a property of the vocabulary
Constraint Violation in UndeclaredProperty:
	Severity: sh:Violation
	Focus Node: http://example.org/data/proc_Bilirubin_20505-4_20241127T154723
	Message: https://w3id.org/shexmap/resource/ontology-schema/d285f599-dc2e-4bd8-83f3-df21defa8821/hasStatus is not a property of the vocabulary
Constraint Violation in UndeclaredProperty:
	Severity: sh:Violation
	Focus Node: http://example.org/data/proc_Body_Height_8302-2_20241127T154723
	Message: https://w3id.org/shexmap/resource/ontology-schema/d285f599-dc2e-4bd8-83f3-df21defa8821/hasPatient is not a property of the vocabulary
Constraint Violation in UndeclaredProperty:
	Severity: sh:Violation
	Focus Node: http://example.org/data/proc_Body_Height_8302-2_20241127T154723
	Message: https://w3id.org/shexmap/resource/ontology-schema/d285f599-dc2e-4bd8-83f3-df21defa8821/hasPerformedDate is not a property of the vocabulary
Constraint Violation in UndeclaredProperty:
	Severity: sh:Violation
	Focus Node: http://example.org/data/proc_Body_Height_8302-2_20241127T154723
	Message: https://w3id.org/shexmap/resource/ontology-schema/d285f599-dc2e-4bd8-83f3-df21defa8821/hasPerformer is not a property of the vocabulary
Constraint Violation in UndeclaredProperty:
	Severity: sh:Violation
	Focus Node: http://example.org/data/proc_Body_Height_8302-2_20241127T154723
	Message: https://w3id.org/shexmap/resource/ontology-schema/d285f599-dc2e-4bd8-83f3-df21defa8821/hasResult is not a property of the vocabulary
Constraint Violation in UndeclaredProperty:
	Severity: sh:Violation
	Focus Node: http://example.org/data/proc_Body_Height_8302-2_20241127T154723
	Message: https://w3id.org/shexmap/resource/ontology-schema/d285f599-dc2e-4bd8-83f3-df21defa8821/hasStatus is not a property of the vocabulary
Constraint Violation in UndeclaredProperty:
	Severity: sh:Violation
	Focus Node: http://example.org/data/proc_Body_Weight_29463-7_20241127T154723
	Message: https://w3id.org/shexmap/resource/ontology-schema/d285f599-dc2e-4bd8-83f3-df21defa8821/hasPatient is not a property of the vocabulary
Constraint Violation in UndeclaredProperty:
	Severity: sh:Violation
	Focus Node: http://example.org/data/proc_Body_Weight_29463-7_20241127T154723
	Message: https://w3id.org/shexmap/resource/ontology-schema/d285f599-dc2e-4bd8-83f3-df21defa8821/hasPerformedDate is not a property of the vocabulary
Constraint Violation in UndeclaredProperty:
	Severity: sh:Violation
	Focus Node: http://example.org/data/proc_Body_Weight_29463-7_20241127T154723
	Message: https://w3id.org/shexmap/resource/ontology-schema/d285f599-dc2e-4bd8-83f3-df21defa8821/hasPerformer is not a property of the vocabulary
Constraint Violation in UndeclaredProperty:
	Severity: sh:Violation
	Focus Node: http://example.org/data/proc_Body_Weight_29463-7_20241127T154723
	Message: https://w3id.org/shexmap/resource/ontology-schema/d285f599-dc2e-4bd8-83f3-df21defa8821/hasResult is not a property of the vocabulary
Constraint Violation in UndeclaredProperty:
	Severity: sh:Violation
	Focus Node: http://example.org/data/proc_Body_Weight_29463-7_20241127T154723
	Message: https://w3id.org/shexmap/resource/ontology-schema/d285f599-dc2e-4bd8-83f3-df21defa8821/hasStatus is not a property of the vocabulary
Constraint Violation in UndeclaredProperty:
	Severity: sh:Violation
	Focus Node: http://example.org/data/proc_Calcium_17861-6_20241127T154723
	Message: https://w3id.org/shexmap/resource/ontology-schema/d285f599-dc2e-4bd8-83f3-df21defa8821/hasPatient is not a property of the vocabulary
Constraint Violation in UndeclaredProperty:
	Severity: sh:Violation
	Focus Node: http://example.org/data/proc_Calcium_17861-6_20241127T154723
	Message: https://w3id.org/shexmap/resource/ontology-schema/d285f599-dc2e-4bd8-83f3-df21defa8821/hasPerformedDate is not a property of the vocabulary
Constraint Violation in UndeclaredProperty:
	Severity: sh:Violation
	Focus Node: http://example.org/data/proc_Calcium_17861-6_20241127T154723
	Message: https://w3id.org/shexmap/resource/ontology-schema/d285f599-dc2e-4bd8-83f3-df21defa8821/hasPerformer is not a property of the vocabulary
Constraint Violation in UndeclaredProperty:
	Severity: sh:Violation
	Focus Node: http://example.org/data/proc_Calcium_17861-6_20241127T154723
	Message: https://w3id.org/shexmap/resource/ontology-schema/d285f599-dc2e-4bd8-83f3-df21defa8821/hasResult is not a property of the vocabulary
Constraint Violation in UndeclaredProperty:
	Severity: sh:Violation
	Focus Node: http://example.org/data/proc_Calcium_17861-6_20241127T154723
	Message: https://w3id.org/shexmap/resource/ontology-schema/d285f599-dc2e-4bd8-83f3-df21defa8821/hasStatus is not a property of the vocabulary
Constraint Violation in UndeclaredProperty:
	Severity: sh:Violation
	Focus Node: http://example.org/data/proc_Calcium_49765-1_20241127T154723
	Message: https://w3id.org/shexmap/resource/ontology-schema/d285f599-dc2e-4bd8-83f3-df21defa8821/hasPatient is not a property of the vocabulary
Constraint Violation in UndeclaredProperty:
	Severity: sh:Violation
	Focus Node: http://example.org/data/proc_Calcium_49765-1_20241127T154723
	Message: https://w3id.org/shexmap/resource/ontology-schema/d285f599-dc2e-4bd8-83f3-df21defa8821/hasPerformedDate is not a property of the vocabulary
Constraint Violation in UndeclaredProperty:
	Severity: sh:Violation
	Focus Node: http://example.org/data/proc_Calcium_49765-1_20241127T154723
	Message: https://w3id.org/shexmap/resource/ontology-schema/d285f599-dc2e-4bd8-83f3-df21defa8821/hasPerformer is not a property of the vocabulary
Constraint Violation in UndeclaredProperty:
	Severity: sh:Violation
	Focus Node: http://example.org/data/proc_Calcium_49765-1_20241127T154723
	Message: https://w3id.org/shexmap/resource/ontology-schema/d285f599-dc2e-4bd8-83f3-df21defa8821/hasResult is not a property of the vocabulary
Constraint Violation in UndeclaredProperty:
	Severity: sh:Violation
	Focus Node: http://example.org/data/proc_Calcium_49765-1_20241127T154723
	Message: https://w3id.org/shexmap/resource/ontology-schema/d285f599-dc2e-4bd8-83f3-df21defa8821/hasStatus is not a property of the vocabulary
Constraint Violation in UndeclaredProperty:
	Severity: sh:Violation
	Focus Node: http://example.org/data/proc_Carbon_dioxide_total_2028-9_20241127T154723
	Message: https://w3id.org/shexmap/resource/ontology-schema/d285f599-dc2e-4bd8-83f3-df21defa8821/hasPatient is not a property of the vocabulary
Constraint Violation in UndeclaredProperty:
	Severity: sh:Violation
	Focus Node: http://example.org/data/proc_Carbon_dioxide_total_2028-9_20241127T154723
	Message: https://w3id.org/shexmap/resource/ontology-schema/d285f599-dc2e-4bd8-83f3-df21defa8821/hasPerformedDate is not a property of the vocabulary
Constraint Violation in UndeclaredProperty:
	Severity: sh:Violation
	Focus Node: http://example.org/data/proc_Carbon_dioxide_total_2028-9_20241127T154723
	Message: https://w3id.org/shexmap/resource/ontology-schema/d285f599-dc2e-4bd8-83f3-df21defa8821/hasPerformer is not a property of the vocabulary
Constraint Violation in UndeclaredProperty:
	Severity: sh:Violation
	Focus Node: http://example.org/data/proc_Carbon_dioxide_total_2028-9_20241127T154723
	Message: https://w3id.org/shexmap/resource/ontology-schema/d285f599-dc2e-4bd8-83f3-df21defa8821/hasResult is not a property of the vocabulary
Constraint Violation in UndeclaredProperty:
	Severity: sh:Violation
	Focus Node: http://example.org/data/proc_Carbon_dioxide_total_2028-9_20241127T154723
	Message: https://w3id.org/shexmap/resource/ontology-schema/d285f599-dc2e-4bd8-83f3-df21defa8821/hasStatus is not a property of the vocabulary
Constraint Violation in UndeclaredProperty:
	Severity: sh:Violation
	Focus Node: http://example.org/data/proc_Carbon_dioxide_total_20565-8_20241127T154723
	Message: https://w3id.org/shexmap/resource/ontology-schema/d285f599-dc2e-4bd8-83f3-df21defa8821/hasPatient is not a property of the vocabulary
Constraint Violation in UndeclaredProperty:
	Severity: sh:Violation
	Focus Node: http://example.org/data/proc_Carbon_dioxide_total_20565-8_20241127T154723
	Message: https://w3id.org/shexmap/resource/ontology-schema/d285f599-dc2e-4bd8-83f3-df21defa8821/hasPerformedDate is not a property of the vocabulary
Constraint Violation in UndeclaredProperty:
	Severity: sh:Violation
	Focus Node: http://example.org/data/proc_Carbon_dioxide_total_20565-8_20241127T154723
	Message: https://w3id.org/shexmap/resource/ontology-schema/d285f599-dc2e-4bd8-83f3-df21defa8821/hasPerformer is not a property of the vocabulary
Constraint Violation in UndeclaredProperty:
	Severity: sh:Violation
	Focus Node: http://example.org/data/proc_Carbon_dioxide_total_20565-8_20241127T154723
	Message: https://w3id.org/shexmap/resource/ontology-schema/d285f599-dc2e-4bd8-83f3-df21defa8821/hasResult is not a property of the vocabulary
Constraint Violation in UndeclaredProperty:
	Severity: sh:Violation
	Focus Node: http://example.org/data/proc_Carbon_dioxide_total_20565-8_20241127T154723
	Message: https://w3id.org/shexmap/resource/ontology-schema/d285f599-dc2e-4bd8-83f3-df21defa8821/hasStatus is not a property of the vocabulary
Constraint Violation in UndeclaredProperty:
	Severity: sh:Violation
	Focus Node: http://example.org/data/proc_Chloride_2069-3_20241127T154723
	Message: https://w3id.org/shexmap/resource/ontology-schema/d285f599-dc2e-4bd8-83f3-df21defa8821/hasPatient is not a property of the vocabulary
Constraint Violation in UndeclaredProperty:
	Severity: sh:Violation
	Focus Node: http://example.org/data/proc_Chloride_2069-3_20241127T154723
	Message: https://w3id.org/shexmap/resource/ontology-schema/d285f599-dc2e-4bd8-83f3-df21defa8821/hasPerformedDate is not a property of the vocabulary
Constraint Violation in UndeclaredProperty:
	Severity: sh:Violation
	Focus Node: http://example.org/data/proc_Chloride_2069-3_20241127T154723
	Message: https://w3id.org/shexmap/resource/ontology-schema/d285f599-dc2e-4bd8-83f3-df21defa8821/hasPerformer is not a property of the vocabulary
Constraint Violation in UndeclaredProperty:
	Severity: sh:Violation
	Focus Node: http://example.org/data/proc_Chloride_2069-3_20241127T154723
	Message: https://w3id.org/shexmap/resource/ontology-schema/d285f599-dc2e-4bd8-83f3-df21defa8821/hasResult is not a property of the vocabulary
Constraint Violation in UndeclaredProperty:
	Severity: sh:Violation
	Focus Node: http://example.org/data/proc_Chloride_2069-3_20241127T154723
	Message: https://w3id.org/shexmap/resource/ontology-schema/d285f599-dc2e-4bd8-83f3-df21defa8821/hasStatus is not a property of the vocabulary
Constraint Violation in UndeclaredProperty:
	Severity: sh:Violation
	Focus Node: http://example.org/data/proc_Chloride_2075-0_20241127T154723
	Message: https://w3id.org/shexmap/resource/ontology-schema/d285f599-dc2e-4bd8-83f3-df21defa8821/hasPatient is not a property of the vocabulary
Constraint Violation in UndeclaredProperty:
	Severity: sh:Violation
	Focus Node: http://example.org/data/proc_Chloride_2075-0_20241127T154723
	Message: https://w3id.org/shexmap/resource/ontology-schema/d285f599-dc2e-4bd8-83f3-df21defa8821/hasPerformedDate is not a property of the vocabulary
Constraint Violation in UndeclaredProperty:
	Severity: sh:Violation
	Focus Node: http://example.org/data/proc_Chloride_2075-0_20241127T154723
	Message: https://w3id.org/shexmap/resource/ontology-schema/d285f599-dc2e-4bd8-83f3-df21defa8821/hasPerformer is not a property of the vocabulary
Constraint Violation in UndeclaredProperty:
	Severity: sh:Violation
	Focus Node: http://example.org/data/proc_Chloride_2075-0_20241127T154723
	Message: https://w3id.org/shexmap/resource/ontology-schema/d285f599-dc2e-4bd8-83f3-df21defa8821/hasResult is not a property of the vocabulary
Constraint Violation in UndeclaredProperty:
	Severity: sh:Violation
	Focus Node: http://example.org/data/proc_Chloride_2075-0_20241127T154723
	Message: https://w3id.org/shexmap/resource/ontology-schema/d285f599-dc2e-4bd8-83f3-df21defa8821/hasStatus is not a property of the vocabulary
Constraint Violation in UndeclaredProperty:
	Severity: sh:Violation
	Focus Node: http://example.org/data/proc_Cholesterol_2093-3_20241127T154723
	Message: https://w3id.org/shexmap/resource/ontology-schema/d285f599-dc2e-4bd8-83f3-df21defa8821/hasPatient is not a property of the vocabulary
Constraint Violation in UndeclaredProperty:
	Severity: sh:Violation
	Focus Node: http://example.org/data/proc_Cholesterol_2093-3_20241127T154723
	Message: https://w3id.org/shexmap/resource/ontology-schema/d285f599-dc2e-4bd8-83f3-df21defa8821/hasPerformedDate is not a property of the vocabulary
Constraint Violation in UndeclaredProperty:
	Severity: sh:Violation
	Focus Node: http://example.org/data/proc_Cholesterol_2093-3_20241127T154723
	Message: https://w3id.org/shexmap/resource/ontology-schema/d285f599-dc2e-4bd8-83f3-df21defa8821/hasPerformer is not a property of the vocabulary
Constraint Violation in UndeclaredProperty:
	Severity: sh:Violation
	Focus Node: http://example.org/data/proc_Cholesterol_2093-3_20241127T154723
	Message: https://w3id.org/shexmap/resource/ontology-schema/d285f599-dc2e-4bd8-83f3-df21defa8821/hasResult is not a property of the vocabulary
Constraint Violation in UndeclaredProperty:
	Severity: sh:Violation
	Focus Node: http://example.org/data/proc_Cholesterol_2093-3_20241127T154723
	Message: https://w3id.org/shexmap/resource/ontology-schema/d285f599-dc2e-4bd8-83f3-df21defa8821/hasStatus is not a property of the vocabulary
Constraint Violation in UndeclaredProperty:
	Severity: sh:Violation
	Focus Node: http://example.org/data/proc_Cholesterol_HDL_2085-9_20241127T154723
	Message: https://w3id.org/shexmap/resource/ontology-schema/d285f599-dc2e-4bd8-83f3-df21defa8821/hasPatient is not a property of the vocabulary
Constraint Violation in UndeclaredProperty:
	Severity: sh:Violation
	Focus Node: http://example.org/data/proc_Cholesterol_HDL_2085-9_20241127T154723
	Message: https://w3id.org/shexmap/resource/ontology-schema/d285f599-dc2e-4bd8-83f3-df21defa8821/hasPerformedDate is not a property of the vocabulary
Constraint Violation in UndeclaredProperty:
	Severity: sh:Violation
	Focus Node: http://example.org/data/proc_Cholesterol_HDL_2085-9_20241127T154723
	Message: https://w3id.org/shexmap/resource/ontology-schema/d285f599-dc2e-4bd8-83f3-df21defa8821/hasPerformer is not a property of the vocabulary
Constraint Violation in UndeclaredProperty:
	Severity: sh:Violation
	Focus Node: http://example.org/data/proc_Cholesterol_HDL_2085-9_20241127T154723
	Message: https://w3id.org/shexmap/resource/ontology-schema/d285f599-dc2e-4bd8-83f3-df21defa8821/hasResult is not a property of the vocabulary
Constraint Violation in UndeclaredProperty:
	Severity: sh:Violation
	Focus Node: http://example.org/data/proc_Cholesterol_HDL_2085-9_20241127T154723
	Message: https://w3id.org/shexmap/resource/ontology-schema/d285f599-dc2e-4bd8-83f3-df21defa8821/hasStatus is not a property of the vocabulary
Constraint Violation in UndeclaredProperty:
	Severity: sh:Violation
	Focus Node: http://example.org/data/proc_Cholesterol_LDL_18262-6_20241127T154723
	Message: https://w3id.org/shexmap/resource/ontology-schema/d285f599-dc2e-4bd8-83f3-df21defa8821/hasPatient is not a property of the vocabulary
Constraint Violation in UndeclaredProperty:
	Severity: sh:Violation
	Focus Node: http://example.org/data/proc_Cholesterol_LDL_18262-6_20241127T154723
	Message: https://w3id.org/shexmap/resource/ontology-schema/d285f599-dc2e-4bd8-83f3-df21defa8821/hasPerformedDate is not a property of the vocabulary
Constraint Violation in UndeclaredProperty:
	Severity: sh:Violation
	Focus Node: http://example.org/data/proc_Cholesterol_LDL_18262-6_20241127T154723
	Message: https://w3id.org/shexmap/resource/ontology-schema/d285f599-dc2e-4bd8-83f3-df21defa8821/hasPerformer is not a property of the vocabulary
Constraint Violation in UndeclaredProperty:
	Severity: sh:Violation
	Focus Node: http://example.org/data/proc_Cholesterol_LDL_18262-6_20241127T154723
	Message: https://w3id.org/shexmap/resource/ontology-schema/d285f599-dc2e-4bd8-83f3-df21defa8821/hasResult is not a property of the vocabulary
Constraint Violation in UndeclaredProperty:
	Severity: sh:Violation
	Focus Node: http://example.org/data/proc_Cholesterol_LDL_18262-6_20241127T154723
	Message: https://w3id.org/shexmap/resource/ontology-schema/d285f599-dc2e-4bd8-83f3-df21defa8821/hasStatus is not a property of the vocabulary
Constraint Violation in UndeclaredProperty:
	Severity: sh:Violation
	Focus Node: http://example.org/data/proc_Creatinine_2160-0_20241127T154723
	Message: https://w3id.org/shexmap/resource/ontology-schema/d285f599-dc2e-4bd8-83f3-df21defa8821/hasPatient is not a property of the vocabulary
Constraint Violation in UndeclaredProperty:
	Severity: sh:Violation
	Focus Node: http://example.org/data/proc_Creatinine_2160-0_20241127T154723
	Message: https://w3id.org/shexmap/resource/ontology-schema/d285f599-dc2e-4bd8-83f3-df21defa8821/hasPerformedDate is not a property of the vocabulary
Constraint Violation in UndeclaredProperty:
	Severity: sh:Violation
	Focus Node: http://example.org/data/proc_Creatinine_2160-0_20241127T154723
	Message: https://w3id.org/shexmap/resource/ontology-schema/d285f599-dc2e-4bd8-83f3-df21defa8821/hasPerformer is not a property of the vocabulary
Constraint Violation in UndeclaredProperty:
	Severity: sh:Violation
	Focus Node: http://example.org/data/proc_Creatinine_2160-0_20241127T154723
	Message: https://w3id.org/shexmap/resource/ontology-schema/d285f599-dc2e-4bd8-83f3-df21defa8821/hasResult is not a property of the vocabulary
Constraint Violation in UndeclaredProperty:
	Severity: sh:Violation
	Focus Node: http://example.org/data/proc_Creatinine_2160-0_20241127T154723
	Message: https://w3id.org/shexmap/resource/ontology-schema/d285f599-dc2e-4bd8-83f3-df21defa8821/hasStatus is not a property of the vocabulary
Constraint Violation in UndeclaredProperty:
	Severity: sh:Violation
	Focus Node: http://example.org/data/proc_Creatinine_38483-4_20241127T154723
	Message: https://w3id.org/shexmap/resource/ontology-schema/d285f599-dc2e-4bd8-83f3-df21defa8821/hasPatient is not a property of the vocabulary
Constraint Violation in UndeclaredProperty:
	Severity: sh:Violation
	Focus Node: http://example.org/data/proc_Creatinine_38483-4_20241127T154723
	Message: https://w3id.org/shexmap/resource/ontology-schema/d285f599-dc2e-4bd8-83f3-df21defa8821/hasPerformedDate is not a property of the vocabulary
Constraint Violation in UndeclaredProperty:
	Severity: sh:Violation
	Focus Node: http://example.org/data/proc_Creatinine_38483-4_20241127T154723
	Message: https://w3id.org/shexmap/resource/ontology-schema/d285f599-dc2e-4bd8-83f3-df21defa8821/hasPerformer is not a property of the vocabulary
Constraint Violation in UndeclaredProperty:
	Severity: sh:Violation
	Focus Node: http://example.org/data/proc_Creatinine_38483-4_20241127T154723
	Message: https://w3id.org/shexmap/resource/ontology-schema/d285f599-dc2e-4bd8-83f3-df21defa8821/hasResult is not a property of the vocabulary
Constraint Violation in UndeclaredProperty:
	Severity: sh:Violation
	Focus Node: http://example.org/data/proc_Creatinine_38483-4_20241127T154723
	Message: https://w3id.org/shexmap/resource/ontology-schema/d285f599-dc2e-4bd8-83f3-df21defa8821/hasStatus is not a property of the vocabulary
Constraint Violation in UndeclaredProperty:
	Severity: sh:Violation
	Focus Node: http://example.org/data/proc_GAD7_70274-6_20241127T164225
	Message: https://w3id.org/shexmap/resource/ontology-schema/d285f599-dc2e-4bd8-83f3-df21defa8821/hasPatient is not a property of the vocabulary
Constraint Violation in UndeclaredProperty:
	Severity: sh:Violation
	Focus Node: http://example.org/data/proc_GAD7_70274-6_20241127T164225
	Message: https://w3id.org/shexmap/resource/ontology-schema/d285f599-dc2e-4bd8-83f3-df21defa8821/hasPerformedDate is not a property of the vocabulary
Constraint Violation in UndeclaredProperty:
	Severity: sh:Violation
	Focus Node: http://example.org/data/proc_GAD7_70274-6_20241127T164225
	Message: https://w3id.org/shexmap/resource/ontology-schema/d285f599-dc2e-4bd8-83f3-df21defa8821/hasPerformer is not a property of the vocabulary
Constraint Violation in UndeclaredProperty:
	Severity: sh:Violation
	Focus Node: http://example.org/data/proc_GAD7_70274-6_20241127T164225
	Message: https://w3id.org/shexmap/resource/ontology-schema/d285f599-dc2e-4bd8-83f3-df21defa8821/hasResult is not a property of the vocabulary
Constraint Violation in UndeclaredProperty:
	Severity: sh:Violation
	Focus Node: http://example.org/data/proc_GAD7_70274-6_20241127T164225
	Message: https://w3id.org/shexmap/resource/ontology-schema/d285f599-dc2e-4bd8-83f3-df21defa8821/hasStatus is not a property of the vocabulary
Constraint Violation in UndeclaredProperty:
	Severity: sh:Violation
	Focus Node: http://example.org/data/proc_GFR_33914-3_20241127T154723_1
	Message: https://w3id.org/shexmap/resource/ontology-schema/d285f599-dc2e-4bd8-83f3-df21defa8821/hasPatient is not a property of the vocabulary
Constraint Violation in UndeclaredProperty:
	Severity: sh:Violation
	Focus Node: http://example.org/data/proc_GFR_33914-3_20241127T154723_1
	Message: https://w3id.org/shexmap/resource/ontology-schema/d285f599-dc2e-4bd8-83f3-df21defa8821/hasPerformedDate is not a property of the vocabulary
Constraint Violation in UndeclaredProperty:
	Severity: sh:Violation
	Focus Node: http://example.org/data/proc_GFR_33914-3_20241127T154723_1
	Message: https://w3id.org/shexmap/resource/ontology-schema/d285f599-dc2e-4bd8-83f3-df21defa8821/hasPerformer is not a property of the vocabulary
Constraint Violation in UndeclaredProperty:
	Severity: sh:Violation
	Focus Node: http://example.org/data/proc_GFR_33914-3_20241127T154723_1
	Message: https://w3id.org/shexmap/resource/ontology-schema/d285f599-dc2e-4bd8-83f3-df21defa8821/hasResult is not a property of the vocabulary
Constraint Violation in UndeclaredProperty:
	Severity: sh:Violation
	Focus Node: http://example.org/data/proc_GFR_33914-3_20241127T154723_1
	Message: https://w3id.org/shexmap/resource/ontology-schema/d285f599-dc2e-4bd8-83f3-df21defa8821/hasStatus is not a property of the vocabulary
Constraint Violation in UndeclaredProperty:
	Severity: sh:Violation
	Focus Node: http://example.org/data/proc_Glucose_2339-0_20241127T154723
	Message: https://w3id.org/shexmap/resource/ontology-schema/d285f599-dc2e-4bd8-83f3-df21defa8821/hasPatient is not a property of the vocabulary
Constraint Violation in UndeclaredProperty:
	Severity: sh:Violation
	Focus Node: http://example.org/data/proc_Glucose_2339-0_20241127T154723
	Message: https://w3id.org/shexmap/resource/ontology-schema/d285f599-dc2e-4bd8-83f3-df21defa8821/hasPerformedDate is not a property of the vocabulary
Constraint Violation in UndeclaredProperty:
	Severity: sh:Violation
	Focus Node: http://example.org/data/proc_Glucose_2339-0_20241127T154723
	Message: https://w3id.org/shexmap/resource/ontology-schema/d285f599-dc2e-4bd8-83f3-df21defa8821/hasPerformer is not a property of the vocabulary
Constraint Violation in UndeclaredProperty:
	Severity: sh:Violation
	Focus Node: http://example.org/data/proc_Glucose_2339-0_20241127T154723
	Message: https://w3id.org/shexmap/resource/ontology-schema/d285f599-dc2e-4bd8-83f3-df21defa8821/hasResult is not a property of the vocabulary
Constraint Violation in UndeclaredProperty:
	Severity: sh:Violation
	Focus Node: http://example.org/data/proc_Glucose_2339-0_20241127T154723
	Message: https://w3id.org/shexmap/resource/ontology-schema/d285f599-dc2e-4bd8-83f3-df21defa8821/hasStatus is not a property of the vocabulary
Constraint Violation in UndeclaredProperty:
	Severity: sh:Violation
	Focus Node: http://example.org/data/proc_Glucose_2345-7_20241127T154723
	Message: https://w3id.org/shexmap/resource/ontology-schema/d285f599-dc2e-4bd8-83f3-df21defa8821/hasPatient is not a property of the vocabulary
Constraint Violation in UndeclaredProperty:
	Severity: sh:Violation
	Focus Node: http://example.org/data/proc_Glucose_2345-7_20241127T154723
	Message: https://w3id.org/shexmap/resource/ontology-schema/d285f599-dc2e-4bd8-83f3-df21defa8821/hasPerformedDate is not a property of the vocabulary
Constraint Violation in UndeclaredProperty:
	Severity: sh:Violation
	Focus Node: http://example.org/data/proc_Glucose_2345-7_20241127T154723
	Message: https://w3id.org/shexmap/resource/ontology-schema/d285f599-dc2e-4bd8-83f3-df21defa8821/hasPerformer is not a property of the vocabulary
Constraint Violation in UndeclaredProperty:
	Severity: sh:Violation
	Focus Node: http://example.org/data/proc_Glucose_2345-7_20241127T154723
	Message: https://w3id.org/shexmap/resource/ontology-schema/d285f599-dc2e-4bd8-83f3-df21defa8821/hasResult is not a property of the vocabulary
Constraint Violation in UndeclaredProperty:
	Severity: sh:Violation
	Focus Node: http://example.org/data/proc_Glucose_2345-7_20241127T154723
	Message: https://w3id.org/shexmap/resource/ontology-schema/d285f599-dc2e-4bd8-83f3-df21defa8821/hasStatus is not a property of the vocabulary
Constraint Violation in UndeclaredProperty:
	Severity: sh:Violation
	Focus Node: http://example.org/data/proc_Glucose_5792-7_20241127T154723
	Message: https://w3id.org/shexmap/resource/ontology-schema/d285f599-dc2e-4bd8-83f3-df21defa8821/hasPatient is not a property of the vocabulary
Constraint Violation in UndeclaredProperty:
	Severity: sh:Violation
	Focus Node: http://example.org/data/proc_Glucose_5792-7_20241127T154723
	Message: https://w3id.org/shexmap/resource/ontology-schema/d285f599-dc2e-4bd8-83f3-df21defa8821/hasPerformedDate is not a property of the vocabulary
Constraint Violation in UndeclaredProperty:
	Severity: sh:Violation
	Focus Node: http://example.org/data/proc_Glucose_5792-7_20241127T154723
	Message: https://w3id.org/shexmap/resource/ontology-schema/d285f599-dc2e-4bd8-83f3-df21defa8821/hasPerformer is not a property of the vocabulary
Constraint Violation in UndeclaredProperty:
	Severity: sh:Violation
	Focus Node: http://example.org/data/proc_Glucose_5792-7_20241127T154723
	Message: https://w3id.org/shexmap/resource/ontology-schema/d285f599-dc2e-4bd8-83f3-df21defa8821/hasResult is not a property of the vocabulary
Constraint Violation in UndeclaredProperty:
	Severity: sh:Violation
	Focus Node: http://example.org/data/proc_Glucose_5792-7_20241127T154723
	Message: https://w3id.org/shexmap/resource/ontology-schema/d285f599-dc2e-4bd8-83f3-df21defa8821/hasStatus is not a property of the vocabulary
Constraint Violation in UndeclaredProperty:
	Severity: sh:Violation
	Focus Node: http://example.org/data/proc_Heart_rate_8867-4_20241127T154723
	Message: https://w3id.org/shexmap/resource/ontology-schema/d285f599-dc2e-4bd8-83f3-df21defa8821/hasPatient is not a property of the vocabulary
Constraint Violation in UndeclaredProperty:
	Severity: sh:Violation
	Focus Node: http://example.org/data/proc_Heart_rate_8867-4_20241127T154723
	Message: https://w3id.org/shexmap/resource/ontology-schema/d285f599-dc2e-4bd8-83f3-df21defa8821/hasPerformedDate is not a property of the vocabulary
Constraint Violation in UndeclaredProperty:
	Severity: sh:Violation
	Focus Node: http://example.org/data/proc_Heart_rate_8867-4_20241127T154723
	Message: https://w3id.org/shexmap/resource/ontology-schema/d285f599-dc2e-4bd8-83f3-df21defa8821/hasPerformer is not a property of the vocabulary
Constraint Violation in UndeclaredProperty:
	Severity: sh:Violation
	Focus Node: http://example.org/data/proc_Heart_rate_8867-4_20241127T154723
	Message: https://w3id.org/shexmap/resource/ontology-schema/d285f599-dc2e-4bd8-83f3-df21defa8821/hasResult is not a property of the vocabulary
Constraint Violation in UndeclaredProperty:
	Severity: sh:Violation
	Focus Node: http://example.org/data/proc_Heart_rate_8867-4_20241127T154723
	Message: https://w3id.org/shexmap/resource/ontology-schema/d285f599-dc2e-4bd8-83f3-df21defa8821/hasStatus is not a property of the vocabulary
Constraint Violation in UndeclaredProperty:
	Severity: sh:Violation
	Focus Node: http://example.org/data/proc_Hemoglobin_A1c_4548-4_20241127T154723
	Message: https://w3id.org/shexmap/resource/ontology-schema/d285f599-dc2e-4bd8-83f3-df21defa8821/hasPatient is not a property of the vocabulary
Constraint Violation in UndeclaredProperty:
	Severity: sh:Violation
	Focus Node: http://example.org/data/proc_Hemoglobin_A1c_4548-4_20241127T154723
	Message: https://w3id.org/shexmap/resource/ontology-schema/d285f599-dc2e-4bd8-83f3-df21defa8821/hasPerformedDate is not a property of the vocabulary
Constraint Violation in UndeclaredProperty:
	Severity: sh:Violation
	Focus Node: http://example.org/data/proc_Hemoglobin_A1c_4548-4_20241127T154723
	Message: https://w3id.org/shexmap/resource/ontology-schema/d285f599-dc2e-4bd8-83f3-df21defa8821/hasPerformer is not a property of the vocabulary
Constraint Violation in UndeclaredProperty:
	Severity: sh:Violation
	Focus Node: http://example.org/data/proc_Hemoglobin_A1c_4548-4_20241127T154723
	Message: https://w3id.org/shexmap/resource/ontology-schema/d285f599-dc2e-4bd8-83f3-df21defa8821/hasResult is not a property of the vocabulary
Constraint Violation in UndeclaredProperty:
	Severity: sh:Violation
	Focus Node: http://example.org/data/proc_Hemoglobin_A1c_4548-4_20241127T154723
	Message: https://w3id.org/shexmap/resource/ontology-schema/d285f599-dc2e-4bd8-83f3-df21defa8821/hasStatus is not a property of the vocabulary
Constraint Violation in UndeclaredProperty:
	Severity: sh:Violation
	Focus Node: http://example.org/data/proc_Ketones_5797-6_20241127T154723
	Message: https://w3id.org/shexmap/resource/ontology-schema/d285f599-dc2e-4bd8-83f3-df21defa8821/hasPatient is not a property of the vocabulary
Constraint Violation in UndeclaredProperty:
	Severity: sh:Violation
	Focus Node: http://example.org/data/proc_Ketones_5797-6_20241127T154723
	Message: https://w3id.org/shexmap/resource/ontology-schema/d285f599-dc2e-4bd8-83f3-df21defa8821/hasPerformedDate is not a property of the vocabulary
Constraint Violation in UndeclaredProperty:
	Severity: sh:Violation
	Focus Node: http://example.org/data/proc_Ketones_5797-6_20241127T154723
	Message: https://w3id.org/shexmap/resource/ontology-schema/d285f599-dc2e-4bd8-83f3-df21defa8821/hasPerformer is not a property of the vocabulary
Constraint Violation in UndeclaredProperty:
	Severity: sh:Violation
	Focus Node: http://example.org/data/proc_Ketones_5797-6_20241127T154723
	Message: https://w3id.org/shexmap/resource/ontology-schema/d285f599-dc2e-4bd8-83f3-df21defa8821/hasResult is not a property of the vocabulary
Constraint Violation in UndeclaredProperty:
	Severity: sh:Violation
	Focus Node: http://example.org/data/proc_Ketones_5797-6_20241127T154723
	Message: https://w3id.org/shexmap/resource/ontology-schema/d285f599-dc2e-4bd8-83f3-df21defa8821/hasStatus is not a property of the vocabulary
Constraint Violation in UndeclaredProperty:
	Severity: sh:Violation
	Focus Node: http://example.org/data/proc_Microalbumin_Creatinine_14959-1_20241127T154723
	Message: https://w3id.org/shexmap/resource/ontology-schema/d285f599-dc2e-4bd8-83f3-df21defa8821/hasPatient is not a property of the vocabulary
Constraint Violation in UndeclaredProperty:
	Severity: sh:Violation
	Focus Node: http://example.org/data/proc_Microalbumin_Creatinine_14959-1_20241127T154723
	Message: https://w3id.org/shexmap/resource/ontology-schema/d285f599-dc2e-4bd8-83f3-df21defa8821/hasPerformedDate is not a property of the vocabulary
Constraint Violation in UndeclaredProperty:
	Severity: sh:Violation
	Focus Node: http://example.org/data/proc_Microalbumin_Creatinine_14959-1_20241127T154723
	Message: https://w3id.org/shexmap/resource/ontology-schema/d285f599-dc2e-4bd8-83f3-df21defa8821/hasPerformer is not a property of the vocabulary
Constraint Violation in UndeclaredProperty:
	Severity: sh:Violation
	Focus Node: http://example.org/data/proc_Microalbumin_Creatinine_14959-1_20241127T154723
	Message: https://w3id.org/shexmap/resource/ontology-schema/d285f599-dc2e-4bd8-83f3-df21defa8821/hasResult is not a property of the vocabulary
Constraint Violation in UndeclaredProperty:
	Severity: sh:Violation
	Focus Node: http://example.org/data/proc_Microalbumin_Creatinine_14959-1_20241127T154723
	Message: https://w3id.org/shexmap/resource/ontology-schema/d285f599-dc2e-4bd8-83f3-df21defa8821/hasStatus is not a property of the vocabulary
Constraint Violation in UndeclaredProperty:
	Severity: sh:Violation
	Focus Node: http://example.org/data/proc_Pain_severity_72514-3_20241127T154723
	Message: https://w3id.org/shexmap/resource/ontology-schema/d285f599-dc2e-4bd8-83f3-df21defa8821/hasPatient is not a property of the vocabulary
Constraint Violation in UndeclaredProperty:
	Severity: sh:Violation
	Focus Node: http://example.org/data/proc_Pain_severity_72514-3_20241127T154723
	Message: https://w3id.org/shexmap/resource/ontology-schema/d285f599-dc2e-4bd8-83f3-df21defa8821/hasPerformedDate is not a property of the vocabulary
Constraint Violation in UndeclaredProperty:
	Severity: sh:Violation
	Focus Node: http://example.org/data/proc_Pain_severity_72514-3_20241127T154723
	Message: https://w3id.org/shexmap/resource/ontology-schema/d285f599-dc2e-4bd8-83f3-df21defa8821/hasPerformer is not a property of the vocabulary
Constraint Violation in UndeclaredProperty:
	Severity: sh:Violation
	Focus Node: http://example.org/data/proc_Pain_severity_72514-3_20241127T154723
	Message: https://w3id.org/shexmap/resource/ontology-schema/d285f599-dc2e-4bd8-83f3-df21defa8821/hasResult is not a property of the vocabulary
Constraint Violation in UndeclaredProperty:
	Severity: sh:Violation
	Focus Node: http://example.org/data/proc_Pain_severity_72514-3_20241127T154723
	Message: https://w3id.org/shexmap/resource/ontology-schema/d285f599-dc2e-4bd8-83f3-df21defa8821/hasStatus is not a property of the vocabulary
Constraint Violation in UndeclaredProperty:
	Severity: sh:Violation
	Focus Node: http://example.org/data/proc_Potassium_2823-3_20241127T154723
	Message: https://w3id.org/shexmap/resource/ontology-schema/d285f599-dc2e-4bd8-83f3-df21defa8821/hasPatient is not a property of the vocabulary
Constraint Violation in UndeclaredProperty:
	Severity: sh:Violation
	Focus Node: http://example.org/data/proc_Potassium_2823-3_20241127T154723
	Message: https://w3id.org/shexmap/resource/ontology-schema/d285f599-dc2e-4bd8-83f3-df21defa8821/hasPerformedDate is not a property of the vocabulary
Constraint Violation in UndeclaredProperty:
	Severity: sh:Violation
	Focus Node: http://example.org/data/proc_Potassium_2823-3_20241127T154723
	Message: https://w3id.org/shexmap/resource/ontology-schema/d285f599-dc2e-4bd8-83f3-df21defa8821/hasPerformer is not a property of the vocabulary
Constraint Violation in UndeclaredProperty:
	Severity: sh:Violation
	Focus Node: http://example.org/data/proc_Potassium_2823-3_20241127T154723
	Message: https://w3id.org/shexmap/resource/ontology-schema/d285f599-dc2e-4bd8-83f3-df21defa8821/hasResult is not a property of the vocabulary
Constraint Violation in UndeclaredProperty:
	Severity: sh:Violation
	Focus Node: http://example.org/data/proc_Potassium_2823-3_20241127T154723
	Message: https://w3id.org/shexmap/resource/ontology-schema/d285f599-dc2e-4bd8-83f3-df21defa8821/hasStatus is not a property of the vocabulary
Constraint Violation in UndeclaredProperty:
	Severity: sh:Violation
	Focus Node: http://example.org/data/proc_Potassium_6298-4_20241127T154723
	Message: https://w3id.org/shexmap/resource/ontology-schema/d285f599-dc2e-4bd8-83f3-df21defa8821/hasPatient is not a property of the vocabulary
Constraint Violation in UndeclaredProperty:
	Severity: sh:Violation
	Focus Node: http://example.org/data/proc_Potassium_6298-4_20241127T154723
	Message: https://w3id.org/shexmap/resource/ontology-schema/d285f599-dc2e-4bd8-83f3-df21defa8821/hasPerformedDate is not a property of the vocabulary
Constraint Violation in UndeclaredProperty:
	Severity: sh:Violation
	Focus Node: http://example.org/data/proc_Potassium_6298-4_20241127T154723
	Message: https://w3id.org/shexmap/resource/ontology-schema/d285f599-dc2e-4bd8-83f3-df21defa8821/hasPerformer is not a property of the vocabulary
Constraint Violation in UndeclaredProperty:
	Severity: sh:Violation
	Focus Node: http://example.org/data/proc_Potassium_6298-4_20241127T154723
	Message: https://w3id.org/shexmap/resource/ontology-schema/d285f599-dc2e-4bd8-83f3-df21defa8821/hasResult is not a property of the vocabulary
Constraint Violation in UndeclaredProperty:
	Severity: sh:Violation
	Focus Node: http://example.org/data/proc_Potassium_6298-4_20241127T154723
	Message: https://w3id.org/shexmap/resource/ontology-schema/d285f599-dc2e-4bd8-83f3-df21defa8821/hasStatus is not a property of the vocabulary
Constraint Violation in UndeclaredProperty:
	Severity: sh:Violation
	Focus Node: http://example.org/data/proc_Protein_5804-0_20241127T154723
	Message: https://w3id.org/shexmap/resource/ontology-schema/d285f599-dc2e-4bd8-83f3-df21defa8821/hasPatient is not a property of the vocabulary
Constraint Violation in UndeclaredProperty:
	Severity: sh:Violation
	Focus Node: http://example.org/data/proc_Protein_5804-0_20241127T154723
	Message: https://w3id.org/shexmap/resource/ontology-schema/d285f599-dc2e-4bd8-83f3-df21defa8821/hasPerformedDate is not a property of the vocabulary
Constraint Violation in UndeclaredProperty:
	Severity: sh:Violation
	Focus Node: http://example.org/data/proc_Protein_5804-0_20241127T154723
	Message: https://w3id.org/shexmap/resource/ontology-schema/d285f599-dc2e-4bd8-83f3-df21defa8821/hasPerformer is not a property of the vocabulary
Constraint Violation in UndeclaredProperty:
	Severity: sh:Violation
	Focus Node: http://example.org/data/proc_Protein_5804-0_20241127T154723
	Message: https://w3id.org/shexmap/resource/ontology-schema/d285f599-dc2e-4bd8-83f3-df21defa8821/hasResult is not a property of the vocabulary
Constraint Violation in UndeclaredProperty:
	Severity: sh:Violation
	Focus Node: http://example.org/data/proc_Protein_5804-0_20241127T154723
	Message: https://w3id.org/shexmap/resource/ontology-schema/d285f599-dc2e-4bd8-83f3-df21defa8821/hasStatus is not a property of the vocabulary
Constraint Violation in UndeclaredProperty:
	Severity: sh:Violation
	Focus Node: http://example.org/data/proc_Respiratory_rate_9279-1_20241127T154723
	Message: https://w3id.org/shexmap/resource/ontology-schema/d285f599-dc2e-4bd8-83f3-df21defa8821/hasPatient is not a property of the vocabulary
Constraint Violation in UndeclaredProperty:
	Severity: sh:Violation
	Focus Node: http://example.org/data/proc_Respiratory_rate_9279-1_20241127T154723
	Message: https://w3id.org/shexmap/resource/ontology-schema/d285f599-dc2e-4bd8-83f3-df21defa8821/hasPerformedDate is not a property of the vocabulary
Constraint Violation in UndeclaredProperty:
	Severity: sh:Violation
	Focus Node: http://example.org/data/proc_Respiratory_rate_9279-1_20241127T154723
	Message: https://w3id.org/shexmap/resource/ontology-schema/d285f599-dc2e-4bd8-83f3-df21defa8821/hasPerformer is not a property of the vocabulary
Constraint Violation in UndeclaredProperty:
	Severity: sh:Violation
	Focus Node: http://example.org/data/proc_Respiratory_rate_9279-1_20241127T154723
	Message: https://w3id.org/shexmap/resource/ontology-schema/d285f599-dc2e-4bd8-83f3-df21defa8821/hasResult is not a property of the vocabulary
Constraint Violation in UndeclaredProperty:
	Severity: sh:Violation
	Focus Node: http://example.org/data/proc_Respiratory_rate_9279-1_20241127T154723
	Message: https://w3id.org/shexmap/resource/ontology-schema/d285f599-dc2e-4bd8-83f3-df21defa8821/hasStatus is not a property of the vocabulary
Constraint Violation in UndeclaredProperty:
	Severity: sh:Violation
	Focus Node: http://example.org/data/proc_Sodium_2947-0_20241127T154723
	Message: https://w3id.org/shexmap/resource/ontology-schema/d285f599-dc2e-4bd8-83f3-df21defa8821/hasPatient is not a property of the vocabulary
Constraint Violation in UndeclaredProperty:
	Severity: sh:Violation
	Focus Node: http://example.org/data/proc_Sodium_2947-0_20241127T154723
	Message: https://w3id.org/shexmap/resource/ontology-schema/d285f599-dc2e-4bd8-83f3-df21defa8821/hasPerformedDate is not a property of the vocabulary
Constraint Violation in UndeclaredProperty:
	Severity: sh:Violation
	Focus Node: http://example.org/data/proc_Sodium_2947-0_20241127T154723
	Message: https://w3id.org/shexmap/resource/ontology-schema/d285f599-dc2e-4bd8-83f3-df21defa8821/hasPerformer is not a property of the vocabulary
Constraint Violation in UndeclaredProperty:
	Severity: sh:Violation
	Focus Node: http://example.org/data/proc_Sodium_2947-0_20241127T154723
	Message: https://w3id.org/shexmap/resource/ontology-schema/d285f599-dc2e-4bd8-83f3-df21defa8821/hasResult is not a property of the vocabulary
Constraint Violation in UndeclaredProperty:
	Severity: sh:Violation
	Focus Node: http://example.org/data/proc_Sodium_2947-0_20241127T154723
	Message: https://w3id.org/shexmap/resource/ontology-schema/d285f599-dc2e-4bd8-83f3-df21defa8821/hasStatus is not a property of the vocabulary
Constraint Violation in UndeclaredProperty:
	Severity: sh:Violation
	Focus Node: http://example.org/data/proc_Sodium_2951-2_20241127T154723
	Message: https://w3id.org/shexmap/resource/ontology-schema/d285f599-dc2e-4bd8-83f3-df21defa8821/hasPatient is not a property of the vocabulary
Constraint Violation in UndeclaredProperty:
	Severity: sh:Violation
	Focus Node: http://example.org/data/proc_Sodium_2951-2_20241127T154723
	Message: https://w3id.org/shexmap/resource/ontology-schema/d285f599-dc2e-4bd8-83f3-df21defa8821/hasPerformedDate is not a property of the vocabulary
Constraint Violation in UndeclaredProperty:
	Severity: sh:Violation
	Focus Node: http://example.org/data/proc_Sodium_2951-2_20241127T154723
	Message: https://w3id.org/shexmap/resource/ontology-schema/d285f599-dc2e-4bd8-83f3-df21defa8821/hasPerformer is not a property of the vocabulary
Constraint Violation in UndeclaredProperty:
	Severity: sh:Violation
	Focus Node: http://example.org/data/proc_Sodium_2951-2_20241127T154723
	Message: https://w3id.org/shexmap/resource/ontology-schema/d285f599-dc2e-4bd8-83f3-df21defa8821/hasResult is not a property of the vocabulary
Constraint Violation in UndeclaredProperty:
	Severity: sh:Violation
	Focus Node: http://example.org/data/proc_Sodium_2951-2_20241127T154723
	Message: https://w3id.org/shexmap/resource/ontology-schema/d285f599-dc2e-4bd8-83f3-df21defa8821/hasStatus is not a property of the vocabulary
Constraint Violation in UndeclaredProperty:
	Severity: sh:Violation
	Focus Node: http://example.org/data/proc_Specific_gravity_5811-5_20241127T154723
	Message: https://w3id.org/shexmap/resource/ontology-schema/d285f599-dc2e-4bd8-83f3-df21defa8821/hasPatient is not a property of the vocabulary
Constraint Violation in UndeclaredProperty:
	Severity: sh:Violation
	Focus Node: http://example.org/data/proc_Specific_gravity_5811-5_20241127T154723
	Message: https://w3id.org/shexmap/resource/ontology-schema/d285f599-dc2e-4bd8-83f3-df21defa8821/hasPerformedDate is not a property of the vocabulary
Constraint Violation in UndeclaredProperty:
	Severity: sh:Violation
	Focus Node: http://example.org/data/proc_Specific_gravity_5811-5_20241127T154723
	Message: https://w3id.org/shexmap/resource/ontology-schema/d285f599-dc2e-4bd8-83f3-df21defa8821/hasPerformer is not a property of the vocabulary
Constraint Violation in UndeclaredProperty:
	Severity: sh:Violation
	Focus Node: http://example.org/data/proc_Specific_gravity_5811-5_20241127T154723
	Message: https://w3id.org/shexmap/resource/ontology-schema/d285f599-dc2e-4bd8-83f3-df21defa8821/hasResult is not a property of the vocabulary
Constraint Violation in UndeclaredProperty:
	Severity: sh:Violation
	Focus Node: http://example.org/data/proc_Specific_gravity_5811-5_20241127T154723
	Message: https://w3id.org/shexmap/resource/ontology-schema/d285f599-dc2e-4bd8-83f3-df21defa8821/hasStatus is not a property of the vocabulary
Constraint Violation in UndeclaredProperty:
	Severity: sh:Violation
	Focus Node: http://example.org/data/proc_Total_score_AUDIT-C_75626-2_20241127T175130
	Message: https://w3id.org/shexmap/resource/ontology-schema/d285f599-dc2e-4bd8-83f3-df21defa8821/hasPatient is not a property of the vocabulary
Constraint Violation in UndeclaredProperty:
	Severity: sh:Violation
	Focus Node: http://example.org/data/proc_Total_score_AUDIT-C_75626-2_20241127T175130
	Message: https://w3id.org/shexmap/resource/ontology-schema/d285f599-dc2e-4bd8-83f3-df21defa8821/hasPerformedDate is not a property of the vocabulary
Constraint Violation in UndeclaredProperty:
	Severity: sh:Violation
	Focus Node: http://example.org/data/proc_Total_score_AUDIT-C_75626-2_20241127T175130
	Message: https://w3id.org/shexmap/resource/ontology-schema/d285f599-dc2e-4bd8-83f3-df21defa8821/hasPerformer is not a property of the vocabulary
Constraint Violation in UndeclaredProperty:
	Severity: sh:Violation
	Focus Node: http://example.org/data/proc_Total_score_AUDIT-C_75626-2_20241127T175130
	Message: https://w3id.org/shexmap/resource/ontology-schema/d285f599-dc2e-4bd8-83f3-df21defa8821/hasResult is not a property of the vocabulary
Constraint Violation in UndeclaredProperty:
	Severity: sh:Violation
	Focus Node: http://example.org/data/proc_Total_score_AUDIT-C_75626-2_20241127T175130
	Message: https://w3id.org/shexmap/resource/ontology-schema/d285f599-dc2e-4bd8-83f3-df21defa8821/hasStatus is not a property of the vocabulary
Constraint Violation in UndeclaredProperty:
	Severity: sh:Violation
	Focus Node: http://example.org/data/proc_Total_score_HARK_76504-0_20241127T171332
	Message: https://w3id.org/shexmap/resource/ontology-schema/d285f599-dc2e-4bd8-83f3-df21defa8821/hasPatient is not a property of the vocabulary
Constraint Violation in UndeclaredProperty:
	Severity: sh:Violation
	Focus Node: http://example.org/data/proc_Total_score_HARK_76504-0_20241127T171332
	Message: https://w3id.org/shexmap/resource/ontology-schema/d285f599-dc2e-4bd8-83f3-df21defa8821/hasPerformedDate is not a property of the vocabulary
Constraint Violation in UndeclaredProperty:
	Severity: sh:Violation
	Focus Node: http://example.org/data/proc_Total_score_HARK_76504-0_20241127T171332
	Message: https://w3id.org/shexmap/resource/ontology-schema/d285f599-dc2e-4bd8-83f3-df21defa8821/hasPerformer is not a property of the vocabulary
Constraint Violation in UndeclaredProperty:
	Severity: sh:Violation
	Focus Node: http://example.org/data/proc_Total_score_HARK_76504-0_20241127T171332
	Message: https://w3id.org/shexmap/resource/ontology-schema/d285f599-dc2e-4bd8-83f3-df21defa8821/hasResult is not a property of the vocabulary
Constraint Violation in UndeclaredProperty:
	Severity: sh:Violation
	Focus Node: http://example.org/data/proc_Total_score_HARK_76504-0_20241127T171332
	Message: https://w3id.org/shexmap/resource/ontology-schema/d285f599-dc2e-4bd8-83f3-df21defa8821/hasStatus is not a property of the vocabulary
Constraint Violation in UndeclaredProperty:
	Severity: sh:Violation
	Focus Node: http://example.org/data/proc_Triglyceride_2571-8_20241127T154723
	Message: https://w3id.org/shexmap/resource/ontology-schema/d285f599-dc2e-4bd8-83f3-df21defa8821/hasPatient is not a property of the vocabulary
Constraint Violation in UndeclaredProperty:
	Severity: sh:Violation
	Focus Node: http://example.org/data/proc_Triglyceride_2571-8_20241127T154723
	Message: https://w3id.org/shexmap/resource/ontology-schema/d285f599-dc2e-4bd8-83f3-df21defa8821/hasPerformedDate is not a property of the vocabulary
Constraint Violation in UndeclaredProperty:
	Severity: sh:Violation
	Focus Node: http://example.org/data/proc_Triglyceride_2571-8_20241127T154723
	Message: https://w3id.org/shexmap/resource/ontology-schema/d285f599-dc2e-4bd8-83f3-df21defa8821/hasPerformer is not a property of the vocabulary
Constraint Violation in UndeclaredProperty:
	Severity: sh:Violation
	Focus Node: http://example.org/data/proc_Triglyceride_2571-8_20241127T154723
	Message: https://w3id.org/shexmap/resource/ontology-schema/d285f599-dc2e-4bd8-83f3-df21defa8821/hasResult is not a property of the vocabulary
Constraint Violation in UndeclaredProperty:
	Severity: sh:Violation
	Focus Node: http://example.org/data/proc_Triglyceride_2571-8_20241127T154723
	Message: https://w3id.org/shexmap/resource/ontology-schema/d285f599-dc2e-4bd8-83f3-df21defa8821/hasStatus is not a property of the vocabulary
Constraint Violation in UndeclaredProperty:
	Severity: sh:Violation
	Focus Node: http://example.org/data/proc_Urea_nitrogen_3094-0_20241127T154723
	Message: https://w3id.org/shexmap/resource/ontology-schema/d285f599-dc2e-4bd8-83f3-df21defa8821/hasPatient is not a property of the vocabulary
Constraint Violation in UndeclaredProperty:
	Severity: sh:Violation
	Focus Node: http://example.org/data/proc_Urea_nitrogen_3094-0_20241127T154723
	Message: https://w3id.org/shexmap/resource/ontology-schema/d285f599-dc2e-4bd8-83f3-df21defa8821/hasPerformedDate is not a property of the vocabulary
Constraint Violation in UndeclaredProperty:
	Severity: sh:Violation
	Focus Node: http://example.org/data/proc_Urea_nitrogen_3094-0_20241127T154723
	Message: https://w3id.org/shexmap/resource/ontology-schema/d285f599-dc2e-4bd8-83f3-df21defa8821/hasPerformer is not a property of the vocabulary
Constraint Violation in UndeclaredProperty:
	Severity: sh:Violation
	Focus Node: http://example.org/data/proc_Urea_nitrogen_3094-0_20241127T154723
	Message: https://w3id.org/shexmap/resource/ontology-schema/d285f599-dc2e-4bd8-83f3-df21defa8821/hasResult is not a property of the vocabulary
Constraint Violation in UndeclaredProperty:
	Severity: sh:Violation
	Focus Node: http://example.org/data/proc_Urea_nitrogen_3094-0_20241127T154723
	Message: https://w3id.org/shexmap/resource/ontology-schema/d285f599-dc2e-4bd8-83f3-df21defa8821/hasStatus is not a property of the vocabulary
Constraint Violation in UndeclaredProperty:
	Severity: sh:Violation
	Focus Node: http://example.org/data/proc_Urea_nitrogen_6299-2_20241127T154723
	Message: https://w3id.org/shexmap/resource/ontology-schema/d285f599-dc2e-4bd8-83f3-df21defa8821/hasPatient is not a property of the vocabulary
Constraint Violation in UndeclaredProperty:
	Severity: sh:Violation
	Focus Node: http://example.org/data/proc_Urea_nitrogen_6299-2_20241127T154723
	Message: https://w3id.org/shexmap/resource/ontology-schema/d285f599-dc2e-4bd8-83f3-df21defa8821/hasPerformedDate is not a property of the vocabulary
Constraint Violation in UndeclaredProperty:
	Severity: sh:Violation
	Focus Node: http://example.org/data/proc_Urea_nitrogen_6299-2_20241127T154723
	Message: https://w3id.org/shexmap/resource/ontology-schema/d285f599-dc2e-4bd8-83f3-df21defa8821/hasPerformer is not a property of the vocabulary
Constraint Violation in UndeclaredProperty:
	Severity: sh:Violation
	Focus Node: http://example.org/data/proc_Urea_nitrogen_6299-2_20241127T154723
	Message: https://w3id.org/shexmap/resource/ontology-schema/d285f599-dc2e-4bd8-83f3-df21defa8821/hasResult is not a property of the vocabulary
Constraint Violation in UndeclaredProperty:
	Severity: sh:Violation
	Focus Node: http://example.org/data/proc_Urea_nitrogen_6299-2_20241127T154723
	Message: https://w3id.org/shexmap/resource/ontology-schema/d285f599-dc2e-4bd8-83f3-df21defa8821/hasStatus is not a property of the vocabulary
Constraint Violation in UndeclaredProperty:
	Severity: sh:Violation
	Focus Node: http://example.org/data/proc_pH_5803-2_20241127T154723
	Message: https://w3id.org/shexmap/resource/ontology-schema/d285f599-dc2e-4bd8-83f3-df21defa8821/hasPatient is not a property of the vocabulary
Constraint Violation in UndeclaredProperty:
	Severity: sh:Violation
	Focus Node: http://example.org/data/proc_pH_5803-2_20241127T154723
	Message: https://w3id.org/shexmap/resource/ontology-schema/d285f599-dc2e-4bd8-83f3-df21defa8821/hasPerformedDate is not a property of the vocabulary
Constraint Violation in UndeclaredProperty:
	Severity: sh:Violation
	Focus Node: http://example.org/data/proc_pH_5803-2_20241127T154723
	Message: https://w3id.org/shexmap/resource/ontology-schema/d285f599-dc2e-4bd8-83f3-df21defa8821/hasPerformer is not a property of the vocabulary
Constraint Violation in UndeclaredProperty:
	Severity: sh:Violation
	Focus Node: http://example.org/data/proc_pH_5803-2_20241127T154723
	Message: https://w3id.org/shexmap/resource/ontology-schema/d285f599-dc2e-4bd8-83f3-df21defa8821/hasResult is not a property of the vocabulary
Constraint Violation in UndeclaredProperty:
	Severity: sh:Violation
	Focus Node: http://example.org/data/proc_pH_5803-2_20241127T154723
	Message: https://w3id.org/shexmap/resource/ontology-schema/d285f599-dc2e-4bd8-83f3-df21defa8821/hasStatus is not a property of the vocabulary
Constraint Violation in ClosedConstraintComponent (http://www.w3.org/ns/shacl#ClosedConstraintComponent):
	Severity: sh:Violation
	Source Shape: chr:SchemaPropertyVocabularyShape
	Focus Node: ex:BMI_39156-5_20241127T154723
	Value Node: <https://loinc.org/39156-5>
	Result Path: <https://w3id.org/shexmap/resource/ontology-schema/d285f599-dc2e-4bd8-83f3-df21defa8821/hasCode>
	Message: Only the 24 properties declared in the CHR schema (plus rdf:type and rdfs:label) may be used on an individual.
Constraint Violation in ClosedConstraintComponent (http://www.w3.org/ns/shacl#ClosedConstraintComponent):
	Severity: sh:Violation
	Source Shape: chr:SchemaPropertyVocabularyShape
	Focus Node: ex:BMI_39156-5_20241127T154723
	Value Node: <https://loinc.org/39156-5>
	Result Path: <https://w3id.org/shexmap/resource/ontology-schema/d285f599-dc2e-4bd83f3-df21defa8821/hasCode>
	Message: Only the 24 properties declared in the CHR schema (plus rdf:type and rdfs:label) may be used on an individual.
Constraint Violation in ClosedConstraintComponent (http://www.w3.org/ns/shacl#ClosedConstraintComponent):
	Severity: sh:Violation
	Source Shape: chr:SchemaPropertyVocabularyShape
	Focus Node: ex:BMI_39156-5_20241127T154723
	Value Node: Literal("2024-11-27T15:47:23+01:00" = 2024-11-27 15:47:23+01:00, datatype=xsd:dateTime)
	Result Path: <https://w3id.org/shexmap/resource/ontology-schema/d285f599-dc2e-4bd8-83f3-df21defa8821/hasMeasuredDate>
	Message: Only the 24 properties declared in the CHR schema (plus rdf:type and rdfs:label) may be used on an individual.
Constraint Violation in ClosedConstraintComponent (http://www.w3.org/ns/shacl#ClosedConstraintComponent):
	Severity: sh:Violation
	Source Shape: chr:SchemaPropertyVocabularyShape
	Focus Node: ex:BMI_39156-5_20241127T154723
	Value Node: Literal("2024-11-27T15:47:23+01:00" = 2024-11-27 15:47:23+01:00, datatype=xsd:dateTime)
	Result Path: <https://w3id.org/shexmap/resource/ontology-schema/d285f599-dc2e-4bd83f3-df21defa8821/hasMeasuredDate>
	Message: Only the 24 properties declared in the CHR schema (plus rdf:type and rdfs:label) may be used on an individual.
Constraint Violation in ClosedConstraintComponent (http://www.w3.org/ns/shacl#ClosedConstraintComponent):
	Severity: sh:Violation
	Source Shape: chr:SchemaPropertyVocabularyShape
	Focus Node: ex:BMI_39156-5_20241127T154723
	Value Node: Literal("27.45", datatype=xsd:float)
	Result Path: <https://w3id.org/shexmap/resource/ontology-schema/d285f599-dc2e-4bd8-83f3-df21defa8821/hasQuantityValue>
	Message: Only the 24 properties declared in the CHR schema (plus rdf:type and rdfs:label) may be used on an individual.
Constraint Violation in ClosedConstraintComponent (http://www.w3.org/ns/shacl#ClosedConstraintComponent):
	Severity: sh:Violation
	Source Shape: chr:SchemaPropertyVocabularyShape
	Focus Node: ex:BMI_39156-5_20241127T154723
	Value Node: Literal("27.45", datatype=xsd:float)
	Result Path: <https://w3id.org/shexmap/resource/ontology-schema/d285f599-dc2e-4bd83f3-df21defa8821/hasQuantityValue>
	Message: Only the 24 properties declared in the CHR schema (plus rdf:type and rdfs:label) may be used on an individual.
Constraint Violation in ClosedConstraintComponent (http://www.w3.org/ns/shacl#ClosedConstraintComponent):
	Severity: sh:Violation
	Source Shape: chr:SchemaPropertyVocabularyShape
	Focus Node: ex:BMI_39156-5_20241127T154723
	Value Node: ex:Unit_kgperm2
	Result Path: <https://w3id.org/shexmap/resource/ontology-schema/d285f599-dc2e-4bd8-83f3-df21defa8821/hasUnit>
	Message: Only the 24 properties declared in the CHR schema (plus rdf:type and rdfs:label) may be used on an individual.
Constraint Violation in ClosedConstraintComponent (http://www.w3.org/ns/shacl#ClosedConstraintComponent):
	Severity: sh:Violation
	Source Shape: chr:SchemaPropertyVocabularyShape
	Focus Node: ex:BMI_39156-5_20241127T154723
	Value Node: ex:Unit_kgperm2
	Result Path: <https://w3id.org/shexmap/resource/ontology-schema/d285f599-dc2e-4bd83f3-df21defa8821/hasUnit>
	Message: Only the 24 properties declared in the CHR schema (plus rdf:type and rdfs:label) may be used on an individual.
Constraint Violation in ClosedConstraintComponent (http://www.w3.org/ns/shacl#ClosedConstraintComponent):
	Severity: sh:Violation
	Source Shape: chr:SchemaPropertyVocabularyShape
	Focus Node: ex:Bilirubin_total_20505-4_20241127T154723
	Value Node: <https://loinc.org/20505-4>
	Result Path: <https://w3id.org/shexmap/resource/ontology-schema/d285f599-dc2e-4bd8-83f3-df21defa8821/hasCode>
	Message: Only the 24 properties declared in the CHR schema (plus rdf:type and rdfs:label) may be used on an individual.
Constraint Violation in ClosedConstraintComponent (http://www.w3.org/ns/shacl#ClosedConstraintComponent):
	Severity: sh:Violation
	Source Shape: chr:SchemaPropertyVocabularyShape
	Focus Node: ex:Bilirubin_total_20505-4_20241127T154723
	Value Node: <https://loinc.org/20505-4>
	Result Path: <https://w3id.org/shexmap/resource/ontology-schema/d285f599-dc2e-4bd83f3-df21defa8821/hasCode>
	Message: Only the 24 properties declared in the CHR schema (plus rdf:type and rdfs:label) may be used on an individual.
Constraint Violation in ClosedConstraintComponent (http://www.w3.org/ns/shacl#ClosedConstraintComponent):
	Severity: sh:Violation
	Source Shape: chr:SchemaPropertyVocabularyShape
	Focus Node: ex:Bilirubin_total_20505-4_20241127T154723
	Value Node: Literal("1.4488", datatype=xsd:float)
	Result Path: <https://w3id.org/shexmap/resource/ontology-schema/d285f599-dc2e-4bd8-83f3-df21defa8821/hasQuantityValue>
	Message: Only the 24 properties declared in the CHR schema (plus rdf:type and rdfs:label) may be used on an individual.
Constraint Violation in ClosedConstraintComponent (http://www.w3.org/ns/shacl#ClosedConstraintComponent):
	Severity: sh:Violation
	Source Shape: chr:SchemaPropertyVocabularyShape
	Focus Node: ex:Bilirubin_total_20505-4_20241127T154723
	Value Node: Literal("1.4488", datatype=xsd:float)
	Result Path: <https://w3id.org/shexmap/resource/ontology-schema/d285f599-dc2e-4bd83f3-df21defa8821/hasQuantityValue>
	Message: Only the 24 properties declared in the CHR schema (plus rdf:type and rdfs:label) may be used on an individual.
Constraint Violation in ClosedConstraintComponent (http://www.w3.org/ns/shacl#ClosedConstraintComponent):
	Severity: sh:Violation
	Source Shape: chr:SchemaPropertyVocabularyShape
	Focus Node: ex:Bilirubin_total_20505-4_20241127T154723
	Value Node: Literal("2024-11-27T15:47:23+01:00" = 2024-11-27 15:47:23+01:00, datatype=xsd:dateTime)
	Result Path: <https://w3id.org/shexmap/resource/ontology-schema/d285f599-dc2e-4bd8-83f3-df21defa8821/hasMeasuredDate>
	Message: Only the 24 properties declared in the CHR schema (plus rdf:type and rdfs:label) may be used on an individual.
Constraint Violation in ClosedConstraintComponent (http://www.w3.org/ns/shacl#ClosedConstraintComponent):
	Severity: sh:Violation
	Source Shape: chr:SchemaPropertyVocabularyShape
	Focus Node: ex:Bilirubin_total_20505-4_20241127T154723
	Value Node: Literal("2024-11-27T15:47:23+01:00" = 2024-11-27 15:47:23+01:00, datatype=xsd:dateTime)
	Result Path: <https://w3id.org/shexmap/resource/ontology-schema/d285f599-dc2e-4bd83f3-df21defa8821/hasMeasuredDate>
	Message: Only the 24 properties declared in the CHR schema (plus rdf:type and rdfs:label) may be used on an individual.
Constraint Violation in ClosedConstraintComponent (http://www.w3.org/ns/shacl#ClosedConstraintComponent):
	Severity: sh:Violation
	Source Shape: chr:SchemaPropertyVocabularyShape
	Focus Node: ex:Bilirubin_total_20505-4_20241127T154723
	Value Node: ex:Unit_mgperdL
	Result Path: <https://w3id.org/shexmap/resource/ontology-schema/d285f599-dc2e-4bd8-83f3-df21defa8821/hasUnit>
	Message: Only the 24 properties declared in the CHR schema (plus rdf:type and rdfs:label) may be used on an individual.
Constraint Violation in ClosedConstraintComponent (http://www.w3.org/ns/shacl#ClosedConstraintComponent):
	Severity: sh:Violation
	Source Shape: chr:SchemaPropertyVocabularyShape
	Focus Node: ex:Bilirubin_total_20505-4_20241127T154723
	Value Node: ex:Unit_mgperdL
	Result Path: <https://w3id.org/shexmap/resource/ontology-schema/d285f599-dc2e-4bd83f3-df21defa8821/hasUnit>
	Message: Only the 24 properties declared in the CHR schema (plus rdf:type and rdfs:label) may be used on an individual.
Constraint Violation in ClosedConstraintComponent (http://www.w3.org/ns/shacl#ClosedConstraintComponent):
	Severity: sh:Violation
	Source Shape: chr:SchemaPropertyVocabularyShape
	Focus Node: ex:Body_Height_8302-2_20241127T154723
	Value Node: <https://loinc.org/8302-2>
	Result Path: <https://w3id.org/shexmap/resource/ontology-schema/d285f599-dc2e-4bd8-83f3-df21defa8821/hasCode>
	Message: Only the 24 properties declared in the CHR schema (plus rdf:type and rdfs:label) may be used on an individual.
Constraint Violation in ClosedConstraintComponent (http://www.w3.org/ns/shacl#ClosedConstraintComponent):
	Severity: sh:Violation
	Source Shape: chr:SchemaPropertyVocabularyShape
	Focus Node: ex:Body_Height_8302-2_20241127T154723
	Value Node: <https://loinc.org/8302-2>
	Result Path: <https://w3id.org/shexmap/resource/ontology-schema/d285f599-dc2e-4bd83f3-df21defa8821/hasCode>
	Message: Only the 24 properties declared in the CHR schema (plus rdf:type and rdfs:label) may be used on an individual.
Constraint Violation in ClosedConstraintComponent (http://www.w3.org/ns/shacl#ClosedConstraintComponent):
	Severity: sh:Violation
	Source Shape: chr:SchemaPropertyVocabularyShape
	Focus Node: ex:Body_Height_8302-2_20241127T154723
	Value Node: Literal("177.0", datatype=xsd:float)
	Result Path: <https://w3id.org/shexmap/resource/ontology-schema/d285f599-dc2e-4bd8-83f3-df21defa8821/hasQuantityValue>
	Message: Only the 24 properties declared in the CHR schema (plus rdf:type and rdfs:label) may be used on an individual.
Constraint Violation in ClosedConstraintComponent (http://www.w3.org/ns/shacl#ClosedConstraintComponent):
	Severity: sh:Violation
	Source Shape: chr:SchemaPropertyVocabularyShape
	Focus Node: ex:Body_Height_8302-2_20241127T154723
	Value Node: Literal("177.0", datatype=xsd:float)
	Result Path: <https://w3id.org/shexmap/resource/ontology-schema/d285f599-dc2e-4bd83f3-df21defa8821/hasQuantityValue>
	Message: Only the 24 properties declared in the CHR schema (plus rdf:type and rdfs:label) may be used on an individual.
Constraint Violation in ClosedConstraintComponent (http://www.w3.org/ns/shacl#ClosedConstraintComponent):
	Severity: sh:Violation
	Source Shape: chr:SchemaPropertyVocabularyShape
	Focus Node: ex:Body_Height_8302-2_20241127T154723
	Value Node: Literal("2024-11-27T15:47:23+01:00" = 2024-11-27 15:47:23+01:00, datatype=xsd:dateTime)
	Result Path: <https://w3id.org/shexmap/resource/ontology-schema/d285f599-dc2e-4bd8-83f3-df21defa8821/hasMeasuredDate>
	Message: Only the 24 properties declared in the CHR schema (plus rdf:type and rdfs:label) may be used on an individual.
Constraint Violation in ClosedConstraintComponent (http://www.w3.org/ns/shacl#ClosedConstraintComponent):
	Severity: sh:Violation
	Source Shape: chr:SchemaPropertyVocabularyShape
	Focus Node: ex:Body_Height_8302-2_20241127T154723
	Value Node: Literal("2024-11-27T15:47:23+01:00" = 2024-11-27 15:47:23+01:00, datatype=xsd:dateTime)
	Result Path: <https://w3id.org/shexmap/resource/ontology-schema/d285f599-dc2e-4bd83f3-df21defa8821/hasMeasuredDate>
	Message: Only the 24 properties declared in the CHR schema (plus rdf:type and rdfs:label) may be used on an individual.
Constraint Violation in ClosedConstraintComponent (http://www.w3.org/ns/shacl#ClosedConstraintComponent):
	Severity: sh:Violation
	Source Shape: chr:SchemaPropertyVocabularyShape
	Focus Node: ex:Body_Height_8302-2_20241127T154723
	Value Node: ex:Unit_cm
	Result Path: <https://w3id.org/shexmap/resource/ontology-schema/d285f599-dc2e-4bd8-83f3-df21defa8821/hasUnit>
	Message: Only the 24 properties declared in the CHR schema (plus rdf:type and rdfs:label) may be used on an individual.
Constraint Violation in ClosedConstraintComponent (http://www.w3.org/ns/shacl#ClosedConstraintComponent):
	Severity: sh:Violation
	Source Shape: chr:SchemaPropertyVocabularyShape
	Focus Node: ex:Body_Height_8302-2_20241127T154723
	Value Node: ex:Unit_cm
	Result Path: <https://w3id.org/shexmap/resource/ontology-schema/d285f599-dc2e-4bd83f3-df21defa8821/hasUnit>
	Message: Only the 24 properties declared in the CHR schema (plus rdf:type and rdfs:label) may be used on an individual.
Constraint Violation in ClosedConstraintComponent (http://www.w3.org/ns/shacl#ClosedConstraintComponent):
	Severity: sh:Violation
	Source Shape: chr:SchemaPropertyVocabularyShape
	Focus Node: ex:Body_Weight_29463-7_20241127T154723
	Value Node: <https://loinc.org/29463-7>
	Result Path: <https://w3id.org/shexmap/resource/ontology-schema/d285f599-dc2e-4bd8-83f3-df21defa8821/hasCode>
	Message: Only the 24 properties declared in the CHR schema (plus rdf:type and rdfs:label) may be used on an individual.
Constraint Violation in ClosedConstraintComponent (http://www.w3.org/ns/shacl#ClosedConstraintComponent):
	Severity: sh:Violation
	Source Shape: chr:SchemaPropertyVocabularyShape
	Focus Node: ex:Body_Weight_29463-7_20241127T154723
	Value Node: <https://loinc.org/29463-7>
	Result Path: <https://w3id.org/shexmap/resource/ontology-schema/d285f599-dc2e-4bd83f3-df21defa8821/hasCode>
	Message: Only the 24 properties declared in the CHR schema (plus rdf:type and rdfs:label) may be used on an individual.
Constraint Violation in ClosedConstraintComponent (http://www.w3.org/ns/shacl#ClosedConstraintComponent):
	Severity: sh:Violation
	Source Shape: chr:SchemaPropertyVocabularyShape
	Focus Node: ex:Body_Weight_29463-7_20241127T154723
	Value Node: Literal("2024-11-27T15:47:23+01:00" = 2024-11-27 15:47:23+01:00, datatype=xsd:dateTime)
	Result Path: <https://w3id.org/shexmap/resource/ontology-schema/d285f599-dc2e-4bd8-83f3-df21defa8821/hasMeasuredDate>
	Message: Only the 24 properties declared in the CHR schema (plus rdf:type and rdfs:label) may be used on an individual.
Constraint Violation in ClosedConstraintComponent (http://www.w3.org/ns/shacl#ClosedConstraintComponent):
	Severity: sh:Violation
	Source Shape: chr:SchemaPropertyVocabularyShape
	Focus Node: ex:Body_Weight_29463-7_20241127T154723
	Value Node: Literal("2024-11-27T15:47:23+01:00" = 2024-11-27 15:47:23+01:00, datatype=xsd:dateTime)
	Result Path: <https://w3id.org/shexmap/resource/ontology-schema/d285f599-dc2e-4bd83f3-df21defa8821/hasMeasuredDate>
	Message: Only the 24 properties declared in the CHR schema (plus rdf:type and rdfs:label) may be used on an individual.
Constraint Violation in ClosedConstraintComponent (http://www.w3.org/ns/shacl#ClosedConstraintComponent):
	Severity: sh:Violation
	Source Shape: chr:SchemaPropertyVocabularyShape
	Focus Node: ex:Body_Weight_29463-7_20241127T154723
	Value Node: Literal("86.0", datatype=xsd:float)
	Result Path: <https://w3id.org/shexmap/resource/ontology-schema/d285f599-dc2e-4bd8-83f3-df21defa8821/hasQuantityValue>
	Message: Only the 24 properties declared in the CHR schema (plus rdf:type and rdfs:label) may be used on an individual.
Constraint Violation in ClosedConstraintComponent (http://www.w3.org/ns/shacl#ClosedConstraintComponent):
	Severity: sh:Violation
	Source Shape: chr:SchemaPropertyVocabularyShape
	Focus Node: ex:Body_Weight_29463-7_20241127T154723
	Value Node: Literal("86.0", datatype=xsd:float)
	Result Path: <https://w3id.org/shexmap/resource/ontology-schema/d285f599-dc2e-4bd83f3-df21defa8821/hasQuantityValue>
	Message: Only the 24 properties declared in the CHR schema (plus rdf:type and rdfs:label) may be used on an individual.
Constraint Violation in ClosedConstraintComponent (http://www.w3.org/ns/shacl#ClosedConstraintComponent):
	Severity: sh:Violation
	Source Shape: chr:SchemaPropertyVocabularyShape
	Focus Node: ex:Body_Weight_29463-7_20241127T154723
	Value Node: ex:Unit_kg
	Result Path: <https://w3id.org/shexmap/resource/ontology-schema/d285f599-dc2e-4bd8-83f3-df21defa8821/hasUnit>
	Message: Only the 24 properties declared in the CHR schema (plus rdf:type and rdfs:label) may be used on an individual.
Constraint Violation in ClosedConstraintComponent (http://www.w3.org/ns/shacl#ClosedConstraintComponent):
	Severity: sh:Violation
	Source Shape: chr:SchemaPropertyVocabularyShape
	Focus Node: ex:Body_Weight_29463-7_20241127T154723
	Value Node: ex:Unit_kg
	Result Path: <https://w3id.org/shexmap/resource/ontology-schema/d285f599-dc2e-4bd83f3-df21defa8821/hasUnit>
	Message: Only the 24 properties declared in the CHR schema (plus rdf:type and rdfs:label) may be used on an individual.
Constraint Violation in ClosedConstraintComponent (http://www.w3.org/ns/shacl#ClosedConstraintComponent):
	Severity: sh:Violation
	Source Shape: chr:SchemaPropertyVocabularyShape
	Focus Node: ex:Calcium_17861-6_20241127T154723
	Value Node: <https://loinc.org/17861-6>
	Result Path: <https://w3id.org/shexmap/resource/ontology-schema/d285f599-dc2e-4bd8-83f3-df21defa8821/hasCode>
	Message: Only the 24 properties declared in the CHR schema (plus rdf:type and rdfs:label) may be used on an individual.
Constraint Violation in ClosedConstraintComponent (http://www.w3.org/ns/shacl#ClosedConstraintComponent):
	Severity: sh:Violation
	Source Shape: chr:SchemaPropertyVocabularyShape
	Focus Node: ex:Calcium_17861-6_20241127T154723
	Value Node: <https://loinc.org/17861-6>
	Result Path: <https://w3id.org/shexmap/resource/ontology-schema/d285f599-dc2e-4bd83f3-df21defa8821/hasCode>
	Message: Only the 24 properties declared in the CHR schema (plus rdf:type and rdfs:label) may be used on an individual.
Constraint Violation in ClosedConstraintComponent (http://www.w3.org/ns/shacl#ClosedConstraintComponent):
	Severity: sh:Violation
	Source Shape: chr:SchemaPropertyVocabularyShape
	Focus Node: ex:Calcium_17861-6_20241127T154723
	Value Node: Literal("2024-11-27T15:47:23+01:00" = 2024-11-27 15:47:23+01:00, datatype=xsd:dateTime)
	Result Path: <https://w3id.org/shexmap/resource/ontology-schema/d285f599-dc2e-4bd8-83f3-df21defa8821/hasMeasuredDate>
	Message: Only the 24 properties declared in the CHR schema (plus rdf:type and rdfs:label) may be used on an individual.
Constraint Violation in ClosedConstraintComponent (http://www.w3.org/ns/shacl#ClosedConstraintComponent):
	Severity: sh:Violation
	Source Shape: chr:SchemaPropertyVocabularyShape
	Focus Node: ex:Calcium_17861-6_20241127T154723
	Value Node: Literal("2024-11-27T15:47:23+01:00" = 2024-11-27 15:47:23+01:00, datatype=xsd:dateTime)
	Result Path: <https://w3id.org/shexmap/resource/ontology-schema/d285f599-dc2e-4bd83f3-df21defa8821/hasMeasuredDate>
	Message: Only the 24 properties declared in the CHR schema (plus rdf:type and rdfs:label) may be used on an individual.
Constraint Violation in ClosedConstraintComponent (http://www.w3.org/ns/shacl#ClosedConstraintComponent):
	Severity: sh:Violation
	Source Shape: chr:SchemaPropertyVocabularyShape
	Focus Node: ex:Calcium_17861-6_20241127T154723
	Value Node: Literal("9.77", datatype=xsd:float)
	Result Path: <https://w3id.org/shexmap/resource/ontology-schema/d285f599-dc2e-4bd8-83f3-df21defa8821/hasQuantityValue>
	Message: Only the 24 properties declared in the CHR schema (plus rdf:type and rdfs:label) may be used on an individual.
Constraint Violation in ClosedConstraintComponent (http://www.w3.org/ns/shacl#ClosedConstraintComponent):
	Severity: sh:Violation
	Source Shape: chr:SchemaPropertyVocabularyShape
	Focus Node: ex:Calcium_17861-6_20241127T154723
	Value Node: Literal("9.77", datatype=xsd:float)
	Result Path: <https://w3id.org/shexmap/resource/ontology-schema/d285f599-dc2e-4bd83f3-df21defa8821/hasQuantityValue>
	Message: Only the 24 properties declared in the CHR schema (plus rdf:type and rdfs:label) may be used on an individual.
Constraint Violation in ClosedConstraintComponent (http://www.w3.org/ns/shacl#ClosedConstraintComponent):
	Severity: sh:Violation
	Source Shape: chr:SchemaPropertyVocabularyShape
	Focus Node: ex:Calcium_17861-6_20241127T154723
	Value Node: ex:Unit_mgperdL
	Result Path: <https://w3id.org/shexmap/resource/ontology-schema/d285f599-dc2e-4bd8-83f3-df21defa8821/hasUnit>
	Message: Only the 24 properties declared in the CHR schema (plus rdf:type and rdfs:label) may be used on an individual.
Constraint Violation in ClosedConstraintComponent (http://www.w3.org/ns/shacl#ClosedConstraintComponent):
	Severity: sh:Violation
	Source Shape: chr:SchemaPropertyVocabularyShape
	Focus Node: ex:Calcium_17861-6_20241127T154723
	Value Node: ex:Unit_mgperdL
	Result Path: <https://w3id.org/shexmap/resource/ontology-schema/d285f599-dc2e-4bd83f3-df21defa8821/hasUnit>
	Message: Only the 24 properties declared in the CHR schema (plus rdf:type and rdfs:label) may be used on an individual.
Constraint Violation in ClosedConstraintComponent (http://www.w3.org/ns/shacl#ClosedConstraintComponent):
	Severity: sh:Violation
	Source Shape: chr:SchemaPropertyVocabularyShape
	Focus Node: ex:Calcium_49765-1_20241127T154723
	Value Node: <https://loinc.org/49765-1>
	Result Path: <https://w3id.org/shexmap/resource/ontology-schema/d285f599-dc2e-4bd8-83f3-df21defa8821/hasCode>
	Message: Only the 24 properties declared in the CHR schema (plus rdf:type and rdfs:label) may be used on an individual.
Constraint Violation in ClosedConstraintComponent (http://www.w3.org/ns/shacl#ClosedConstraintComponent):
	Severity: sh:Violation
	Source Shape: chr:SchemaPropertyVocabularyShape
	Focus Node: ex:Calcium_49765-1_20241127T154723
	Value Node: <https://loinc.org/49765-1>
	Result Path: <https://w3id.org/shexmap/resource/ontology-schema/d285f599-dc2e-4bd83f3-df21defa8821/hasCode>
	Message: Only the 24 properties declared in the CHR schema (plus rdf:type and rdfs:label) may be used on an individual.
Constraint Violation in ClosedConstraintComponent (http://www.w3.org/ns/shacl#ClosedConstraintComponent):
	Severity: sh:Violation
	Source Shape: chr:SchemaPropertyVocabularyShape
	Focus Node: ex:Calcium_49765-1_20241127T154723
	Value Node: Literal("2024-11-27T15:47:23+01:00" = 2024-11-27 15:47:23+01:00, datatype=xsd:dateTime)
	Result Path: <https://w3id.org/shexmap/resource/ontology-schema/d285f599-dc2e-4bd8-83f3-df21defa8821/hasMeasuredDate>
	Message: Only the 24 properties declared in the CHR schema (plus rdf:type and rdfs:label) may be used on an individual.
Constraint Violation in ClosedConstraintComponent (http://www.w3.org/ns/shacl#ClosedConstraintComponent):
	Severity: sh:Violation
	Source Shape: chr:SchemaPropertyVocabularyShape
	Focus Node: ex:Calcium_49765-1_20241127T154723
	Value Node: Literal("2024-11-27T15:47:23+01:00" = 2024-11-27 15:47:23+01:00, datatype=xsd:dateTime)
	Result Path: <https://w3id.org/shexmap/resource/ontology-schema/d285f599-dc2e-4bd83f3-df21defa8821/hasMeasuredDate>
	Message: Only the 24 properties declared in the CHR schema (plus rdf:type and rdfs:label) may be used on an individual.
Constraint Violation in ClosedConstraintComponent (http://www.w3.org/ns/shacl#ClosedConstraintComponent):
	Severity: sh:Violation
	Source Shape: chr:SchemaPropertyVocabularyShape
	Focus Node: ex:Calcium_49765-1_20241127T154723
	Value Node: Literal("9.77", datatype=xsd:float)
	Result Path: <https://w3id.org/shexmap/resource/ontology-schema/d285f599-dc2e-4bd8-83f3-df21defa8821/hasQuantityValue>
	Message: Only the 24 properties declared in the CHR schema (plus rdf:type and rdfs:label) may be used on an individual.
Constraint Violation in ClosedConstraintComponent (http://www.w3.org/ns/shacl#ClosedConstraintComponent):
	Severity: sh:Violation
	Source Shape: chr:SchemaPropertyVocabularyShape
	Focus Node: ex:Calcium_49765-1_20241127T154723
	Value Node: Literal("9.77", datatype=xsd:float)
	Result Path: <https://w3id.org/shexmap/resource/ontology-schema/d285f599-dc2e-4bd83f3-df21defa8821/hasQuantityValue>
	Message: Only the 24 properties declared in the CHR schema (plus rdf:type and rdfs:label) may be used on an individual.
Constraint Violation in ClosedConstraintComponent (http://www.w3.org/ns/shacl#ClosedConstraintComponent):
	Severity: sh:Violation
	Source Shape: chr:SchemaPropertyVocabularyShape
	Focus Node: ex:Calcium_49765-1_20241127T154723
	Value Node: ex:Unit_mgperdL
	Result Path: <https://w3id.org/shexmap/resource/ontology-schema/d285f599-dc2e-4bd8-83f3-df21defa8821/hasUnit>
	Message: Only the 24 properties declared in the CHR schema (plus rdf:type and rdfs:label) may be used on an individual.
Constraint Violation in ClosedConstraintComponent (http://www.w3.org/ns/shacl#ClosedConstraintComponent):
	Severity: sh:Violation
	Source Shape: chr:SchemaPropertyVocabularyShape
	Focus Node: ex:Calcium_49765-1_20241127T154723
	Value Node: ex:Unit_mgperdL
	Result Path: <https://w3id.org/shexmap/resource/ontology-schema/d285f599-dc2e-4bd83f3-df21defa8821/hasUnit>
	Message: Only the 24 properties declared in the CHR schema (plus rdf:type and rdfs:label) may be used on an individual.
Constraint Violation in ClosedConstraintComponent (http://www.w3.org/ns/shacl#ClosedConstraintComponent):
	Severity: sh:Violation
	Source Shape: chr:SchemaPropertyVocabularyShape
	Focus Node: ex:Carbon_dioxide_total_2028-9_20241127T154723
	Value Node: <https://loinc.org/2028-9>
	Result Path: <https://w3id.org/shexmap/resource/ontology-schema/d285f599-dc2e-4bd8-83f3-df21defa8821/hasCode>
	Message: Only the 24 properties declared in the CHR schema (plus rdf:type and rdfs:label) may be used on an individual.
Constraint Violation in ClosedConstraintComponent (http://www.w3.org/ns/shacl#ClosedConstraintComponent):
	Severity: sh:Violation
	Source Shape: chr:SchemaPropertyVocabularyShape
	Focus Node: ex:Carbon_dioxide_total_2028-9_20241127T154723
	Value Node: <https://loinc.org/2028-9>
	Result Path: <https://w3id.org/shexmap/resource/ontology-schema/d285f599-dc2e-4bd83f3-df21defa8821/hasCode>
	Message: Only the 24 properties declared in the CHR schema (plus rdf:type and rdfs:label) may be used on an individual.
Constraint Violation in ClosedConstraintComponent (http://www.w3.org/ns/shacl#ClosedConstraintComponent):
	Severity: sh:Violation
	Source Shape: chr:SchemaPropertyVocabularyShape
	Focus Node: ex:Carbon_dioxide_total_2028-9_20241127T154723
	Value Node: Literal("2024-11-27T15:47:23+01:00" = 2024-11-27 15:47:23+01:00, datatype=xsd:dateTime)
	Result Path: <https://w3id.org/shexmap/resource/ontology-schema/d285f599-dc2e-4bd8-83f3-df21defa8821/hasMeasuredDate>
	Message: Only the 24 properties declared in the CHR schema (plus rdf:type and rdfs:label) may be used on an individual.
Constraint Violation in ClosedConstraintComponent (http://www.w3.org/ns/shacl#ClosedConstraintComponent):
	Severity: sh:Violation
	Source Shape: chr:SchemaPropertyVocabularyShape
	Focus Node: ex:Carbon_dioxide_total_2028-9_20241127T154723
	Value Node: Literal("2024-11-27T15:47:23+01:00" = 2024-11-27 15:47:23+01:00, datatype=xsd:dateTime)
	Result Path: <https://w3id.org/shexmap/resource/ontology-schema/d285f599-dc2e-4bd83f3-df21defa8821/hasMeasuredDate>
	Message: Only the 24 properties declared in the CHR schema (plus rdf:type and rdfs:label) may be used on an individual.
Constraint Violation in ClosedConstraintComponent (http://www.w3.org/ns/shacl#ClosedConstraintComponent):
	Severity: sh:Violation
	Source Shape: chr:SchemaPropertyVocabularyShape
	Focus Node: ex:Carbon_dioxide_total_2028-9_20241127T154723
	Value Node: Literal("22.42", datatype=xsd:float)
	Result Path: <https://w3id.org/shexmap/resource/ontology-schema/d285f599-dc2e-4bd8-83f3-df21defa8821/hasQuantityValue>
	Message: Only the 24 properties declared in the CHR schema (plus rdf:type and rdfs:label) may be used on an individual.
Constraint Violation in ClosedConstraintComponent (http://www.w3.org/ns/shacl#ClosedConstraintComponent):
	Severity: sh:Violation
	Source Shape: chr:SchemaPropertyVocabularyShape
	Focus Node: ex:Carbon_dioxide_total_2028-9_20241127T154723
	Value Node: Literal("22.42", datatype=xsd:float)
	Result Path: <https://w3id.org/shexmap/resource/ontology-schema/d285f599-dc2e-4bd83f3-df21defa8821/hasQuantityValue>
	Message: Only the 24 properties declared in the CHR schema (plus rdf:type and rdfs:label) may be used on an individual.
Constraint Violation in ClosedConstraintComponent (http://www.w3.org/ns/shacl#ClosedConstraintComponent):
	Severity: sh:Violation
	Source Shape: chr:SchemaPropertyVocabularyShape
	Focus Node: ex:Carbon_dioxide_total_2028-9_20241127T154723
	Value Node: ex:Unit_mmolperL
	Result Path: <https://w3id.org/shexmap/resource/ontology-schema/d285f599-dc2e-4bd8-83f3-df21defa8821/hasUnit>
	Message: Only the 24 properties declared in the CHR schema (plus rdf:type and rdfs:label) may be used on an individual.
Constraint Violation in ClosedConstraintComponent (http://www.w3.org/ns/shacl#ClosedConstraintComponent):
	Severity: sh:Violation
	Source Shape: chr:SchemaPropertyVocabularyShape
	Focus Node: ex:Carbon_dioxide_total_2028-9_20241127T154723
	Value Node: ex:Unit_mmolperL
	Result Path: <https://w3id.org/shexmap/resource/ontology-schema/d285f599-dc2e-4bd83f3-df21defa8821/hasUnit>
	Message: Only the 24 properties declared in the CHR schema (plus rdf:type and rdfs:label) may be used on an individual.
Constraint Violation in ClosedConstraintComponent (http://www.w3.org/ns/shacl#ClosedConstraintComponent):
	Severity: sh:Violation
	Source Shape: chr:SchemaPropertyVocabularyShape
	Focus Node: ex:Carbon_dioxide_total_20565-8_20241127T154723
	Value Node: <https://loinc.org/20565-8>
	Result Path: <https://w3id.org/shexmap/resource/ontology-schema/d285f599-dc2e-4bd8-83f3-df21defa8821/hasCode>
	Message: Only the 24 properties declared in the CHR schema (plus rdf:type and rdfs:label) may be used on an individual.
Constraint Violation in ClosedConstraintComponent (http://www.w3.org/ns/shacl#ClosedConstraintComponent):
	Severity: sh:Violation
	Source Shape: chr:SchemaPropertyVocabularyShape
	Focus Node: ex:Carbon_dioxide_total_20565-8_20241127T154723
	Value Node: <https://loinc.org/20565-8>
	Result Path: <https://w3id.org/shexmap/resource/ontology-schema/d285f599-dc2e-4bd83f3-df21defa8821/hasCode>
	Message: Only the 24 properties declared in the CHR schema (plus rdf:type and rdfs:label) may be used on an individual.
Constraint Violation in ClosedConstraintComponent (http://www.w3.org/ns/shacl#ClosedConstraintComponent):
	Severity: sh:Violation
	Source Shape: chr:SchemaPropertyVocabularyShape
	Focus Node: ex:Carbon_dioxide_total_20565-8_20241127T154723
	Value Node: Literal("2024-11-27T15:47:23+01:00" = 2024-11-27 15:47:23+01:00, datatype=xsd:dateTime)
	Result Path: <https://w3id.org/shexmap/resource/ontology-schema/d285f599-dc2e-4bd8-83f3-df21defa8821/hasMeasuredDate>
	Message: Only the 24 properties declared in the CHR schema (plus rdf:type and rdfs:label) may be used on an individual.
Constraint Violation in ClosedConstraintComponent (http://www.w3.org/ns/shacl#ClosedConstraintComponent):
	Severity: sh:Violation
	Source Shape: chr:SchemaPropertyVocabularyShape
	Focus Node: ex:Carbon_dioxide_total_20565-8_20241127T154723
	Value Node: Literal("2024-11-27T15:47:23+01:00" = 2024-11-27 15:47:23+01:00, datatype=xsd:dateTime)
	Result Path: <https://w3id.org/shexmap/resource/ontology-schema/d285f599-dc2e-4bd83f3-df21defa8821/hasMeasuredDate>
	Message: Only the 24 properties declared in the CHR schema (plus rdf:type and rdfs:label) may be used on an individual.
Constraint Violation in ClosedConstraintComponent (http://www.w3.org/ns/shacl#ClosedConstraintComponent):
	Severity: sh:Violation
	Source Shape: chr:SchemaPropertyVocabularyShape
	Focus Node: ex:Carbon_dioxide_total_20565-8_20241127T154723
	Value Node: Literal("22.42", datatype=xsd:float)
	Result Path: <https://w3id.org/shexmap/resource/ontology-schema/d285f599-dc2e-4bd8-83f3-df21defa8821/hasQuantityValue>
	Message: Only the 24 properties declared in the CHR schema (plus rdf:type and rdfs:label) may be used on an individual.
Constraint Violation in ClosedConstraintComponent (http://www.w3.org/ns/shacl#ClosedConstraintComponent):
	Severity: sh:Violation
	Source Shape: chr:SchemaPropertyVocabularyShape
	Focus Node: ex:Carbon_dioxide_total_20565-8_20241127T154723
	Value Node: Literal("22.42", datatype=xsd:float)
	Result Path: <https://w3id.org/shexmap/resource/ontology-schema/d285f599-dc2e-4bd83f3-df21defa8821/hasQuantityValue>
	Message: Only the 24 properties declared in the CHR schema (plus rdf:type and rdfs:label) may be used on an individual.
Constraint Violation in ClosedConstraintComponent (http://www.w3.org/ns/shacl#ClosedConstraintComponent):
	Severity: sh:Violation
	Source Shape: chr:SchemaPropertyVocabularyShape
	Focus Node: ex:Carbon_dioxide_total_20565-8_20241127T154723
	Value Node: ex:Unit_mmolperL
	Result Path: <https://w3id.org/shexmap/resource/ontology-schema/d285f599-dc2e-4bd8-83f3-df21defa8821/hasUnit>
	Message: Only the 24 properties declared in the CHR schema (plus rdf:type and rdfs:label) may be used on an individual.
Constraint Violation in ClosedConstraintComponent (http://www.w3.org/ns/shacl#ClosedConstraintComponent):
	Severity: sh:Violation
	Source Shape: chr:SchemaPropertyVocabularyShape
	Focus Node: ex:Carbon_dioxide_total_20565-8_20241127T154723
	Value Node: ex:Unit_mmolperL
	Result Path: <https://w3id.org/shexmap/resource/ontology-schema/d285f599-dc2e-4bd83f3-df21defa8821/hasUnit>
	Message: Only the 24 properties declared in the CHR schema (plus rdf:type and rdfs:label) may be used on an individual.
Constraint Violation in ClosedConstraintComponent (http://www.w3.org/ns/shacl#ClosedConstraintComponent):
	Severity: sh:Violation
	Source Shape: chr:SchemaPropertyVocabularyShape
	Focus Node: ex:Chloride_2069-3_20241127T154723
	Value Node: <https://loinc.org/2069-3>
	Result Path: <https://w3id.org/shexmap/resource/ontology-schema/d285f599-dc2e-4bd8-83f3-df21defa8821/hasCode>
	Message: Only the 24 properties declared in the CHR schema (plus rdf:type and rdfs:label) may be used on an individual.
Constraint Violation in ClosedConstraintComponent (http://www.w3.org/ns/shacl#ClosedConstraintComponent):
	Severity: sh:Violation
	Source Shape: chr:SchemaPropertyVocabularyShape
	Focus Node: ex:Chloride_2069-3_20241127T154723
	Value Node: <https://loinc.org/2069-3>
	Result Path: <https://w3id.org/shexmap/resource/ontology-schema/d285f599-dc2e-4bd83f3-df21defa8821/hasCode>
	Message: Only the 24 properties declared in the CHR schema (plus rdf:type and rdfs:label) may be used on an individual.
Constraint Violation in ClosedConstraintComponent (http://www.w3.org/ns/shacl#ClosedConstraintComponent):
	Severity: sh:Violation
	Source Shape: chr:SchemaPropertyVocabularyShape
	Focus Node: ex:Chloride_2069-3_20241127T154723
	Value Node: Literal("101.76", datatype=xsd:float)
	Result Path: <https://w3id.org/shexmap/resource/ontology-schema/d285f599-dc2e-4bd8-83f3-df21defa8821/hasQuantityValue>
	Message: Only the 24 properties declared in the CHR schema (plus rdf:type and rdfs:label) may be used on an individual.
Constraint Violation in ClosedConstraintComponent (http://www.w3.org/ns/shacl#ClosedConstraintComponent):
	Severity: sh:Violation
	Source Shape: chr:SchemaPropertyVocabularyShape
	Focus Node: ex:Chloride_2069-3_20241127T154723
	Value Node: Literal("101.76", datatype=xsd:float)
	Result Path: <https://w3id.org/shexmap/resource/ontology-schema/d285f599-dc2e-4bd83f3-df21defa8821/hasQuantityValue>
	Message: Only the 24 properties declared in the CHR schema (plus rdf:type and rdfs:label) may be used on an individual.
Constraint Violation in ClosedConstraintComponent (http://www.w3.org/ns/shacl#ClosedConstraintComponent):
	Severity: sh:Violation
	Source Shape: chr:SchemaPropertyVocabularyShape
	Focus Node: ex:Chloride_2069-3_20241127T154723
	Value Node: Literal("2024-11-27T15:47:23+01:00" = 2024-11-27 15:47:23+01:00, datatype=xsd:dateTime)
	Result Path: <https://w3id.org/shexmap/resource/ontology-schema/d285f599-dc2e-4bd8-83f3-df21defa8821/hasMeasuredDate>
	Message: Only the 24 properties declared in the CHR schema (plus rdf:type and rdfs:label) may be used on an individual.
Constraint Violation in ClosedConstraintComponent (http://www.w3.org/ns/shacl#ClosedConstraintComponent):
	Severity: sh:Violation
	Source Shape: chr:SchemaPropertyVocabularyShape
	Focus Node: ex:Chloride_2069-3_20241127T154723
	Value Node: Literal("2024-11-27T15:47:23+01:00" = 2024-11-27 15:47:23+01:00, datatype=xsd:dateTime)
	Result Path: <https://w3id.org/shexmap/resource/ontology-schema/d285f599-dc2e-4bd83f3-df21defa8821/hasMeasuredDate>
	Message: Only the 24 properties declared in the CHR schema (plus rdf:type and rdfs:label) may be used on an individual.
Constraint Violation in ClosedConstraintComponent (http://www.w3.org/ns/shacl#ClosedConstraintComponent):
	Severity: sh:Violation
	Source Shape: chr:SchemaPropertyVocabularyShape
	Focus Node: ex:Chloride_2069-3_20241127T154723
	Value Node: ex:Unit_mmolperL
	Result Path: <https://w3id.org/shexmap/resource/ontology-schema/d285f599-dc2e-4bd8-83f3-df21defa8821/hasUnit>
	Message: Only the 24 properties declared in the CHR schema (plus rdf:type and rdfs:label) may be used on an individual.
Constraint Violation in ClosedConstraintComponent (http://www.w3.org/ns/shacl#ClosedConstraintComponent):
	Severity: sh:Violation
	Source Shape: chr:SchemaPropertyVocabularyShape
	Focus Node: ex:Chloride_2069-3_20241127T154723
	Value Node: ex:Unit_mmolperL
	Result Path: <https://w3id.org/shexmap/resource/ontology-schema/d285f599-dc2e-4bd83f3-df21defa8821/hasUnit>
	Message: Only the 24 properties declared in the CHR schema (plus rdf:type and rdfs:label) may be used on an individual.
Constraint Violation in ClosedConstraintComponent (http://www.w3.org/ns/shacl#ClosedConstraintComponent):
	Severity: sh:Violation
	Source Shape: chr:SchemaPropertyVocabularyShape
	Focus Node: ex:Chloride_2075-0_20241127T154723
	Value Node: <https://loinc.org/2075-0>
	Result Path: <https://w3id.org/shexmap/resource/ontology-schema/d285f599-dc2e-4bd8-83f3-df21defa8821/hasCode>
	Message: Only the 24 properties declared in the CHR schema (plus rdf:type and rdfs:label) may be used on an individual.
Constraint Violation in ClosedConstraintComponent (http://www.w3.org/ns/shacl#ClosedConstraintComponent):
	Severity: sh:Violation
	Source Shape: chr:SchemaPropertyVocabularyShape
	Focus Node: ex:Chloride_2075-0_20241127T154723
	Value Node: <https://loinc.org/2075-0>
	Result Path: <https://w3id.org/shexmap/resource/ontology-schema/d285f599-dc2e-4bd83f3-df21defa8821/hasCode>
	Message: Only the 24 properties declared in the CHR schema (plus rdf:type and rdfs:label) may be used on an individual.
Constraint Violation in ClosedConstraintComponent (http://www.w3.org/ns/shacl#ClosedConstraintComponent):
	Severity: sh:Violation
	Source Shape: chr:SchemaPropertyVocabularyShape
	Focus Node: ex:Chloride_2075-0_20241127T154723
	Value Node: Literal("101.76", datatype=xsd:float)
	Result Path: <https://w3id.org/shexmap/resource/ontology-schema/d285f599-dc2e-4bd8-83f3-df21defa8821/hasQuantityValue>
	Message: Only the 24 properties declared in the CHR schema (plus rdf:type and rdfs:label) may be used on an individual.
Constraint Violation in ClosedConstraintComponent (http://www.w3.org/ns/shacl#ClosedConstraintComponent):
	Severity: sh:Violation
	Source Shape: chr:SchemaPropertyVocabularyShape
	Focus Node: ex:Chloride_2075-0_20241127T154723
	Value Node: Literal("101.76", datatype=xsd:float)
	Result Path: <https://w3id.org/shexmap/resource/ontology-schema/d285f599-dc2e-4bd83f3-df21defa8821/hasQuantityValue>
	Message: Only the 24 properties declared in the CHR schema (plus rdf:type and rdfs:label) may be used on an individual.
Constraint Violation in ClosedConstraintComponent (http://www.w3.org/ns/shacl#ClosedConstraintComponent):
	Severity: sh:Violation
	Source Shape: chr:SchemaPropertyVocabularyShape
	Focus Node: ex:Chloride_2075-0_20241127T154723
	Value Node: Literal("2024-11-27T15:47:23+01:00" = 2024-11-27 15:47:23+01:00, datatype=xsd:dateTime)
	Result Path: <https://w3id.org/shexmap/resource/ontology-schema/d285f599-dc2e-4bd8-83f3-df21defa8821/hasMeasuredDate>
	Message: Only the 24 properties declared in the CHR schema (plus rdf:type and rdfs:label) may be used on an individual.
Constraint Violation in ClosedConstraintComponent (http://www.w3.org/ns/shacl#ClosedConstraintComponent):
	Severity: sh:Violation
	Source Shape: chr:SchemaPropertyVocabularyShape
	Focus Node: ex:Chloride_2075-0_20241127T154723
	Value Node: Literal("2024-11-27T15:47:23+01:00" = 2024-11-27 15:47:23+01:00, datatype=xsd:dateTime)
	Result Path: <https://w3id.org/shexmap/resource/ontology-schema/d285f599-dc2e-4bd83f3-df21defa8821/hasMeasuredDate>
	Message: Only the 24 properties declared in the CHR schema (plus rdf:type and rdfs:label) may be used on an individual.
Constraint Violation in ClosedConstraintComponent (http://www.w3.org/ns/shacl#ClosedConstraintComponent):
	Severity: sh:Violation
	Source Shape: chr:SchemaPropertyVocabularyShape
	Focus Node: ex:Chloride_2075-0_20241127T154723
	Value Node: ex:Unit_mmolperL
	Result Path: <https://w3id.org/shexmap/resource/ontology-schema/d285f599-dc2e-4bd8-83f3-df21defa8821/hasUnit>
	Message: Only the 24 properties declared in the CHR schema (plus rdf:type and rdfs:label) may be used on an individual.
Constraint Violation in ClosedConstraintComponent (http://www.w3.org/ns/shacl#ClosedConstraintComponent):
	Severity: sh:Violation
	Source Shape: chr:SchemaPropertyVocabularyShape
	Focus Node: ex:Chloride_2075-0_20241127T154723
	Value Node: ex:Unit_mmolperL
	Result Path: <https://w3id.org/shexmap/resource/ontology-schema/d285f599-dc2e-4bd83f3-df21defa8821/hasUnit>
	Message: Only the 24 properties declared in the CHR schema (plus rdf:type and rdfs:label) may be used on an individual.
Constraint Violation in ClosedConstraintComponent (http://www.w3.org/ns/shacl#ClosedConstraintComponent):
	Severity: sh:Violation
	Source Shape: chr:SchemaPropertyVocabularyShape
	Focus Node: ex:Cholesterol_2093-3_20241127T154723
	Value Node: <https://loinc.org/2093-3>
	Result Path: <https://w3id.org/shexmap/resource/ontology-schema/d285f599-dc2e-4bd8-83f3-df21defa8821/hasCode>
	Message: Only the 24 properties declared in the CHR schema (plus rdf:type and rdfs:label) may be used on an individual.
Constraint Violation in ClosedConstraintComponent (http://www.w3.org/ns/shacl#ClosedConstraintComponent):
	Severity: sh:Violation
	Source Shape: chr:SchemaPropertyVocabularyShape
	Focus Node: ex:Cholesterol_2093-3_20241127T154723
	Value Node: <https://loinc.org/2093-3>
	Result Path: <https://w3id.org/shexmap/resource/ontology-schema/d285f599-dc2e-4bd83f3-df21defa8821/hasCode>
	Message: Only the 24 properties declared in the CHR schema (plus rdf:type and rdfs:label) may be used on an individual.
Constraint Violation in ClosedConstraintComponent (http://www.w3.org/ns/shacl#ClosedConstraintComponent):
	Severity: sh:Violation
	Source Shape: chr:SchemaPropertyVocabularyShape
	Focus Node: ex:Cholesterol_2093-3_20241127T154723
	Value Node: Literal("2024-11-27T15:47:23+01:00" = 2024-11-27 15:47:23+01:00, datatype=xsd:dateTime)
	Result Path: <https://w3id.org/shexmap/resource/ontology-schema/d285f599-dc2e-4bd8-83f3-df21defa8821/hasMeasuredDate>
	Message: Only the 24 properties declared in the CHR schema (plus rdf:type and rdfs:label) may be used on an individual.
Constraint Violation in ClosedConstraintComponent (http://www.w3.org/ns/shacl#ClosedConstraintComponent):
	Severity: sh:Violation
	Source Shape: chr:SchemaPropertyVocabularyShape
	Focus Node: ex:Cholesterol_2093-3_20241127T154723
	Value Node: Literal("2024-11-27T15:47:23+01:00" = 2024-11-27 15:47:23+01:00, datatype=xsd:dateTime)
	Result Path: <https://w3id.org/shexmap/resource/ontology-schema/d285f599-dc2e-4bd83f3-df21defa8821/hasMeasuredDate>
	Message: Only the 24 properties declared in the CHR schema (plus rdf:type and rdfs:label) may be used on an individual.
Constraint Violation in ClosedConstraintComponent (http://www.w3.org/ns/shacl#ClosedConstraintComponent):
	Severity: sh:Violation
	Source Shape: chr:SchemaPropertyVocabularyShape
	Focus Node: ex:Cholesterol_2093-3_20241127T154723
	Value Node: Literal("250.48", datatype=xsd:float)
	Result Path: <https://w3id.org/shexmap/resource/ontology-schema/d285f599-dc2e-4bd8-83f3-df21defa8821/hasQuantityValue>
	Message: Only the 24 properties declared in the CHR schema (plus rdf:type and rdfs:label) may be used on an individual.
Constraint Violation in ClosedConstraintComponent (http://www.w3.org/ns/shacl#ClosedConstraintComponent):
	Severity: sh:Violation
	Source Shape: chr:SchemaPropertyVocabularyShape
	Focus Node: ex:Cholesterol_2093-3_20241127T154723
	Value Node: Literal("250.48", datatype=xsd:float)
	Result Path: <https://w3id.org/shexmap/resource/ontology-schema/d285f599-dc2e-4bd83f3-df21defa8821/hasQuantityValue>
	Message: Only the 24 properties declared in the CHR schema (plus rdf:type and rdfs:label) may be used on an individual.
Constraint Violation in ClosedConstraintComponent (http://www.w3.org/ns/shacl#ClosedConstraintComponent):
	Severity: sh:Violation
	Source Shape: chr:SchemaPropertyVocabularyShape
	Focus Node: ex:Cholesterol_2093-3_20241127T154723
	Value Node: ex:Unit_mgperdL
	Result Path: <https://w3id.org/shexmap/resource/ontology-schema/d285f599-dc2e-4bd8-83f3-df21defa8821/hasUnit>
	Message: Only the 24 properties declared in the CHR schema (plus rdf:type and rdfs:label) may be used on an individual.
Constraint Violation in ClosedConstraintComponent (http://www.w3.org/ns/shacl#ClosedConstraintComponent):
	Severity: sh:Violation
	Source Shape: chr:SchemaPropertyVocabularyShape
	Focus Node: ex:Cholesterol_2093-3_20241127T154723
	Value Node: ex:Unit_mgperdL
	Result Path: <https://w3id.org/shexmap/resource/ontology-schema/d285f599-dc2e-4bd83f3-df21defa8821/hasUnit>
	Message: Only the 24 properties declared in the CHR schema (plus rdf:type and rdfs:label) may be used on an individual.
Constraint Violation in ClosedConstraintComponent (http://www.w3.org/ns/shacl#ClosedConstraintComponent):
	Severity: sh:Violation
	Source Shape: chr:SchemaPropertyVocabularyShape
	Focus Node: ex:Cholesterol_HDL_2085-9_20241127T154723
	Value Node: <https://loinc.org/2085-9>
	Result Path: <https://w3id.org/shexmap/resource/ontology-schema/d285f599-dc2e-4bd8-83f3-df21defa8821/hasCode>
	Message: Only the 24 properties declared in the CHR schema (plus rdf:type and rdfs:label) may be used on an individual.
Constraint Violation in ClosedConstraintComponent (http://www.w3.org/ns/shacl#ClosedConstraintComponent):
	Severity: sh:Violation
	Source Shape: chr:SchemaPropertyVocabularyShape
	Focus Node: ex:Cholesterol_HDL_2085-9_20241127T154723
	Value Node: <https://loinc.org/2085-9>
	Result Path: <https://w3id.org/shexmap/resource/ontology-schema/d285f599-dc2e-4bd83f3-df21defa8821/hasCode>
	Message: Only the 24 properties declared in the CHR schema (plus rdf:type and rdfs:label) may be used on an individual.
Constraint Violation in ClosedConstraintComponent (http://www.w3.org/ns/shacl#ClosedConstraintComponent):
	Severity: sh:Violation
	Source Shape: chr:SchemaPropertyVocabularyShape
	Focus Node: ex:Cholesterol_HDL_2085-9_20241127T154723
	Value Node: Literal("2024-11-27T15:47:23+01:00" = 2024-11-27 15:47:23+01:00, datatype=xsd:dateTime)
	Result Path: <https://w3id.org/shexmap/resource/ontology-schema/d285f599-dc2e-4bd8-83f3-df21defa8821/hasMeasuredDate>
	Message: Only the 24 properties declared in the CHR schema (plus rdf:type and rdfs:label) may be used on an individual.
Constraint Violation in ClosedConstraintComponent (http://www.w3.org/ns/shacl#ClosedConstraintComponent):
	Severity: sh:Violation
	Source Shape: chr:SchemaPropertyVocabularyShape
	Focus Node: ex:Cholesterol_HDL_2085-9_20241127T154723
	Value Node: Literal("2024-11-27T15:47:23+01:00" = 2024-11-27 15:47:23+01:00, datatype=xsd:dateTime)
	Result Path: <https://w3id.org/shexmap/resource/ontology-schema/d285f599-dc2e-4bd83f3-df21defa8821/hasMeasuredDate>
	Message: Only the 24 properties declared in the CHR schema (plus rdf:type and rdfs:label) may be used on an individual.
Constraint Violation in ClosedConstraintComponent (http://www.w3.org/ns/shacl#ClosedConstraintComponent):
	Severity: sh:Violation
	Source Shape: chr:SchemaPropertyVocabularyShape
	Focus Node: ex:Cholesterol_HDL_2085-9_20241127T154723
	Value Node: Literal("26.69", datatype=xsd:float)
	Result Path: <https://w3id.org/shexmap/resource/ontology-schema/d285f599-dc2e-4bd8-83f3-df21defa8821/hasQuantityValue>
	Message: Only the 24 properties declared in the CHR schema (plus rdf:type and rdfs:label) may be used on an individual.
Constraint Violation in ClosedConstraintComponent (http://www.w3.org/ns/shacl#ClosedConstraintComponent):
	Severity: sh:Violation
	Source Shape: chr:SchemaPropertyVocabularyShape
	Focus Node: ex:Cholesterol_HDL_2085-9_20241127T154723
	Value Node: Literal("26.69", datatype=xsd:float)
	Result Path: <https://w3id.org/shexmap/resource/ontology-schema/d285f599-dc2e-4bd83f3-df21defa8821/hasQuantityValue>
	Message: Only the 24 properties declared in the CHR schema (plus rdf:type and rdfs:label) may be used on an individual.
Constraint Violation in ClosedConstraintComponent (http://www.w3.org/ns/shacl#ClosedConstraintComponent):
	Severity: sh:Violation
	Source Shape: chr:SchemaPropertyVocabularyShape
	Focus Node: ex:Cholesterol_HDL_2085-9_20241127T154723
	Value Node: ex:Unit_mgperdL
	Result Path: <https://w3id.org/shexmap/resource/ontology-schema/d285f599-dc2e-4bd8-83f3-df21defa8821/hasUnit>
	Message: Only the 24 properties declared in the CHR schema (plus rdf:type and rdfs:label) may be used on an individual.
Constraint Violation in ClosedConstraintComponent (http://www.w3.org/ns/shacl#ClosedConstraintComponent):
	Severity: sh:Violation
	Source Shape: chr:SchemaPropertyVocabularyShape
	Focus Node: ex:Cholesterol_HDL_2085-9_20241127T154723
	Value Node: ex:Unit_mgperdL
	Result Path: <https://w3id.org/shexmap/resource/ontology-schema/d285f599-dc2e-4bd83f3-df21defa8821/hasUnit>
	Message: Only the 24 properties declared in the CHR schema (plus rdf:type and rdfs:label) may be used on an individual.
Constraint Violation in ClosedConstraintComponent (http://www.w3.org/ns/shacl#ClosedConstraintComponent):
	Severity: sh:Violation
	Source Shape: chr:SchemaPropertyVocabularyShape
	Focus Node: ex:Cholesterol_LDL_18262-6_20241127T154723
	Value Node: <https://loinc.org/18262-6>
	Result Path: <https://w3id.org/shexmap/resource/ontology-schema/d285f599-dc2e-4bd8-83f3-df21defa8821/hasCode>
	Message: Only the 24 properties declared in the CHR schema (plus rdf:type and rdfs:label) may be used on an individual.
Constraint Violation in ClosedConstraintComponent (http://www.w3.org/ns/shacl#ClosedConstraintComponent):
	Severity: sh:Violation
	Source Shape: chr:SchemaPropertyVocabularyShape
	Focus Node: ex:Cholesterol_LDL_18262-6_20241127T154723
	Value Node: <https://loinc.org/18262-6>
	Result Path: <https://w3id.org/shexmap/resource/ontology-schema/d285f599-dc2e-4bd83f3-df21defa8821/hasCode>
	Message: Only the 24 properties declared in the CHR schema (plus rdf:type and rdfs:label) may be used on an individual.
Constraint Violation in ClosedConstraintComponent (http://www.w3.org/ns/shacl#ClosedConstraintComponent):
	Severity: sh:Violation
	Source Shape: chr:SchemaPropertyVocabularyShape
	Focus Node: ex:Cholesterol_LDL_18262-6_20241127T154723
	Value Node: Literal("144.09", datatype=xsd:float)
	Result Path: <https://w3id.org/shexmap/resource/ontology-schema/d285f599-dc2e-4bd8-83f3-df21defa8821/hasQuantityValue>
	Message: Only the 24 properties declared in the CHR schema (plus rdf:type and rdfs:label) may be used on an individual.
Constraint Violation in ClosedConstraintComponent (http://www.w3.org/ns/shacl#ClosedConstraintComponent):
	Severity: sh:Violation
	Source Shape: chr:SchemaPropertyVocabularyShape
	Focus Node: ex:Cholesterol_LDL_18262-6_20241127T154723
	Value Node: Literal("144.09", datatype=xsd:float)
	Result Path: <https://w3id.org/shexmap/resource/ontology-schema/d285f599-dc2e-4bd83f3-df21defa8821/hasQuantityValue>
	Message: Only the 24 properties declared in the CHR schema (plus rdf:type and rdfs:label) may be used on an individual.
Constraint Violation in ClosedConstraintComponent (http://www.w3.org/ns/shacl#ClosedConstraintComponent):
	Severity: sh:Violation
	Source Shape: chr:SchemaPropertyVocabularyShape
	Focus Node: ex:Cholesterol_LDL_18262-6_20241127T154723
	Value Node: Literal("2024-11-27T15:47:23+01:00" = 2024-11-27 15:47:23+01:00, datatype=xsd:dateTime)
	Result Path: <https://w3id.org/shexmap/resource/ontology-schema/d285f599-dc2e-4bd8-83f3-df21defa8821/hasMeasuredDate>
	Message: Only the 24 properties declared in the CHR schema (plus rdf:type and rdfs:label) may be used on an individual.
Constraint Violation in ClosedConstraintComponent (http://www.w3.org/ns/shacl#ClosedConstraintComponent):
	Severity: sh:Violation
	Source Shape: chr:SchemaPropertyVocabularyShape
	Focus Node: ex:Cholesterol_LDL_18262-6_20241127T154723
	Value Node: Literal("2024-11-27T15:47:23+01:00" = 2024-11-27 15:47:23+01:00, datatype=xsd:dateTime)
	Result Path: <https://w3id.org/shexmap/resource/ontology-schema/d285f599-dc2e-4bd83f3-df21defa8821/hasMeasuredDate>
	Message: Only the 24 properties declared in the CHR schema (plus rdf:type and rdfs:label) may be used on an individual.
Constraint Violation in ClosedConstraintComponent (http://www.w3.org/ns/shacl#ClosedConstraintComponent):
	Severity: sh:Violation
	Source Shape: chr:SchemaPropertyVocabularyShape
	Focus Node: ex:Cholesterol_LDL_18262-6_20241127T154723
	Value Node: ex:Unit_mgperdL
	Result Path: <https://w3id.org/shexmap/resource/ontology-schema/d285f599-dc2e-4bd8-83f3-df21defa8821/hasUnit>
	Message: Only the 24 properties declared in the CHR schema (plus rdf:type and rdfs:label) may be used on an individual.
Constraint Violation in ClosedConstraintComponent (http://www.w3.org/ns/shacl#ClosedConstraintComponent):
	Severity: sh:Violation
	Source Shape: chr:SchemaPropertyVocabularyShape
	Focus Node: ex:Cholesterol_LDL_18262-6_20241127T154723
	Value Node: ex:Unit_mgperdL
	Result Path: <https://w3id.org/shexmap/resource/ontology-schema/d285f599-dc2e-4bd83f3-df21defa8821/hasUnit>
	Message: Only the 24 properties declared in the CHR schema (plus rdf:type and rdfs:label) may be used on an individual.
Constraint Violation in ClosedConstraintComponent (http://www.w3.org/ns/shacl#ClosedConstraintComponent):
	Severity: sh:Violation
	Source Shape: chr:SchemaPropertyVocabularyShape
	Focus Node: ex:ClinicalVisit_20241127T154723
	Value Node: Literal("2024-11-27T15:47:23+01:00" = 2024-11-27 15:47:23+01:00, datatype=xsd:dateTime)
	Result Path: <https://w3id.org/shexmap/resource/ontology-schema/d285f599-dc2e-4bd8-83f3-df21defa8821/hasDate>
	Message: Only the 24 properties declared in the CHR schema (plus rdf:type and rdfs:label) may be used on an individual.
Constraint Violation in ClosedConstraintComponent (http://www.w3.org/ns/shacl#ClosedConstraintComponent):
	Severity: sh:Violation
	Source Shape: chr:SchemaPropertyVocabularyShape
	Focus Node: ex:ClinicalVisit_20241127T154723
	Value Node: ex:Arlen68_Olson653
	Result Path: <https://w3id.org/shexmap/resource/ontology-schema/d285f599-dc2e-4bd8-83f3-df21defa8821/hasPatient>
	Message: Only the 24 properties declared in the CHR schema (plus rdf:type and rdfs:label) may be used on an individual.
Constraint Violation in ClosedConstraintComponent (http://www.w3.org/ns/shacl#ClosedConstraintComponent):
	Severity: sh:Violation
	Source Shape: chr:SchemaPropertyVocabularyShape
	Focus Node: ex:ClinicalVisit_20241127T154723
	Value Node: ex:Dr_Domenic627_Blick895
	Result Path: <https://w3id.org/shexmap/resource/ontology-schema/d285f599-dc2e-4bd8-83f3-df21defa8821/hasCareProvider>
	Message: Only the 24 properties declared in the CHR schema (plus rdf:type and rdfs:label) may be used on an individual.
Constraint Violation in ClosedConstraintComponent (http://www.w3.org/ns/shacl#ClosedConstraintComponent):
	Severity: sh:Violation
	Source Shape: chr:SchemaPropertyVocabularyShape
	Focus Node: ex:ClinicalVisit_20241127T154723
	Value Node: ex:VIBRA_HOSPITAL_OF_WESTERN_MASS_-_CENTRAL_CAMPUS
	Result Path: <https://w3id.org/shexmap/resource/ontology-schema/d285f599-dc2e-4bd8-83f3-df21defa8821/hasCareUnit>
	Message: Only the 24 properties declared in the CHR schema (plus rdf:type and rdfs:label) may be used on an individual.
Constraint Violation in ClosedConstraintComponent (http://www.w3.org/ns/shacl#ClosedConstraintComponent):
	Severity: sh:Violation
	Source Shape: chr:SchemaPropertyVocabularyShape
	Focus Node: ex:ClinicalVisit_20241127T154723
	Value Node: ex:proc_BMI_39156-5_20241127T154723
	Result Path: <https://w3id.org/shexmap/resource/ontology-schema/d285f599-dc2e-4bd8-83f3-df21defa8821/hasProcedure>
	Message: Only the 24 properties declared in the CHR schema (plus rdf:type and rdfs:label) may be used on an individual.
Constraint Violation in ClosedConstraintComponent (http://www.w3.org/ns/shacl#ClosedConstraintComponent):
	Severity: sh:Violation
	Source Shape: chr:SchemaPropertyVocabularyShape
	Focus Node: ex:ClinicalVisit_20241127T154723
	Value Node: ex:proc_Bilirubin_20505-4_20241127T154723
	Result Path: <https://w3id.org/shexmap/resource/ontology-schema/d285f599-dc2e-4bd8-83f3-df21defa8821/hasProcedure>
	Message: Only the 24 properties declared in the CHR schema (plus rdf:type and rdfs:label) may be used on an individual.
Constraint Violation in ClosedConstraintComponent (http://www.w3.org/ns/shacl#ClosedConstraintComponent):
	Severity: sh:Violation
	Source Shape: chr:SchemaPropertyVocabularyShape
	Focus Node: ex:ClinicalVisit_20241127T154723
	Value Node: ex:proc_Body_Height_8302-2_20241127T154723
	Result Path: <https://w3id.org/shexmap/resource/ontology-schema/d285f599-dc2e-4bd8-83f3-df21defa8821/hasProcedure>
	Message: Only the 24 properties declared in the CHR schema (plus rdf:type and rdfs:label) may be used on an individual.
Constraint Violation in ClosedConstraintComponent (http://www.w3.org/ns/shacl#ClosedConstraintComponent):
	Severity: sh:Violation
	Source Shape: chr:SchemaPropertyVocabularyShape
	Focus Node: ex:ClinicalVisit_20241127T154723
	Value Node: ex:proc_Body_Weight_29463-7_20241127T154723
	Result Path: <https://w3id.org/shexmap/resource/ontology-schema/d285f599-dc2e-4bd8-83f3-df21defa8821/hasProcedure>
	Message: Only the 24 properties declared in the CHR schema (plus rdf:type and rdfs:label) may be used on an individual.
Constraint Violation in ClosedConstraintComponent (http://www.w3.org/ns/shacl#ClosedConstraintComponent):
	Severity: sh:Violation
	Source Shape: chr:SchemaPropertyVocabularyShape
	Focus Node: ex:ClinicalVisit_20241127T154723
	Value Node: ex:proc_Calcium_17861-6_20241127T154723
	Result Path: <https://w3id.org/shexmap/resource/ontology-schema/d285f599-dc2e-4bd8-83f3-df21defa8821/hasProcedure>
	Message: Only the 24 properties declared in the CHR schema (plus rdf:type and rdfs:label) may be used on an individual.
Constraint Violation in ClosedConstraintComponent (http://www.w3.org/ns/shacl#ClosedConstraintComponent):
	Severity: sh:Violation
	Source Shape: chr:SchemaPropertyVocabularyShape
	Focus Node: ex:ClinicalVisit_20241127T154723
	Value Node: ex:proc_Calcium_49765-1_20241127T154723
	Result Path: <https://w3id.org/shexmap/resource/ontology-schema/d285f599-dc2e-4bd8-83f3-df21defa8821/hasProcedure>
	Message: Only the 24 properties declared in the CHR schema (plus rdf:type and rdfs:label) may be used on an individual.
Constraint Violation in ClosedConstraintComponent (http://www.w3.org/ns/shacl#ClosedConstraintComponent):
	Severity: sh:Violation
	Source Shape: chr:SchemaPropertyVocabularyShape
	Focus Node: ex:ClinicalVisit_20241127T154723
	Value Node: ex:proc_Carbon_dioxide_total_2028-9_20241127T154723
	Result Path: <https://w3id.org/shexmap/resource/ontology-schema/d285f599-dc2e-4bd8-83f3-df21defa8821/hasProcedure>
	Message: Only the 24 properties declared in the CHR schema (plus rdf:type and rdfs:label) may be used on an individual.
Constraint Violation in ClosedConstraintComponent (http://www.w3.org/ns/shacl#ClosedConstraintComponent):
	Severity: sh:Violation
	Source Shape: chr:SchemaPropertyVocabularyShape
	Focus Node: ex:ClinicalVisit_20241127T154723
	Value Node: ex:proc_Carbon_dioxide_total_20565-8_20241127T154723
	Result Path: <https://w3id.org/shexmap/resource/ontology-schema/d285f599-dc2e-4bd8-83f3-df21defa8821/hasProcedure>
	Message: Only the 24 properties declared in the CHR schema (plus rdf:type and rdfs:label) may be used on an individual.
Constraint Violation in ClosedConstraintComponent (http://www.w3.org/ns/shacl#ClosedConstraintComponent):
	Severity: sh:Violation
	Source Shape: chr:SchemaPropertyVocabularyShape
	Focus Node: ex:ClinicalVisit_20241127T154723
	Value Node: ex:proc_Chloride_2069-3_20241127T154723
	Result Path: <https://w3id.org/shexmap/resource/ontology-schema/d285f599-dc2e-4bd8-83f3-df21defa8821/hasProcedure>
	Message: Only the 24 properties declared in the CHR schema (plus rdf:type and rdfs:label) may be used on an individual.
Constraint Violation in ClosedConstraintComponent (http://www.w3.org/ns/shacl#ClosedConstraintComponent):
	Severity: sh:Violation
	Source Shape: chr:SchemaPropertyVocabularyShape
	Focus Node: ex:ClinicalVisit_20241127T154723
	Value Node: ex:proc_Chloride_2075-0_20241127T154723
	Result Path: <https://w3id.org/shexmap/resource/ontology-schema/d285f599-dc2e-4bd8-83f3-df21defa8821/hasProcedure>
	Message: Only the 24 properties declared in the CHR schema (plus rdf:type and rdfs:label) may be used on an individual.
Constraint Violation in ClosedConstraintComponent (http://www.w3.org/ns/shacl#ClosedConstraintComponent):
	Severity: sh:Violation
	Source Shape: chr:SchemaPropertyVocabularyShape
	Focus Node: ex:ClinicalVisit_20241127T154723
	Value Node: ex:proc_Cholesterol_2093-3_20241127T154723
	Result Path: <https://w3id.org/shexmap/resource/ontology-schema/d285f599-dc2e-4bd8-83f3-df21defa8821/hasProcedure>
	Message: Only the 24 properties declared in the CHR schema (plus rdf:type and rdfs:label) may be used on an individual.
Constraint Violation in ClosedConstraintComponent (http://www.w3.org/ns/shacl#ClosedConstraintComponent):
	Severity: sh:Violation
	Source Shape: chr:SchemaPropertyVocabularyShape
	Focus Node: ex:ClinicalVisit_20241127T154723
	Value Node: ex:proc_Cholesterol_HDL_2085-9_20241127T154723
	Result Path: <https://w3id.org/shexmap/resource/ontology-schema/d285f599-dc2e-4bd8-83f3-df21defa8821/hasProcedure>
	Message: Only the 24 properties declared in the CHR schema (plus rdf:type and rdfs:label) may be used on an individual.
Constraint Violation in ClosedConstraintComponent (http://www.w3.org/ns/shacl#ClosedConstraintComponent):
	Severity: sh:Violation
	Source Shape: chr:SchemaPropertyVocabularyShape
	Focus Node: ex:ClinicalVisit_20241127T154723
	Value Node: ex:proc_Cholesterol_LDL_18262-6_20241127T154723
	Result Path: <https://w3id.org/shexmap/resource/ontology-schema/d285f599-dc2e-4bd8-83f3-df21defa8821/hasProcedure>
	Message: Only the 24 properties declared in the CHR schema (plus rdf:type and rdfs:label) may be used on an individual.
Constraint Violation in ClosedConstraintComponent (http://www.w3.org/ns/shacl#ClosedConstraintComponent):
	Severity: sh:Violation
	Source Shape: chr:SchemaPropertyVocabularyShape
	Focus Node: ex:ClinicalVisit_20241127T154723
	Value Node: ex:proc_Creatinine_2160-0_20241127T154723
	Result Path: <https://w3id.org/shexmap/resource/ontology-schema/d285f599-dc2e-4bd8-83f3-df21defa8821/hasProcedure>
	Message: Only the 24 properties declared in the CHR schema (plus rdf:type and rdfs:label) may be used on an individual.
Constraint Violation in ClosedConstraintComponent (http://www.w3.org/ns/shacl#ClosedConstraintComponent):
	Severity: sh:Violation
	Source Shape: chr:SchemaPropertyVocabularyShape
	Focus Node: ex:ClinicalVisit_20241127T154723
	Value Node: ex:proc_Creatinine_38483-4_20241127T154723
	Result Path: <https://w3id.org/shexmap/resource/ontology-schema/d285f599-dc2e-4bd8-83f3-df21defa8821/hasProcedure>
	Message: Only the 24 properties declared in the CHR schema (plus rdf:type and rdfs:label) may be used on an individual.
Constraint Violation in ClosedConstraintComponent (http://www.w3.org/ns/shacl#ClosedConstraintComponent):
	Severity: sh:Violation
	Source Shape: chr:SchemaPropertyVocabularyShape
	Focus Node: ex:ClinicalVisit_20241127T154723
	Value Node: ex:proc_GFR_33914-3_20241127T154723_1
	Result Path: <https://w3id.org/shexmap/resource/ontology-schema/d285f599-dc2e-4bd8-83f3-df21defa8821/hasProcedure>
	Message: Only the 24 properties declared in the CHR schema (plus rdf:type and rdfs:label) may be used on an individual.
Constraint Violation in ClosedConstraintComponent (http://www.w3.org/ns/shacl#ClosedConstraintComponent):
	Severity: sh:Violation
	Source Shape: chr:SchemaPropertyVocabularyShape
	Focus Node: ex:ClinicalVisit_20241127T154723
	Value Node: ex:proc_GFR_33914-3_20241127T154723_2
	Result Path: <https://w3id.org/shexmap/resource/ontology-schema/d285f599-dc2e-4bd8-83f3-df21defa8821/hasProcedure>
	Message: Only the 24 properties declared in the CHR schema (plus rdf:type and rdfs:label) may be used on an individual.
Constraint Violation in ClosedConstraintComponent (http://www.w3.org/ns/shacl#ClosedConstraintComponent):
	Severity: sh:Violation
	Source Shape: chr:SchemaPropertyVocabularyShape
	Focus Node: ex:ClinicalVisit_20241127T154723
	Value Node: ex:proc_Glucose_2339-0_20241127T154723
	Result Path: <https://w3id.org/shexmap/resource/ontology-schema/d285f599-dc2e-4bd8-83f3-df21defa8821/hasProcedure>
	Message: Only the 24 properties declared in the CHR schema (plus rdf:type and rdfs:label) may be used on an individual.
Constraint Violation in ClosedConstraintComponent (http://www.w3.org/ns/shacl#ClosedConstraintComponent):
	Severity: sh:Violation
	Source Shape: chr:SchemaPropertyVocabularyShape
	Focus Node: ex:ClinicalVisit_20241127T154723
	Value Node: ex:proc_Glucose_2345-7_20241127T154723
	Result Path: <https://w3id.org/shexmap/resource/ontology-schema/d285f599-dc2e-4bd8-83f3-df21defa8821/hasProcedure>
	Message: Only the 24 properties declared in the CHR schema (plus rdf:type and rdfs:label) may be used on an individual.
Constraint Violation in ClosedConstraintComponent (http://www.w3.org/ns/shacl#ClosedConstraintComponent):
	Severity: sh:Violation
	Source Shape: chr:SchemaPropertyVocabularyShape
	Focus Node: ex:ClinicalVisit_20241127T154723
	Value Node: ex:proc_Glucose_5792-7_20241127T154723
	Result Path: <https://w3id.org/shexmap/resource/ontology-schema/d285f599-dc2e-4bd8-83f3-df21defa8821/hasProcedure>
	Message: Only the 24 properties declared in the CHR schema (plus rdf:type and rdfs:label) may be used on an individual.
Constraint Violation in ClosedConstraintComponent (http://www.w3.org/ns/shacl#ClosedConstraintComponent):
	Severity: sh:Violation
	Source Shape: chr:SchemaPropertyVocabularyShape
	Focus Node: ex:ClinicalVisit_20241127T154723
	Value Node: ex:proc_Heart_rate_8867-4_20241127T154723
	Result Path: <https://w3id.org/shexmap/resource/ontology-schema/d285f599-dc2e-4bd8-83f3-df21defa8821/hasProcedure>
	Message: Only the 24 properties declared in the CHR schema (plus rdf:type and rdfs:label) may be used on an individual.
Constraint Violation in ClosedConstraintComponent (http://www.w3.org/ns/shacl#ClosedConstraintComponent):
	Severity: sh:Violation
	Source Shape: chr:SchemaPropertyVocabularyShape
	Focus Node: ex:ClinicalVisit_20241127T154723
	Value Node: ex:proc_Hemoglobin_A1c_4548-4_20241127T154723
	Result Path: <https://w3id.org/shexmap/resource/ontology-schema/d285f599-dc2e-4bd8-83f3-df21defa8821/hasProcedure>
	Message: Only the 24 properties declared in the CHR schema (plus rdf:type and rdfs:label) may be used on an individual.
Constraint Violation in ClosedConstraintComponent (http://www.w3.org/ns/shacl#ClosedConstraintComponent):
	Severity: sh:Violation
	Source Shape: chr:SchemaPropertyVocabularyShape
	Focus Node: ex:ClinicalVisit_20241127T154723
	Value Node: ex:proc_Ketones_5797-6_20241127T154723
	Result Path: <https://w3id.org/shexmap/resource/ontology-schema/d285f599-dc2e-4bd8-83f3-df21defa8821/hasProcedure>
	Message: Only the 24 properties declared in the CHR schema (plus rdf:type and rdfs:label) may be used on an individual.
Constraint Violation in ClosedConstraintComponent (http://www.w3.org/ns/shacl#ClosedConstraintComponent):
	Severity: sh:Violation
	Source Shape: chr:SchemaPropertyVocabularyShape
	Focus Node: ex:ClinicalVisit_20241127T154723
	Value Node: ex:proc_Microalbumin_Creatinine_14959-1_20241127T154723
	Result Path: <https://w3id.org/shexmap/resource/ontology-schema/d285f599-dc2e-4bd8-83f3-df21defa8821/hasProcedure>
	Message: Only the 24 properties declared in the CHR schema (plus rdf:type and rdfs:label) may be used on an individual.
Constraint Violation in ClosedConstraintComponent (http://www.w3.org/ns/shacl#ClosedConstraintComponent):
	Severity: sh:Violation
	Source Shape: chr:SchemaPropertyVocabularyShape
	Focus Node: ex:ClinicalVisit_20241127T154723
	Value Node: ex:proc_Pain_severity_72514-3_20241127T154723
	Result Path: <https://w3id.org/shexmap/resource/ontology-schema/d285f599-dc2e-4bd8-83f3-df21defa8821/hasProcedure>
	Message: Only the 24 properties declared in the CHR schema (plus rdf:type and rdfs:label) may be used on an individual.
Constraint Violation in ClosedConstraintComponent (http://www.w3.org/ns/shacl#ClosedConstraintComponent):
	Severity: sh:Violation
	Source Shape: chr:SchemaPropertyVocabularyShape
	Focus Node: ex:ClinicalVisit_20241127T154723
	Value Node: ex:proc_Potassium_2823-3_20241127T154723
	Result Path: <https://w3id.org/shexmap/resource/ontology-schema/d285f599-dc2e-4bd8-83f3-df21defa8821/hasProcedure>
	Message: Only the 24 properties declared in the CHR schema (plus rdf:type and rdfs:label) may be used on an individual.
Constraint Violation in ClosedConstraintComponent (http://www.w3.org/ns/shacl#ClosedConstraintComponent):
	Severity: sh:Violation
	Source Shape: chr:SchemaPropertyVocabularyShape
	Focus Node: ex:ClinicalVisit_20241127T154723
	Value Node: ex:proc_Potassium_6298-4_20241127T154723
	Result Path: <https://w3id.org/shexmap/resource/ontology-schema/d285f599-dc2e-4bd8-83f3-df21defa8821/hasProcedure>
	Message: Only the 24 properties declared in the CHR schema (plus rdf:type and rdfs:label) may be used on an individual.
Constraint Violation in ClosedConstraintComponent (http://www.w3.org/ns/shacl#ClosedConstraintComponent):
	Severity: sh:Violation
	Source Shape: chr:SchemaPropertyVocabularyShape
	Focus Node: ex:ClinicalVisit_20241127T154723
	Value Node: ex:proc_Protein_5804-0_20241127T154723
	Result Path: <https://w3id.org/shexmap/resource/ontology-schema/d285f599-dc2e-4bd8-83f3-df21defa8821/hasProcedure>
	Message: Only the 24 properties declared in the CHR schema (plus rdf:type and rdfs:label) may be used on an individual.
Constraint Violation in ClosedConstraintComponent (http://www.w3.org/ns/shacl#ClosedConstraintComponent):
	Severity: sh:Violation
	Source Shape: chr:SchemaPropertyVocabularyShape
	Focus Node: ex:ClinicalVisit_20241127T154723
	Value Node: ex:proc_Respiratory_rate_9279-1_20241127T154723
	Result Path: <https://w3id.org/shexmap/resource/ontology-schema/d285f599-dc2e-4bd8-83f3-df21defa8821/hasProcedure>
	Message: Only the 24 properties declared in the CHR schema (plus rdf:type and rdfs:label) may be used on an individual.
Constraint Violation in ClosedConstraintComponent (http://www.w3.org/ns/shacl#ClosedConstraintComponent):
	Severity: sh:Violation
	Source Shape: chr:SchemaPropertyVocabularyShape
	Focus Node: ex:ClinicalVisit_20241127T154723
	Value Node: ex:proc_Sodium_2947-0_20241127T154723
	Result Path: <https://w3id.org/shexmap/resource/ontology-schema/d285f599-dc2e-4bd8-83f3-df21defa8821/hasProcedure>
	Message: Only the 24 properties declared in the CHR schema (plus rdf:type and rdfs:label) may be used on an individual.
Constraint Violation in ClosedConstraintComponent (http://www.w3.org/ns/shacl#ClosedConstraintComponent):
	Severity: sh:Violation
	Source Shape: chr:SchemaPropertyVocabularyShape
	Focus Node: ex:ClinicalVisit_20241127T154723
	Value Node: ex:proc_Sodium_2951-2_20241127T154723
	Result Path: <https://w3id.org/shexmap/resource/ontology-schema/d285f599-dc2e-4bd8-83f3-df21defa8821/hasProcedure>
	Message: Only the 24 properties declared in the CHR schema (plus rdf:type and rdfs:label) may be used on an individual.
Constraint Violation in ClosedConstraintComponent (http://www.w3.org/ns/shacl#ClosedConstraintComponent):
	Severity: sh:Violation
	Source Shape: chr:SchemaPropertyVocabularyShape
	Focus Node: ex:ClinicalVisit_20241127T154723
	Value Node: ex:proc_Specific_gravity_5811-5_20241127T154723
	Result Path: <https://w3id.org/shexmap/resource/ontology-schema/d285f599-dc2e-4bd8-83f3-df21defa8821/hasProcedure>
	Message: Only the 24 properties declared in the CHR schema (plus rdf:type and rdfs:label) may be used on an individual.
Constraint Violation in ClosedConstraintComponent (http://www.w3.org/ns/shacl#ClosedConstraintComponent):
	Severity: sh:Violation
	Source Shape: chr:SchemaPropertyVocabularyShape
	Focus Node: ex:ClinicalVisit_20241127T154723
	Value Node: ex:proc_Triglyceride_2571-8_20241127T154723
	Result Path: <https://w3id.org/shexmap/resource/ontology-schema/d285f599-dc2e-4bd8-83f3-df21defa8821/hasProcedure>
	Message: Only the 24 properties declared in the CHR schema (plus rdf:type and rdfs:label) may be used on an individual.
Constraint Violation in ClosedConstraintComponent (http://www.w3.org/ns/shacl#ClosedConstraintComponent):
	Severity: sh:Violation
	Source Shape: chr:SchemaPropertyVocabularyShape
	Focus Node: ex:ClinicalVisit_20241127T154723
	Value Node: ex:proc_Urea_nitrogen_3094-0_20241127T154723
	Result Path: <https://w3id.org/shexmap/resource/ontology-schema/d285f599-dc2e-4bd8-83f3-df21defa8821/hasProcedure>
	Message: Only the 24 properties declared in the CHR schema (plus rdf:type and rdfs:label) may be used on an individual.
Constraint Violation in ClosedConstraintComponent (http://www.w3.org/ns/shacl#ClosedConstraintComponent):
	Severity: sh:Violation
	Source Shape: chr:SchemaPropertyVocabularyShape
	Focus Node: ex:ClinicalVisit_20241127T154723
	Value Node: ex:proc_Urea_nitrogen_6299-2_20241127T154723
	Result Path: <https://w3id.org/shexmap/resource/ontology-schema/d285f599-dc2e-4bd8-83f3-df21defa8821/hasProcedure>
	Message: Only the 24 properties declared in the CHR schema (plus rdf:type and rdfs:label) may be used on an individual.
Constraint Violation in ClosedConstraintComponent (http://www.w3.org/ns/shacl#ClosedConstraintComponent):
	Severity: sh:Violation
	Source Shape: chr:SchemaPropertyVocabularyShape
	Focus Node: ex:ClinicalVisit_20241127T154723
	Value Node: ex:proc_pH_5803-2_20241127T154723
	Result Path: <https://w3id.org/shexmap/resource/ontology-schema/d285f599-dc2e-4bd8-83f3-df21defa8821/hasProcedure>
	Message: Only the 24 properties declared in the CHR schema (plus rdf:type and rdfs:label) may be used on an individual.
Constraint Violation in ClosedConstraintComponent (http://www.w3.org/ns/shacl#ClosedConstraintComponent):
	Severity: sh:Violation
	Source Shape: chr:SchemaPropertyVocabularyShape
	Focus Node: ex:Creatinine_2160-0_20241127T154723
	Value Node: <https://loinc.org/2160-0>
	Result Path: <https://w3id.org/shexmap/resource/ontology-schema/d285f599-dc2e-4bd8-83f3-df21defa8821/hasCode>
	Message: Only the 24 properties declared in the CHR schema (plus rdf:type and rdfs:label) may be used on an individual.
Constraint Violation in ClosedConstraintComponent (http://www.w3.org/ns/shacl#ClosedConstraintComponent):
	Severity: sh:Violation
	Source Shape: chr:SchemaPropertyVocabularyShape
	Focus Node: ex:Creatinine_2160-0_20241127T154723
	Value Node: <https://loinc.org/2160-0>
	Result Path: <https://w3id.org/shexmap/resource/ontology-schema/d285f599-dc2e-4bd83f3-df21defa8821/hasCode>
	Message: Only the 24 properties declared in the CHR schema (plus rdf:type and rdfs:label) may be used on an individual.
Constraint Violation in ClosedConstraintComponent (http://www.w3.org/ns/shacl#ClosedConstraintComponent):
	Severity: sh:Violation
	Source Shape: chr:SchemaPropertyVocabularyShape
	Focus Node: ex:Creatinine_2160-0_20241127T154723
	Value Node: Literal("2.0869", datatype=xsd:float)
	Result Path: <https://w3id.org/shexmap/resource/ontology-schema/d285f599-dc2e-4bd8-83f3-df21defa8821/hasQuantityValue>
	Message: Only the 24 properties declared in the CHR schema (plus rdf:type and rdfs:label) may be used on an individual.
Constraint Violation in ClosedConstraintComponent (http://www.w3.org/ns/shacl#ClosedConstraintComponent):
	Severity: sh:Violation
	Source Shape: chr:SchemaPropertyVocabularyShape
	Focus Node: ex:Creatinine_2160-0_20241127T154723
	Value Node: Literal("2.0869", datatype=xsd:float)
	Result Path: <https://w3id.org/shexmap/resource/ontology-schema/d285f599-dc2e-4bd83f3-df21defa8821/hasQuantityValue>
	Message: Only the 24 properties declared in the CHR schema (plus rdf:type and rdfs:label) may be used on an individual.
Constraint Violation in ClosedConstraintComponent (http://www.w3.org/ns/shacl#ClosedConstraintComponent):
	Severity: sh:Violation
	Source Shape: chr:SchemaPropertyVocabularyShape
	Focus Node: ex:Creatinine_2160-0_20241127T154723
	Value Node: Literal("2024-11-27T15:47:23+01:00" = 2024-11-27 15:47:23+01:00, datatype=xsd:dateTime)
	Result Path: <https://w3id.org/shexmap/resource/ontology-schema/d285f599-dc2e-4bd8-83f3-df21defa8821/hasMeasuredDate>
	Message: Only the 24 properties declared in the CHR schema (plus rdf:type and rdfs:label) may be used on an individual.
Constraint Violation in ClosedConstraintComponent (http://www.w3.org/ns/shacl#ClosedConstraintComponent):
	Severity: sh:Violation
	Source Shape: chr:SchemaPropertyVocabularyShape
	Focus Node: ex:Creatinine_2160-0_20241127T154723
	Value Node: Literal("2024-11-27T15:47:23+01:00" = 2024-11-27 15:47:23+01:00, datatype=xsd:dateTime)
	Result Path: <https://w3id.org/shexmap/resource/ontology-schema/d285f599-dc2e-4bd83f3-df21defa8821/hasMeasuredDate>
	Message: Only the 24 properties declared in the CHR schema (plus rdf:type and rdfs:label) may be used on an individual.
Constraint Violation in ClosedConstraintComponent (http://www.w3.org/ns/shacl#ClosedConstraintComponent):
	Severity: sh:Violation
	Source Shape: chr:SchemaPropertyVocabularyShape
	Focus Node: ex:Creatinine_2160-0_20241127T154723
	Value Node: ex:Unit_mgperdL
	Result Path: <https://w3id.org/shexmap/resource/ontology-schema/d285f599-dc2e-4bd8-83f3-df21defa8821/hasUnit>
	Message: Only the 24 properties declared in the CHR schema (plus rdf:type and rdfs:label) may be used on an individual.
Constraint Violation in ClosedConstraintComponent (http://www.w3.org/ns/shacl#ClosedConstraintComponent):
	Severity: sh:Violation
	Source Shape: chr:SchemaPropertyVocabularyShape
	Focus Node: ex:Creatinine_2160-0_20241127T154723
	Value Node: ex:Unit_mgperdL
	Result Path: <https://w3id.org/shexmap/resource/ontology-schema/d285f599-dc2e-4bd83f3-df21defa8821/hasUnit>
	Message: Only the 24 properties declared in the CHR schema (plus rdf:type and rdfs:label) may be used on an individual.
Constraint Violation in ClosedConstraintComponent (http://www.w3.org/ns/shacl#ClosedConstraintComponent):
	Severity: sh:Violation
	Source Shape: chr:SchemaPropertyVocabularyShape
	Focus Node: ex:Creatinine_38483-4_20241127T154723
	Value Node: <https://loinc.org/38483-4>
	Result Path: <https://w3id.org/shexmap/resource/ontology-schema/d285f599-dc2e-4bd8-83f3-df21defa8821/hasCode>
	Message: Only the 24 properties declared in the CHR schema (plus rdf:type and rdfs:label) may be used on an individual.
Constraint Violation in ClosedConstraintComponent (http://www.w3.org/ns/shacl#ClosedConstraintComponent):
	Severity: sh:Violation
	Source Shape: chr:SchemaPropertyVocabularyShape
	Focus Node: ex:Creatinine_38483-4_20241127T154723
	Value Node: <https://loinc.org/38483-4>
	Result Path: <https://w3id.org/shexmap/resource/ontology-schema/d285f599-dc2e-4bd83f3-df21defa8821/hasCode>
	Message: Only the 24 properties declared in the CHR schema (plus rdf:type and rdfs:label) may be used on an individual.
Constraint Violation in ClosedConstraintComponent (http://www.w3.org/ns/shacl#ClosedConstraintComponent):
	Severity: sh:Violation
	Source Shape: chr:SchemaPropertyVocabularyShape
	Focus Node: ex:Creatinine_38483-4_20241127T154723
	Value Node: Literal("2024-11-27T15:47:23+01:00" = 2024-11-27 15:47:23+01:00, datatype=xsd:dateTime)
	Result Path: <https://w3id.org/shexmap/resource/ontology-schema/d285f599-dc2e-4bd8-83f3-df21defa8821/hasMeasuredDate>
	Message: Only the 24 properties declared in the CHR schema (plus rdf:type and rdfs:label) may be used on an individual.
Constraint Violation in ClosedConstraintComponent (http://www.w3.org/ns/shacl#ClosedConstraintComponent):
	Severity: sh:Violation
	Source Shape: chr:SchemaPropertyVocabularyShape
	Focus Node: ex:Creatinine_38483-4_20241127T154723
	Value Node: Literal("2024-11-27T15:47:23+01:00" = 2024-11-27 15:47:23+01:00, datatype=xsd:dateTime)
	Result Path: <https://w3id.org/shexmap/resource/ontology-schema/d285f599-dc2e-4bd83f3-df21defa8821/hasMeasuredDate>
	Message: Only the 24 properties declared in the CHR schema (plus rdf:type and rdfs:label) may be used on an individual.
Constraint Violation in ClosedConstraintComponent (http://www.w3.org/ns/shacl#ClosedConstraintComponent):
	Severity: sh:Violation
	Source Shape: chr:SchemaPropertyVocabularyShape
	Focus Node: ex:Creatinine_38483-4_20241127T154723
	Value Node: Literal("5.1", datatype=xsd:float)
	Result Path: <https://w3id.org/shexmap/resource/ontology-schema/d285f599-dc2e-4bd8-83f3-df21defa8821/hasQuantityValue>
	Message: Only the 24 properties declared in the CHR schema (plus rdf:type and rdfs:label) may be used on an individual.
Constraint Violation in ClosedConstraintComponent (http://www.w3.org/ns/shacl#ClosedConstraintComponent):
	Severity: sh:Violation
	Source Shape: chr:SchemaPropertyVocabularyShape
	Focus Node: ex:Creatinine_38483-4_20241127T154723
	Value Node: Literal("5.1", datatype=xsd:float)
	Result Path: <https://w3id.org/shexmap/resource/ontology-schema/d285f599-dc2e-4bd83f3-df21defa8821/hasQuantityValue>
	Message: Only the 24 properties declared in the CHR schema (plus rdf:type and rdfs:label) may be used on an individual.
Constraint Violation in ClosedConstraintComponent (http://www.w3.org/ns/shacl#ClosedConstraintComponent):
	Severity: sh:Violation
	Source Shape: chr:SchemaPropertyVocabularyShape
	Focus Node: ex:Creatinine_38483-4_20241127T154723
	Value Node: ex:Unit_mgperdL
	Result Path: <https://w3id.org/shexmap/resource/ontology-schema/d285f599-dc2e-4bd8-83f3-df21defa8821/hasUnit>
	Message: Only the 24 properties declared in the CHR schema (plus rdf:type and rdfs:label) may be used on an individual.
Constraint Violation in ClosedConstraintComponent (http://www.w3.org/ns/shacl#ClosedConstraintComponent):
	Severity: sh:Violation
	Source Shape: chr:SchemaPropertyVocabularyShape
	Focus Node: ex:Creatinine_38483-4_20241127T154723
	Value Node: ex:Unit_mgperdL
	Result Path: <https://w3id.org/shexmap/resource/ontology-schema/d285f599-dc2e-4bd83f3-df21defa8821/hasUnit>
	Message: Only the 24 properties declared in the CHR schema (plus rdf:type and rdfs:label) may be used on an individual.
Constraint Violation in ClosedConstraintComponent (http://www.w3.org/ns/shacl#ClosedConstraintComponent):
	Severity: sh:Violation
	Source Shape: chr:SchemaPropertyVocabularyShape
	Focus Node: ex:Full_time_employment_finding_20241127T162132
	Value Node: <http://snomed.info/id/160903007>
	Result Path: <https://w3id.org/shexmap/resource/ontology-schema/d285f599-dc2e-4bd8-83f3-df21defa8821/hasCode>
	Message: Only the 24 properties declared in the CHR schema (plus rdf:type and rdfs:label) may be used on an individual.
Constraint Violation in ClosedConstraintComponent (http://www.w3.org/ns/shacl#ClosedConstraintComponent):
	Severity: sh:Violation
	Source Shape: chr:SchemaPropertyVocabularyShape
	Focus Node: ex:Full_time_employment_finding_20241127T162132
	Value Node: Literal("2024-11-27T16:21:32+01:00" = 2024-11-27 16:21:32+01:00, datatype=xsd:dateTime)
	Result Path: <https://w3id.org/shexmap/resource/ontology-schema/d285f599-dc2e-4bd8-83f3-df21defa8821/hasRecordDate>
	Message: Only the 24 properties declared in the CHR schema (plus rdf:type and rdfs:label) may be used on an individual.
Constraint Violation in ClosedConstraintComponent (http://www.w3.org/ns/shacl#ClosedConstraintComponent):
	Severity: sh:Violation
	Source Shape: chr:SchemaPropertyVocabularyShape
	Focus Node: ex:GAD7_70274-6_20241127T164225
	Value Node: <https://loinc.org/70274-6>
	Result Path: <https://w3id.org/shexmap/resource/ontology-schema/d285f599-dc2e-4bd8-83f3-df21defa8821/hasCode>
	Message: Only the 24 properties declared in the CHR schema (plus rdf:type and rdfs:label) may be used on an individual.
Constraint Violation in ClosedConstraintComponent (http://www.w3.org/ns/shacl#ClosedConstraintComponent):
	Severity: sh:Violation
	Source Shape: chr:SchemaPropertyVocabularyShape
	Focus Node: ex:GAD7_70274-6_20241127T164225
	Value Node: <https://loinc.org/70274-6>
	Result Path: <https://w3id.org/shexmap/resource/ontology-schema/d285f599-dc2e-4bd83f3-df21defa8821/hasCode>
	Message: Only the 24 properties declared in the CHR schema (plus rdf:type and rdfs:label) may be used on an individual.
Constraint Violation in ClosedConstraintComponent (http://www.w3.org/ns/shacl#ClosedConstraintComponent):
	Severity: sh:Violation
	Source Shape: chr:SchemaPropertyVocabularyShape
	Focus Node: ex:GAD7_70274-6_20241127T164225
	Value Node: Literal("1.0", datatype=xsd:float)
	Result Path: <https://w3id.org/shexmap/resource/ontology-schema/d285f599-dc2e-4bd8-83f3-df21defa8821/hasQuantityValue>
	Message: Only the 24 properties declared in the CHR schema (plus rdf:type and rdfs:label) may be used on an individual.
Constraint Violation in ClosedConstraintComponent (http://www.w3.org/ns/shacl#ClosedConstraintComponent):
	Severity: sh:Violation
	Source Shape: chr:SchemaPropertyVocabularyShape
	Focus Node: ex:GAD7_70274-6_20241127T164225
	Value Node: Literal("1.0", datatype=xsd:float)
	Result Path: <https://w3id.org/shexmap/resource/ontology-schema/d285f599-dc2e-4bd83f3-df21defa8821/hasQuantityValue>
	Message: Only the 24 properties declared in the CHR schema (plus rdf:type and rdfs:label) may be used on an individual.
Constraint Violation in ClosedConstraintComponent (http://www.w3.org/ns/shacl#ClosedConstraintComponent):
	Severity: sh:Violation
	Source Shape: chr:SchemaPropertyVocabularyShape
	Focus Node: ex:GAD7_70274-6_20241127T164225
	Value Node: Literal("2024-11-27T16:42:25+01:00" = 2024-11-27 16:42:25+01:00, datatype=xsd:dateTime)
	Result Path: <https://w3id.org/shexmap/resource/ontology-schema/d285f599-dc2e-4bd8-83f3-df21defa8821/hasMeasuredDate>
	Message: Only the 24 properties declared in the CHR schema (plus rdf:type and rdfs:label) may be used on an individual.
Constraint Violation in ClosedConstraintComponent (http://www.w3.org/ns/shacl#ClosedConstraintComponent):
	Severity: sh:Violation
	Source Shape: chr:SchemaPropertyVocabularyShape
	Focus Node: ex:GAD7_70274-6_20241127T164225
	Value Node: Literal("2024-11-27T16:42:25+01:00" = 2024-11-27 16:42:25+01:00, datatype=xsd:dateTime)
	Result Path: <https://w3id.org/shexmap/resource/ontology-schema/d285f599-dc2e-4bd83f3-df21defa8821/hasMeasuredDate>
	Message: Only the 24 properties declared in the CHR schema (plus rdf:type and rdfs:label) may be used on an individual.
Constraint Violation in ClosedConstraintComponent (http://www.w3.org/ns/shacl#ClosedConstraintComponent):
	Severity: sh:Violation
	Source Shape: chr:SchemaPropertyVocabularyShape
	Focus Node: ex:GAD7_70274-6_20241127T164225
	Value Node: ex:Unit_cblscorecbr
	Result Path: <https://w3id.org/shexmap/resource/ontology-schema/d285f599-dc2e-4bd8-83f3-df21defa8821/hasUnit>
	Message: Only the 24 properties declared in the CHR schema (plus rdf:type and rdfs:label) may be used on an individual.
Constraint Violation in ClosedConstraintComponent (http://www.w3.org/ns/shacl#ClosedConstraintComponent):
	Severity: sh:Violation
	Source Shape: chr:SchemaPropertyVocabularyShape
	Focus Node: ex:GAD7_70274-6_20241127T164225
	Value Node: ex:Unit_cblscorecbr
	Result Path: <https://w3id.org/shexmap/resource/ontology-schema/d285f599-dc2e-4bd83f3-df21defa8821/hasUnit>
	Message: Only the 24 properties declared in the CHR schema (plus rdf:type and rdfs:label) may be used on an individual.
Constraint Violation in ClosedConstraintComponent (http://www.w3.org/ns/shacl#ClosedConstraintComponent):
	Severity: sh:Violation
	Source Shape: chr:SchemaPropertyVocabularyShape
	Focus Node: ex:GFR_33914-3_20241127T154723_1
	Value Node: <https://loinc.org/33914-3>
	Result Path: <https://w3id.org/shexmap/resource/ontology-schema/d285f599-dc2e-4bd8-83f3-df21defa8821/hasCode>
	Message: Only the 24 properties declared in the CHR schema (plus rdf:type and rdfs:label) may be used on an individual.
Constraint Violation in ClosedConstraintComponent (http://www.w3.org/ns/shacl#ClosedConstraintComponent):
	Severity: sh:Violation
	Source Shape: chr:SchemaPropertyVocabularyShape
	Focus Node: ex:GFR_33914-3_20241127T154723_1
	Value Node: <https://loinc.org/33914-3>
	Result Path: <https://w3id.org/shexmap/resource/ontology-schema/d285f599-dc2e-4bd83f3-df21defa8821/hasCode>
	Message: Only the 24 properties declared in the CHR schema (plus rdf:type and rdfs:label) may be used on an individual.
Constraint Violation in ClosedConstraintComponent (http://www.w3.org/ns/shacl#ClosedConstraintComponent):
	Severity: sh:Violation
	Source Shape: chr:SchemaPropertyVocabularyShape
	Focus Node: ex:GFR_33914-3_20241127T154723_1
	Value Node: Literal("2024-11-27T15:47:23+01:00" = 2024-11-27 15:47:23+01:00, datatype=xsd:dateTime)
	Result Path: <https://w3id.org/shexmap/resource/ontology-schema/d285f599-dc2e-4bd8-83f3-df21defa8821/hasMeasuredDate>
	Message: Only the 24 properties declared in the CHR schema (plus rdf:type and rdfs:label) may be used on an individual.
Constraint Violation in ClosedConstraintComponent (http://www.w3.org/ns/shacl#ClosedConstraintComponent):
	Severity: sh:Violation
	Source Shape: chr:SchemaPropertyVocabularyShape
	Focus Node: ex:GFR_33914-3_20241127T154723_1
	Value Node: Literal("2024-11-27T15:47:23+01:00" = 2024-11-27 15:47:23+01:00, datatype=xsd:dateTime)
	Result Path: <https://w3id.org/shexmap/resource/ontology-schema/d285f599-dc2e-4bd83f3-df21defa8821/hasMeasuredDate>
	Message: Only the 24 properties declared in the CHR schema (plus rdf:type and rdfs:label) may be used on an individual.
Constraint Violation in ClosedConstraintComponent (http://www.w3.org/ns/shacl#ClosedConstraintComponent):
	Severity: sh:Violation
	Source Shape: chr:SchemaPropertyVocabularyShape
	Focus Node: ex:GFR_33914-3_20241127T154723_1
	Value Node: Literal("54.867", datatype=xsd:float)
	Result Path: <https://w3id.org/shexmap/resource/ontology-schema/d285f599-dc2e-4bd8-83f3-df21defa8821/hasQuantityValue>
	Message: Only the 24 properties declared in the CHR schema (plus rdf:type and rdfs:label) may be used on an individual.
Constraint Violation in ClosedConstraintComponent (http://www.w3.org/ns/shacl#ClosedConstraintComponent):
	Severity: sh:Violation
	Source Shape: chr:SchemaPropertyVocabularyShape
	Focus Node: ex:GFR_33914-3_20241127T154723_1
	Value Node: Literal("54.867", datatype=xsd:float)
	Result Path: <https://w3id.org/shexmap/resource/ontology-schema/d285f599-dc2e-4bd83f3-df21defa8821/hasQuantityValue>
	Message: Only the 24 properties declared in the CHR schema (plus rdf:type and rdfs:label) may be used on an individual.
Constraint Violation in ClosedConstraintComponent (http://www.w3.org/ns/shacl#ClosedConstraintComponent):
	Severity: sh:Violation
	Source Shape: chr:SchemaPropertyVocabularyShape
	Focus Node: ex:GFR_33914-3_20241127T154723_1
	Value Node: ex:Unit_mLpercblscorecbr
	Result Path: <https://w3id.org/shexmap/resource/ontology-schema/d285f599-dc2e-4bd8-83f3-df21defa8821/hasUnit>
	Message: Only the 24 properties declared in the CHR schema (plus rdf:type and rdfs:label) may be used on an individual.
Constraint Violation in ClosedConstraintComponent (http://www.w3.org/ns/shacl#ClosedConstraintComponent):
	Severity: sh:Violation
	Source Shape: chr:SchemaPropertyVocabularyShape
	Focus Node: ex:GFR_33914-3_20241127T154723_1
	Value Node: ex:Unit_mLpercblscorecbr
	Result Path: <https://w3id.org/shexmap/resource/ontology-schema/d285f599-dc2e-4bd83f3-df21defa8821/hasUnit>
	Message: Only the 24 properties declared in the CHR schema (plus rdf:type and rdfs:label) may be used on an individual.
Constraint Violation in ClosedConstraintComponent (http://www.w3.org/ns/shacl#ClosedConstraintComponent):
	Severity: sh:Violation
	Source Shape: chr:SchemaPropertyVocabularyShape
	Focus Node: ex:GFR_33914-3_20241127T154723_2
	Value Node: <https://loinc.org/33914-3>
	Result Path: <https://w3id.org/shexmap/resource/ontology-schema/d285f599-dc2e-4bd83f3-df21defa8821/hasCode>
	Message: Only the 24 properties declared in the CHR schema (plus rdf:type and rdfs:label) may be used on an individual.
Constraint Violation in ClosedConstraintComponent (http://www.w3.org/ns/shacl#ClosedConstraintComponent):
	Severity: sh:Violation
	Source Shape: chr:SchemaPropertyVocabularyShape
	Focus Node: ex:GFR_33914-3_20241127T154723_2
	Value Node: Literal("16.16", datatype=xsd:float)
	Result Path: <https://w3id.org/shexmap/resource/ontology-schema/d285f599-dc2e-4bd83f3-df21defa8821/hasQuantityValue>
	Message: Only the 24 properties declared in the CHR schema (plus rdf:type and rdfs:label) may be used on an individual.
Constraint Violation in ClosedConstraintComponent (http://www.w3.org/ns/shacl#ClosedConstraintComponent):
	Severity: sh:Violation
	Source Shape: chr:SchemaPropertyVocabularyShape
	Focus Node: ex:GFR_33914-3_20241127T154723_2
	Value Node: Literal("2024-11-27T15:47:23+01:00" = 2024-11-27 15:47:23+01:00, datatype=xsd:dateTime)
	Result Path: <https://w3id.org/shexmap/resource/ontology-schema/d285f599-dc2e-4bd83f3-df21defa8821/hasMeasuredDate>
	Message: Only the 24 properties declared in the CHR schema (plus rdf:type and rdfs:label) may be used on an individual.
Constraint Violation in ClosedConstraintComponent (http://www.w3.org/ns/shacl#ClosedConstraintComponent):
	Severity: sh:Violation
	Source Shape: chr:SchemaPropertyVocabularyShape
	Focus Node: ex:GFR_33914-3_20241127T154723_2
	Value Node: ex:Unit_mLpercblscorecbr
	Result Path: <https://w3id.org/shexmap/resource/ontology-schema/d285f599-dc2e-4bd83f3-df21defa8821/hasUnit>
	Message: Only the 24 properties declared in the CHR schema (plus rdf:type and rdfs:label) may be used on an individual.
Constraint Violation in ClosedConstraintComponent (http://www.w3.org/ns/shacl#ClosedConstraintComponent):
	Severity: sh:Violation
	Source Shape: chr:SchemaPropertyVocabularyShape
	Focus Node: ex:Gingivitis_disorder_20241127T175130
	Value Node: <http://snomed.info/id/66383009>
	Result Path: <https://w3id.org/shexmap/resource/ontology-schema/d285f599-dc2e-4bd8-83f3-df21defa8821/hasCode>
	Message: Only the 24 properties declared in the CHR schema (plus rdf:type and rdfs:label) may be used on an individual.
Constraint Violation in ClosedConstraintComponent (http://www.w3.org/ns/shacl#ClosedConstraintComponent):
	Severity: sh:Violation
	Source Shape: chr:SchemaPropertyVocabularyShape
	Focus Node: ex:Gingivitis_disorder_20241127T175130
	Value Node: Literal("2024-11-27T17:51:30+01:00" = 2024-11-27 17:51:30+01:00, datatype=xsd:dateTime)
	Result Path: <https://w3id.org/shexmap/resource/ontology-schema/d285f599-dc2e-4bd8-83f3-df21defa8821/hasRecordDate>
	Message: Only the 24 properties declared in the CHR schema (plus rdf:type and rdfs:label) may be used on an individual.
Constraint Violation in ClosedConstraintComponent (http://www.w3.org/ns/shacl#ClosedConstraintComponent):
	Severity: sh:Violation
	Source Shape: chr:SchemaPropertyVocabularyShape
	Focus Node: ex:Glucose_2339-0_20241127T154723
	Value Node: <https://loinc.org/2339-0>
	Result Path: <https://w3id.org/shexmap/resource/ontology-schema/d285f599-dc2e-4bd8-83f3-df21defa8821/hasCode>
	Message: Only the 24 properties declared in the CHR schema (plus rdf:type and rdfs:label) may be used on an individual.
Constraint Violation in ClosedConstraintComponent (http://www.w3.org/ns/shacl#ClosedConstraintComponent):
	Severity: sh:Violation
	Source Shape: chr:SchemaPropertyVocabularyShape
	Focus Node: ex:Glucose_2339-0_20241127T154723
	Value Node: <https://loinc.org/2339-0>
	Result Path: <https://w3id.org/shexmap/resource/ontology-schema/d285f599-dc2e-4bd83f3-df21defa8821/hasCode>
	Message: Only the 24 properties declared in the CHR schema (plus rdf:type and rdfs:label) may be used on an individual.
Constraint Violation in ClosedConstraintComponent (http://www.w3.org/ns/shacl#ClosedConstraintComponent):
	Severity: sh:Violation
	Source Shape: chr:SchemaPropertyVocabularyShape
	Focus Node: ex:Glucose_2339-0_20241127T154723
	Value Node: Literal("134.62", datatype=xsd:float)
	Result Path: <https://w3id.org/shexmap/resource/ontology-schema/d285f599-dc2e-4bd8-83f3-df21defa8821/hasQuantityValue>
	Message: Only the 24 properties declared in the CHR schema (plus rdf:type and rdfs:label) may be used on an individual.
Constraint Violation in ClosedConstraintComponent (http://www.w3.org/ns/shacl#ClosedConstraintComponent):
	Severity: sh:Violation
	Source Shape: chr:SchemaPropertyVocabularyShape
	Focus Node: ex:Glucose_2339-0_20241127T154723
	Value Node: Literal("134.62", datatype=xsd:float)
	Result Path: <https://w3id.org/shexmap/resource/ontology-schema/d285f599-dc2e-4bd83f3-df21defa8821/hasQuantityValue>
	Message: Only the 24 properties declared in the CHR schema (plus rdf:type and rdfs:label) may be used on an individual.
Constraint Violation in ClosedConstraintComponent (http://www.w3.org/ns/shacl#ClosedConstraintComponent):
	Severity: sh:Violation
	Source Shape: chr:SchemaPropertyVocabularyShape
	Focus Node: ex:Glucose_2339-0_20241127T154723
	Value Node: Literal("2024-11-27T15:47:23+01:00" = 2024-11-27 15:47:23+01:00, datatype=xsd:dateTime)
	Result Path: <https://w3id.org/shexmap/resource/ontology-schema/d285f599-dc2e-4bd8-83f3-df21defa8821/hasMeasuredDate>
	Message: Only the 24 properties declared in the CHR schema (plus rdf:type and rdfs:label) may be used on an individual.
Constraint Violation in ClosedConstraintComponent (http://www.w3.org/ns/shacl#ClosedConstraintComponent):
	Severity: sh:Violation
	Source Shape: chr:SchemaPropertyVocabularyShape
	Focus Node: ex:Glucose_2339-0_20241127T154723
	Value Node: Literal("2024-11-27T15:47:23+01:00" = 2024-11-27 15:47:23+01:00, datatype=xsd:dateTime)
	Result Path: <https://w3id.org/shexmap/resource/ontology-schema/d285f599-dc2e-4bd83f3-df21defa8821/hasMeasuredDate>
	Message: Only the 24 properties declared in the CHR schema (plus rdf:type and rdfs:label) may be used on an individual.
Constraint Violation in ClosedConstraintComponent (http://www.w3.org/ns/shacl#ClosedConstraintComponent):
	Severity: sh:Violation
	Source Shape: chr:SchemaPropertyVocabularyShape
	Focus Node: ex:Glucose_2339-0_20241127T154723
	Value Node: ex:Unit_mgperdL
	Result Path: <https://w3id.org/shexmap/resource/ontology-schema/d285f599-dc2e-4bd8-83f3-df21defa8821/hasUnit>
	Message: Only the 24 properties declared in the CHR schema (plus rdf:type and rdfs:label) may be used on an individual.
Constraint Violation in ClosedConstraintComponent (http://www.w3.org/ns/shacl#ClosedConstraintComponent):
	Severity: sh:Violation
	Source Shape: chr:SchemaPropertyVocabularyShape
	Focus Node: ex:Glucose_2339-0_20241127T154723
	Value Node: ex:Unit_mgperdL
	Result Path: <https://w3id.org/shexmap/resource/ontology-schema/d285f599-dc2e-4bd83f3-df21defa8821/hasUnit>
	Message: Only the 24 properties declared in the CHR schema (plus rdf:type and rdfs:label) may be used on an individual.
Constraint Violation in ClosedConstraintComponent (http://www.w3.org/ns/shacl#ClosedConstraintComponent):
	Severity: sh:Violation
	Source Shape: chr:SchemaPropertyVocabularyShape
	Focus Node: ex:Glucose_2345-7_20241127T154723
	Value Node: <https://loinc.org/2345-7>
	Result Path: <https://w3id.org/shexmap/resource/ontology-schema/d285f599-dc2e-4bd8-83f3-df21defa8821/hasCode>
	Message: Only the 24 properties declared in the CHR schema (plus rdf:type and rdfs:label) may be used on an individual.
Constraint Violation in ClosedConstraintComponent (http://www.w3.org/ns/shacl#ClosedConstraintComponent):
	Severity: sh:Violation
	Source Shape: chr:SchemaPropertyVocabularyShape
	Focus Node: ex:Glucose_2345-7_20241127T154723
	Value Node: <https://loinc.org/2345-7>
	Result Path: <https://w3id.org/shexmap/resource/ontology-schema/d285f599-dc2e-4bd83f3-df21defa8821/hasCode>
	Message: Only the 24 properties declared in the CHR schema (plus rdf:type and rdfs:label) may be used on an individual.
Constraint Violation in ClosedConstraintComponent (http://www.w3.org/ns/shacl#ClosedConstraintComponent):
	Severity: sh:Violation
	Source Shape: chr:SchemaPropertyVocabularyShape
	Focus Node: ex:Glucose_2345-7_20241127T154723
	Value Node: Literal("134.62", datatype=xsd:float)
	Result Path: <https://w3id.org/shexmap/resource/ontology-schema/d285f599-dc2e-4bd8-83f3-df21defa8821/hasQuantityValue>
	Message: Only the 24 properties declared in the CHR schema (plus rdf:type and rdfs:label) may be used on an individual.
Constraint Violation in ClosedConstraintComponent (http://www.w3.org/ns/shacl#ClosedConstraintComponent):
	Severity: sh:Violation
	Source Shape: chr:SchemaPropertyVocabularyShape
	Focus Node: ex:Glucose_2345-7_20241127T154723
	Value Node: Literal("134.62", datatype=xsd:float)
	Result Path: <https://w3id.org/shexmap/resource/ontology-schema/d285f599-dc2e-4bd83f3-df21defa8821/hasQuantityValue>
	Message: Only the 24 properties declared in the CHR schema (plus rdf:type and rdfs:label) may be used on an individual.
Constraint Violation in ClosedConstraintComponent (http://www.w3.org/ns/shacl#ClosedConstraintComponent):
	Severity: sh:Violation
	Source Shape: chr:SchemaPropertyVocabularyShape
	Focus Node: ex:Glucose_2345-7_20241127T154723
	Value Node: Literal("2024-11-27T15:47:23+01:00" = 2024-11-27 15:47:23+01:00, datatype=xsd:dateTime)
	Result Path: <https://w3id.org/shexmap/resource/ontology-schema/d285f599-dc2e-4bd8-83f3-df21defa8821/hasMeasuredDate>
	Message: Only the 24 properties declared in the CHR schema (plus rdf:type and rdfs:label) may be used on an individual.
Constraint Violation in ClosedConstraintComponent (http://www.w3.org/ns/shacl#ClosedConstraintComponent):
	Severity: sh:Violation
	Source Shape: chr:SchemaPropertyVocabularyShape
	Focus Node: ex:Glucose_2345-7_20241127T154723
	Value Node: Literal("2024-11-27T15:47:23+01:00" = 2024-11-27 15:47:23+01:00, datatype=xsd:dateTime)
	Result Path: <https://w3id.org/shexmap/resource/ontology-schema/d285f599-dc2e-4bd83f3-df21defa8821/hasMeasuredDate>
	Message: Only the 24 properties declared in the CHR schema (plus rdf:type and rdfs:label) may be used on an individual.
Constraint Violation in ClosedConstraintComponent (http://www.w3.org/ns/shacl#ClosedConstraintComponent):
	Severity: sh:Violation
	Source Shape: chr:SchemaPropertyVocabularyShape
	Focus Node: ex:Glucose_2345-7_20241127T154723
	Value Node: ex:Unit_mgperdL
	Result Path: <https://w3id.org/shexmap/resource/ontology-schema/d285f599-dc2e-4bd8-83f3-df21defa8821/hasUnit>
	Message: Only the 24 properties declared in the CHR schema (plus rdf:type and rdfs:label) may be used on an individual.
Constraint Violation in ClosedConstraintComponent (http://www.w3.org/ns/shacl#ClosedConstraintComponent):
	Severity: sh:Violation
	Source Shape: chr:SchemaPropertyVocabularyShape
	Focus Node: ex:Glucose_2345-7_20241127T154723
	Value Node: ex:Unit_mgperdL
	Result Path: <https://w3id.org/shexmap/resource/ontology-schema/d285f599-dc2e-4bd83f3-df21defa8821/hasUnit>
	Message: Only the 24 properties declared in the CHR schema (plus rdf:type and rdfs:label) may be used on an individual.
Constraint Violation in ClosedConstraintComponent (http://www.w3.org/ns/shacl#ClosedConstraintComponent):
	Severity: sh:Violation
	Source Shape: chr:SchemaPropertyVocabularyShape
	Focus Node: ex:Glucose_5792-7_20241127T154723
	Value Node: <https://loinc.org/5792-7>
	Result Path: <https://w3id.org/shexmap/resource/ontology-schema/d285f599-dc2e-4bd8-83f3-df21defa8821/hasCode>
	Message: Only the 24 properties declared in the CHR schema (plus rdf:type and rdfs:label) may be used on an individual.
Constraint Violation in ClosedConstraintComponent (http://www.w3.org/ns/shacl#ClosedConstraintComponent):
	Severity: sh:Violation
	Source Shape: chr:SchemaPropertyVocabularyShape
	Focus Node: ex:Glucose_5792-7_20241127T154723
	Value Node: <https://loinc.org/5792-7>
	Result Path: <https://w3id.org/shexmap/resource/ontology-schema/d285f599-dc2e-4bd83f3-df21defa8821/hasCode>
	Message: Only the 24 properties declared in the CHR schema (plus rdf:type and rdfs:label) may be used on an individual.
Constraint Violation in ClosedConstraintComponent (http://www.w3.org/ns/shacl#ClosedConstraintComponent):
	Severity: sh:Violation
	Source Shape: chr:SchemaPropertyVocabularyShape
	Focus Node: ex:Glucose_5792-7_20241127T154723
	Value Node: Literal("0.57413", datatype=xsd:float)
	Result Path: <https://w3id.org/shexmap/resource/ontology-schema/d285f599-dc2e-4bd8-83f3-df21defa8821/hasQuantityValue>
	Message: Only the 24 properties declared in the CHR schema (plus rdf:type and rdfs:label) may be used on an individual.
Constraint Violation in ClosedConstraintComponent (http://www.w3.org/ns/shacl#ClosedConstraintComponent):
	Severity: sh:Violation
	Source Shape: chr:SchemaPropertyVocabularyShape
	Focus Node: ex:Glucose_5792-7_20241127T154723
	Value Node: Literal("0.57413", datatype=xsd:float)
	Result Path: <https://w3id.org/shexmap/resource/ontology-schema/d285f599-dc2e-4bd83f3-df21defa8821/hasQuantityValue>
	Message: Only the 24 properties declared in the CHR schema (plus rdf:type and rdfs:label) may be used on an individual.
Constraint Violation in ClosedConstraintComponent (http://www.w3.org/ns/shacl#ClosedConstraintComponent):
	Severity: sh:Violation
	Source Shape: chr:SchemaPropertyVocabularyShape
	Focus Node: ex:Glucose_5792-7_20241127T154723
	Value Node: Literal("2024-11-27T15:47:23+01:00" = 2024-11-27 15:47:23+01:00, datatype=xsd:dateTime)
	Result Path: <https://w3id.org/shexmap/resource/ontology-schema/d285f599-dc2e-4bd8-83f3-df21defa8821/hasMeasuredDate>
	Message: Only the 24 properties declared in the CHR schema (plus rdf:type and rdfs:label) may be used on an individual.
Constraint Violation in ClosedConstraintComponent (http://www.w3.org/ns/shacl#ClosedConstraintComponent):
	Severity: sh:Violation
	Source Shape: chr:SchemaPropertyVocabularyShape
	Focus Node: ex:Glucose_5792-7_20241127T154723
	Value Node: Literal("2024-11-27T15:47:23+01:00" = 2024-11-27 15:47:23+01:00, datatype=xsd:dateTime)
	Result Path: <https://w3id.org/shexmap/resource/ontology-schema/d285f599-dc2e-4bd83f3-df21defa8821/hasMeasuredDate>
	Message: Only the 24 properties declared in the CHR schema (plus rdf:type and rdfs:label) may be used on an individual.
Constraint Violation in ClosedConstraintComponent (http://www.w3.org/ns/shacl#ClosedConstraintComponent):
	Severity: sh:Violation
	Source Shape: chr:SchemaPropertyVocabularyShape
	Focus Node: ex:Glucose_5792-7_20241127T154723
	Value Node: ex:Unit_mgperdL
	Result Path: <https://w3id.org/shexmap/resource/ontology-schema/d285f599-dc2e-4bd8-83f3-df21defa8821/hasUnit>
	Message: Only the 24 properties declared in the CHR schema (plus rdf:type and rdfs:label) may be used on an individual.
Constraint Violation in ClosedConstraintComponent (http://www.w3.org/ns/shacl#ClosedConstraintComponent):
	Severity: sh:Violation
	Source Shape: chr:SchemaPropertyVocabularyShape
	Focus Node: ex:Glucose_5792-7_20241127T154723
	Value Node: ex:Unit_mgperdL
	Result Path: <https://w3id.org/shexmap/resource/ontology-schema/d285f599-dc2e-4bd83f3-df21defa8821/hasUnit>
	Message: Only the 24 properties declared in the CHR schema (plus rdf:type and rdfs:label) may be used on an individual.
Constraint Violation in ClosedConstraintComponent (http://www.w3.org/ns/shacl#ClosedConstraintComponent):
	Severity: sh:Violation
	Source Shape: chr:SchemaPropertyVocabularyShape
	Focus Node: ex:Heart_rate_8867-4_20241127T154723
	Value Node: <https://loinc.org/8867-4>
	Result Path: <https://w3id.org/shexmap/resource/ontology-schema/d285f599-dc2e-4bd8-83f3-df21defa8821/hasCode>
	Message: Only the 24 properties declared in the CHR schema (plus rdf:type and rdfs:label) may be used on an individual.
Constraint Violation in ClosedConstraintComponent (http://www.w3.org/ns/shacl#ClosedConstraintComponent):
	Severity: sh:Violation
	Source Shape: chr:SchemaPropertyVocabularyShape
	Focus Node: ex:Heart_rate_8867-4_20241127T154723
	Value Node: <https://loinc.org/8867-4>
	Result Path: <https://w3id.org/shexmap/resource/ontology-schema/d285f599-dc2e-4bd83f3-df21defa8821/hasCode>
	Message: Only the 24 properties declared in the CHR schema (plus rdf:type and rdfs:label) may be used on an individual.
Constraint Violation in ClosedConstraintComponent (http://www.w3.org/ns/shacl#ClosedConstraintComponent):
	Severity: sh:Violation
	Source Shape: chr:SchemaPropertyVocabularyShape
	Focus Node: ex:Heart_rate_8867-4_20241127T154723
	Value Node: Literal("2024-11-27T15:47:23+01:00" = 2024-11-27 15:47:23+01:00, datatype=xsd:dateTime)
	Result Path: <https://w3id.org/shexmap/resource/ontology-schema/d285f599-dc2e-4bd8-83f3-df21defa8821/hasMeasuredDate>
	Message: Only the 24 properties declared in the CHR schema (plus rdf:type and rdfs:label) may be used on an individual.
Constraint Violation in ClosedConstraintComponent (http://www.w3.org/ns/shacl#ClosedConstraintComponent):
	Severity: sh:Violation
	Source Shape: chr:SchemaPropertyVocabularyShape
	Focus Node: ex:Heart_rate_8867-4_20241127T154723
	Value Node: Literal("2024-11-27T15:47:23+01:00" = 2024-11-27 15:47:23+01:00, datatype=xsd:dateTime)
	Result Path: <https://w3id.org/shexmap/resource/ontology-schema/d285f599-dc2e-4bd83f3-df21defa8821/hasMeasuredDate>
	Message: Only the 24 properties declared in the CHR schema (plus rdf:type and rdfs:label) may be used on an individual.
Constraint Violation in ClosedConstraintComponent (http://www.w3.org/ns/shacl#ClosedConstraintComponent):
	Severity: sh:Violation
	Source Shape: chr:SchemaPropertyVocabularyShape
	Focus Node: ex:Heart_rate_8867-4_20241127T154723
	Value Node: Literal("94.0", datatype=xsd:float)
	Result Path: <https://w3id.org/shexmap/resource/ontology-schema/d285f599-dc2e-4bd8-83f3-df21defa8821/hasQuantityValue>
	Message: Only the 24 properties declared in the CHR schema (plus rdf:type and rdfs:label) may be used on an individual.
Constraint Violation in ClosedConstraintComponent (http://www.w3.org/ns/shacl#ClosedConstraintComponent):
	Severity: sh:Violation
	Source Shape: chr:SchemaPropertyVocabularyShape
	Focus Node: ex:Heart_rate_8867-4_20241127T154723
	Value Node: Literal("94.0", datatype=xsd:float)
	Result Path: <https://w3id.org/shexmap/resource/ontology-schema/d285f599-dc2e-4bd83f3-df21defa8821/hasQuantityValue>
	Message: Only the 24 properties declared in the CHR schema (plus rdf:type and rdfs:label) may be used on an individual.
Constraint Violation in ClosedConstraintComponent (http://www.w3.org/ns/shacl#ClosedConstraintComponent):
	Severity: sh:Violation
	Source Shape: chr:SchemaPropertyVocabularyShape
	Focus Node: ex:Heart_rate_8867-4_20241127T154723
	Value Node: ex:Unit_permin
	Result Path: <https://w3id.org/shexmap/resource/ontology-schema/d285f599-dc2e-4bd8-83f3-df21defa8821/hasUnit>
	Message: Only the 24 properties declared in the CHR schema (plus rdf:type and rdfs:label) may be used on an individual.
Constraint Violation in ClosedConstraintComponent (http://www.w3.org/ns/shacl#ClosedConstraintComponent):
	Severity: sh:Violation
	Source Shape: chr:SchemaPropertyVocabularyShape
	Focus Node: ex:Heart_rate_8867-4_20241127T154723
	Value Node: ex:Unit_permin
	Result Path: <https://w3id.org/shexmap/resource/ontology-schema/d285f599-dc2e-4bd83f3-df21defa8821/hasUnit>
	Message: Only the 24 properties declared in the CHR schema (plus rdf:type and rdfs:label) may be used on an individual.
Constraint Violation in ClosedConstraintComponent (http://www.w3.org/ns/shacl#ClosedConstraintComponent):
	Severity: sh:Violation
	Source Shape: chr:SchemaPropertyVocabularyShape
	Focus Node: ex:Hemoglobin_A1c_4548-4_20241127T154723
	Value Node: <https://loinc.org/4548-4>
	Result Path: <https://w3id.org/shexmap/resource/ontology-schema/d285f599-dc2e-4bd8-83f3-df21defa8821/hasCode>
	Message: Only the 24 properties declared in the CHR schema (plus rdf:type and rdfs:label) may be used on an individual.
Constraint Violation in ClosedConstraintComponent (http://www.w3.org/ns/shacl#ClosedConstraintComponent):
	Severity: sh:Violation
	Source Shape: chr:SchemaPropertyVocabularyShape
	Focus Node: ex:Hemoglobin_A1c_4548-4_20241127T154723
	Value Node: <https://loinc.org/4548-4>
	Result Path: <https://w3id.org/shexmap/resource/ontology-schema/d285f599-dc2e-4bd83f3-df21defa8821/hasCode>
	Message: Only the 24 properties declared in the CHR schema (plus rdf:type and rdfs:label) may be used on an individual.
Constraint Violation in ClosedConstraintComponent (http://www.w3.org/ns/shacl#ClosedConstraintComponent):
	Severity: sh:Violation
	Source Shape: chr:SchemaPropertyVocabularyShape
	Focus Node: ex:Hemoglobin_A1c_4548-4_20241127T154723
	Value Node: Literal("2024-11-27T15:47:23+01:00" = 2024-11-27 15:47:23+01:00, datatype=xsd:dateTime)
	Result Path: <https://w3id.org/shexmap/resource/ontology-schema/d285f599-dc2e-4bd8-83f3-df21defa8821/hasMeasuredDate>
	Message: Only the 24 properties declared in the CHR schema (plus rdf:type and rdfs:label) may be used on an individual.
Constraint Violation in ClosedConstraintComponent (http://www.w3.org/ns/shacl#ClosedConstraintComponent):
	Severity: sh:Violation
	Source Shape: chr:SchemaPropertyVocabularyShape
	Focus Node: ex:Hemoglobin_A1c_4548-4_20241127T154723
	Value Node: Literal("2024-11-27T15:47:23+01:00" = 2024-11-27 15:47:23+01:00, datatype=xsd:dateTime)
	Result Path: <https://w3id.org/shexmap/resource/ontology-schema/d285f599-dc2e-4bd83f3-df21defa8821/hasMeasuredDate>
	Message: Only the 24 properties declared in the CHR schema (plus rdf:type and rdfs:label) may be used on an individual.
Constraint Violation in ClosedConstraintComponent (http://www.w3.org/ns/shacl#ClosedConstraintComponent):
	Severity: sh:Violation
	Source Shape: chr:SchemaPropertyVocabularyShape
	Focus Node: ex:Hemoglobin_A1c_4548-4_20241127T154723
	Value Node: Literal("5.36", datatype=xsd:float)
	Result Path: <https://w3id.org/shexmap/resource/ontology-schema/d285f599-dc2e-4bd8-83f3-df21defa8821/hasQuantityValue>
	Message: Only the 24 properties declared in the CHR schema (plus rdf:type and rdfs:label) may be used on an individual.
Constraint Violation in ClosedConstraintComponent (http://www.w3.org/ns/shacl#ClosedConstraintComponent):
	Severity: sh:Violation
	Source Shape: chr:SchemaPropertyVocabularyShape
	Focus Node: ex:Hemoglobin_A1c_4548-4_20241127T154723
	Value Node: Literal("5.36", datatype=xsd:float)
	Result Path: <https://w3id.org/shexmap/resource/ontology-schema/d285f599-dc2e-4bd83f3-df21defa8821/hasQuantityValue>
	Message: Only the 24 properties declared in the CHR schema (plus rdf:type and rdfs:label) may be used on an individual.
Constraint Violation in ClosedConstraintComponent (http://www.w3.org/ns/shacl#ClosedConstraintComponent):
	Severity: sh:Violation
	Source Shape: chr:SchemaPropertyVocabularyShape
	Focus Node: ex:Hemoglobin_A1c_4548-4_20241127T154723
	Value Node: ex:Unit_percent
	Result Path: <https://w3id.org/shexmap/resource/ontology-schema/d285f599-dc2e-4bd8-83f3-df21defa8821/hasUnit>
	Message: Only the 24 properties declared in the CHR schema (plus rdf:type and rdfs:label) may be used on an individual.
Constraint Violation in ClosedConstraintComponent (http://www.w3.org/ns/shacl#ClosedConstraintComponent):
	Severity: sh:Violation
	Source Shape: chr:SchemaPropertyVocabularyShape
	Focus Node: ex:Hemoglobin_A1c_4548-4_20241127T154723
	Value Node: ex:Unit_percent
	Result Path: <https://w3id.org/shexmap/resource/ontology-schema/d285f599-dc2e-4bd83f3-df21defa8821/hasUnit>
	Message: Only the 24 properties declared in the CHR schema (plus rdf:type and rdfs:label) may be used on an individual.
Constraint Violation in ClosedConstraintComponent (http://www.w3.org/ns/shacl#ClosedConstraintComponent):
	Severity: sh:Violation
	Source Shape: chr:SchemaPropertyVocabularyShape
	Focus Node: ex:Ketones_5797-6_20241127T154723
	Value Node: <https://loinc.org/5797-6>
	Result Path: <https://w3id.org/shexmap/resource/ontology-schema/d285f599-dc2e-4bd8-83f3-df21defa8821/hasCode>
	Message: Only the 24 properties declared in the CHR schema (plus rdf:type and rdfs:label) may be used on an individual.
Constraint Violation in ClosedConstraintComponent (http://www.w3.org/ns/shacl#ClosedConstraintComponent):
	Severity: sh:Violation
	Source Shape: chr:SchemaPropertyVocabularyShape
	Focus Node: ex:Ketones_5797-6_20241127T154723
	Value Node: <https://loinc.org/5797-6>
	Result Path: <https://w3id.org/shexmap/resource/ontology-schema/d285f599-dc2e-4bd83f3-df21defa8821/hasCode>
	Message: Only the 24 properties declared in the CHR schema (plus rdf:type and rdfs:label) may be used on an individual.
Constraint Violation in ClosedConstraintComponent (http://www.w3.org/ns/shacl#ClosedConstraintComponent):
	Severity: sh:Violation
	Source Shape: chr:SchemaPropertyVocabularyShape
	Focus Node: ex:Ketones_5797-6_20241127T154723
	Value Node: Literal("18.918", datatype=xsd:float)
	Result Path: <https://w3id.org/shexmap/resource/ontology-schema/d285f599-dc2e-4bd8-83f3-df21defa8821/hasQuantityValue>
	Message: Only the 24 properties declared in the CHR schema (plus rdf:type and rdfs:label) may be used on an individual.
Constraint Violation in ClosedConstraintComponent (http://www.w3.org/ns/shacl#ClosedConstraintComponent):
	Severity: sh:Violation
	Source Shape: chr:SchemaPropertyVocabularyShape
	Focus Node: ex:Ketones_5797-6_20241127T154723
	Value Node: Literal("18.918", datatype=xsd:float)
	Result Path: <https://w3id.org/shexmap/resource/ontology-schema/d285f599-dc2e-4bd83f3-df21defa8821/hasQuantityValue>
	Message: Only the 24 properties declared in the CHR schema (plus rdf:type and rdfs:label) may be used on an individual.
Constraint Violation in ClosedConstraintComponent (http://www.w3.org/ns/shacl#ClosedConstraintComponent):
	Severity: sh:Violation
	Source Shape: chr:SchemaPropertyVocabularyShape
	Focus Node: ex:Ketones_5797-6_20241127T154723
	Value Node: Literal("2024-11-27T15:47:23+01:00" = 2024-11-27 15:47:23+01:00, datatype=xsd:dateTime)
	Result Path: <https://w3id.org/shexmap/resource/ontology-schema/d285f599-dc2e-4bd8-83f3-df21defa8821/hasMeasuredDate>
	Message: Only the 24 properties declared in the CHR schema (plus rdf:type and rdfs:label) may be used on an individual.
Constraint Violation in ClosedConstraintComponent (http://www.w3.org/ns/shacl#ClosedConstraintComponent):
	Severity: sh:Violation
	Source Shape: chr:SchemaPropertyVocabularyShape
	Focus Node: ex:Ketones_5797-6_20241127T154723
	Value Node: Literal("2024-11-27T15:47:23+01:00" = 2024-11-27 15:47:23+01:00, datatype=xsd:dateTime)
	Result Path: <https://w3id.org/shexmap/resource/ontology-schema/d285f599-dc2e-4bd83f3-df21defa8821/hasMeasuredDate>
	Message: Only the 24 properties declared in the CHR schema (plus rdf:type and rdfs:label) may be used on an individual.
Constraint Violation in ClosedConstraintComponent (http://www.w3.org/ns/shacl#ClosedConstraintComponent):
	Severity: sh:Violation
	Source Shape: chr:SchemaPropertyVocabularyShape
	Focus Node: ex:Ketones_5797-6_20241127T154723
	Value Node: ex:Unit_mgperdL
	Result Path: <https://w3id.org/shexmap/resource/ontology-schema/d285f599-dc2e-4bd8-83f3-df21defa8821/hasUnit>
	Message: Only the 24 properties declared in the CHR schema (plus rdf:type and rdfs:label) may be used on an individual.
Constraint Violation in ClosedConstraintComponent (http://www.w3.org/ns/shacl#ClosedConstraintComponent):
	Severity: sh:Violation
	Source Shape: chr:SchemaPropertyVocabularyShape
	Focus Node: ex:Ketones_5797-6_20241127T154723
	Value Node: ex:Unit_mgperdL
	Result Path: <https://w3id.org/shexmap/resource/ontology-schema/d285f599-dc2e-4bd83f3-df21defa8821/hasUnit>
	Message: Only the 24 properties declared in the CHR schema (plus rdf:type and rdfs:label) may be used on an individual.
Constraint Violation in ClosedConstraintComponent (http://www.w3.org/ns/shacl#ClosedConstraintComponent):
	Severity: sh:Violation
	Source Shape: chr:SchemaPropertyVocabularyShape
	Focus Node: ex:Microalbumin_Creatinine_14959-1_20241127T154723
	Value Node: <https://loinc.org/14959-1>
	Result Path: <https://w3id.org/shexmap/resource/ontology-schema/d285f599-dc2e-4bd8-83f3-df21defa8821/hasCode>
	Message: Only the 24 properties declared in the CHR schema (plus rdf:type and rdfs:label) may be used on an individual.
Constraint Violation in ClosedConstraintComponent (http://www.w3.org/ns/shacl#ClosedConstraintComponent):
	Severity: sh:Violation
	Source Shape: chr:SchemaPropertyVocabularyShape
	Focus Node: ex:Microalbumin_Creatinine_14959-1_20241127T154723
	Value Node: <https://loinc.org/14959-1>
	Result Path: <https://w3id.org/shexmap/resource/ontology-schema/d285f599-dc2e-4bd83f3-df21defa8821/hasCode>
	Message: Only the 24 properties declared in the CHR schema (plus rdf:type and rdfs:label) may be used on an individual.
Constraint Violation in ClosedConstraintComponent (http://www.w3.org/ns/shacl#ClosedConstraintComponent):
	Severity: sh:Violation
	Source Shape: chr:SchemaPropertyVocabularyShape
	Focus Node: ex:Microalbumin_Creatinine_14959-1_20241127T154723
	Value Node: Literal("120.56", datatype=xsd:float)
	Result Path: <https://w3id.org/shexmap/resource/ontology-schema/d285f599-dc2e-4bd8-83f3-df21defa8821/hasQuantityValue>
	Message: Only the 24 properties declared in the CHR schema (plus rdf:type and rdfs:label) may be used on an individual.
Constraint Violation in ClosedConstraintComponent (http://www.w3.org/ns/shacl#ClosedConstraintComponent):
	Severity: sh:Violation
	Source Shape: chr:SchemaPropertyVocabularyShape
	Focus Node: ex:Microalbumin_Creatinine_14959-1_20241127T154723
	Value Node: Literal("120.56", datatype=xsd:float)
	Result Path: <https://w3id.org/shexmap/resource/ontology-schema/d285f599-dc2e-4bd83f3-df21defa8821/hasQuantityValue>
	Message: Only the 24 properties declared in the CHR schema (plus rdf:type and rdfs:label) may be used on an individual.
Constraint Violation in ClosedConstraintComponent (http://www.w3.org/ns/shacl#ClosedConstraintComponent):
	Severity: sh:Violation
	Source Shape: chr:SchemaPropertyVocabularyShape
	Focus Node: ex:Microalbumin_Creatinine_14959-1_20241127T154723
	Value Node: Literal("2024-11-27T15:47:23+01:00" = 2024-11-27 15:47:23+01:00, datatype=xsd:dateTime)
	Result Path: <https://w3id.org/shexmap/resource/ontology-schema/d285f599-dc2e-4bd8-83f3-df21defa8821/hasMeasuredDate>
	Message: Only the 24 properties declared in the CHR schema (plus rdf:type and rdfs:label) may be used on an individual.
Constraint Violation in ClosedConstraintComponent (http://www.w3.org/ns/shacl#ClosedConstraintComponent):
	Severity: sh:Violation
	Source Shape: chr:SchemaPropertyVocabularyShape
	Focus Node: ex:Microalbumin_Creatinine_14959-1_20241127T154723
	Value Node: Literal("2024-11-27T15:47:23+01:00" = 2024-11-27 15:47:23+01:00, datatype=xsd:dateTime)
	Result Path: <https://w3id.org/shexmap/resource/ontology-schema/d285f599-dc2e-4bd83f3-df21defa8821/hasMeasuredDate>
	Message: Only the 24 properties declared in the CHR schema (plus rdf:type and rdfs:label) may be used on an individual.
Constraint Violation in ClosedConstraintComponent (http://www.w3.org/ns/shacl#ClosedConstraintComponent):
	Severity: sh:Violation
	Source Shape: chr:SchemaPropertyVocabularyShape
	Focus Node: ex:Microalbumin_Creatinine_14959-1_20241127T154723
	Value Node: ex:Unit_mgperg
	Result Path: <https://w3id.org/shexmap/resource/ontology-schema/d285f599-dc2e-4bd8-83f3-df21defa8821/hasUnit>
	Message: Only the 24 properties declared in the CHR schema (plus rdf:type and rdfs:label) may be used on an individual.
Constraint Violation in ClosedConstraintComponent (http://www.w3.org/ns/shacl#ClosedConstraintComponent):
	Severity: sh:Violation
	Source Shape: chr:SchemaPropertyVocabularyShape
	Focus Node: ex:Microalbumin_Creatinine_14959-1_20241127T154723
	Value Node: ex:Unit_mgperg
	Result Path: <https://w3id.org/shexmap/resource/ontology-schema/d285f599-dc2e-4bd83f3-df21defa8821/hasUnit>
	Message: Only the 24 properties declared in the CHR schema (plus rdf:type and rdfs:label) may be used on an individual.
Constraint Violation in ClosedConstraintComponent (http://www.w3.org/ns/shacl#ClosedConstraintComponent):
	Severity: sh:Violation
	Source Shape: chr:SchemaPropertyVocabularyShape
	Focus Node: ex:Pain_severity_72514-3_20241127T154723
	Value Node: <https://loinc.org/72514-3>
	Result Path: <https://w3id.org/shexmap/resource/ontology-schema/d285f599-dc2e-4bd8-83f3-df21defa8821/hasCode>
	Message: Only the 24 properties declared in the CHR schema (plus rdf:type and rdfs:label) may be used on an individual.
Constraint Violation in ClosedConstraintComponent (http://www.w3.org/ns/shacl#ClosedConstraintComponent):
	Severity: sh:Violation
	Source Shape: chr:SchemaPropertyVocabularyShape
	Focus Node: ex:Pain_severity_72514-3_20241127T154723
	Value Node: <https://loinc.org/72514-3>
	Result Path: <https://w3id.org/shexmap/resource/ontology-schema/d285f599-dc2e-4bd83f3-df21defa8821/hasCode>
	Message: Only the 24 properties declared in the CHR schema (plus rdf:type and rdfs:label) may be used on an individual.
Constraint Violation in ClosedConstraintComponent (http://www.w3.org/ns/shacl#ClosedConstraintComponent):
	Severity: sh:Violation
	Source Shape: chr:SchemaPropertyVocabularyShape
	Focus Node: ex:Pain_severity_72514-3_20241127T154723
	Value Node: Literal("2024-11-27T15:47:23+01:00" = 2024-11-27 15:47:23+01:00, datatype=xsd:dateTime)
	Result Path: <https://w3id.org/shexmap/resource/ontology-schema/d285f599-dc2e-4bd8-83f3-df21defa8821/hasMeasuredDate>
	Message: Only the 24 properties declared in the CHR schema (plus rdf:type and rdfs:label) may be used on an individual.
Constraint Violation in ClosedConstraintComponent (http://www.w3.org/ns/shacl#ClosedConstraintComponent):
	Severity: sh:Violation
	Source Shape: chr:SchemaPropertyVocabularyShape
	Focus Node: ex:Pain_severity_72514-3_20241127T154723
	Value Node: Literal("2024-11-27T15:47:23+01:00" = 2024-11-27 15:47:23+01:00, datatype=xsd:dateTime)
	Result Path: <https://w3id.org/shexmap/resource/ontology-schema/d285f599-dc2e-4bd83f3-df21defa8821/hasMeasuredDate>
	Message: Only the 24 properties declared in the CHR schema (plus rdf:type and rdfs:label) may be used on an individual.
Constraint Violation in ClosedConstraintComponent (http://www.w3.org/ns/shacl#ClosedConstraintComponent):
	Severity: sh:Violation
	Source Shape: chr:SchemaPropertyVocabularyShape
	Focus Node: ex:Pain_severity_72514-3_20241127T154723
	Value Node: Literal("3.0", datatype=xsd:float)
	Result Path: <https://w3id.org/shexmap/resource/ontology-schema/d285f599-dc2e-4bd8-83f3-df21defa8821/hasQuantityValue>
	Message: Only the 24 properties declared in the CHR schema (plus rdf:type and rdfs:label) may be used on an individual.
Constraint Violation in ClosedConstraintComponent (http://www.w3.org/ns/shacl#ClosedConstraintComponent):
	Severity: sh:Violation
	Source Shape: chr:SchemaPropertyVocabularyShape
	Focus Node: ex:Pain_severity_72514-3_20241127T154723
	Value Node: Literal("3.0", datatype=xsd:float)
	Result Path: <https://w3id.org/shexmap/resource/ontology-schema/d285f599-dc2e-4bd83f3-df21defa8821/hasQuantityValue>
	Message: Only the 24 properties declared in the CHR schema (plus rdf:type and rdfs:label) may be used on an individual.
Constraint Violation in ClosedConstraintComponent (http://www.w3.org/ns/shacl#ClosedConstraintComponent):
	Severity: sh:Violation
	Source Shape: chr:SchemaPropertyVocabularyShape
	Focus Node: ex:Pain_severity_72514-3_20241127T154723
	Value Node: ex:Unit_cblscorecbr
	Result Path: <https://w3id.org/shexmap/resource/ontology-schema/d285f599-dc2e-4bd8-83f3-df21defa8821/hasUnit>
	Message: Only the 24 properties declared in the CHR schema (plus rdf:type and rdfs:label) may be used on an individual.
Constraint Violation in ClosedConstraintComponent (http://www.w3.org/ns/shacl#ClosedConstraintComponent):
	Severity: sh:Violation
	Source Shape: chr:SchemaPropertyVocabularyShape
	Focus Node: ex:Pain_severity_72514-3_20241127T154723
	Value Node: ex:Unit_cblscorecbr
	Result Path: <https://w3id.org/shexmap/resource/ontology-schema/d285f599-dc2e-4bd83f3-df21defa8821/hasUnit>
	Message: Only the 24 properties declared in the CHR schema (plus rdf:type and rdfs:label) may be used on an individual.
Constraint Violation in ClosedConstraintComponent (http://www.w3.org/ns/shacl#ClosedConstraintComponent):
	Severity: sh:Violation
	Source Shape: chr:SchemaPropertyVocabularyShape
	Focus Node: ex:Potassium_2823-3_20241127T154723
	Value Node: <https://loinc.org/2823-3>
	Result Path: <https://w3id.org/shexmap/resource/ontology-schema/d285f599-dc2e-4bd8-83f3-df21defa8821/hasCode>
	Message: Only the 24 properties declared in the CHR schema (plus rdf:type and rdfs:label) may be used on an individual.
Constraint Violation in ClosedConstraintComponent (http://www.w3.org/ns/shacl#ClosedConstraintComponent):
	Severity: sh:Violation
	Source Shape: chr:SchemaPropertyVocabularyShape
	Focus Node: ex:Potassium_2823-3_20241127T154723
	Value Node: <https://loinc.org/2823-3>
	Result Path: <https://w3id.org/shexmap/resource/ontology-schema/d285f599-dc2e-4bd83f3-df21defa8821/hasCode>
	Message: Only the 24 properties declared in the CHR schema (plus rdf:type and rdfs:label) may be used on an individual.
Constraint Violation in ClosedConstraintComponent (http://www.w3.org/ns/shacl#ClosedConstraintComponent):
	Severity: sh:Violation
	Source Shape: chr:SchemaPropertyVocabularyShape
	Focus Node: ex:Potassium_2823-3_20241127T154723
	Value Node: Literal("2024-11-27T15:47:23+01:00" = 2024-11-27 15:47:23+01:00, datatype=xsd:dateTime)
	Result Path: <https://w3id.org/shexmap/resource/ontology-schema/d285f599-dc2e-4bd8-83f3-df21defa8821/hasMeasuredDate>
	Message: Only the 24 properties declared in the CHR schema (plus rdf:type and rdfs:label) may be used on an individual.
Constraint Violation in ClosedConstraintComponent (http://www.w3.org/ns/shacl#ClosedConstraintComponent):
	Severity: sh:Violation
	Source Shape: chr:SchemaPropertyVocabularyShape
	Focus Node: ex:Potassium_2823-3_20241127T154723
	Value Node: Literal("2024-11-27T15:47:23+01:00" = 2024-11-27 15:47:23+01:00, datatype=xsd:dateTime)
	Result Path: <https://w3id.org/shexmap/resource/ontology-schema/d285f599-dc2e-4bd83f3-df21defa8821/hasMeasuredDate>
	Message: Only the 24 properties declared in the CHR schema (plus rdf:type and rdfs:label) may be used on an individual.
Constraint Violation in ClosedConstraintComponent (http://www.w3.org/ns/shacl#ClosedConstraintComponent):
	Severity: sh:Violation
	Source Shape: chr:SchemaPropertyVocabularyShape
	Focus Node: ex:Potassium_2823-3_20241127T154723
	Value Node: Literal("4.74", datatype=xsd:float)
	Result Path: <https://w3id.org/shexmap/resource/ontology-schema/d285f599-dc2e-4bd8-83f3-df21defa8821/hasQuantityValue>
	Message: Only the 24 properties declared in the CHR schema (plus rdf:type and rdfs:label) may be used on an individual.
Constraint Violation in ClosedConstraintComponent (http://www.w3.org/ns/shacl#ClosedConstraintComponent):
	Severity: sh:Violation
	Source Shape: chr:SchemaPropertyVocabularyShape
	Focus Node: ex:Potassium_2823-3_20241127T154723
	Value Node: Literal("4.74", datatype=xsd:float)
	Result Path: <https://w3id.org/shexmap/resource/ontology-schema/d285f599-dc2e-4bd83f3-df21defa8821/hasQuantityValue>
	Message: Only the 24 properties declared in the CHR schema (plus rdf:type and rdfs:label) may be used on an individual.
Constraint Violation in ClosedConstraintComponent (http://www.w3.org/ns/shacl#ClosedConstraintComponent):
	Severity: sh:Violation
	Source Shape: chr:SchemaPropertyVocabularyShape
	Focus Node: ex:Potassium_2823-3_20241127T154723
	Value Node: ex:Unit_mmolperL
	Result Path: <https://w3id.org/shexmap/resource/ontology-schema/d285f599-dc2e-4bd8-83f3-df21defa8821/hasUnit>
	Message: Only the 24 properties declared in the CHR schema (plus rdf:type and rdfs:label) may be used on an individual.
Constraint Violation in ClosedConstraintComponent (http://www.w3.org/ns/shacl#ClosedConstraintComponent):
	Severity: sh:Violation
	Source Shape: chr:SchemaPropertyVocabularyShape
	Focus Node: ex:Potassium_2823-3_20241127T154723
	Value Node: ex:Unit_mmolperL
	Result Path: <https://w3id.org/shexmap/resource/ontology-schema/d285f599-dc2e-4bd83f3-df21defa8821/hasUnit>
	Message: Only the 24 properties declared in the CHR schema (plus rdf:type and rdfs:label) may be used on an individual.
Constraint Violation in ClosedConstraintComponent (http://www.w3.org/ns/shacl#ClosedConstraintComponent):
	Severity: sh:Violation
	Source Shape: chr:SchemaPropertyVocabularyShape
	Focus Node: ex:Potassium_6298-4_20241127T154723
	Value Node: <https://loinc.org/6298-4>
	Result Path: <https://w3id.org/shexmap/resource/ontology-schema/d285f599-dc2e-4bd8-83f3-df21defa8821/hasCode>
	Message: Only the 24 properties declared in the CHR schema (plus rdf:type and rdfs:label) may be used on an individual.
Constraint Violation in ClosedConstraintComponent (http://www.w3.org/ns/shacl#ClosedConstraintComponent):
	Severity: sh:Violation
	Source Shape: chr:SchemaPropertyVocabularyShape
	Focus Node: ex:Potassium_6298-4_20241127T154723
	Value Node: <https://loinc.org/6298-4>
	Result Path: <https://w3id.org/shexmap/resource/ontology-schema/d285f599-dc2e-4bd83f3-df21defa8821/hasCode>
	Message: Only the 24 properties declared in the CHR schema (plus rdf:type and rdfs:label) may be used on an individual.
Constraint Violation in ClosedConstraintComponent (http://www.w3.org/ns/shacl#ClosedConstraintComponent):
	Severity: sh:Violation
	Source Shape: chr:SchemaPropertyVocabularyShape
	Focus Node: ex:Potassium_6298-4_20241127T154723
	Value Node: Literal("2024-11-27T15:47:23+01:00" = 2024-11-27 15:47:23+01:00, datatype=xsd:dateTime)
	Result Path: <https://w3id.org/shexmap/resource/ontology-schema/d285f599-dc2e-4bd8-83f3-df21defa8821/hasMeasuredDate>
	Message: Only the 24 properties declared in the CHR schema (plus rdf:type and rdfs:label) may be used on an individual.
Constraint Violation in ClosedConstraintComponent (http://www.w3.org/ns/shacl#ClosedConstraintComponent):
	Severity: sh:Violation
	Source Shape: chr:SchemaPropertyVocabularyShape
	Focus Node: ex:Potassium_6298-4_20241127T154723
	Value Node: Literal("2024-11-27T15:47:23+01:00" = 2024-11-27 15:47:23+01:00, datatype=xsd:dateTime)
	Result Path: <https://w3id.org/shexmap/resource/ontology-schema/d285f599-dc2e-4bd83f3-df21defa8821/hasMeasuredDate>
	Message: Only the 24 properties declared in the CHR schema (plus rdf:type and rdfs:label) may be used on an individual.
Constraint Violation in ClosedConstraintComponent (http://www.w3.org/ns/shacl#ClosedConstraintComponent):
	Severity: sh:Violation
	Source Shape: chr:SchemaPropertyVocabularyShape
	Focus Node: ex:Potassium_6298-4_20241127T154723
	Value Node: Literal("4.74", datatype=xsd:float)
	Result Path: <https://w3id.org/shexmap/resource/ontology-schema/d285f599-dc2e-4bd8-83f3-df21defa8821/hasQuantityValue>
	Message: Only the 24 properties declared in the CHR schema (plus rdf:type and rdfs:label) may be used on an individual.
Constraint Violation in ClosedConstraintComponent (http://www.w3.org/ns/shacl#ClosedConstraintComponent):
	Severity: sh:Violation
	Source Shape: chr:SchemaPropertyVocabularyShape
	Focus Node: ex:Potassium_6298-4_20241127T154723
	Value Node: Literal("4.74", datatype=xsd:float)
	Result Path: <https://w3id.org/shexmap/resource/ontology-schema/d285f599-dc2e-4bd83f3-df21defa8821/hasQuantityValue>
	Message: Only the 24 properties declared in the CHR schema (plus rdf:type and rdfs:label) may be used on an individual.
Constraint Violation in ClosedConstraintComponent (http://www.w3.org/ns/shacl#ClosedConstraintComponent):
	Severity: sh:Violation
	Source Shape: chr:SchemaPropertyVocabularyShape
	Focus Node: ex:Potassium_6298-4_20241127T154723
	Value Node: ex:Unit_mmolperL
	Result Path: <https://w3id.org/shexmap/resource/ontology-schema/d285f599-dc2e-4bd8-83f3-df21defa8821/hasUnit>
	Message: Only the 24 properties declared in the CHR schema (plus rdf:type and rdfs:label) may be used on an individual.
Constraint Violation in ClosedConstraintComponent (http://www.w3.org/ns/shacl#ClosedConstraintComponent):
	Severity: sh:Violation
	Source Shape: chr:SchemaPropertyVocabularyShape
	Focus Node: ex:Potassium_6298-4_20241127T154723
	Value Node: ex:Unit_mmolperL
	Result Path: <https://w3id.org/shexmap/resource/ontology-schema/d285f599-dc2e-4bd83f3-df21defa8821/hasUnit>
	Message: Only the 24 properties declared in the CHR schema (plus rdf:type and rdfs:label) may be used on an individual.
Constraint Violation in ClosedConstraintComponent (http://www.w3.org/ns/shacl#ClosedConstraintComponent):
	Severity: sh:Violation
	Source Shape: chr:SchemaPropertyVocabularyShape
	Focus Node: ex:Protein_5804-0_20241127T154723
	Value Node: <https://loinc.org/5804-0>
	Result Path: <https://w3id.org/shexmap/resource/ontology-schema/d285f599-dc2e-4bd8-83f3-df21defa8821/hasCode>
	Message: Only the 24 properties declared in the CHR schema (plus rdf:type and rdfs:label) may be used on an individual.
Constraint Violation in ClosedConstraintComponent (http://www.w3.org/ns/shacl#ClosedConstraintComponent):
	Severity: sh:Violation
	Source Shape: chr:SchemaPropertyVocabularyShape
	Focus Node: ex:Protein_5804-0_20241127T154723
	Value Node: <https://loinc.org/5804-0>
	Result Path: <https://w3id.org/shexmap/resource/ontology-schema/d285f599-dc2e-4bd83f3-df21defa8821/hasCode>
	Message: Only the 24 properties declared in the CHR schema (plus rdf:type and rdfs:label) may be used on an individual.
Constraint Violation in ClosedConstraintComponent (http://www.w3.org/ns/shacl#ClosedConstraintComponent):
	Severity: sh:Violation
	Source Shape: chr:SchemaPropertyVocabularyShape
	Focus Node: ex:Protein_5804-0_20241127T154723
	Value Node: Literal("2024-11-27T15:47:23+01:00" = 2024-11-27 15:47:23+01:00, datatype=xsd:dateTime)
	Result Path: <https://w3id.org/shexmap/resource/ontology-schema/d285f599-dc2e-4bd8-83f3-df21defa8821/hasMeasuredDate>
	Message: Only the 24 properties declared in the CHR schema (plus rdf:type and rdfs:label) may be used on an individual.
Constraint Violation in ClosedConstraintComponent (http://www.w3.org/ns/shacl#ClosedConstraintComponent):
	Severity: sh:Violation
	Source Shape: chr:SchemaPropertyVocabularyShape
	Focus Node: ex:Protein_5804-0_20241127T154723
	Value Node: Literal("2024-11-27T15:47:23+01:00" = 2024-11-27 15:47:23+01:00, datatype=xsd:dateTime)
	Result Path: <https://w3id.org/shexmap/resource/ontology-schema/d285f599-dc2e-4bd83f3-df21defa8821/hasMeasuredDate>
	Message: Only the 24 properties declared in the CHR schema (plus rdf:type and rdfs:label) may be used on an individual.
Constraint Violation in ClosedConstraintComponent (http://www.w3.org/ns/shacl#ClosedConstraintComponent):
	Severity: sh:Violation
	Source Shape: chr:SchemaPropertyVocabularyShape
	Focus Node: ex:Protein_5804-0_20241127T154723
	Value Node: Literal("249.68", datatype=xsd:float)
	Result Path: <https://w3id.org/shexmap/resource/ontology-schema/d285f599-dc2e-4bd8-83f3-df21defa8821/hasQuantityValue>
	Message: Only the 24 properties declared in the CHR schema (plus rdf:type and rdfs:label) may be used on an individual.
Constraint Violation in ClosedConstraintComponent (http://www.w3.org/ns/shacl#ClosedConstraintComponent):
	Severity: sh:Violation
	Source Shape: chr:SchemaPropertyVocabularyShape
	Focus Node: ex:Protein_5804-0_20241127T154723
	Value Node: Literal("249.68", datatype=xsd:float)
	Result Path: <https://w3id.org/shexmap/resource/ontology-schema/d285f599-dc2e-4bd83f3-df21defa8821/hasQuantityValue>
	Message: Only the 24 properties declared in the CHR schema (plus rdf:type and rdfs:label) may be used on an individual.
Constraint Violation in ClosedConstraintComponent (http://www.w3.org/ns/shacl#ClosedConstraintComponent):
	Severity: sh:Violation
	Source Shape: chr:SchemaPropertyVocabularyShape
	Focus Node: ex:Protein_5804-0_20241127T154723
	Value Node: ex:Unit_mgperdL
	Result Path: <https://w3id.org/shexmap/resource/ontology-schema/d285f599-dc2e-4bd8-83f3-df21defa8821/hasUnit>
	Message: Only the 24 properties declared in the CHR schema (plus rdf:type and rdfs:label) may be used on an individual.
Constraint Violation in ClosedConstraintComponent (http://www.w3.org/ns/shacl#ClosedConstraintComponent):
	Severity: sh:Violation
	Source Shape: chr:SchemaPropertyVocabularyShape
	Focus Node: ex:Protein_5804-0_20241127T154723
	Value Node: ex:Unit_mgperdL
	Result Path: <https://w3id.org/shexmap/resource/ontology-schema/d285f599-dc2e-4bd83f3-df21defa8821/hasUnit>
	Message: Only the 24 properties declared in the CHR schema (plus rdf:type and rdfs:label) may be used on an individual.
Constraint Violation in ClosedConstraintComponent (http://www.w3.org/ns/shacl#ClosedConstraintComponent):
	Severity: sh:Violation
	Source Shape: chr:SchemaPropertyVocabularyShape
	Focus Node: ex:Reports_of_violence_in_the_environment_finding_20241127T162132
	Value Node: <http://snomed.info/id/424393004>
	Result Path: <https://w3id.org/shexmap/resource/ontology-schema/d285f599-dc2e-4bd8-83f3-df21defa8821/hasCode>
	Message: Only the 24 properties declared in the CHR schema (plus rdf:type and rdfs:label) may be used on an individual.
Constraint Violation in ClosedConstraintComponent (http://www.w3.org/ns/shacl#ClosedConstraintComponent):
	Severity: sh:Violation
	Source Shape: chr:SchemaPropertyVocabularyShape
	Focus Node: ex:Reports_of_violence_in_the_environment_finding_20241127T162132
	Value Node: Literal("2024-11-27T16:21:32+01:00" = 2024-11-27 16:21:32+01:00, datatype=xsd:dateTime)
	Result Path: <https://w3id.org/shexmap/resource/ontology-schema/d285f599-dc2e-4bd8-83f3-df21defa8821/hasRecordDate>
	Message: Only the 24 properties declared in the CHR schema (plus rdf:type and rdfs:label) may be used on an individual.
Constraint Violation in ClosedConstraintComponent (http://www.w3.org/ns/shacl#ClosedConstraintComponent):
	Severity: sh:Violation
	Source Shape: chr:SchemaPropertyVocabularyShape
	Focus Node: ex:Respiratory_rate_9279-1_20241127T154723
	Value Node: <https://loinc.org/9279-1>
	Result Path: <https://w3id.org/shexmap/resource/ontology-schema/d285f599-dc2e-4bd8-83f3-df21defa8821/hasCode>
	Message: Only the 24 properties declared in the CHR schema (plus rdf:type and rdfs:label) may be used on an individual.
Constraint Violation in ClosedConstraintComponent (http://www.w3.org/ns/shacl#ClosedConstraintComponent):
	Severity: sh:Violation
	Source Shape: chr:SchemaPropertyVocabularyShape
	Focus Node: ex:Respiratory_rate_9279-1_20241127T154723
	Value Node: <https://loinc.org/9279-1>
	Result Path: <https://w3id.org/shexmap/resource/ontology-schema/d285f599-dc2e-4bd83f3-df21defa8821/hasCode>
	Message: Only the 24 properties declared in the CHR schema (plus rdf:type and rdfs:label) may be used on an individual.
Constraint Violation in ClosedConstraintComponent (http://www.w3.org/ns/shacl#ClosedConstraintComponent):
	Severity: sh:Violation
	Source Shape: chr:SchemaPropertyVocabularyShape
	Focus Node: ex:Respiratory_rate_9279-1_20241127T154723
	Value Node: Literal("15.0", datatype=xsd:float)
	Result Path: <https://w3id.org/shexmap/resource/ontology-schema/d285f599-dc2e-4bd8-83f3-df21defa8821/hasQuantityValue>
	Message: Only the 24 properties declared in the CHR schema (plus rdf:type and rdfs:label) may be used on an individual.
Constraint Violation in ClosedConstraintComponent (http://www.w3.org/ns/shacl#ClosedConstraintComponent):
	Severity: sh:Violation
	Source Shape: chr:SchemaPropertyVocabularyShape
	Focus Node: ex:Respiratory_rate_9279-1_20241127T154723
	Value Node: Literal("15.0", datatype=xsd:float)
	Result Path: <https://w3id.org/shexmap/resource/ontology-schema/d285f599-dc2e-4bd83f3-df21defa8821/hasQuantityValue>
	Message: Only the 24 properties declared in the CHR schema (plus rdf:type and rdfs:label) may be used on an individual.
Constraint Violation in ClosedConstraintComponent (http://www.w3.org/ns/shacl#ClosedConstraintComponent):
	Severity: sh:Violation
	Source Shape: chr:SchemaPropertyVocabularyShape
	Focus Node: ex:Respiratory_rate_9279-1_20241127T154723
	Value Node: Literal("2024-11-27T15:47:23+01:00" = 2024-11-27 15:47:23+01:00, datatype=xsd:dateTime)
	Result Path: <https://w3id.org/shexmap/resource/ontology-schema/d285f599-dc2e-4bd8-83f3-df21defa8821/hasMeasuredDate>
	Message: Only the 24 properties declared in the CHR schema (plus rdf:type and rdfs:label) may be used on an individual.
Constraint Violation in ClosedConstraintComponent (http://www.w3.org/ns/shacl#ClosedConstraintComponent):
	Severity: sh:Violation
	Source Shape: chr:SchemaPropertyVocabularyShape
	Focus Node: ex:Respiratory_rate_9279-1_20241127T154723
	Value Node: Literal("2024-11-27T15:47:23+01:00" = 2024-11-27 15:47:23+01:00, datatype=xsd:dateTime)
	Result Path: <https://w3id.org/shexmap/resource/ontology-schema/d285f599-dc2e-4bd83f3-df21defa8821/hasMeasuredDate>
	Message: Only the 24 properties declared in the CHR schema (plus rdf:type and rdfs:label) may be used on an individual.
Constraint Violation in ClosedConstraintComponent (http://www.w3.org/ns/shacl#ClosedConstraintComponent):
	Severity: sh:Violation
	Source Shape: chr:SchemaPropertyVocabularyShape
	Focus Node: ex:Respiratory_rate_9279-1_20241127T154723
	Value Node: ex:Unit_permin
	Result Path: <https://w3id.org/shexmap/resource/ontology-schema/d285f599-dc2e-4bd8-83f3-df21defa8821/hasUnit>
	Message: Only the 24 properties declared in the CHR schema (plus rdf:type and rdfs:label) may be used on an individual.
Constraint Violation in ClosedConstraintComponent (http://www.w3.org/ns/shacl#ClosedConstraintComponent):
	Severity: sh:Violation
	Source Shape: chr:SchemaPropertyVocabularyShape
	Focus Node: ex:Respiratory_rate_9279-1_20241127T154723
	Value Node: ex:Unit_permin
	Result Path: <https://w3id.org/shexmap/resource/ontology-schema/d285f599-dc2e-4bd83f3-df21defa8821/hasUnit>
	Message: Only the 24 properties declared in the CHR schema (plus rdf:type and rdfs:label) may be used on an individual.
Constraint Violation in ClosedConstraintComponent (http://www.w3.org/ns/shacl#ClosedConstraintComponent):
	Severity: sh:Violation
	Source Shape: chr:SchemaPropertyVocabularyShape
	Focus Node: ex:Sodium_2947-0_20241127T154723
	Value Node: <https://loinc.org/2947-0>
	Result Path: <https://w3id.org/shexmap/resource/ontology-schema/d285f599-dc2e-4bd8-83f3-df21defa8821/hasCode>
	Message: Only the 24 properties declared in the CHR schema (plus rdf:type and rdfs:label) may be used on an individual.
Constraint Violation in ClosedConstraintComponent (http://www.w3.org/ns/shacl#ClosedConstraintComponent):
	Severity: sh:Violation
	Source Shape: chr:SchemaPropertyVocabularyShape
	Focus Node: ex:Sodium_2947-0_20241127T154723
	Value Node: <https://loinc.org/2947-0>
	Result Path: <https://w3id.org/shexmap/resource/ontology-schema/d285f599-dc2e-4bd83f3-df21defa8821/hasCode>
	Message: Only the 24 properties declared in the CHR schema (plus rdf:type and rdfs:label) may be used on an individual.
Constraint Violation in ClosedConstraintComponent (http://www.w3.org/ns/shacl#ClosedConstraintComponent):
	Severity: sh:Violation
	Source Shape: chr:SchemaPropertyVocabularyShape
	Focus Node: ex:Sodium_2947-0_20241127T154723
	Value Node: Literal("140.96", datatype=xsd:float)
	Result Path: <https://w3id.org/shexmap/resource/ontology-schema/d285f599-dc2e-4bd8-83f3-df21defa8821/hasQuantityValue>
	Message: Only the 24 properties declared in the CHR schema (plus rdf:type and rdfs:label) may be used on an individual.
Constraint Violation in ClosedConstraintComponent (http://www.w3.org/ns/shacl#ClosedConstraintComponent):
	Severity: sh:Violation
	Source Shape: chr:SchemaPropertyVocabularyShape
	Focus Node: ex:Sodium_2947-0_20241127T154723
	Value Node: Literal("140.96", datatype=xsd:float)
	Result Path: <https://w3id.org/shexmap/resource/ontology-schema/d285f599-dc2e-4bd83f3-df21defa8821/hasQuantityValue>
	Message: Only the 24 properties declared in the CHR schema (plus rdf:type and rdfs:label) may be used on an individual.
Constraint Violation in ClosedConstraintComponent (http://www.w3.org/ns/shacl#ClosedConstraintComponent):
	Severity: sh:Violation
	Source Shape: chr:SchemaPropertyVocabularyShape
	Focus Node: ex:Sodium_2947-0_20241127T154723
	Value Node: Literal("2024-11-27T15:47:23+01:00" = 2024-11-27 15:47:23+01:00, datatype=xsd:dateTime)
	Result Path: <https://w3id.org/shexmap/resource/ontology-schema/d285f599-dc2e-4bd8-83f3-df21defa8821/hasMeasuredDate>
	Message: Only the 24 properties declared in the CHR schema (plus rdf:type and rdfs:label) may be used on an individual.
Constraint Violation in ClosedConstraintComponent (http://www.w3.org/ns/shacl#ClosedConstraintComponent):
	Severity: sh:Violation
	Source Shape: chr:SchemaPropertyVocabularyShape
	Focus Node: ex:Sodium_2947-0_20241127T154723
	Value Node: Literal("2024-11-27T15:47:23+01:00" = 2024-11-27 15:47:23+01:00, datatype=xsd:dateTime)
	Result Path: <https://w3id.org/shexmap/resource/ontology-schema/d285f599-dc2e-4bd83f3-df21defa8821/hasMeasuredDate>
	Message: Only the 24 properties declared in the CHR schema (plus rdf:type and rdfs:label) may be used on an individual.
Constraint Violation in ClosedConstraintComponent (http://www.w3.org/ns/shacl#ClosedConstraintComponent):
	Severity: sh:Violation
	Source Shape: chr:SchemaPropertyVocabularyShape
	Focus Node: ex:Sodium_2947-0_20241127T154723
	Value Node: ex:Unit_mmolperL
	Result Path: <https://w3id.org/shexmap/resource/ontology-schema/d285f599-dc2e-4bd8-83f3-df21defa8821/hasUnit>
	Message: Only the 24 properties declared in the CHR schema (plus rdf:type and rdfs:label) may be used on an individual.
Constraint Violation in ClosedConstraintComponent (http://www.w3.org/ns/shacl#ClosedConstraintComponent):
	Severity: sh:Violation
	Source Shape: chr:SchemaPropertyVocabularyShape
	Focus Node: ex:Sodium_2947-0_20241127T154723
	Value Node: ex:Unit_mmolperL
	Result Path: <https://w3id.org/shexmap/resource/ontology-schema/d285f599-dc2e-4bd83f3-df21defa8821/hasUnit>
	Message: Only the 24 properties declared in the CHR schema (plus rdf:type and rdfs:label) may be used on an individual.
Constraint Violation in ClosedConstraintComponent (http://www.w3.org/ns/shacl#ClosedConstraintComponent):
	Severity: sh:Violation
	Source Shape: chr:SchemaPropertyVocabularyShape
	Focus Node: ex:Sodium_2951-2_20241127T154723
	Value Node: <https://loinc.org/2951-2>
	Result Path: <https://w3id.org/shexmap/resource/ontology-schema/d285f599-dc2e-4bd8-83f3-df21defa8821/hasCode>
	Message: Only the 24 properties declared in the CHR schema (plus rdf:type and rdfs:label) may be used on an individual.
Constraint Violation in ClosedConstraintComponent (http://www.w3.org/ns/shacl#ClosedConstraintComponent):
	Severity: sh:Violation
	Source Shape: chr:SchemaPropertyVocabularyShape
	Focus Node: ex:Sodium_2951-2_20241127T154723
	Value Node: <https://loinc.org/2951-2>
	Result Path: <https://w3id.org/shexmap/resource/ontology-schema/d285f599-dc2e-4bd83f3-df21defa8821/hasCode>
	Message: Only the 24 properties declared in the CHR schema (plus rdf:type and rdfs:label) may be used on an individual.
Constraint Violation in ClosedConstraintComponent (http://www.w3.org/ns/shacl#ClosedConstraintComponent):
	Severity: sh:Violation
	Source Shape: chr:SchemaPropertyVocabularyShape
	Focus Node: ex:Sodium_2951-2_20241127T154723
	Value Node: Literal("140.96", datatype=xsd:float)
	Result Path: <https://w3id.org/shexmap/resource/ontology-schema/d285f599-dc2e-4bd8-83f3-df21defa8821/hasQuantityValue>
	Message: Only the 24 properties declared in the CHR schema (plus rdf:type and rdfs:label) may be used on an individual.
Constraint Violation in ClosedConstraintComponent (http://www.w3.org/ns/shacl#ClosedConstraintComponent):
	Severity: sh:Violation
	Source Shape: chr:SchemaPropertyVocabularyShape
	Focus Node: ex:Sodium_2951-2_20241127T154723
	Value Node: Literal("140.96", datatype=xsd:float)
	Result Path: <https://w3id.org/shexmap/resource/ontology-schema/d285f599-dc2e-4bd83f3-df21defa8821/hasQuantityValue>
	Message: Only the 24 properties declared in the CHR schema (plus rdf:type and rdfs:label) may be used on an individual.
Constraint Violation in ClosedConstraintComponent (http://www.w3.org/ns/shacl#ClosedConstraintComponent):
	Severity: sh:Violation
	Source Shape: chr:SchemaPropertyVocabularyShape
	Focus Node: ex:Sodium_2951-2_20241127T154723
	Value Node: Literal("2024-11-27T15:47:23+01:00" = 2024-11-27 15:47:23+01:00, datatype=xsd:dateTime)
	Result Path: <https://w3id.org/shexmap/resource/ontology-schema/d285f599-dc2e-4bd8-83f3-df21defa8821/hasMeasuredDate>
	Message: Only the 24 properties declared in the CHR schema (plus rdf:type and rdfs:label) may be used on an individual.
Constraint Violation in ClosedConstraintComponent (http://www.w3.org/ns/shacl#ClosedConstraintComponent):
	Severity: sh:Violation
	Source Shape: chr:SchemaPropertyVocabularyShape
	Focus Node: ex:Sodium_2951-2_20241127T154723
	Value Node: Literal("2024-11-27T15:47:23+01:00" = 2024-11-27 15:47:23+01:00, datatype=xsd:dateTime)
	Result Path: <https://w3id.org/shexmap/resource/ontology-schema/d285f599-dc2e-4bd83f3-df21defa8821/hasMeasuredDate>
	Message: Only the 24 properties declared in the CHR schema (plus rdf:type and rdfs:label) may be used on an individual.
Constraint Violation in ClosedConstraintComponent (http://www.w3.org/ns/shacl#ClosedConstraintComponent):
	Severity: sh:Violation
	Source Shape: chr:SchemaPropertyVocabularyShape
	Focus Node: ex:Sodium_2951-2_20241127T154723
	Value Node: ex:Unit_mmolperL
	Result Path: <https://w3id.org/shexmap/resource/ontology-schema/d285f599-dc2e-4bd8-83f3-df21defa8821/hasUnit>
	Message: Only the 24 properties declared in the CHR schema (plus rdf:type and rdfs:label) may be used on an individual.
Constraint Violation in ClosedConstraintComponent (http://www.w3.org/ns/shacl#ClosedConstraintComponent):
	Severity: sh:Violation
	Source Shape: chr:SchemaPropertyVocabularyShape
	Focus Node: ex:Sodium_2951-2_20241127T154723
	Value Node: ex:Unit_mmolperL
	Result Path: <https://w3id.org/shexmap/resource/ontology-schema/d285f599-dc2e-4bd83f3-df21defa8821/hasUnit>
	Message: Only the 24 properties declared in the CHR schema (plus rdf:type and rdfs:label) may be used on an individual.
Constraint Violation in ClosedConstraintComponent (http://www.w3.org/ns/shacl#ClosedConstraintComponent):
	Severity: sh:Violation
	Source Shape: chr:SchemaPropertyVocabularyShape
	Focus Node: ex:Specific_gravity_5811-5_20241127T154723
	Value Node: <https://loinc.org/5811-5>
	Result Path: <https://w3id.org/shexmap/resource/ontology-schema/d285f599-dc2e-4bd8-83f3-df21defa8821/hasCode>
	Message: Only the 24 properties declared in the CHR schema (plus rdf:type and rdfs:label) may be used on an individual.
Constraint Violation in ClosedConstraintComponent (http://www.w3.org/ns/shacl#ClosedConstraintComponent):
	Severity: sh:Violation
	Source Shape: chr:SchemaPropertyVocabularyShape
	Focus Node: ex:Specific_gravity_5811-5_20241127T154723
	Value Node: <https://loinc.org/5811-5>
	Result Path: <https://w3id.org/shexmap/resource/ontology-schema/d285f599-dc2e-4bd83f3-df21defa8821/hasCode>
	Message: Only the 24 properties declared in the CHR schema (plus rdf:type and rdfs:label) may be used on an individual.
Constraint Violation in ClosedConstraintComponent (http://www.w3.org/ns/shacl#ClosedConstraintComponent):
	Severity: sh:Violation
	Source Shape: chr:SchemaPropertyVocabularyShape
	Focus Node: ex:Specific_gravity_5811-5_20241127T154723
	Value Node: Literal("1.0261", datatype=xsd:float)
	Result Path: <https://w3id.org/shexmap/resource/ontology-schema/d285f599-dc2e-4bd8-83f3-df21defa8821/hasQuantityValue>
	Message: Only the 24 properties declared in the CHR schema (plus rdf:type and rdfs:label) may be used on an individual.
Constraint Violation in ClosedConstraintComponent (http://www.w3.org/ns/shacl#ClosedConstraintComponent):
	Severity: sh:Violation
	Source Shape: chr:SchemaPropertyVocabularyShape
	Focus Node: ex:Specific_gravity_5811-5_20241127T154723
	Value Node: Literal("1.0261", datatype=xsd:float)
	Result Path: <https://w3id.org/shexmap/resource/ontology-schema/d285f599-dc2e-4bd83f3-df21defa8821/hasQuantityValue>
	Message: Only the 24 properties declared in the CHR schema (plus rdf:type and rdfs:label) may be used on an individual.
Constraint Violation in ClosedConstraintComponent (http://www.w3.org/ns/shacl#ClosedConstraintComponent):
	Severity: sh:Violation
	Source Shape: chr:SchemaPropertyVocabularyShape
	Focus Node: ex:Specific_gravity_5811-5_20241127T154723
	Value Node: Literal("2024-11-27T15:47:23+01:00" = 2024-11-27 15:47:23+01:00, datatype=xsd:dateTime)
	Result Path: <https://w3id.org/shexmap/resource/ontology-schema/d285f599-dc2e-4bd8-83f3-df21defa8821/hasMeasuredDate>
	Message: Only the 24 properties declared in the CHR schema (plus rdf:type and rdfs:label) may be used on an individual.
Constraint Violation in ClosedConstraintComponent (http://www.w3.org/ns/shacl#ClosedConstraintComponent):
	Severity: sh:Violation
	Source Shape: chr:SchemaPropertyVocabularyShape
	Focus Node: ex:Specific_gravity_5811-5_20241127T154723
	Value Node: Literal("2024-11-27T15:47:23+01:00" = 2024-11-27 15:47:23+01:00, datatype=xsd:dateTime)
	Result Path: <https://w3id.org/shexmap/resource/ontology-schema/d285f599-dc2e-4bd83f3-df21defa8821/hasMeasuredDate>
	Message: Only the 24 properties declared in the CHR schema (plus rdf:type and rdfs:label) may be used on an individual.
Constraint Violation in ClosedConstraintComponent (http://www.w3.org/ns/shacl#ClosedConstraintComponent):
	Severity: sh:Violation
	Source Shape: chr:SchemaPropertyVocabularyShape
	Focus Node: ex:Specific_gravity_5811-5_20241127T154723
	Value Node: ex:Unit_nominal
	Result Path: <https://w3id.org/shexmap/resource/ontology-schema/d285f599-dc2e-4bd8-83f3-df21defa8821/hasUnit>
	Message: Only the 24 properties declared in the CHR schema (plus rdf:type and rdfs:label) may be used on an individual.
Constraint Violation in ClosedConstraintComponent (http://www.w3.org/ns/shacl#ClosedConstraintComponent):
	Severity: sh:Violation
	Source Shape: chr:SchemaPropertyVocabularyShape
	Focus Node: ex:Specific_gravity_5811-5_20241127T154723
	Value Node: ex:Unit_nominal
	Result Path: <https://w3id.org/shexmap/resource/ontology-schema/d285f599-dc2e-4bd83f3-df21defa8821/hasUnit>
	Message: Only the 24 properties declared in the CHR schema (plus rdf:type and rdfs:label) may be used on an individual.
Constraint Violation in ClosedConstraintComponent (http://www.w3.org/ns/shacl#ClosedConstraintComponent):
	Severity: sh:Violation
	Source Shape: chr:SchemaPropertyVocabularyShape
	Focus Node: ex:Total_score_AUDIT-C_75626-2_20241127T175130
	Value Node: <https://loinc.org/75626-2>
	Result Path: <https://w3id.org/shexmap/resource/ontology-schema/d285f599-dc2e-4bd8-83f3-df21defa8821/hasCode>
	Message: Only the 24 properties declared in the CHR schema (plus rdf:type and rdfs:label) may be used on an individual.
Constraint Violation in ClosedConstraintComponent (http://www.w3.org/ns/shacl#ClosedConstraintComponent):
	Severity: sh:Violation
	Source Shape: chr:SchemaPropertyVocabularyShape
	Focus Node: ex:Total_score_AUDIT-C_75626-2_20241127T175130
	Value Node: <https://loinc.org/75626-2>
	Result Path: <https://w3id.org/shexmap/resource/ontology-schema/d285f599-dc2e-4bd83f3-df21defa8821/hasCode>
	Message: Only the 24 properties declared in the CHR schema (plus rdf:type and rdfs:label) may be used on an individual.
Constraint Violation in ClosedConstraintComponent (http://www.w3.org/ns/shacl#ClosedConstraintComponent):
	Severity: sh:Violation
	Source Shape: chr:SchemaPropertyVocabularyShape
	Focus Node: ex:Total_score_AUDIT-C_75626-2_20241127T175130
	Value Node: Literal("1.0", datatype=xsd:float)
	Result Path: <https://w3id.org/shexmap/resource/ontology-schema/d285f599-dc2e-4bd8-83f3-df21defa8821/hasQuantityValue>
	Message: Only the 24 properties declared in the CHR schema (plus rdf:type and rdfs:label) may be used on an individual.
Constraint Violation in ClosedConstraintComponent (http://www.w3.org/ns/shacl#ClosedConstraintComponent):
	Severity: sh:Violation
	Source Shape: chr:SchemaPropertyVocabularyShape
	Focus Node: ex:Total_score_AUDIT-C_75626-2_20241127T175130
	Value Node: Literal("1.0", datatype=xsd:float)
	Result Path: <https://w3id.org/shexmap/resource/ontology-schema/d285f599-dc2e-4bd83f3-df21defa8821/hasQuantityValue>
	Message: Only the 24 properties declared in the CHR schema (plus rdf:type and rdfs:label) may be used on an individual.
Constraint Violation in ClosedConstraintComponent (http://www.w3.org/ns/shacl#ClosedConstraintComponent):
	Severity: sh:Violation
	Source Shape: chr:SchemaPropertyVocabularyShape
	Focus Node: ex:Total_score_AUDIT-C_75626-2_20241127T175130
	Value Node: Literal("2024-11-27T17:51:30+01:00" = 2024-11-27 17:51:30+01:00, datatype=xsd:dateTime)
	Result Path: <https://w3id.org/shexmap/resource/ontology-schema/d285f599-dc2e-4bd8-83f3-df21defa8821/hasMeasuredDate>
	Message: Only the 24 properties declared in the CHR schema (plus rdf:type and rdfs:label) may be used on an individual.
Constraint Violation in ClosedConstraintComponent (http://www.w3.org/ns/shacl#ClosedConstraintComponent):
	Severity: sh:Violation
	Source Shape: chr:SchemaPropertyVocabularyShape
	Focus Node: ex:Total_score_AUDIT-C_75626-2_20241127T175130
	Value Node: Literal("2024-11-27T17:51:30+01:00" = 2024-11-27 17:51:30+01:00, datatype=xsd:dateTime)
	Result Path: <https://w3id.org/shexmap/resource/ontology-schema/d285f599-dc2e-4bd83f3-df21defa8821/hasMeasuredDate>
	Message: Only the 24 properties declared in the CHR schema (plus rdf:type and rdfs:label) may be used on an individual.
Constraint Violation in ClosedConstraintComponent (http://www.w3.org/ns/shacl#ClosedConstraintComponent):
	Severity: sh:Violation
	Source Shape: chr:SchemaPropertyVocabularyShape
	Focus Node: ex:Total_score_AUDIT-C_75626-2_20241127T175130
	Value Node: ex:Unit_cblscorecbr
	Result Path: <https://w3id.org/shexmap/resource/ontology-schema/d285f599-dc2e-4bd8-83f3-df21defa8821/hasUnit>
	Message: Only the 24 properties declared in the CHR schema (plus rdf:type and rdfs:label) may be used on an individual.
Constraint Violation in ClosedConstraintComponent (http://www.w3.org/ns/shacl#ClosedConstraintComponent):
	Severity: sh:Violation
	Source Shape: chr:SchemaPropertyVocabularyShape
	Focus Node: ex:Total_score_AUDIT-C_75626-2_20241127T175130
	Value Node: ex:Unit_cblscorecbr
	Result Path: <https://w3id.org/shexmap/resource/ontology-schema/d285f599-dc2e-4bd83f3-df21defa8821/hasUnit>
	Message: Only the 24 properties declared in the CHR schema (plus rdf:type and rdfs:label) may be used on an individual.
Constraint Violation in ClosedConstraintComponent (http://www.w3.org/ns/shacl#ClosedConstraintComponent):
	Severity: sh:Violation
	Source Shape: chr:SchemaPropertyVocabularyShape
	Focus Node: ex:Total_score_HARK_76504-0_20241127T171332
	Value Node: <https://loinc.org/76504-0>
	Result Path: <https://w3id.org/shexmap/resource/ontology-schema/d285f599-dc2e-4bd8-83f3-df21defa8821/hasCode>
	Message: Only the 24 properties declared in the CHR schema (plus rdf:type and rdfs:label) may be used on an individual.
Constraint Violation in ClosedConstraintComponent (http://www.w3.org/ns/shacl#ClosedConstraintComponent):
	Severity: sh:Violation
	Source Shape: chr:SchemaPropertyVocabularyShape
	Focus Node: ex:Total_score_HARK_76504-0_20241127T171332
	Value Node: <https://loinc.org/76504-0>
	Result Path: <https://w3id.org/shexmap/resource/ontology-schema/d285f599-dc2e-4bd83f3-df21defa8821/hasCode>
	Message: Only the 24 properties declared in the CHR schema (plus rdf:type and rdfs:label) may be used on an individual.
Constraint Violation in ClosedConstraintComponent (http://www.w3.org/ns/shacl#ClosedConstraintComponent):
	Severity: sh:Violation
	Source Shape: chr:SchemaPropertyVocabularyShape
	Focus Node: ex:Total_score_HARK_76504-0_20241127T171332
	Value Node: Literal("0.0", datatype=xsd:float)
	Result Path: <https://w3id.org/shexmap/resource/ontology-schema/d285f599-dc2e-4bd8-83f3-df21defa8821/hasQuantityValue>
	Message: Only the 24 properties declared in the CHR schema (plus rdf:type and rdfs:label) may be used on an individual.
Constraint Violation in ClosedConstraintComponent (http://www.w3.org/ns/shacl#ClosedConstraintComponent):
	Severity: sh:Violation
	Source Shape: chr:SchemaPropertyVocabularyShape
	Focus Node: ex:Total_score_HARK_76504-0_20241127T171332
	Value Node: Literal("0.0", datatype=xsd:float)
	Result Path: <https://w3id.org/shexmap/resource/ontology-schema/d285f599-dc2e-4bd83f3-df21defa8821/hasQuantityValue>
	Message: Only the 24 properties declared in the CHR schema (plus rdf:type and rdfs:label) may be used on an individual.
Constraint Violation in ClosedConstraintComponent (http://www.w3.org/ns/shacl#ClosedConstraintComponent):
	Severity: sh:Violation
	Source Shape: chr:SchemaPropertyVocabularyShape
	Focus Node: ex:Total_score_HARK_76504-0_20241127T171332
	Value Node: Literal("2024-11-27T17:13:32+01:00" = 2024-11-27 17:13:32+01:00, datatype=xsd:dateTime)
	Result Path: <https://w3id.org/shexmap/resource/ontology-schema/d285f599-dc2e-4bd8-83f3-df21defa8821/hasMeasuredDate>
	Message: Only the 24 properties declared in the CHR schema (plus rdf:type and rdfs:label) may be used on an individual.
Constraint Violation in ClosedConstraintComponent (http://www.w3.org/ns/shacl#ClosedConstraintComponent):
	Severity: sh:Violation
	Source Shape: chr:SchemaPropertyVocabularyShape
	Focus Node: ex:Total_score_HARK_76504-0_20241127T171332
	Value Node: Literal("2024-11-27T17:13:32+01:00" = 2024-11-27 17:13:32+01:00, datatype=xsd:dateTime)
	Result Path: <https://w3id.org/shexmap/resource/ontology-schema/d285f599-dc2e-4bd83f3-df21defa8821/hasMeasuredDate>
	Message: Only the 24 properties declared in the CHR schema (plus rdf:type and rdfs:label) may be used on an individual.
Constraint Violation in ClosedConstraintComponent (http://www.w3.org/ns/shacl#ClosedConstraintComponent):
	Severity: sh:Violation
	Source Shape: chr:SchemaPropertyVocabularyShape
	Focus Node: ex:Total_score_HARK_76504-0_20241127T171332
	Value Node: ex:Unit_cblscorecbr
	Result Path: <https://w3id.org/shexmap/resource/ontology-schema/d285f599-dc2e-4bd8-83f3-df21defa8821/hasUnit>
	Message: Only the 24 properties declared in the CHR schema (plus rdf:type and rdfs:label) may be used on an individual.
Constraint Violation in ClosedConstraintComponent (http://www.w3.org/ns/shacl#ClosedConstraintComponent):
	Severity: sh:Violation
	Source Shape: chr:SchemaPropertyVocabularyShape
	Focus Node: ex:Total_score_HARK_76504-0_20241127T171332
	Value Node: ex:Unit_cblscorecbr
	Result Path: <https://w3id.org/shexmap/resource/ontology-schema/d285f599-dc2e-4bd83f3-df21defa8821/hasUnit>
	Message: Only the 24 properties declared in the CHR schema (plus rdf:type and rdfs:label) may be used on an individual.
Constraint Violation in ClosedConstraintComponent (http://www.w3.org/ns/shacl#ClosedConstraintComponent):
	Severity: sh:Violation
	Source Shape: chr:SchemaPropertyVocabularyShape
	Focus Node: ex:Triglyceride_2571-8_20241127T154723
	Value Node: <https://loinc.org/2571-8>
	Result Path: <https://w3id.org/shexmap/resource/ontology-schema/d285f599-dc2e-4bd8-83f3-df21defa8821/hasCode>
	Message: Only the 24 properties declared in the CHR schema (plus rdf:type and rdfs:label) may be used on an individual.
Constraint Violation in ClosedConstraintComponent (http://www.w3.org/ns/shacl#ClosedConstraintComponent):
	Severity: sh:Violation
	Source Shape: chr:SchemaPropertyVocabularyShape
	Focus Node: ex:Triglyceride_2571-8_20241127T154723
	Value Node: <https://loinc.org/2571-8>
	Result Path: <https://w3id.org/shexmap/resource/ontology-schema/d285f599-dc2e-4bd83f3-df21defa8821/hasCode>
	Message: Only the 24 properties declared in the CHR schema (plus rdf:type and rdfs:label) may be used on an individual.
Constraint Violation in ClosedConstraintComponent (http://www.w3.org/ns/shacl#ClosedConstraintComponent):
	Severity: sh:Violation
	Source Shape: chr:SchemaPropertyVocabularyShape
	Focus Node: ex:Triglyceride_2571-8_20241127T154723
	Value Node: Literal("2024-11-27T15:47:23+01:00" = 2024-11-27 15:47:23+01:00, datatype=xsd:dateTime)
	Result Path: <https://w3id.org/shexmap/resource/ontology-schema/d285f599-dc2e-4bd8-83f3-df21defa8821/hasMeasuredDate>
	Message: Only the 24 properties declared in the CHR schema (plus rdf:type and rdfs:label) may be used on an individual.
Constraint Violation in ClosedConstraintComponent (http://www.w3.org/ns/shacl#ClosedConstraintComponent):
	Severity: sh:Violation
	Source Shape: chr:SchemaPropertyVocabularyShape
	Focus Node: ex:Triglyceride_2571-8_20241127T154723
	Value Node: Literal("2024-11-27T15:47:23+01:00" = 2024-11-27 15:47:23+01:00, datatype=xsd:dateTime)
	Result Path: <https://w3id.org/shexmap/resource/ontology-schema/d285f599-dc2e-4bd83f3-df21defa8821/hasMeasuredDate>
	Message: Only the 24 properties declared in the CHR schema (plus rdf:type and rdfs:label) may be used on an individual.
Constraint Violation in ClosedConstraintComponent (http://www.w3.org/ns/shacl#ClosedConstraintComponent):
	Severity: sh:Violation
	Source Shape: chr:SchemaPropertyVocabularyShape
	Focus Node: ex:Triglyceride_2571-8_20241127T154723
	Value Node: Literal("398.5", datatype=xsd:float)
	Result Path: <https://w3id.org/shexmap/resource/ontology-schema/d285f599-dc2e-4bd8-83f3-df21defa8821/hasQuantityValue>
	Message: Only the 24 properties declared in the CHR schema (plus rdf:type and rdfs:label) may be used on an individual.
Constraint Violation in ClosedConstraintComponent (http://www.w3.org/ns/shacl#ClosedConstraintComponent):
	Severity: sh:Violation
	Source Shape: chr:SchemaPropertyVocabularyShape
	Focus Node: ex:Triglyceride_2571-8_20241127T154723
	Value Node: Literal("398.5", datatype=xsd:float)
	Result Path: <https://w3id.org/shexmap/resource/ontology-schema/d285f599-dc2e-4bd83f3-df21defa8821/hasQuantityValue>
	Message: Only the 24 properties declared in the CHR schema (plus rdf:type and rdfs:label) may be used on an individual.
Constraint Violation in ClosedConstraintComponent (http://www.w3.org/ns/shacl#ClosedConstraintComponent):
	Severity: sh:Violation
	Source Shape: chr:SchemaPropertyVocabularyShape
	Focus Node: ex:Triglyceride_2571-8_20241127T154723
	Value Node: ex:Unit_mgperdL
	Result Path: <https://w3id.org/shexmap/resource/ontology-schema/d285f599-dc2e-4bd8-83f3-df21defa8821/hasUnit>
	Message: Only the 24 properties declared in the CHR schema (plus rdf:type and rdfs:label) may be used on an individual.
Constraint Violation in ClosedConstraintComponent (http://www.w3.org/ns/shacl#ClosedConstraintComponent):
	Severity: sh:Violation
	Source Shape: chr:SchemaPropertyVocabularyShape
	Focus Node: ex:Triglyceride_2571-8_20241127T154723
	Value Node: ex:Unit_mgperdL
	Result Path: <https://w3id.org/shexmap/resource/ontology-schema/d285f599-dc2e-4bd83f3-df21defa8821/hasUnit>
	Message: Only the 24 properties declared in the CHR schema (plus rdf:type and rdfs:label) may be used on an individual.
Constraint Violation in ClosedConstraintComponent (http://www.w3.org/ns/shacl#ClosedConstraintComponent):
	Severity: sh:Violation
	Source Shape: chr:SchemaPropertyVocabularyShape
	Focus Node: ex:Unit_cblscorecbr
	Value Node: <https://biomedit.ch/rdf/sphn-resource/ucum/cblscorecbr>
	Result Path: <https://w3id.org/shexmap/resource/ontology-schema/d285f599-dc2e-4bd83f3-df21defa8821/hasCode>
	Message: Only the 24 properties declared in the CHR schema (plus rdf:type and rdfs:label) may be used on an individual.
Constraint Violation in ClosedConstraintComponent (http://www.w3.org/ns/shacl#ClosedConstraintComponent):
	Severity: sh:Violation
	Source Shape: chr:SchemaPropertyVocabularyShape
	Focus Node: ex:Unit_cm
	Value Node: <https://biomedit.ch/rdf/sphn-resource/ucum/cm>
	Result Path: <https://w3id.org/shexmap/resource/ontology-schema/d285f599-dc2e-4bd83f3-df21defa8821/hasCode>
	Message: Only the 24 properties declared in the CHR schema (plus rdf:type and rdfs:label) may be used on an individual.
Constraint Violation in ClosedConstraintComponent (http://www.w3.org/ns/shacl#ClosedConstraintComponent):
	Severity: sh:Violation
	Source Shape: chr:SchemaPropertyVocabularyShape
	Focus Node: ex:Unit_kg
	Value Node: <https://biomedit.ch/rdf/sphn-resource/ucum/kg>
	Result Path: <https://w3id.org/shexmap/resource/ontology-schema/d285f599-dc2e-4bd83f3-df21defa8821/hasCode>
	Message: Only the 24 properties declared in the CHR schema (plus rdf:type and rdfs:label) may be used on an individual.
Constraint Violation in ClosedConstraintComponent (http://www.w3.org/ns/shacl#ClosedConstraintComponent):
	Severity: sh:Violation
	Source Shape: chr:SchemaPropertyVocabularyShape
	Focus Node: ex:Unit_kgperm2
	Value Node: <https://biomedit.ch/rdf/sphn-resource/ucum/kgperm2>
	Result Path: <https://w3id.org/shexmap/resource/ontology-schema/d285f599-dc2e-4bd83f3-df21defa8821/hasCode>
	Message: Only the 24 properties declared in the CHR schema (plus rdf:type and rdfs:label) may be used on an individual.
Constraint Violation in ClosedConstraintComponent (http://www.w3.org/ns/shacl#ClosedConstraintComponent):
	Severity: sh:Violation
	Source Shape: chr:SchemaPropertyVocabularyShape
	Focus Node: ex:Unit_mLpercblscorecbr
	Value Node: <https://biomedit.ch/rdf/sphn-resource/ucum/mLperminpercblscorecbr>
	Result Path: <https://w3id.org/shexmap/resource/ontology-schema/d285f599-dc2e-4bd83f3-df21defa8821/hasCode>
	Message: Only the 24 properties declared in the CHR schema (plus rdf:type and rdfs:label) may be used on an individual.
Constraint Violation in ClosedConstraintComponent (http://www.w3.org/ns/shacl#ClosedConstraintComponent):
	Severity: sh:Violation
	Source Shape: chr:SchemaPropertyVocabularyShape
	Focus Node: ex:Unit_mgperdL
	Value Node: <https://biomedit.ch/rdf/sphn-resource/ucum/mgperdL>
	Result Path: <https://w3id.org/shexmap/resource/ontology-schema/d285f599-dc2e-4bd83f3-df21defa8821/hasCode>
	Message: Only the 24 properties declared in the CHR schema (plus rdf:type and rdfs:label) may be used on an individual.
Constraint Violation in ClosedConstraintComponent (http://www.w3.org/ns/shacl#ClosedConstraintComponent):
	Severity: sh:Violation
	Source Shape: chr:SchemaPropertyVocabularyShape
	Focus Node: ex:Unit_mgperg
	Value Node: <https://biomedit.ch/rdf/sphn-resource/ucum/mgperg>
	Result Path: <https://w3id.org/shexmap/resource/ontology-schema/d285f599-dc2e-4bd83f3-df21defa8821/hasCode>
	Message: Only the 24 properties declared in the CHR schema (plus rdf:type and rdfs:label) may be used on an individual.
Constraint Violation in ClosedConstraintComponent (http://www.w3.org/ns/shacl#ClosedConstraintComponent):
	Severity: sh:Violation
	Source Shape: chr:SchemaPropertyVocabularyShape
	Focus Node: ex:Unit_mmolperL
	Value Node: <https://biomedit.ch/rdf/sphn-resource/ucum/mmolperL>
	Result Path: <https://w3id.org/shexmap/resource/ontology-schema/d285f599-dc2e-4bd83f3-df21defa8821/hasCode>
	Message: Only the 24 properties declared in the CHR schema (plus rdf:type and rdfs:label) may be used on an individual.
Constraint Violation in ClosedConstraintComponent (http://www.w3.org/ns/shacl#ClosedConstraintComponent):
	Severity: sh:Violation
	Source Shape: chr:SchemaPropertyVocabularyShape
	Focus Node: ex:Unit_nominal
	Value Node: <https://biomedit.ch/rdf/sphn-resource/ucum/cblnominalcbr>
	Result Path: <https://w3id.org/shexmap/resource/ontology-schema/d285f599-dc2e-4bd83f3-df21defa8821/hasCode>
	Message: Only the 24 properties declared in the CHR schema (plus rdf:type and rdfs:label) may be used on an individual.
Constraint Violation in ClosedConstraintComponent (http://www.w3.org/ns/shacl#ClosedConstraintComponent):
	Severity: sh:Violation
	Source Shape: chr:SchemaPropertyVocabularyShape
	Focus Node: ex:Unit_pH
	Value Node: <https://biomedit.ch/rdf/sphn-resource/ucum/pH>
	Result Path: <https://w3id.org/shexmap/resource/ontology-schema/d285f599-dc2e-4bd83f3-df21defa8821/hasCode>
	Message: Only the 24 properties declared in the CHR schema (plus rdf:type and rdfs:label) may be used on an individual.
Constraint Violation in ClosedConstraintComponent (http://www.w3.org/ns/shacl#ClosedConstraintComponent):
	Severity: sh:Violation
	Source Shape: chr:SchemaPropertyVocabularyShape
	Focus Node: ex:Unit_percent
	Value Node: <https://biomedit.ch/rdf/sphn-resource/ucum/percent>
	Result Path: <https://w3id.org/shexmap/resource/ontology-schema/d285f599-dc2e-4bd83f3-df21defa8821/hasCode>
	Message: Only the 24 properties declared in the CHR schema (plus rdf:type and rdfs:label) may be used on an individual.
Constraint Violation in ClosedConstraintComponent (http://www.w3.org/ns/shacl#ClosedConstraintComponent):
	Severity: sh:Violation
	Source Shape: chr:SchemaPropertyVocabularyShape
	Focus Node: ex:Unit_permin
	Value Node: <https://biomedit.ch/rdf/sphn-resource/ucum/permin>
	Result Path: <https://w3id.org/shexmap/resource/ontology-schema/d285f599-dc2e-4bd83f3-df21defa8821/hasCode>
	Message: Only the 24 properties declared in the CHR schema (plus rdf:type and rdfs:label) may be used on an individual.
Constraint Violation in ClosedConstraintComponent (http://www.w3.org/ns/shacl#ClosedConstraintComponent):
	Severity: sh:Violation
	Source Shape: chr:SchemaPropertyVocabularyShape
	Focus Node: ex:Urea_nitrogen_3094-0_20241127T154723
	Value Node: <https://loinc.org/3094-0>
	Result Path: <https://w3id.org/shexmap/resource/ontology-schema/d285f599-dc2e-4bd8-83f3-df21defa8821/hasCode>
	Message: Only the 24 properties declared in the CHR schema (plus rdf:type and rdfs:label) may be used on an individual.
Constraint Violation in ClosedConstraintComponent (http://www.w3.org/ns/shacl#ClosedConstraintComponent):
	Severity: sh:Violation
	Source Shape: chr:SchemaPropertyVocabularyShape
	Focus Node: ex:Urea_nitrogen_3094-0_20241127T154723
	Value Node: <https://loinc.org/3094-0>
	Result Path: <https://w3id.org/shexmap/resource/ontology-schema/d285f599-dc2e-4bd83f3-df21defa8821/hasCode>
	Message: Only the 24 properties declared in the CHR schema (plus rdf:type and rdfs:label) may be used on an individual.
Constraint Violation in ClosedConstraintComponent (http://www.w3.org/ns/shacl#ClosedConstraintComponent):
	Severity: sh:Violation
	Source Shape: chr:SchemaPropertyVocabularyShape
	Focus Node: ex:Urea_nitrogen_3094-0_20241127T154723
	Value Node: Literal("10.72", datatype=xsd:float)
	Result Path: <https://w3id.org/shexmap/resource/ontology-schema/d285f599-dc2e-4bd8-83f3-df21defa8821/hasQuantityValue>
	Message: Only the 24 properties declared in the CHR schema (plus rdf:type and rdfs:label) may be used on an individual.
Constraint Violation in ClosedConstraintComponent (http://www.w3.org/ns/shacl#ClosedConstraintComponent):
	Severity: sh:Violation
	Source Shape: chr:SchemaPropertyVocabularyShape
	Focus Node: ex:Urea_nitrogen_3094-0_20241127T154723
	Value Node: Literal("10.72", datatype=xsd:float)
	Result Path: <https://w3id.org/shexmap/resource/ontology-schema/d285f599-dc2e-4bd83f3-df21defa8821/hasQuantityValue>
	Message: Only the 24 properties declared in the CHR schema (plus rdf:type and rdfs:label) may be used on an individual.
Constraint Violation in ClosedConstraintComponent (http://www.w3.org/ns/shacl#ClosedConstraintComponent):
	Severity: sh:Violation
	Source Shape: chr:SchemaPropertyVocabularyShape
	Focus Node: ex:Urea_nitrogen_3094-0_20241127T154723
	Value Node: Literal("2024-11-27T15:47:23+01:00" = 2024-11-27 15:47:23+01:00, datatype=xsd:dateTime)
	Result Path: <https://w3id.org/shexmap/resource/ontology-schema/d285f599-dc2e-4bd8-83f3-df21defa8821/hasMeasuredDate>
	Message: Only the 24 properties declared in the CHR schema (plus rdf:type and rdfs:label) may be used on an individual.
Constraint Violation in ClosedConstraintComponent (http://www.w3.org/ns/shacl#ClosedConstraintComponent):
	Severity: sh:Violation
	Source Shape: chr:SchemaPropertyVocabularyShape
	Focus Node: ex:Urea_nitrogen_3094-0_20241127T154723
	Value Node: Literal("2024-11-27T15:47:23+01:00" = 2024-11-27 15:47:23+01:00, datatype=xsd:dateTime)
	Result Path: <https://w3id.org/shexmap/resource/ontology-schema/d285f599-dc2e-4bd83f3-df21defa8821/hasMeasuredDate>
	Message: Only the 24 properties declared in the CHR schema (plus rdf:type and rdfs:label) may be used on an individual.
Constraint Violation in ClosedConstraintComponent (http://www.w3.org/ns/shacl#ClosedConstraintComponent):
	Severity: sh:Violation
	Source Shape: chr:SchemaPropertyVocabularyShape
	Focus Node: ex:Urea_nitrogen_3094-0_20241127T154723
	Value Node: ex:Unit_mgperdL
	Result Path: <https://w3id.org/shexmap/resource/ontology-schema/d285f599-dc2e-4bd8-83f3-df21defa8821/hasUnit>
	Message: Only the 24 properties declared in the CHR schema (plus rdf:type and rdfs:label) may be used on an individual.
Constraint Violation in ClosedConstraintComponent (http://www.w3.org/ns/shacl#ClosedConstraintComponent):
	Severity: sh:Violation
	Source Shape: chr:SchemaPropertyVocabularyShape
	Focus Node: ex:Urea_nitrogen_3094-0_20241127T154723
	Value Node: ex:Unit_mgperdL
	Result Path: <https://w3id.org/shexmap/resource/ontology-schema/d285f599-dc2e-4bd83f3-df21defa8821/hasUnit>
	Message: Only the 24 properties declared in the CHR schema (plus rdf:type and rdfs:label) may be used on an individual.
Constraint Violation in ClosedConstraintComponent (http://www.w3.org/ns/shacl#ClosedConstraintComponent):
	Severity: sh:Violation
	Source Shape: chr:SchemaPropertyVocabularyShape
	Focus Node: ex:Urea_nitrogen_6299-2_20241127T154723
	Value Node: <https://loinc.org/6299-2>
	Result Path: <https://w3id.org/shexmap/resource/ontology-schema/d285f599-dc2e-4bd8-83f3-df21defa8821/hasCode>
	Message: Only the 24 properties declared in the CHR schema (plus rdf:type and rdfs:label) may be used on an individual.
Constraint Violation in ClosedConstraintComponent (http://www.w3.org/ns/shacl#ClosedConstraintComponent):
	Severity: sh:Violation
	Source Shape: chr:SchemaPropertyVocabularyShape
	Focus Node: ex:Urea_nitrogen_6299-2_20241127T154723
	Value Node: <https://loinc.org/6299-2>
	Result Path: <https://w3id.org/shexmap/resource/ontology-schema/d285f599-dc2e-4bd83f3-df21defa8821/hasCode>
	Message: Only the 24 properties declared in the CHR schema (plus rdf:type and rdfs:label) may be used on an individual.
Constraint Violation in ClosedConstraintComponent (http://www.w3.org/ns/shacl#ClosedConstraintComponent):
	Severity: sh:Violation
	Source Shape: chr:SchemaPropertyVocabularyShape
	Focus Node: ex:Urea_nitrogen_6299-2_20241127T154723
	Value Node: Literal("10.72", datatype=xsd:float)
	Result Path: <https://w3id.org/shexmap/resource/ontology-schema/d285f599-dc2e-4bd8-83f3-df21defa8821/hasQuantityValue>
	Message: Only the 24 properties declared in the CHR schema (plus rdf:type and rdfs:label) may be used on an individual.
Constraint Violation in ClosedConstraintComponent (http://www.w3.org/ns/shacl#ClosedConstraintComponent):
	Severity: sh:Violation
	Source Shape: chr:SchemaPropertyVocabularyShape
	Focus Node: ex:Urea_nitrogen_6299-2_20241127T154723
	Value Node: Literal("10.72", datatype=xsd:float)
	Result Path: <https://w3id.org/shexmap/resource/ontology-schema/d285f599-dc2e-4bd83f3-df21defa8821/hasQuantityValue>
	Message: Only the 24 properties declared in the CHR schema (plus rdf:type and rdfs:label) may be used on an individual.
Constraint Violation in ClosedConstraintComponent (http://www.w3.org/ns/shacl#ClosedConstraintComponent):
	Severity: sh:Violation
	Source Shape: chr:SchemaPropertyVocabularyShape
	Focus Node: ex:Urea_nitrogen_6299-2_20241127T154723
	Value Node: Literal("2024-11-27T15:47:23+01:00" = 2024-11-27 15:47:23+01:00, datatype=xsd:dateTime)
	Result Path: <https://w3id.org/shexmap/resource/ontology-schema/d285f599-dc2e-4bd8-83f3-df21defa8821/hasMeasuredDate>
	Message: Only the 24 properties declared in the CHR schema (plus rdf:type and rdfs:label) may be used on an individual.
Constraint Violation in ClosedConstraintComponent (http://www.w3.org/ns/shacl#ClosedConstraintComponent):
	Severity: sh:Violation
	Source Shape: chr:SchemaPropertyVocabularyShape
	Focus Node: ex:Urea_nitrogen_6299-2_20241127T154723
	Value Node: Literal("2024-11-27T15:47:23+01:00" = 2024-11-27 15:47:23+01:00, datatype=xsd:dateTime)
	Result Path: <https://w3id.org/shexmap/resource/ontology-schema/d285f599-dc2e-4bd83f3-df21defa8821/hasMeasuredDate>
	Message: Only the 24 properties declared in the CHR schema (plus rdf:type and rdfs:label) may be used on an individual.
Constraint Violation in ClosedConstraintComponent (http://www.w3.org/ns/shacl#ClosedConstraintComponent):
	Severity: sh:Violation
	Source Shape: chr:SchemaPropertyVocabularyShape
	Focus Node: ex:Urea_nitrogen_6299-2_20241127T154723
	Value Node: ex:Unit_mgperdL
	Result Path: <https://w3id.org/shexmap/resource/ontology-schema/d285f599-dc2e-4bd8-83f3-df21defa8821/hasUnit>
	Message: Only the 24 properties declared in the CHR schema (plus rdf:type and rdfs:label) may be used on an individual.
Constraint Violation in ClosedConstraintComponent (http://www.w3.org/ns/shacl#ClosedConstraintComponent):
	Severity: sh:Violation
	Source Shape: chr:SchemaPropertyVocabularyShape
	Focus Node: ex:Urea_nitrogen_6299-2_20241127T154723
	Value Node: ex:Unit_mgperdL
	Result Path: <https://w3id.org/shexmap/resource/ontology-schema/d285f599-dc2e-4bd83f3-df21defa8821/hasUnit>
	Message: Only the 24 properties declared in the CHR schema (plus rdf:type and rdfs:label) may be used on an individual.
Constraint Violation in ClosedConstraintComponent (http://www.w3.org/ns/shacl#ClosedConstraintComponent):
	Severity: sh:Violation
	Source Shape: chr:SchemaPropertyVocabularyShape
	Focus Node: ex:evaluation_Full-time_employment_20241127T162132
	Value Node: Literal("2024-11-27T16:21:32+01:00" = 2024-11-27 16:21:32+01:00, datatype=xsd:dateTime)
	Result Path: <https://w3id.org/shexmap/resource/ontology-schema/d285f599-dc2e-4bd8-83f3-df21defa8821/hasPerformedDate>
	Message: Only the 24 properties declared in the CHR schema (plus rdf:type and rdfs:label) may be used on an individual.
Constraint Violation in ClosedConstraintComponent (http://www.w3.org/ns/shacl#ClosedConstraintComponent):
	Severity: sh:Violation
	Source Shape: chr:SchemaPropertyVocabularyShape
	Focus Node: ex:evaluation_Full-time_employment_20241127T162132
	Value Node: ex:Arlen68_Olson653
	Result Path: <https://w3id.org/shexmap/resource/ontology-schema/d285f599-dc2e-4bd8-83f3-df21defa8821/hasPatient>
	Message: Only the 24 properties declared in the CHR schema (plus rdf:type and rdfs:label) may be used on an individual.
Constraint Violation in ClosedConstraintComponent (http://www.w3.org/ns/shacl#ClosedConstraintComponent):
	Severity: sh:Violation
	Source Shape: chr:SchemaPropertyVocabularyShape
	Focus Node: ex:evaluation_Full-time_employment_20241127T162132
	Value Node: ex:Dr_Domenic627_Blick895
	Result Path: <https://w3id.org/shexmap/resource/ontology-schema/d285f599-dc2e-4bd8-83f3-df21defa8821/hasPerformer>
	Message: Only the 24 properties declared in the CHR schema (plus rdf:type and rdfs:label) may be used on an individual.
Constraint Violation in ClosedConstraintComponent (http://www.w3.org/ns/shacl#ClosedConstraintComponent):
	Severity: sh:Violation
	Source Shape: chr:SchemaPropertyVocabularyShape
	Focus Node: ex:evaluation_Full-time_employment_20241127T162132
	Value Node: ex:Full_time_employment_finding_20241127T162132
	Result Path: <https://w3id.org/shexmap/resource/ontology-schema/d285f599-dc2e-4bd8-83f3-df21defa8821/hasCondition>
	Message: Only the 24 properties declared in the CHR schema (plus rdf:type and rdfs:label) may be used on an individual.
Constraint Violation in ClosedConstraintComponent (http://www.w3.org/ns/shacl#ClosedConstraintComponent):
	Severity: sh:Violation
	Source Shape: chr:SchemaPropertyVocabularyShape
	Focus Node: ex:evaluation_Full-time_employment_20241127T162132
	Value Node: ex:diagnostic_statement_Full-time_employment_160903007
	Result Path: <https://w3id.org/shexmap/resource/ontology-schema/d285f599-dc2e-4bd8-83f3-df21defa8821/hasObservation>
	Message: Only the 24 properties declared in the CHR schema (plus rdf:type and rdfs:label) may be used on an individual.
Constraint Violation in ClosedConstraintComponent (http://www.w3.org/ns/shacl#ClosedConstraintComponent):
	Severity: sh:Violation
	Source Shape: chr:SchemaPropertyVocabularyShape
	Focus Node: ex:evaluation_Gingivitis_20241127T175130
	Value Node: Literal("2024-11-27T17:51:30+01:00" = 2024-11-27 17:51:30+01:00, datatype=xsd:dateTime)
	Result Path: <https://w3id.org/shexmap/resource/ontology-schema/d285f599-dc2e-4bd8-83f3-df21defa8821/hasPerformedDate>
	Message: Only the 24 properties declared in the CHR schema (plus rdf:type and rdfs:label) may be used on an individual.
Constraint Violation in ClosedConstraintComponent (http://www.w3.org/ns/shacl#ClosedConstraintComponent):
	Severity: sh:Violation
	Source Shape: chr:SchemaPropertyVocabularyShape
	Focus Node: ex:evaluation_Gingivitis_20241127T175130
	Value Node: ex:Arlen68_Olson653
	Result Path: <https://w3id.org/shexmap/resource/ontology-schema/d285f599-dc2e-4bd8-83f3-df21defa8821/hasPatient>
	Message: Only the 24 properties declared in the CHR schema (plus rdf:type and rdfs:label) may be used on an individual.
Constraint Violation in ClosedConstraintComponent (http://www.w3.org/ns/shacl#ClosedConstraintComponent):
	Severity: sh:Violation
	Source Shape: chr:SchemaPropertyVocabularyShape
	Focus Node: ex:evaluation_Gingivitis_20241127T175130
	Value Node: ex:Dr_Domenic627_Blick895
	Result Path: <https://w3id.org/shexmap/resource/ontology-schema/d285f599-dc2e-4bd8-83f3-df21defa8821/hasPerformer>
	Message: Only the 24 properties declared in the CHR schema (plus rdf:type and rdfs:label) may be used on an individual.
Constraint Violation in ClosedConstraintComponent (http://www.w3.org/ns/shacl#ClosedConstraintComponent):
	Severity: sh:Violation
	Source Shape: chr:SchemaPropertyVocabularyShape
	Focus Node: ex:evaluation_Gingivitis_20241127T175130
	Value Node: ex:Gingivitis_disorder_20241127T175130
	Result Path: <https://w3id.org/shexmap/resource/ontology-schema/d285f599-dc2e-4bd8-83f3-df21defa8821/hasCondition>
	Message: Only the 24 properties declared in the CHR schema (plus rdf:type and rdfs:label) may be used on an individual.
Constraint Violation in ClosedConstraintComponent (http://www.w3.org/ns/shacl#ClosedConstraintComponent):
	Severity: sh:Violation
	Source Shape: chr:SchemaPropertyVocabularyShape
	Focus Node: ex:evaluation_Gingivitis_20241127T175130
	Value Node: ex:diagnostic_statement_Gingivitis_66383009
	Result Path: <https://w3id.org/shexmap/resource/ontology-schema/d285f599-dc2e-4bd8-83f3-df21defa8821/hasObservation>
	Message: Only the 24 properties declared in the CHR schema (plus rdf:type and rdfs:label) may be used on an individual.
Constraint Violation in ClosedConstraintComponent (http://www.w3.org/ns/shacl#ClosedConstraintComponent):
	Severity: sh:Violation
	Source Shape: chr:SchemaPropertyVocabularyShape
	Focus Node: ex:evaluation_Reports_of_violence_20241127T162132
	Value Node: Literal("2024-11-27T16:21:32+01:00" = 2024-11-27 16:21:32+01:00, datatype=xsd:dateTime)
	Result Path: <https://w3id.org/shexmap/resource/ontology-schema/d285f599-dc2e-4bd8-83f3-df21defa8821/hasPerformedDate>
	Message: Only the 24 properties declared in the CHR schema (plus rdf:type and rdfs:label) may be used on an individual.
Constraint Violation in ClosedConstraintComponent (http://www.w3.org/ns/shacl#ClosedConstraintComponent):
	Severity: sh:Violation
	Source Shape: chr:SchemaPropertyVocabularyShape
	Focus Node: ex:evaluation_Reports_of_violence_20241127T162132
	Value Node: ex:Arlen68_Olson653
	Result Path: <https://w3id.org/shexmap/resource/ontology-schema/d285f599-dc2e-4bd8-83f3-df21defa8821/hasPatient>
	Message: Only the 24 properties declared in the CHR schema (plus rdf:type and rdfs:label) may be used on an individual.
Constraint Violation in ClosedConstraintComponent (http://www.w3.org/ns/shacl#ClosedConstraintComponent):
	Severity: sh:Violation
	Source Shape: chr:SchemaPropertyVocabularyShape
	Focus Node: ex:evaluation_Reports_of_violence_20241127T162132
	Value Node: ex:Dr_Domenic627_Blick895
	Result Path: <https://w3id.org/shexmap/resource/ontology-schema/d285f599-dc2e-4bd8-83f3-df21defa8821/hasPerformer>
	Message: Only the 24 properties declared in the CHR schema (plus rdf:type and rdfs:label) may be used on an individual.
Constraint Violation in ClosedConstraintComponent (http://www.w3.org/ns/shacl#ClosedConstraintComponent):
	Severity: sh:Violation
	Source Shape: chr:SchemaPropertyVocabularyShape
	Focus Node: ex:evaluation_Reports_of_violence_20241127T162132
	Value Node: ex:Reports_of_violence_in_the_environment_finding_20241127T162132
	Result Path: <https://w3id.org/shexmap/resource/ontology-schema/d285f599-dc2e-4bd8-83f3-df21defa8821/hasCondition>
	Message: Only the 24 properties declared in the CHR schema (plus rdf:type and rdfs:label) may be used on an individual.
Constraint Violation in ClosedConstraintComponent (http://www.w3.org/ns/shacl#ClosedConstraintComponent):
	Severity: sh:Violation
	Source Shape: chr:SchemaPropertyVocabularyShape
	Focus Node: ex:evaluation_Reports_of_violence_20241127T162132
	Value Node: ex:diagnostic_statement_Reports_of_violence_in_the_environment_424393004
	Result Path: <https://w3id.org/shexmap/resource/ontology-schema/d285f599-dc2e-4bd8-83f3-df21defa8821/hasObservation>
	Message: Only the 24 properties declared in the CHR schema (plus rdf:type and rdfs:label) may be used on an individual.
Constraint Violation in ClosedConstraintComponent (http://www.w3.org/ns/shacl#ClosedConstraintComponent):
	Severity: sh:Violation
	Source Shape: chr:SchemaPropertyVocabularyShape
	Focus Node: ex:pH_5803-2_20241127T154723
	Value Node: <https://loinc.org/5803-2>
	Result Path: <https://w3id.org/shexmap/resource/ontology-schema/d285f599-dc2e-4bd8-83f3-df21defa8821/hasCode>
	Message: Only the 24 properties declared in the CHR schema (plus rdf:type and rdfs:label) may be used on an individual.
Constraint Violation in ClosedConstraintComponent (http://www.w3.org/ns/shacl#ClosedConstraintComponent):
	Severity: sh:Violation
	Source Shape: chr:SchemaPropertyVocabularyShape
	Focus Node: ex:pH_5803-2_20241127T154723
	Value Node: <https://loinc.org/5803-2>
	Result Path: <https://w3id.org/shexmap/resource/ontology-schema/d285f599-dc2e-4bd83f3-df21defa8821/hasCode>
	Message: Only the 24 properties declared in the CHR schema (plus rdf:type and rdfs:label) may be used on an individual.
Constraint Violation in ClosedConstraintComponent (http://www.w3.org/ns/shacl#ClosedConstraintComponent):
	Severity: sh:Violation
	Source Shape: chr:SchemaPropertyVocabularyShape
	Focus Node: ex:pH_5803-2_20241127T154723
	Value Node: Literal("2024-11-27T15:47:23+01:00" = 2024-11-27 15:47:23+01:00, datatype=xsd:dateTime)
	Result Path: <https://w3id.org/shexmap/resource/ontology-schema/d285f599-dc2e-4bd8-83f3-df21defa8821/hasMeasuredDate>
	Message: Only the 24 properties declared in the CHR schema (plus rdf:type and rdfs:label) may be used on an individual.
Constraint Violation in ClosedConstraintComponent (http://www.w3.org/ns/shacl#ClosedConstraintComponent):
	Severity: sh:Violation
	Source Shape: chr:SchemaPropertyVocabularyShape
	Focus Node: ex:pH_5803-2_20241127T154723
	Value Node: Literal("2024-11-27T15:47:23+01:00" = 2024-11-27 15:47:23+01:00, datatype=xsd:dateTime)
	Result Path: <https://w3id.org/shexmap/resource/ontology-schema/d285f599-dc2e-4bd83f3-df21defa8821/hasMeasuredDate>
	Message: Only the 24 properties declared in the CHR schema (plus rdf:type and rdfs:label) may be used on an individual.
Constraint Violation in ClosedConstraintComponent (http://www.w3.org/ns/shacl#ClosedConstraintComponent):
	Severity: sh:Violation
	Source Shape: chr:SchemaPropertyVocabularyShape
	Focus Node: ex:pH_5803-2_20241127T154723
	Value Node: Literal("6.4183", datatype=xsd:float)
	Result Path: <https://w3id.org/shexmap/resource/ontology-schema/d285f599-dc2e-4bd8-83f3-df21defa8821/hasQuantityValue>
	Message: Only the 24 properties declared in the CHR schema (plus rdf:type and rdfs:label) may be used on an individual.
Constraint Violation in ClosedConstraintComponent (http://www.w3.org/ns/shacl#ClosedConstraintComponent):
	Severity: sh:Violation
	Source Shape: chr:SchemaPropertyVocabularyShape
	Focus Node: ex:pH_5803-2_20241127T154723
	Value Node: Literal("6.4183", datatype=xsd:float)
	Result Path: <https://w3id.org/shexmap/resource/ontology-schema/d285f599-dc2e-4bd83f3-df21defa8821/hasQuantityValue>
	Message: Only the 24 properties declared in the CHR schema (plus rdf:type and rdfs:label) may be used on an individual.
Constraint Violation in ClosedConstraintComponent (http://www.w3.org/ns/shacl#ClosedConstraintComponent):
	Severity: sh:Violation
	Source Shape: chr:SchemaPropertyVocabularyShape
	Focus Node: ex:pH_5803-2_20241127T154723
	Value Node: ex:Unit_pH
	Result Path: <https://w3id.org/shexmap/resource/ontology-schema/d285f599-dc2e-4bd8-83f3-df21defa8821/hasUnit>
	Message: Only the 24 properties declared in the CHR schema (plus rdf:type and rdfs:label) may be used on an individual.
Constraint Violation in ClosedConstraintComponent (http://www.w3.org/ns/shacl#ClosedConstraintComponent):
	Severity: sh:Violation
	Source Shape: chr:SchemaPropertyVocabularyShape
	Focus Node: ex:pH_5803-2_20241127T154723
	Value Node: ex:Unit_pH
	Result Path: <https://w3id.org/shexmap/resource/ontology-schema/d285f599-dc2e-4bd83f3-df21defa8821/hasUnit>
	Message: Only the 24 properties declared in the CHR schema (plus rdf:type and rdfs:label) may be used on an individual.
Constraint Violation in ClosedConstraintComponent (http://www.w3.org/ns/shacl#ClosedConstraintComponent):
	Severity: sh:Violation
	Source Shape: chr:SchemaPropertyVocabularyShape
	Focus Node: ex:proc_BMI_39156-5_20241127T154723
	Value Node: Literal("2024-11-27T15:47:23+01:00" = 2024-11-27 15:47:23+01:00, datatype=xsd:dateTime)
	Result Path: <https://w3id.org/shexmap/resource/ontology-schema/d285f599-dc2e-4bd8-83f3-df21defa8821/hasPerformedDate>
	Message: Only the 24 properties declared in the CHR schema (plus rdf:type and rdfs:label) may be used on an individual.
Constraint Violation in ClosedConstraintComponent (http://www.w3.org/ns/shacl#ClosedConstraintComponent):
	Severity: sh:Violation
	Source Shape: chr:SchemaPropertyVocabularyShape
	Focus Node: ex:proc_BMI_39156-5_20241127T154723
	Value Node: ex:Arlen68_Olson653
	Result Path: <https://w3id.org/shexmap/resource/ontology-schema/d285f599-dc2e-4bd8-83f3-df21defa8821/hasPatient>
	Message: Only the 24 properties declared in the CHR schema (plus rdf:type and rdfs:label) may be used on an individual.
Constraint Violation in ClosedConstraintComponent (http://www.w3.org/ns/shacl#ClosedConstraintComponent):
	Severity: sh:Violation
	Source Shape: chr:SchemaPropertyVocabularyShape
	Focus Node: ex:proc_BMI_39156-5_20241127T154723
	Value Node: ex:BMI_39156-5_20241127T154723
	Result Path: <https://w3id.org/shexmap/resource/ontology-schema/d285f599-dc2e-4bd8-83f3-df21defa8821/hasResult>
	Message: Only the 24 properties declared in the CHR schema (plus rdf:type and rdfs:label) may be used on an individual.
Constraint Violation in ClosedConstraintComponent (http://www.w3.org/ns/shacl#ClosedConstraintComponent):
	Severity: sh:Violation
	Source Shape: chr:SchemaPropertyVocabularyShape
	Focus Node: ex:proc_BMI_39156-5_20241127T154723
	Value Node: ex:Dr_Domenic627_Blick895
	Result Path: <https://w3id.org/shexmap/resource/ontology-schema/d285f599-dc2e-4bd8-83f3-df21defa8821/hasPerformer>
	Message: Only the 24 properties declared in the CHR schema (plus rdf:type and rdfs:label) may be used on an individual.
Constraint Violation in ClosedConstraintComponent (http://www.w3.org/ns/shacl#ClosedConstraintComponent):
	Severity: sh:Violation
	Source Shape: chr:SchemaPropertyVocabularyShape
	Focus Node: ex:proc_BMI_39156-5_20241127T154723
	Value Node: ex:status_completed
	Result Path: <https://w3id.org/shexmap/resource/ontology-schema/d285f599-dc2e-4bd8-83f3-df21defa8821/hasStatus>
	Message: Only the 24 properties declared in the CHR schema (plus rdf:type and rdfs:label) may be used on an individual.
Constraint Violation in ClosedConstraintComponent (http://www.w3.org/ns/shacl#ClosedConstraintComponent):
	Severity: sh:Violation
	Source Shape: chr:SchemaPropertyVocabularyShape
	Focus Node: ex:proc_Bilirubin_20505-4_20241127T154723
	Value Node: Literal("2024-11-27T15:47:23+01:00" = 2024-11-27 15:47:23+01:00, datatype=xsd:dateTime)
	Result Path: <https://w3id.org/shexmap/resource/ontology-schema/d285f599-dc2e-4bd8-83f3-df21defa8821/hasPerformedDate>
	Message: Only the 24 properties declared in the CHR schema (plus rdf:type and rdfs:label) may be used on an individual.
Constraint Violation in ClosedConstraintComponent (http://www.w3.org/ns/shacl#ClosedConstraintComponent):
	Severity: sh:Violation
	Source Shape: chr:SchemaPropertyVocabularyShape
	Focus Node: ex:proc_Bilirubin_20505-4_20241127T154723
	Value Node: ex:Arlen68_Olson653
	Result Path: <https://w3id.org/shexmap/resource/ontology-schema/d285f599-dc2e-4bd8-83f3-df21defa8821/hasPatient>
	Message: Only the 24 properties declared in the CHR schema (plus rdf:type and rdfs:label) may be used on an individual.
Constraint Violation in ClosedConstraintComponent (http://www.w3.org/ns/shacl#ClosedConstraintComponent):
	Severity: sh:Violation
	Source Shape: chr:SchemaPropertyVocabularyShape
	Focus Node: ex:proc_Bilirubin_20505-4_20241127T154723
	Value Node: ex:Bilirubin_total_20505-4_20241127T154723
	Result Path: <https://w3id.org/shexmap/resource/ontology-schema/d285f599-dc2e-4bd8-83f3-df21defa8821/hasResult>
	Message: Only the 24 properties declared in the CHR schema (plus rdf:type and rdfs:label) may be used on an individual.
Constraint Violation in ClosedConstraintComponent (http://www.w3.org/ns/shacl#ClosedConstraintComponent):
	Severity: sh:Violation
	Source Shape: chr:SchemaPropertyVocabularyShape
	Focus Node: ex:proc_Bilirubin_20505-4_20241127T154723
	Value Node: ex:Dr_Domenic627_Blick895
	Result Path: <https://w3id.org/shexmap/resource/ontology-schema/d285f599-dc2e-4bd8-83f3-df21defa8821/hasPerformer>
	Message: Only the 24 properties declared in the CHR schema (plus rdf:type and rdfs:label) may be used on an individual.
Constraint Violation in ClosedConstraintComponent (http://www.w3.org/ns/shacl#ClosedConstraintComponent):
	Severity: sh:Violation
	Source Shape: chr:SchemaPropertyVocabularyShape
	Focus Node: ex:proc_Bilirubin_20505-4_20241127T154723
	Value Node: ex:status_completed
	Result Path: <https://w3id.org/shexmap/resource/ontology-schema/d285f599-dc2e-4bd8-83f3-df21defa8821/hasStatus>
	Message: Only the 24 properties declared in the CHR schema (plus rdf:type and rdfs:label) may be used on an individual.
Constraint Violation in ClosedConstraintComponent (http://www.w3.org/ns/shacl#ClosedConstraintComponent):
	Severity: sh:Violation
	Source Shape: chr:SchemaPropertyVocabularyShape
	Focus Node: ex:proc_Body_Height_8302-2_20241127T154723
	Value Node: Literal("2024-11-27T15:47:23+01:00" = 2024-11-27 15:47:23+01:00, datatype=xsd:dateTime)
	Result Path: <https://w3id.org/shexmap/resource/ontology-schema/d285f599-dc2e-4bd8-83f3-df21defa8821/hasPerformedDate>
	Message: Only the 24 properties declared in the CHR schema (plus rdf:type and rdfs:label) may be used on an individual.
Constraint Violation in ClosedConstraintComponent (http://www.w3.org/ns/shacl#ClosedConstraintComponent):
	Severity: sh:Violation
	Source Shape: chr:SchemaPropertyVocabularyShape
	Focus Node: ex:proc_Body_Height_8302-2_20241127T154723
	Value Node: ex:Arlen68_Olson653
	Result Path: <https://w3id.org/shexmap/resource/ontology-schema/d285f599-dc2e-4bd8-83f3-df21defa8821/hasPatient>
	Message: Only the 24 properties declared in the CHR schema (plus rdf:type and rdfs:label) may be used on an individual.
Constraint Violation in ClosedConstraintComponent (http://www.w3.org/ns/shacl#ClosedConstraintComponent):
	Severity: sh:Violation
	Source Shape: chr:SchemaPropertyVocabularyShape
	Focus Node: ex:proc_Body_Height_8302-2_20241127T154723
	Value Node: ex:Body_Height_8302-2_20241127T154723
	Result Path: <https://w3id.org/shexmap/resource/ontology-schema/d285f599-dc2e-4bd8-83f3-df21defa8821/hasResult>
	Message: Only the 24 properties declared in the CHR schema (plus rdf:type and rdfs:label) may be used on an individual.
Constraint Violation in ClosedConstraintComponent (http://www.w3.org/ns/shacl#ClosedConstraintComponent):
	Severity: sh:Violation
	Source Shape: chr:SchemaPropertyVocabularyShape
	Focus Node: ex:proc_Body_Height_8302-2_20241127T154723
	Value Node: ex:Dr_Domenic627_Blick895
	Result Path: <https://w3id.org/shexmap/resource/ontology-schema/d285f599-dc2e-4bd8-83f3-df21defa8821/hasPerformer>
	Message: Only the 24 properties declared in the CHR schema (plus rdf:type and rdfs:label) may be used on an individual.
Constraint Violation in ClosedConstraintComponent (http://www.w3.org/ns/shacl#ClosedConstraintComponent):
	Severity: sh:Violation
	Source Shape: chr:SchemaPropertyVocabularyShape
	Focus Node: ex:proc_Body_Height_8302-2_20241127T154723
	Value Node: ex:status_completed
	Result Path: <https://w3id.org/shexmap/resource/ontology-schema/d285f599-dc2e-4bd8-83f3-df21defa8821/hasStatus>
	Message: Only the 24 properties declared in the CHR schema (plus rdf:type and rdfs:label) may be used on an individual.
Constraint Violation in ClosedConstraintComponent (http://www.w3.org/ns/shacl#ClosedConstraintComponent):
	Severity: sh:Violation
	Source Shape: chr:SchemaPropertyVocabularyShape
	Focus Node: ex:proc_Body_Weight_29463-7_20241127T154723
	Value Node: Literal("2024-11-27T15:47:23+01:00" = 2024-11-27 15:47:23+01:00, datatype=xsd:dateTime)
	Result Path: <https://w3id.org/shexmap/resource/ontology-schema/d285f599-dc2e-4bd8-83f3-df21defa8821/hasPerformedDate>
	Message: Only the 24 properties declared in the CHR schema (plus rdf:type and rdfs:label) may be used on an individual.
Constraint Violation in ClosedConstraintComponent (http://www.w3.org/ns/shacl#ClosedConstraintComponent):
	Severity: sh:Violation
	Source Shape: chr:SchemaPropertyVocabularyShape
	Focus Node: ex:proc_Body_Weight_29463-7_20241127T154723
	Value Node: ex:Arlen68_Olson653
	Result Path: <https://w3id.org/shexmap/resource/ontology-schema/d285f599-dc2e-4bd8-83f3-df21defa8821/hasPatient>
	Message: Only the 24 properties declared in the CHR schema (plus rdf:type and rdfs:label) may be used on an individual.
Constraint Violation in ClosedConstraintComponent (http://www.w3.org/ns/shacl#ClosedConstraintComponent):
	Severity: sh:Violation
	Source Shape: chr:SchemaPropertyVocabularyShape
	Focus Node: ex:proc_Body_Weight_29463-7_20241127T154723
	Value Node: ex:Body_Weight_29463-7_20241127T154723
	Result Path: <https://w3id.org/shexmap/resource/ontology-schema/d285f599-dc2e-4bd8-83f3-df21defa8821/hasResult>
	Message: Only the 24 properties declared in the CHR schema (plus rdf:type and rdfs:label) may be used on an individual.
Constraint Violation in ClosedConstraintComponent (http://www.w3.org/ns/shacl#ClosedConstraintComponent):
	Severity: sh:Violation
	Source Shape: chr:SchemaPropertyVocabularyShape
	Focus Node: ex:proc_Body_Weight_29463-7_20241127T154723
	Value Node: ex:Dr_Domenic627_Blick895
	Result Path: <https://w3id.org/shexmap/resource/ontology-schema/d285f599-dc2e-4bd8-83f3-df21defa8821/hasPerformer>
	Message: Only the 24 properties declared in the CHR schema (plus rdf:type and rdfs:label) may be used on an individual.
Constraint Violation in ClosedConstraintComponent (http://www.w3.org/ns/shacl#ClosedConstraintComponent):
	Severity: sh:Violation
	Source Shape: chr:SchemaPropertyVocabularyShape
	Focus Node: ex:proc_Body_Weight_29463-7_20241127T154723
	Value Node: ex:status_completed
	Result Path: <https://w3id.org/shexmap/resource/ontology-schema/d285f599-dc2e-4bd8-83f3-df21defa8821/hasStatus>
	Message: Only the 24 properties declared in the CHR schema (plus rdf:type and rdfs:label) may be used on an individual.
Constraint Violation in ClosedConstraintComponent (http://www.w3.org/ns/shacl#ClosedConstraintComponent):
	Severity: sh:Violation
	Source Shape: chr:SchemaPropertyVocabularyShape
	Focus Node: ex:proc_Calcium_17861-6_20241127T154723
	Value Node: Literal("2024-11-27T15:47:23+01:00" = 2024-11-27 15:47:23+01:00, datatype=xsd:dateTime)
	Result Path: <https://w3id.org/shexmap/resource/ontology-schema/d285f599-dc2e-4bd8-83f3-df21defa8821/hasPerformedDate>
	Message: Only the 24 properties declared in the CHR schema (plus rdf:type and rdfs:label) may be used on an individual.
Constraint Violation in ClosedConstraintComponent (http://www.w3.org/ns/shacl#ClosedConstraintComponent):
	Severity: sh:Violation
	Source Shape: chr:SchemaPropertyVocabularyShape
	Focus Node: ex:proc_Calcium_17861-6_20241127T154723
	Value Node: ex:Arlen68_Olson653
	Result Path: <https://w3id.org/shexmap/resource/ontology-schema/d285f599-dc2e-4bd8-83f3-df21defa8821/hasPatient>
	Message: Only the 24 properties declared in the CHR schema (plus rdf:type and rdfs:label) may be used on an individual.
Constraint Violation in ClosedConstraintComponent (http://www.w3.org/ns/shacl#ClosedConstraintComponent):
	Severity: sh:Violation
	Source Shape: chr:SchemaPropertyVocabularyShape
	Focus Node: ex:proc_Calcium_17861-6_20241127T154723
	Value Node: ex:Calcium_17861-6_20241127T154723
	Result Path: <https://w3id.org/shexmap/resource/ontology-schema/d285f599-dc2e-4bd8-83f3-df21defa8821/hasResult>
	Message: Only the 24 properties declared in the CHR schema (plus rdf:type and rdfs:label) may be used on an individual.
Constraint Violation in ClosedConstraintComponent (http://www.w3.org/ns/shacl#ClosedConstraintComponent):
	Severity: sh:Violation
	Source Shape: chr:SchemaPropertyVocabularyShape
	Focus Node: ex:proc_Calcium_17861-6_20241127T154723
	Value Node: ex:Dr_Domenic627_Blick895
	Result Path: <https://w3id.org/shexmap/resource/ontology-schema/d285f599-dc2e-4bd8-83f3-df21defa8821/hasPerformer>
	Message: Only the 24 properties declared in the CHR schema (plus rdf:type and rdfs:label) may be used on an individual.
Constraint Violation in ClosedConstraintComponent (http://www.w3.org/ns/shacl#ClosedConstraintComponent):
	Severity: sh:Violation
	Source Shape: chr:SchemaPropertyVocabularyShape
	Focus Node: ex:proc_Calcium_17861-6_20241127T154723
	Value Node: ex:status_completed
	Result Path: <https://w3id.org/shexmap/resource/ontology-schema/d285f599-dc2e-4bd8-83f3-df21defa8821/hasStatus>
	Message: Only the 24 properties declared in the CHR schema (plus rdf:type and rdfs:label) may be used on an individual.
Constraint Violation in ClosedConstraintComponent (http://www.w3.org/ns/shacl#ClosedConstraintComponent):
	Severity: sh:Violation
	Source Shape: chr:SchemaPropertyVocabularyShape
	Focus Node: ex:proc_Calcium_49765-1_20241127T154723
	Value Node: Literal("2024-11-27T15:47:23+01:00" = 2024-11-27 15:47:23+01:00, datatype=xsd:dateTime)
	Result Path: <https://w3id.org/shexmap/resource/ontology-schema/d285f599-dc2e-4bd8-83f3-df21defa8821/hasPerformedDate>
	Message: Only the 24 properties declared in the CHR schema (plus rdf:type and rdfs:label) may be used on an individual.
Constraint Violation in ClosedConstraintComponent (http://www.w3.org/ns/shacl#ClosedConstraintComponent):
	Severity: sh:Violation
	Source Shape: chr:SchemaPropertyVocabularyShape
	Focus Node: ex:proc_Calcium_49765-1_20241127T154723
	Value Node: ex:Arlen68_Olson653
	Result Path: <https://w3id.org/shexmap/resource/ontology-schema/d285f599-dc2e-4bd8-83f3-df21defa8821/hasPatient>
	Message: Only the 24 properties declared in the CHR schema (plus rdf:type and rdfs:label) may be used on an individual.
Constraint Violation in ClosedConstraintComponent (http://www.w3.org/ns/shacl#ClosedConstraintComponent):
	Severity: sh:Violation
	Source Shape: chr:SchemaPropertyVocabularyShape
	Focus Node: ex:proc_Calcium_49765-1_20241127T154723
	Value Node: ex:Calcium_49765-1_20241127T154723
	Result Path: <https://w3id.org/shexmap/resource/ontology-schema/d285f599-dc2e-4bd8-83f3-df21defa8821/hasResult>
	Message: Only the 24 properties declared in the CHR schema (plus rdf:type and rdfs:label) may be used on an individual.
Constraint Violation in ClosedConstraintComponent (http://www.w3.org/ns/shacl#ClosedConstraintComponent):
	Severity: sh:Violation
	Source Shape: chr:SchemaPropertyVocabularyShape
	Focus Node: ex:proc_Calcium_49765-1_20241127T154723
	Value Node: ex:Dr_Domenic627_Blick895
	Result Path: <https://w3id.org/shexmap/resource/ontology-schema/d285f599-dc2e-4bd8-83f3-df21defa8821/hasPerformer>
	Message: Only the 24 properties declared in the CHR schema (plus rdf:type and rdfs:label) may be used on an individual.
Constraint Violation in ClosedConstraintComponent (http://www.w3.org/ns/shacl#ClosedConstraintComponent):
	Severity: sh:Violation
	Source Shape: chr:SchemaPropertyVocabularyShape
	Focus Node: ex:proc_Calcium_49765-1_20241127T154723
	Value Node: ex:status_completed
	Result Path: <https://w3id.org/shexmap/resource/ontology-schema/d285f599-dc2e-4bd8-83f3-df21defa8821/hasStatus>
	Message: Only the 24 properties declared in the CHR schema (plus rdf:type and rdfs:label) may be used on an individual.
Constraint Violation in ClosedConstraintComponent (http://www.w3.org/ns/shacl#ClosedConstraintComponent):
	Severity: sh:Violation
	Source Shape: chr:SchemaPropertyVocabularyShape
	Focus Node: ex:proc_Carbon_dioxide_total_2028-9_20241127T154723
	Value Node: Literal("2024-11-27T15:47:23+01:00" = 2024-11-27 15:47:23+01:00, datatype=xsd:dateTime)
	Result Path: <https://w3id.org/shexmap/resource/ontology-schema/d285f599-dc2e-4bd8-83f3-df21defa8821/hasPerformedDate>
	Message: Only the 24 properties declared in the CHR schema (plus rdf:type and rdfs:label) may be used on an individual.
Constraint Violation in ClosedConstraintComponent (http://www.w3.org/ns/shacl#ClosedConstraintComponent):
	Severity: sh:Violation
	Source Shape: chr:SchemaPropertyVocabularyShape
	Focus Node: ex:proc_Carbon_dioxide_total_2028-9_20241127T154723
	Value Node: ex:Arlen68_Olson653
	Result Path: <https://w3id.org/shexmap/resource/ontology-schema/d285f599-dc2e-4bd8-83f3-df21defa8821/hasPatient>
	Message: Only the 24 properties declared in the CHR schema (plus rdf:type and rdfs:label) may be used on an individual.
Constraint Violation in ClosedConstraintComponent (http://www.w3.org/ns/shacl#ClosedConstraintComponent):
	Severity: sh:Violation
	Source Shape: chr:SchemaPropertyVocabularyShape
	Focus Node: ex:proc_Carbon_dioxide_total_2028-9_20241127T154723
	Value Node: ex:Carbon_dioxide_total_2028-9_20241127T154723
	Result Path: <https://w3id.org/shexmap/resource/ontology-schema/d285f599-dc2e-4bd8-83f3-df21defa8821/hasResult>
	Message: Only the 24 properties declared in the CHR schema (plus rdf:type and rdfs:label) may be used on an individual.
Constraint Violation in ClosedConstraintComponent (http://www.w3.org/ns/shacl#ClosedConstraintComponent):
	Severity: sh:Violation
	Source Shape: chr:SchemaPropertyVocabularyShape
	Focus Node: ex:proc_Carbon_dioxide_total_2028-9_20241127T154723
	Value Node: ex:Dr_Domenic627_Blick895
	Result Path: <https://w3id.org/shexmap/resource/ontology-schema/d285f599-dc2e-4bd8-83f3-df21defa8821/hasPerformer>
	Message: Only the 24 properties declared in the CHR schema (plus rdf:type and rdfs:label) may be used on an individual.
Constraint Violation in ClosedConstraintComponent (http://www.w3.org/ns/shacl#ClosedConstraintComponent):
	Severity: sh:Violation
	Source Shape: chr:SchemaPropertyVocabularyShape
	Focus Node: ex:proc_Carbon_dioxide_total_2028-9_20241127T154723
	Value Node: ex:status_completed
	Result Path: <https://w3id.org/shexmap/resource/ontology-schema/d285f599-dc2e-4bd8-83f3-df21defa8821/hasStatus>
	Message: Only the 24 properties declared in the CHR schema (plus rdf:type and rdfs:label) may be used on an individual.
Constraint Violation in ClosedConstraintComponent (http://www.w3.org/ns/shacl#ClosedConstraintComponent):
	Severity: sh:Violation
	Source Shape: chr:SchemaPropertyVocabularyShape
	Focus Node: ex:proc_Carbon_dioxide_total_20565-8_20241127T154723
	Value Node: Literal("2024-11-27T15:47:23+01:00" = 2024-11-27 15:47:23+01:00, datatype=xsd:dateTime)
	Result Path: <https://w3id.org/shexmap/resource/ontology-schema/d285f599-dc2e-4bd8-83f3-df21defa8821/hasPerformedDate>
	Message: Only the 24 properties declared in the CHR schema (plus rdf:type and rdfs:label) may be used on an individual.
Constraint Violation in ClosedConstraintComponent (http://www.w3.org/ns/shacl#ClosedConstraintComponent):
	Severity: sh:Violation
	Source Shape: chr:SchemaPropertyVocabularyShape
	Focus Node: ex:proc_Carbon_dioxide_total_20565-8_20241127T154723
	Value Node: ex:Arlen68_Olson653
	Result Path: <https://w3id.org/shexmap/resource/ontology-schema/d285f599-dc2e-4bd8-83f3-df21defa8821/hasPatient>
	Message: Only the 24 properties declared in the CHR schema (plus rdf:type and rdfs:label) may be used on an individual.
Constraint Violation in ClosedConstraintComponent (http://www.w3.org/ns/shacl#ClosedConstraintComponent):
	Severity: sh:Violation
	Source Shape: chr:SchemaPropertyVocabularyShape
	Focus Node: ex:proc_Carbon_dioxide_total_20565-8_20241127T154723
	Value Node: ex:Carbon_dioxide_total_20565-8_20241127T154723
	Result Path: <https://w3id.org/shexmap/resource/ontology-schema/d285f599-dc2e-4bd8-83f3-df21defa8821/hasResult>
	Message: Only the 24 properties declared in the CHR schema (plus rdf:type and rdfs:label) may be used on an individual.
Constraint Violation in ClosedConstraintComponent (http://www.w3.org/ns/shacl#ClosedConstraintComponent):
	Severity: sh:Violation
	Source Shape: chr:SchemaPropertyVocabularyShape
	Focus Node: ex:proc_Carbon_dioxide_total_20565-8_20241127T154723
	Value Node: ex:Dr_Domenic627_Blick895
	Result Path: <https://w3id.org/shexmap/resource/ontology-schema/d285f599-dc2e-4bd8-83f3-df21defa8821/hasPerformer>
	Message: Only the 24 properties declared in the CHR schema (plus rdf:type and rdfs:label) may be used on an individual.
Constraint Violation in ClosedConstraintComponent (http://www.w3.org/ns/shacl#ClosedConstraintComponent):
	Severity: sh:Violation
	Source Shape: chr:SchemaPropertyVocabularyShape
	Focus Node: ex:proc_Carbon_dioxide_total_20565-8_20241127T154723
	Value Node: ex:status_completed
	Result Path: <https://w3id.org/shexmap/resource/ontology-schema/d285f599-dc2e-4bd8-83f3-df21defa8821/hasStatus>
	Message: Only the 24 properties declared in the CHR schema (plus rdf:type and rdfs:label) may be used on an individual.
Constraint Violation in ClosedConstraintComponent (http://www.w3.org/ns/shacl#ClosedConstraintComponent):
	Severity: sh:Violation
	Source Shape: chr:SchemaPropertyVocabularyShape
	Focus Node: ex:proc_Chloride_2069-3_20241127T154723
	Value Node: Literal("2024-11-27T15:47:23+01:00" = 2024-11-27 15:47:23+01:00, datatype=xsd:dateTime)
	Result Path: <https://w3id.org/shexmap/resource/ontology-schema/d285f599-dc2e-4bd8-83f3-df21defa8821/hasPerformedDate>
	Message: Only the 24 properties declared in the CHR schema (plus rdf:type and rdfs:label) may be used on an individual.
Constraint Violation in ClosedConstraintComponent (http://www.w3.org/ns/shacl#ClosedConstraintComponent):
	Severity: sh:Violation
	Source Shape: chr:SchemaPropertyVocabularyShape
	Focus Node: ex:proc_Chloride_2069-3_20241127T154723
	Value Node: ex:Arlen68_Olson653
	Result Path: <https://w3id.org/shexmap/resource/ontology-schema/d285f599-dc2e-4bd8-83f3-df21defa8821/hasPatient>
	Message: Only the 24 properties declared in the CHR schema (plus rdf:type and rdfs:label) may be used on an individual.
Constraint Violation in ClosedConstraintComponent (http://www.w3.org/ns/shacl#ClosedConstraintComponent):
	Severity: sh:Violation
	Source Shape: chr:SchemaPropertyVocabularyShape
	Focus Node: ex:proc_Chloride_2069-3_20241127T154723
	Value Node: ex:Chloride_2069-3_20241127T154723
	Result Path: <https://w3id.org/shexmap/resource/ontology-schema/d285f599-dc2e-4bd8-83f3-df21defa8821/hasResult>
	Message: Only the 24 properties declared in the CHR schema (plus rdf:type and rdfs:label) may be used on an individual.
Constraint Violation in ClosedConstraintComponent (http://www.w3.org/ns/shacl#ClosedConstraintComponent):
	Severity: sh:Violation
	Source Shape: chr:SchemaPropertyVocabularyShape
	Focus Node: ex:proc_Chloride_2069-3_20241127T154723
	Value Node: ex:Dr_Domenic627_Blick895
	Result Path: <https://w3id.org/shexmap/resource/ontology-schema/d285f599-dc2e-4bd8-83f3-df21defa8821/hasPerformer>
	Message: Only the 24 properties declared in the CHR schema (plus rdf:type and rdfs:label) may be used on an individual.
Constraint Violation in ClosedConstraintComponent (http://www.w3.org/ns/shacl#ClosedConstraintComponent):
	Severity: sh:Violation
	Source Shape: chr:SchemaPropertyVocabularyShape
	Focus Node: ex:proc_Chloride_2069-3_20241127T154723
	Value Node: ex:status_completed
	Result Path: <https://w3id.org/shexmap/resource/ontology-schema/d285f599-dc2e-4bd8-83f3-df21defa8821/hasStatus>
	Message: Only the 24 properties declared in the CHR schema (plus rdf:type and rdfs:label) may be used on an individual.
Constraint Violation in ClosedConstraintComponent (http://www.w3.org/ns/shacl#ClosedConstraintComponent):
	Severity: sh:Violation
	Source Shape: chr:SchemaPropertyVocabularyShape
	Focus Node: ex:proc_Chloride_2075-0_20241127T154723
	Value Node: Literal("2024-11-27T15:47:23+01:00" = 2024-11-27 15:47:23+01:00, datatype=xsd:dateTime)
	Result Path: <https://w3id.org/shexmap/resource/ontology-schema/d285f599-dc2e-4bd8-83f3-df21defa8821/hasPerformedDate>
	Message: Only the 24 properties declared in the CHR schema (plus rdf:type and rdfs:label) may be used on an individual.
Constraint Violation in ClosedConstraintComponent (http://www.w3.org/ns/shacl#ClosedConstraintComponent):
	Severity: sh:Violation
	Source Shape: chr:SchemaPropertyVocabularyShape
	Focus Node: ex:proc_Chloride_2075-0_20241127T154723
	Value Node: ex:Arlen68_Olson653
	Result Path: <https://w3id.org/shexmap/resource/ontology-schema/d285f599-dc2e-4bd8-83f3-df21defa8821/hasPatient>
	Message: Only the 24 properties declared in the CHR schema (plus rdf:type and rdfs:label) may be used on an individual.
Constraint Violation in ClosedConstraintComponent (http://www.w3.org/ns/shacl#ClosedConstraintComponent):
	Severity: sh:Violation
	Source Shape: chr:SchemaPropertyVocabularyShape
	Focus Node: ex:proc_Chloride_2075-0_20241127T154723
	Value Node: ex:Chloride_2075-0_20241127T154723
	Result Path: <https://w3id.org/shexmap/resource/ontology-schema/d285f599-dc2e-4bd8-83f3-df21defa8821/hasResult>
	Message: Only the 24 properties declared in the CHR schema (plus rdf:type and rdfs:label) may be used on an individual.
Constraint Violation in ClosedConstraintComponent (http://www.w3.org/ns/shacl#ClosedConstraintComponent):
	Severity: sh:Violation
	Source Shape: chr:SchemaPropertyVocabularyShape
	Focus Node: ex:proc_Chloride_2075-0_20241127T154723
	Value Node: ex:Dr_Domenic627_Blick895
	Result Path: <https://w3id.org/shexmap/resource/ontology-schema/d285f599-dc2e-4bd8-83f3-df21defa8821/hasPerformer>
	Message: Only the 24 properties declared in the CHR schema (plus rdf:type and rdfs:label) may be used on an individual.
Constraint Violation in ClosedConstraintComponent (http://www.w3.org/ns/shacl#ClosedConstraintComponent):
	Severity: sh:Violation
	Source Shape: chr:SchemaPropertyVocabularyShape
	Focus Node: ex:proc_Chloride_2075-0_20241127T154723
	Value Node: ex:status_completed
	Result Path: <https://w3id.org/shexmap/resource/ontology-schema/d285f599-dc2e-4bd8-83f3-df21defa8821/hasStatus>
	Message: Only the 24 properties declared in the CHR schema (plus rdf:type and rdfs:label) may be used on an individual.
Constraint Violation in ClosedConstraintComponent (http://www.w3.org/ns/shacl#ClosedConstraintComponent):
	Severity: sh:Violation
	Source Shape: chr:SchemaPropertyVocabularyShape
	Focus Node: ex:proc_Cholesterol_2093-3_20241127T154723
	Value Node: Literal("2024-11-27T15:47:23+01:00" = 2024-11-27 15:47:23+01:00, datatype=xsd:dateTime)
	Result Path: <https://w3id.org/shexmap/resource/ontology-schema/d285f599-dc2e-4bd8-83f3-df21defa8821/hasPerformedDate>
	Message: Only the 24 properties declared in the CHR schema (plus rdf:type and rdfs:label) may be used on an individual.
Constraint Violation in ClosedConstraintComponent (http://www.w3.org/ns/shacl#ClosedConstraintComponent):
	Severity: sh:Violation
	Source Shape: chr:SchemaPropertyVocabularyShape
	Focus Node: ex:proc_Cholesterol_2093-3_20241127T154723
	Value Node: ex:Arlen68_Olson653
	Result Path: <https://w3id.org/shexmap/resource/ontology-schema/d285f599-dc2e-4bd8-83f3-df21defa8821/hasPatient>
	Message: Only the 24 properties declared in the CHR schema (plus rdf:type and rdfs:label) may be used on an individual.
Constraint Violation in ClosedConstraintComponent (http://www.w3.org/ns/shacl#ClosedConstraintComponent):
	Severity: sh:Violation
	Source Shape: chr:SchemaPropertyVocabularyShape
	Focus Node: ex:proc_Cholesterol_2093-3_20241127T154723
	Value Node: ex:Cholesterol_2093-3_20241127T154723
	Result Path: <https://w3id.org/shexmap/resource/ontology-schema/d285f599-dc2e-4bd8-83f3-df21defa8821/hasResult>
	Message: Only the 24 properties declared in the CHR schema (plus rdf:type and rdfs:label) may be used on an individual.
Constraint Violation in ClosedConstraintComponent (http://www.w3.org/ns/shacl#ClosedConstraintComponent):
	Severity: sh:Violation
	Source Shape: chr:SchemaPropertyVocabularyShape
	Focus Node: ex:proc_Cholesterol_2093-3_20241127T154723
	Value Node: ex:Dr_Domenic627_Blick895
	Result Path: <https://w3id.org/shexmap/resource/ontology-schema/d285f599-dc2e-4bd8-83f3-df21defa8821/hasPerformer>
	Message: Only the 24 properties declared in the CHR schema (plus rdf:type and rdfs:label) may be used on an individual.
Constraint Violation in ClosedConstraintComponent (http://www.w3.org/ns/shacl#ClosedConstraintComponent):
	Severity: sh:Violation
	Source Shape: chr:SchemaPropertyVocabularyShape
	Focus Node: ex:proc_Cholesterol_2093-3_20241127T154723
	Value Node: ex:status_completed
	Result Path: <https://w3id.org/shexmap/resource/ontology-schema/d285f599-dc2e-4bd8-83f3-df21defa8821/hasStatus>
	Message: Only the 24 properties declared in the CHR schema (plus rdf:type and rdfs:label) may be used on an individual.
Constraint Violation in ClosedConstraintComponent (http://www.w3.org/ns/shacl#ClosedConstraintComponent):
	Severity: sh:Violation
	Source Shape: chr:SchemaPropertyVocabularyShape
	Focus Node: ex:proc_Cholesterol_HDL_2085-9_20241127T154723
	Value Node: Literal("2024-11-27T15:47:23+01:00" = 2024-11-27 15:47:23+01:00, datatype=xsd:dateTime)
	Result Path: <https://w3id.org/shexmap/resource/ontology-schema/d285f599-dc2e-4bd8-83f3-df21defa8821/hasPerformedDate>
	Message: Only the 24 properties declared in the CHR schema (plus rdf:type and rdfs:label) may be used on an individual.
Constraint Violation in ClosedConstraintComponent (http://www.w3.org/ns/shacl#ClosedConstraintComponent):
	Severity: sh:Violation
	Source Shape: chr:SchemaPropertyVocabularyShape
	Focus Node: ex:proc_Cholesterol_HDL_2085-9_20241127T154723
	Value Node: ex:Arlen68_Olson653
	Result Path: <https://w3id.org/shexmap/resource/ontology-schema/d285f599-dc2e-4bd8-83f3-df21defa8821/hasPatient>
	Message: Only the 24 properties declared in the CHR schema (plus rdf:type and rdfs:label) may be used on an individual.
Constraint Violation in ClosedConstraintComponent (http://www.w3.org/ns/shacl#ClosedConstraintComponent):
	Severity: sh:Violation
	Source Shape: chr:SchemaPropertyVocabularyShape
	Focus Node: ex:proc_Cholesterol_HDL_2085-9_20241127T154723
	Value Node: ex:Cholesterol_HDL_2085-9_20241127T154723
	Result Path: <https://w3id.org/shexmap/resource/ontology-schema/d285f599-dc2e-4bd8-83f3-df21defa8821/hasResult>
	Message: Only the 24 properties declared in the CHR schema (plus rdf:type and rdfs:label) may be used on an individual.
Constraint Violation in ClosedConstraintComponent (http://www.w3.org/ns/shacl#ClosedConstraintComponent):
	Severity: sh:Violation
	Source Shape: chr:SchemaPropertyVocabularyShape
	Focus Node: ex:proc_Cholesterol_HDL_2085-9_20241127T154723
	Value Node: ex:Dr_Domenic627_Blick895
	Result Path: <https://w3id.org/shexmap/resource/ontology-schema/d285f599-dc2e-4bd8-83f3-df21defa8821/hasPerformer>
	Message: Only the 24 properties declared in the CHR schema (plus rdf:type and rdfs:label) may be used on an individual.
Constraint Violation in ClosedConstraintComponent (http://www.w3.org/ns/shacl#ClosedConstraintComponent):
	Severity: sh:Violation
	Source Shape: chr:SchemaPropertyVocabularyShape
	Focus Node: ex:proc_Cholesterol_HDL_2085-9_20241127T154723
	Value Node: ex:status_completed
	Result Path: <https://w3id.org/shexmap/resource/ontology-schema/d285f599-dc2e-4bd8-83f3-df21defa8821/hasStatus>
	Message: Only the 24 properties declared in the CHR schema (plus rdf:type and rdfs:label) may be used on an individual.
Constraint Violation in ClosedConstraintComponent (http://www.w3.org/ns/shacl#ClosedConstraintComponent):
	Severity: sh:Violation
	Source Shape: chr:SchemaPropertyVocabularyShape
	Focus Node: ex:proc_Cholesterol_LDL_18262-6_20241127T154723
	Value Node: Literal("2024-11-27T15:47:23+01:00" = 2024-11-27 15:47:23+01:00, datatype=xsd:dateTime)
	Result Path: <https://w3id.org/shexmap/resource/ontology-schema/d285f599-dc2e-4bd8-83f3-df21defa8821/hasPerformedDate>
	Message: Only the 24 properties declared in the CHR schema (plus rdf:type and rdfs:label) may be used on an individual.
Constraint Violation in ClosedConstraintComponent (http://www.w3.org/ns/shacl#ClosedConstraintComponent):
	Severity: sh:Violation
	Source Shape: chr:SchemaPropertyVocabularyShape
	Focus Node: ex:proc_Cholesterol_LDL_18262-6_20241127T154723
	Value Node: ex:Arlen68_Olson653
	Result Path: <https://w3id.org/shexmap/resource/ontology-schema/d285f599-dc2e-4bd8-83f3-df21defa8821/hasPatient>
	Message: Only the 24 properties declared in the CHR schema (plus rdf:type and rdfs:label) may be used on an individual.
Constraint Violation in ClosedConstraintComponent (http://www.w3.org/ns/shacl#ClosedConstraintComponent):
	Severity: sh:Violation
	Source Shape: chr:SchemaPropertyVocabularyShape
	Focus Node: ex:proc_Cholesterol_LDL_18262-6_20241127T154723
	Value Node: ex:Cholesterol_LDL_18262-6_20241127T154723
	Result Path: <https://w3id.org/shexmap/resource/ontology-schema/d285f599-dc2e-4bd8-83f3-df21defa8821/hasResult>
	Message: Only the 24 properties declared in the CHR schema (plus rdf:type and rdfs:label) may be used on an individual.
Constraint Violation in ClosedConstraintComponent (http://www.w3.org/ns/shacl#ClosedConstraintComponent):
	Severity: sh:Violation
	Source Shape: chr:SchemaPropertyVocabularyShape
	Focus Node: ex:proc_Cholesterol_LDL_18262-6_20241127T154723
	Value Node: ex:Dr_Domenic627_Blick895
	Result Path: <https://w3id.org/shexmap/resource/ontology-schema/d285f599-dc2e-4bd8-83f3-df21defa8821/hasPerformer>
	Message: Only the 24 properties declared in the CHR schema (plus rdf:type and rdfs:label) may be used on an individual.
Constraint Violation in ClosedConstraintComponent (http://www.w3.org/ns/shacl#ClosedConstraintComponent):
	Severity: sh:Violation
	Source Shape: chr:SchemaPropertyVocabularyShape
	Focus Node: ex:proc_Cholesterol_LDL_18262-6_20241127T154723
	Value Node: ex:status_completed
	Result Path: <https://w3id.org/shexmap/resource/ontology-schema/d285f599-dc2e-4bd8-83f3-df21defa8821/hasStatus>
	Message: Only the 24 properties declared in the CHR schema (plus rdf:type and rdfs:label) may be used on an individual.
Constraint Violation in ClosedConstraintComponent (http://www.w3.org/ns/shacl#ClosedConstraintComponent):
	Severity: sh:Violation
	Source Shape: chr:SchemaPropertyVocabularyShape
	Focus Node: ex:proc_Creatinine_2160-0_20241127T154723
	Value Node: Literal("2024-11-27T15:47:23+01:00" = 2024-11-27 15:47:23+01:00, datatype=xsd:dateTime)
	Result Path: <https://w3id.org/shexmap/resource/ontology-schema/d285f599-dc2e-4bd8-83f3-df21defa8821/hasPerformedDate>
	Message: Only the 24 properties declared in the CHR schema (plus rdf:type and rdfs:label) may be used on an individual.
Constraint Violation in ClosedConstraintComponent (http://www.w3.org/ns/shacl#ClosedConstraintComponent):
	Severity: sh:Violation
	Source Shape: chr:SchemaPropertyVocabularyShape
	Focus Node: ex:proc_Creatinine_2160-0_20241127T154723
	Value Node: ex:Arlen68_Olson653
	Result Path: <https://w3id.org/shexmap/resource/ontology-schema/d285f599-dc2e-4bd8-83f3-df21defa8821/hasPatient>
	Message: Only the 24 properties declared in the CHR schema (plus rdf:type and rdfs:label) may be used on an individual.
Constraint Violation in ClosedConstraintComponent (http://www.w3.org/ns/shacl#ClosedConstraintComponent):
	Severity: sh:Violation
	Source Shape: chr:SchemaPropertyVocabularyShape
	Focus Node: ex:proc_Creatinine_2160-0_20241127T154723
	Value Node: ex:Creatinine_2160-0_20241127T154723
	Result Path: <https://w3id.org/shexmap/resource/ontology-schema/d285f599-dc2e-4bd8-83f3-df21defa8821/hasResult>
	Message: Only the 24 properties declared in the CHR schema (plus rdf:type and rdfs:label) may be used on an individual.
Constraint Violation in ClosedConstraintComponent (http://www.w3.org/ns/shacl#ClosedConstraintComponent):
	Severity: sh:Violation
	Source Shape: chr:SchemaPropertyVocabularyShape
	Focus Node: ex:proc_Creatinine_2160-0_20241127T154723
	Value Node: ex:Dr_Domenic627_Blick895
	Result Path: <https://w3id.org/shexmap/resource/ontology-schema/d285f599-dc2e-4bd8-83f3-df21defa8821/hasPerformer>
	Message: Only the 24 properties declared in the CHR schema (plus rdf:type and rdfs:label) may be used on an individual.
Constraint Violation in ClosedConstraintComponent (http://www.w3.org/ns/shacl#ClosedConstraintComponent):
	Severity: sh:Violation
	Source Shape: chr:SchemaPropertyVocabularyShape
	Focus Node: ex:proc_Creatinine_2160-0_20241127T154723
	Value Node: ex:status_completed
	Result Path: <https://w3id.org/shexmap/resource/ontology-schema/d285f599-dc2e-4bd8-83f3-df21defa8821/hasStatus>
	Message: Only the 24 properties declared in the CHR schema (plus rdf:type and rdfs:label) may be used on an individual.
Constraint Violation in ClosedConstraintComponent (http://www.w3.org/ns/shacl#ClosedConstraintComponent):
	Severity: sh:Violation
	Source Shape: chr:SchemaPropertyVocabularyShape
	Focus Node: ex:proc_Creatinine_38483-4_20241127T154723
	Value Node: Literal("2024-11-27T15:47:23+01:00" = 2024-11-27 15:47:23+01:00, datatype=xsd:dateTime)
	Result Path: <https://w3id.org/shexmap/resource/ontology-schema/d285f599-dc2e-4bd8-83f3-df21defa8821/hasPerformedDate>
	Message: Only the 24 properties declared in the CHR schema (plus rdf:type and rdfs:label) may be used on an individual.
Constraint Violation in ClosedConstraintComponent (http://www.w3.org/ns/shacl#ClosedConstraintComponent):
	Severity: sh:Violation
	Source Shape: chr:SchemaPropertyVocabularyShape
	Focus Node: ex:proc_Creatinine_38483-4_20241127T154723
	Value Node: ex:Arlen68_Olson653
	Result Path: <https://w3id.org/shexmap/resource/ontology-schema/d285f599-dc2e-4bd8-83f3-df21defa8821/hasPatient>
	Message: Only the 24 properties declared in the CHR schema (plus rdf:type and rdfs:label) may be used on an individual.
Constraint Violation in ClosedConstraintComponent (http://www.w3.org/ns/shacl#ClosedConstraintComponent):
	Severity: sh:Violation
	Source Shape: chr:SchemaPropertyVocabularyShape
	Focus Node: ex:proc_Creatinine_38483-4_20241127T154723
	Value Node: ex:Creatinine_38483-4_20241127T154723
	Result Path: <https://w3id.org/shexmap/resource/ontology-schema/d285f599-dc2e-4bd8-83f3-df21defa8821/hasResult>
	Message: Only the 24 properties declared in the CHR schema (plus rdf:type and rdfs:label) may be used on an individual.
Constraint Violation in ClosedConstraintComponent (http://www.w3.org/ns/shacl#ClosedConstraintComponent):
	Severity: sh:Violation
	Source Shape: chr:SchemaPropertyVocabularyShape
	Focus Node: ex:proc_Creatinine_38483-4_20241127T154723
	Value Node: ex:Dr_Domenic627_Blick895
	Result Path: <https://w3id.org/shexmap/resource/ontology-schema/d285f599-dc2e-4bd8-83f3-df21defa8821/hasPerformer>
	Message: Only the 24 properties declared in the CHR schema (plus rdf:type and rdfs:label) may be used on an individual.
Constraint Violation in ClosedConstraintComponent (http://www.w3.org/ns/shacl#ClosedConstraintComponent):
	Severity: sh:Violation
	Source Shape: chr:SchemaPropertyVocabularyShape
	Focus Node: ex:proc_Creatinine_38483-4_20241127T154723
	Value Node: ex:status_completed
	Result Path: <https://w3id.org/shexmap/resource/ontology-schema/d285f599-dc2e-4bd8-83f3-df21defa8821/hasStatus>
	Message: Only the 24 properties declared in the CHR schema (plus rdf:type and rdfs:label) may be used on an individual.
Constraint Violation in ClosedConstraintComponent (http://www.w3.org/ns/shacl#ClosedConstraintComponent):
	Severity: sh:Violation
	Source Shape: chr:SchemaPropertyVocabularyShape
	Focus Node: ex:proc_GAD7_70274-6_20241127T164225
	Value Node: Literal("2024-11-27T16:42:25+01:00" = 2024-11-27 16:42:25+01:00, datatype=xsd:dateTime)
	Result Path: <https://w3id.org/shexmap/resource/ontology-schema/d285f599-dc2e-4bd8-83f3-df21defa8821/hasPerformedDate>
	Message: Only the 24 properties declared in the CHR schema (plus rdf:type and rdfs:label) may be used on an individual.
Constraint Violation in ClosedConstraintComponent (http://www.w3.org/ns/shacl#ClosedConstraintComponent):
	Severity: sh:Violation
	Source Shape: chr:SchemaPropertyVocabularyShape
	Focus Node: ex:proc_GAD7_70274-6_20241127T164225
	Value Node: ex:Arlen68_Olson653
	Result Path: <https://w3id.org/shexmap/resource/ontology-schema/d285f599-dc2e-4bd8-83f3-df21defa8821/hasPatient>
	Message: Only the 24 properties declared in the CHR schema (plus rdf:type and rdfs:label) may be used on an individual.
Constraint Violation in ClosedConstraintComponent (http://www.w3.org/ns/shacl#ClosedConstraintComponent):
	Severity: sh:Violation
	Source Shape: chr:SchemaPropertyVocabularyShape
	Focus Node: ex:proc_GAD7_70274-6_20241127T164225
	Value Node: ex:Dr_Domenic627_Blick895
	Result Path: <https://w3id.org/shexmap/resource/ontology-schema/d285f599-dc2e-4bd8-83f3-df21defa8821/hasPerformer>
	Message: Only the 24 properties declared in the CHR schema (plus rdf:type and rdfs:label) may be used on an individual.
Constraint Violation in ClosedConstraintComponent (http://www.w3.org/ns/shacl#ClosedConstraintComponent):
	Severity: sh:Violation
	Source Shape: chr:SchemaPropertyVocabularyShape
	Focus Node: ex:proc_GAD7_70274-6_20241127T164225
	Value Node: ex:GAD7_70274-6_20241127T164225
	Result Path: <https://w3id.org/shexmap/resource/ontology-schema/d285f599-dc2e-4bd8-83f3-df21defa8821/hasResult>
	Message: Only the 24 properties declared in the CHR schema (plus rdf:type and rdfs:label) may be used on an individual.
Constraint Violation in ClosedConstraintComponent (http://www.w3.org/ns/shacl#ClosedConstraintComponent):
	Severity: sh:Violation
	Source Shape: chr:SchemaPropertyVocabularyShape
	Focus Node: ex:proc_GAD7_70274-6_20241127T164225
	Value Node: ex:status_completed
	Result Path: <https://w3id.org/shexmap/resource/ontology-schema/d285f599-dc2e-4bd8-83f3-df21defa8821/hasStatus>
	Message: Only the 24 properties declared in the CHR schema (plus rdf:type and rdfs:label) may be used on an individual.
Constraint Violation in ClosedConstraintComponent (http://www.w3.org/ns/shacl#ClosedConstraintComponent):
	Severity: sh:Violation
	Source Shape: chr:SchemaPropertyVocabularyShape
	Focus Node: ex:proc_GFR_33914-3_20241127T154723_1
	Value Node: Literal("2024-11-27T15:47:23+01:00" = 2024-11-27 15:47:23+01:00, datatype=xsd:dateTime)
	Result Path: <https://w3id.org/shexmap/resource/ontology-schema/d285f599-dc2e-4bd8-83f3-df21defa8821/hasPerformedDate>
	Message: Only the 24 properties declared in the CHR schema (plus rdf:type and rdfs:label) may be used on an individual.
Constraint Violation in ClosedConstraintComponent (http://www.w3.org/ns/shacl#ClosedConstraintComponent):
	Severity: sh:Violation
	Source Shape: chr:SchemaPropertyVocabularyShape
	Focus Node: ex:proc_GFR_33914-3_20241127T154723_1
	Value Node: ex:Arlen68_Olson653
	Result Path: <https://w3id.org/shexmap/resource/ontology-schema/d285f599-dc2e-4bd8-83f3-df21defa8821/hasPatient>
	Message: Only the 24 properties declared in the CHR schema (plus rdf:type and rdfs:label) may be used on an individual.
Constraint Violation in ClosedConstraintComponent (http://www.w3.org/ns/shacl#ClosedConstraintComponent):
	Severity: sh:Violation
	Source Shape: chr:SchemaPropertyVocabularyShape
	Focus Node: ex:proc_GFR_33914-3_20241127T154723_1
	Value Node: ex:Dr_Domenic627_Blick895
	Result Path: <https://w3id.org/shexmap/resource/ontology-schema/d285f599-dc2e-4bd8-83f3-df21defa8821/hasPerformer>
	Message: Only the 24 properties declared in the CHR schema (plus rdf:type and rdfs:label) may be used on an individual.
Constraint Violation in ClosedConstraintComponent (http://www.w3.org/ns/shacl#ClosedConstraintComponent):
	Severity: sh:Violation
	Source Shape: chr:SchemaPropertyVocabularyShape
	Focus Node: ex:proc_GFR_33914-3_20241127T154723_1
	Value Node: ex:GFR_33914-3_20241127T154723_1
	Result Path: <https://w3id.org/shexmap/resource/ontology-schema/d285f599-dc2e-4bd8-83f3-df21defa8821/hasResult>
	Message: Only the 24 properties declared in the CHR schema (plus rdf:type and rdfs:label) may be used on an individual.
Constraint Violation in ClosedConstraintComponent (http://www.w3.org/ns/shacl#ClosedConstraintComponent):
	Severity: sh:Violation
	Source Shape: chr:SchemaPropertyVocabularyShape
	Focus Node: ex:proc_GFR_33914-3_20241127T154723_1
	Value Node: ex:status_completed
	Result Path: <https://w3id.org/shexmap/resource/ontology-schema/d285f599-dc2e-4bd8-83f3-df21defa8821/hasStatus>
	Message: Only the 24 properties declared in the CHR schema (plus rdf:type and rdfs:label) may be used on an individual.
Constraint Violation in ClosedConstraintComponent (http://www.w3.org/ns/shacl#ClosedConstraintComponent):
	Severity: sh:Violation
	Source Shape: chr:SchemaPropertyVocabularyShape
	Focus Node: ex:proc_Glucose_2339-0_20241127T154723
	Value Node: Literal("2024-11-27T15:47:23+01:00" = 2024-11-27 15:47:23+01:00, datatype=xsd:dateTime)
	Result Path: <https://w3id.org/shexmap/resource/ontology-schema/d285f599-dc2e-4bd8-83f3-df21defa8821/hasPerformedDate>
	Message: Only the 24 properties declared in the CHR schema (plus rdf:type and rdfs:label) may be used on an individual.
Constraint Violation in ClosedConstraintComponent (http://www.w3.org/ns/shacl#ClosedConstraintComponent):
	Severity: sh:Violation
	Source Shape: chr:SchemaPropertyVocabularyShape
	Focus Node: ex:proc_Glucose_2339-0_20241127T154723
	Value Node: ex:Arlen68_Olson653
	Result Path: <https://w3id.org/shexmap/resource/ontology-schema/d285f599-dc2e-4bd8-83f3-df21defa8821/hasPatient>
	Message: Only the 24 properties declared in the CHR schema (plus rdf:type and rdfs:label) may be used on an individual.
Constraint Violation in ClosedConstraintComponent (http://www.w3.org/ns/shacl#ClosedConstraintComponent):
	Severity: sh:Violation
	Source Shape: chr:SchemaPropertyVocabularyShape
	Focus Node: ex:proc_Glucose_2339-0_20241127T154723
	Value Node: ex:Dr_Domenic627_Blick895
	Result Path: <https://w3id.org/shexmap/resource/ontology-schema/d285f599-dc2e-4bd8-83f3-df21defa8821/hasPerformer>
	Message: Only the 24 properties declared in the CHR schema (plus rdf:type and rdfs:label) may be used on an individual.
Constraint Violation in ClosedConstraintComponent (http://www.w3.org/ns/shacl#ClosedConstraintComponent):
	Severity: sh:Violation
	Source Shape: chr:SchemaPropertyVocabularyShape
	Focus Node: ex:proc_Glucose_2339-0_20241127T154723
	Value Node: ex:Glucose_2339-0_20241127T154723
	Result Path: <https://w3id.org/shexmap/resource/ontology-schema/d285f599-dc2e-4bd8-83f3-df21defa8821/hasResult>
	Message: Only the 24 properties declared in the CHR schema (plus rdf:type and rdfs:label) may be used on an individual.
Constraint Violation in ClosedConstraintComponent (http://www.w3.org/ns/shacl#ClosedConstraintComponent):
	Severity: sh:Violation
	Source Shape: chr:SchemaPropertyVocabularyShape
	Focus Node: ex:proc_Glucose_2339-0_20241127T154723
	Value Node: ex:status_completed
	Result Path: <https://w3id.org/shexmap/resource/ontology-schema/d285f599-dc2e-4bd8-83f3-df21defa8821/hasStatus>
	Message: Only the 24 properties declared in the CHR schema (plus rdf:type and rdfs:label) may be used on an individual.
Constraint Violation in ClosedConstraintComponent (http://www.w3.org/ns/shacl#ClosedConstraintComponent):
	Severity: sh:Violation
	Source Shape: chr:SchemaPropertyVocabularyShape
	Focus Node: ex:proc_Glucose_2345-7_20241127T154723
	Value Node: Literal("2024-11-27T15:47:23+01:00" = 2024-11-27 15:47:23+01:00, datatype=xsd:dateTime)
	Result Path: <https://w3id.org/shexmap/resource/ontology-schema/d285f599-dc2e-4bd8-83f3-df21defa8821/hasPerformedDate>
	Message: Only the 24 properties declared in the CHR schema (plus rdf:type and rdfs:label) may be used on an individual.
Constraint Violation in ClosedConstraintComponent (http://www.w3.org/ns/shacl#ClosedConstraintComponent):
	Severity: sh:Violation
	Source Shape: chr:SchemaPropertyVocabularyShape
	Focus Node: ex:proc_Glucose_2345-7_20241127T154723
	Value Node: ex:Arlen68_Olson653
	Result Path: <https://w3id.org/shexmap/resource/ontology-schema/d285f599-dc2e-4bd8-83f3-df21defa8821/hasPatient>
	Message: Only the 24 properties declared in the CHR schema (plus rdf:type and rdfs:label) may be used on an individual.
Constraint Violation in ClosedConstraintComponent (http://www.w3.org/ns/shacl#ClosedConstraintComponent):
	Severity: sh:Violation
	Source Shape: chr:SchemaPropertyVocabularyShape
	Focus Node: ex:proc_Glucose_2345-7_20241127T154723
	Value Node: ex:Dr_Domenic627_Blick895
	Result Path: <https://w3id.org/shexmap/resource/ontology-schema/d285f599-dc2e-4bd8-83f3-df21defa8821/hasPerformer>
	Message: Only the 24 properties declared in the CHR schema (plus rdf:type and rdfs:label) may be used on an individual.
Constraint Violation in ClosedConstraintComponent (http://www.w3.org/ns/shacl#ClosedConstraintComponent):
	Severity: sh:Violation
	Source Shape: chr:SchemaPropertyVocabularyShape
	Focus Node: ex:proc_Glucose_2345-7_20241127T154723
	Value Node: ex:Glucose_2345-7_20241127T154723
	Result Path: <https://w3id.org/shexmap/resource/ontology-schema/d285f599-dc2e-4bd8-83f3-df21defa8821/hasResult>
	Message: Only the 24 properties declared in the CHR schema (plus rdf:type and rdfs:label) may be used on an individual.
Constraint Violation in ClosedConstraintComponent (http://www.w3.org/ns/shacl#ClosedConstraintComponent):
	Severity: sh:Violation
	Source Shape: chr:SchemaPropertyVocabularyShape
	Focus Node: ex:proc_Glucose_2345-7_20241127T154723
	Value Node: ex:status_completed
	Result Path: <https://w3id.org/shexmap/resource/ontology-schema/d285f599-dc2e-4bd8-83f3-df21defa8821/hasStatus>
	Message: Only the 24 properties declared in the CHR schema (plus rdf:type and rdfs:label) may be used on an individual.
Constraint Violation in ClosedConstraintComponent (http://www.w3.org/ns/shacl#ClosedConstraintComponent):
	Severity: sh:Violation
	Source Shape: chr:SchemaPropertyVocabularyShape
	Focus Node: ex:proc_Glucose_5792-7_20241127T154723
	Value Node: Literal("2024-11-27T15:47:23+01:00" = 2024-11-27 15:47:23+01:00, datatype=xsd:dateTime)
	Result Path: <https://w3id.org/shexmap/resource/ontology-schema/d285f599-dc2e-4bd8-83f3-df21defa8821/hasPerformedDate>
	Message: Only the 24 properties declared in the CHR schema (plus rdf:type and rdfs:label) may be used on an individual.
Constraint Violation in ClosedConstraintComponent (http://www.w3.org/ns/shacl#ClosedConstraintComponent):
	Severity: sh:Violation
	Source Shape: chr:SchemaPropertyVocabularyShape
	Focus Node: ex:proc_Glucose_5792-7_20241127T154723
	Value Node: ex:Arlen68_Olson653
	Result Path: <https://w3id.org/shexmap/resource/ontology-schema/d285f599-dc2e-4bd8-83f3-df21defa8821/hasPatient>
	Message: Only the 24 properties declared in the CHR schema (plus rdf:type and rdfs:label) may be used on an individual.
Constraint Violation in ClosedConstraintComponent (http://www.w3.org/ns/shacl#ClosedConstraintComponent):
	Severity: sh:Violation
	Source Shape: chr:SchemaPropertyVocabularyShape
	Focus Node: ex:proc_Glucose_5792-7_20241127T154723
	Value Node: ex:Dr_Domenic627_Blick895
	Result Path: <https://w3id.org/shexmap/resource/ontology-schema/d285f599-dc2e-4bd8-83f3-df21defa8821/hasPerformer>
	Message: Only the 24 properties declared in the CHR schema (plus rdf:type and rdfs:label) may be used on an individual.
Constraint Violation in ClosedConstraintComponent (http://www.w3.org/ns/shacl#ClosedConstraintComponent):
	Severity: sh:Violation
	Source Shape: chr:SchemaPropertyVocabularyShape
	Focus Node: ex:proc_Glucose_5792-7_20241127T154723
	Value Node: ex:Glucose_5792-7_20241127T154723
	Result Path: <https://w3id.org/shexmap/resource/ontology-schema/d285f599-dc2e-4bd8-83f3-df21defa8821/hasResult>
	Message: Only the 24 properties declared in the CHR schema (plus rdf:type and rdfs:label) may be used on an individual.
Constraint Violation in ClosedConstraintComponent (http://www.w3.org/ns/shacl#ClosedConstraintComponent):
	Severity: sh:Violation
	Source Shape: chr:SchemaPropertyVocabularyShape
	Focus Node: ex:proc_Glucose_5792-7_20241127T154723
	Value Node: ex:status_completed
	Result Path: <https://w3id.org/shexmap/resource/ontology-schema/d285f599-dc2e-4bd8-83f3-df21defa8821/hasStatus>
	Message: Only the 24 properties declared in the CHR schema (plus rdf:type and rdfs:label) may be used on an individual.
Constraint Violation in ClosedConstraintComponent (http://www.w3.org/ns/shacl#ClosedConstraintComponent):
	Severity: sh:Violation
	Source Shape: chr:SchemaPropertyVocabularyShape
	Focus Node: ex:proc_Heart_rate_8867-4_20241127T154723
	Value Node: Literal("2024-11-27T15:47:23+01:00" = 2024-11-27 15:47:23+01:00, datatype=xsd:dateTime)
	Result Path: <https://w3id.org/shexmap/resource/ontology-schema/d285f599-dc2e-4bd8-83f3-df21defa8821/hasPerformedDate>
	Message: Only the 24 properties declared in the CHR schema (plus rdf:type and rdfs:label) may be used on an individual.
Constraint Violation in ClosedConstraintComponent (http://www.w3.org/ns/shacl#ClosedConstraintComponent):
	Severity: sh:Violation
	Source Shape: chr:SchemaPropertyVocabularyShape
	Focus Node: ex:proc_Heart_rate_8867-4_20241127T154723
	Value Node: ex:Arlen68_Olson653
	Result Path: <https://w3id.org/shexmap/resource/ontology-schema/d285f599-dc2e-4bd8-83f3-df21defa8821/hasPatient>
	Message: Only the 24 properties declared in the CHR schema (plus rdf:type and rdfs:label) may be used on an individual.
Constraint Violation in ClosedConstraintComponent (http://www.w3.org/ns/shacl#ClosedConstraintComponent):
	Severity: sh:Violation
	Source Shape: chr:SchemaPropertyVocabularyShape
	Focus Node: ex:proc_Heart_rate_8867-4_20241127T154723
	Value Node: ex:Dr_Domenic627_Blick895
	Result Path: <https://w3id.org/shexmap/resource/ontology-schema/d285f599-dc2e-4bd8-83f3-df21defa8821/hasPerformer>
	Message: Only the 24 properties declared in the CHR schema (plus rdf:type and rdfs:label) may be used on an individual.
Constraint Violation in ClosedConstraintComponent (http://www.w3.org/ns/shacl#ClosedConstraintComponent):
	Severity: sh:Violation
	Source Shape: chr:SchemaPropertyVocabularyShape
	Focus Node: ex:proc_Heart_rate_8867-4_20241127T154723
	Value Node: ex:Heart_rate_8867-4_20241127T154723
	Result Path: <https://w3id.org/shexmap/resource/ontology-schema/d285f599-dc2e-4bd8-83f3-df21defa8821/hasResult>
	Message: Only the 24 properties declared in the CHR schema (plus rdf:type and rdfs:label) may be used on an individual.
Constraint Violation in ClosedConstraintComponent (http://www.w3.org/ns/shacl#ClosedConstraintComponent):
	Severity: sh:Violation
	Source Shape: chr:SchemaPropertyVocabularyShape
	Focus Node: ex:proc_Heart_rate_8867-4_20241127T154723
	Value Node: ex:status_completed
	Result Path: <https://w3id.org/shexmap/resource/ontology-schema/d285f599-dc2e-4bd8-83f3-df21defa8821/hasStatus>
	Message: Only the 24 properties declared in the CHR schema (plus rdf:type and rdfs:label) may be used on an individual.
Constraint Violation in ClosedConstraintComponent (http://www.w3.org/ns/shacl#ClosedConstraintComponent):
	Severity: sh:Violation
	Source Shape: chr:SchemaPropertyVocabularyShape
	Focus Node: ex:proc_Hemoglobin_A1c_4548-4_20241127T154723
	Value Node: Literal("2024-11-27T15:47:23+01:00" = 2024-11-27 15:47:23+01:00, datatype=xsd:dateTime)
	Result Path: <https://w3id.org/shexmap/resource/ontology-schema/d285f599-dc2e-4bd8-83f3-df21defa8821/hasPerformedDate>
	Message: Only the 24 properties declared in the CHR schema (plus rdf:type and rdfs:label) may be used on an individual.
Constraint Violation in ClosedConstraintComponent (http://www.w3.org/ns/shacl#ClosedConstraintComponent):
	Severity: sh:Violation
	Source Shape: chr:SchemaPropertyVocabularyShape
	Focus Node: ex:proc_Hemoglobin_A1c_4548-4_20241127T154723
	Value Node: ex:Arlen68_Olson653
	Result Path: <https://w3id.org/shexmap/resource/ontology-schema/d285f599-dc2e-4bd8-83f3-df21defa8821/hasPatient>
	Message: Only the 24 properties declared in the CHR schema (plus rdf:type and rdfs:label) may be used on an individual.
Constraint Violation in ClosedConstraintComponent (http://www.w3.org/ns/shacl#ClosedConstraintComponent):
	Severity: sh:Violation
	Source Shape: chr:SchemaPropertyVocabularyShape
	Focus Node: ex:proc_Hemoglobin_A1c_4548-4_20241127T154723
	Value Node: ex:Dr_Domenic627_Blick895
	Result Path: <https://w3id.org/shexmap/resource/ontology-schema/d285f599-dc2e-4bd8-83f3-df21defa8821/hasPerformer>
	Message: Only the 24 properties declared in the CHR schema (plus rdf:type and rdfs:label) may be used on an individual.
Constraint Violation in ClosedConstraintComponent (http://www.w3.org/ns/shacl#ClosedConstraintComponent):
	Severity: sh:Violation
	Source Shape: chr:SchemaPropertyVocabularyShape
	Focus Node: ex:proc_Hemoglobin_A1c_4548-4_20241127T154723
	Value Node: ex:Hemoglobin_A1c_4548-4_20241127T154723
	Result Path: <https://w3id.org/shexmap/resource/ontology-schema/d285f599-dc2e-4bd8-83f3-df21defa8821/hasResult>
	Message: Only the 24 properties declared in the CHR schema (plus rdf:type and rdfs:label) may be used on an individual.
Constraint Violation in ClosedConstraintComponent (http://www.w3.org/ns/shacl#ClosedConstraintComponent):
	Severity: sh:Violation
	Source Shape: chr:SchemaPropertyVocabularyShape
	Focus Node: ex:proc_Hemoglobin_A1c_4548-4_20241127T154723
	Value Node: ex:status_completed
	Result Path: <https://w3id.org/shexmap/resource/ontology-schema/d285f599-dc2e-4bd8-83f3-df21defa8821/hasStatus>
	Message: Only the 24 properties declared in the CHR schema (plus rdf:type and rdfs:label) may be used on an individual.
Constraint Violation in ClosedConstraintComponent (http://www.w3.org/ns/shacl#ClosedConstraintComponent):
	Severity: sh:Violation
	Source Shape: chr:SchemaPropertyVocabularyShape
	Focus Node: ex:proc_Ketones_5797-6_20241127T154723
	Value Node: Literal("2024-11-27T15:47:23+01:00" = 2024-11-27 15:47:23+01:00, datatype=xsd:dateTime)
	Result Path: <https://w3id.org/shexmap/resource/ontology-schema/d285f599-dc2e-4bd8-83f3-df21defa8821/hasPerformedDate>
	Message: Only the 24 properties declared in the CHR schema (plus rdf:type and rdfs:label) may be used on an individual.
Constraint Violation in ClosedConstraintComponent (http://www.w3.org/ns/shacl#ClosedConstraintComponent):
	Severity: sh:Violation
	Source Shape: chr:SchemaPropertyVocabularyShape
	Focus Node: ex:proc_Ketones_5797-6_20241127T154723
	Value Node: ex:Arlen68_Olson653
	Result Path: <https://w3id.org/shexmap/resource/ontology-schema/d285f599-dc2e-4bd8-83f3-df21defa8821/hasPatient>
	Message: Only the 24 properties declared in the CHR schema (plus rdf:type and rdfs:label) may be used on an individual.
Constraint Violation in ClosedConstraintComponent (http://www.w3.org/ns/shacl#ClosedConstraintComponent):
	Severity: sh:Violation
	Source Shape: chr:SchemaPropertyVocabularyShape
	Focus Node: ex:proc_Ketones_5797-6_20241127T154723
	Value Node: ex:Dr_Domenic627_Blick895
	Result Path: <https://w3id.org/shexmap/resource/ontology-schema/d285f599-dc2e-4bd8-83f3-df21defa8821/hasPerformer>
	Message: Only the 24 properties declared in the CHR schema (plus rdf:type and rdfs:label) may be used on an individual.
Constraint Violation in ClosedConstraintComponent (http://www.w3.org/ns/shacl#ClosedConstraintComponent):
	Severity: sh:Violation
	Source Shape: chr:SchemaPropertyVocabularyShape
	Focus Node: ex:proc_Ketones_5797-6_20241127T154723
	Value Node: ex:Ketones_5797-6_20241127T154723
	Result Path: <https://w3id.org/shexmap/resource/ontology-schema/d285f599-dc2e-4bd8-83f3-df21defa8821/hasResult>
	Message: Only the 24 properties declared in the CHR schema (plus rdf:type and rdfs:label) may be used on an individual.
Constraint Violation in ClosedConstraintComponent (http://www.w3.org/ns/shacl#ClosedConstraintComponent):
	Severity: sh:Violation
	Source Shape: chr:SchemaPropertyVocabularyShape
	Focus Node: ex:proc_Ketones_5797-6_20241127T154723
	Value Node: ex:status_completed
	Result Path: <https://w3id.org/shexmap/resource/ontology-schema/d285f599-dc2e-4bd8-83f3-df21defa8821/hasStatus>
	Message: Only the 24 properties declared in the CHR schema (plus rdf:type and rdfs:label) may be used on an individual.
Constraint Violation in ClosedConstraintComponent (http://www.w3.org/ns/shacl#ClosedConstraintComponent):
	Severity: sh:Violation
	Source Shape: chr:SchemaPropertyVocabularyShape
	Focus Node: ex:proc_Microalbumin_Creatinine_14959-1_20241127T154723
	Value Node: Literal("2024-11-27T15:47:23+01:00" = 2024-11-27 15:47:23+01:00, datatype=xsd:dateTime)
	Result Path: <https://w3id.org/shexmap/resource/ontology-schema/d285f599-dc2e-4bd8-83f3-df21defa8821/hasPerformedDate>
	Message: Only the 24 properties declared in the CHR schema (plus rdf:type and rdfs:label) may be used on an individual.
Constraint Violation in ClosedConstraintComponent (http://www.w3.org/ns/shacl#ClosedConstraintComponent):
	Severity: sh:Violation
	Source Shape: chr:SchemaPropertyVocabularyShape
	Focus Node: ex:proc_Microalbumin_Creatinine_14959-1_20241127T154723
	Value Node: ex:Arlen68_Olson653
	Result Path: <https://w3id.org/shexmap/resource/ontology-schema/d285f599-dc2e-4bd8-83f3-df21defa8821/hasPatient>
	Message: Only the 24 properties declared in the CHR schema (plus rdf:type and rdfs:label) may be used on an individual.
Constraint Violation in ClosedConstraintComponent (http://www.w3.org/ns/shacl#ClosedConstraintComponent):
	Severity: sh:Violation
	Source Shape: chr:SchemaPropertyVocabularyShape
	Focus Node: ex:proc_Microalbumin_Creatinine_14959-1_20241127T154723
	Value Node: ex:Dr_Domenic627_Blick895
	Result Path: <https://w3id.org/shexmap/resource/ontology-schema/d285f599-dc2e-4bd8-83f3-df21defa8821/hasPerformer>
	Message: Only the 24 properties declared in the CHR schema (plus rdf:type and rdfs:label) may be used on an individual.
Constraint Violation in ClosedConstraintComponent (http://www.w3.org/ns/shacl#ClosedConstraintComponent):
	Severity: sh:Violation
	Source Shape: chr:SchemaPropertyVocabularyShape
	Focus Node: ex:proc_Microalbumin_Creatinine_14959-1_20241127T154723
	Value Node: ex:Microalbumin_Creatinine_14959-1_20241127T154723
	Result Path: <https://w3id.org/shexmap/resource/ontology-schema/d285f599-dc2e-4bd8-83f3-df21defa8821/hasResult>
	Message: Only the 24 properties declared in the CHR schema (plus rdf:type and rdfs:label) may be used on an individual.
Constraint Violation in ClosedConstraintComponent (http://www.w3.org/ns/shacl#ClosedConstraintComponent):
	Severity: sh:Violation
	Source Shape: chr:SchemaPropertyVocabularyShape
	Focus Node: ex:proc_Microalbumin_Creatinine_14959-1_20241127T154723
	Value Node: ex:status_completed
	Result Path: <https://w3id.org/shexmap/resource/ontology-schema/d285f599-dc2e-4bd8-83f3-df21defa8821/hasStatus>
	Message: Only the 24 properties declared in the CHR schema (plus rdf:type and rdfs:label) may be used on an individual.
Constraint Violation in ClosedConstraintComponent (http://www.w3.org/ns/shacl#ClosedConstraintComponent):
	Severity: sh:Violation
	Source Shape: chr:SchemaPropertyVocabularyShape
	Focus Node: ex:proc_Pain_severity_72514-3_20241127T154723
	Value Node: Literal("2024-11-27T15:47:23+01:00" = 2024-11-27 15:47:23+01:00, datatype=xsd:dateTime)
	Result Path: <https://w3id.org/shexmap/resource/ontology-schema/d285f599-dc2e-4bd8-83f3-df21defa8821/hasPerformedDate>
	Message: Only the 24 properties declared in the CHR schema (plus rdf:type and rdfs:label) may be used on an individual.
Constraint Violation in ClosedConstraintComponent (http://www.w3.org/ns/shacl#ClosedConstraintComponent):
	Severity: sh:Violation
	Source Shape: chr:SchemaPropertyVocabularyShape
	Focus Node: ex:proc_Pain_severity_72514-3_20241127T154723
	Value Node: ex:Arlen68_Olson653
	Result Path: <https://w3id.org/shexmap/resource/ontology-schema/d285f599-dc2e-4bd8-83f3-df21defa8821/hasPatient>
	Message: Only the 24 properties declared in the CHR schema (plus rdf:type and rdfs:label) may be used on an individual.
Constraint Violation in ClosedConstraintComponent (http://www.w3.org/ns/shacl#ClosedConstraintComponent):
	Severity: sh:Violation
	Source Shape: chr:SchemaPropertyVocabularyShape
	Focus Node: ex:proc_Pain_severity_72514-3_20241127T154723
	Value Node: ex:Dr_Domenic627_Blick895
	Result Path: <https://w3id.org/shexmap/resource/ontology-schema/d285f599-dc2e-4bd8-83f3-df21defa8821/hasPerformer>
	Message: Only the 24 properties declared in the CHR schema (plus rdf:type and rdfs:label) may be used on an individual.
Constraint Violation in ClosedConstraintComponent (http://www.w3.org/ns/shacl#ClosedConstraintComponent):
	Severity: sh:Violation
	Source Shape: chr:SchemaPropertyVocabularyShape
	Focus Node: ex:proc_Pain_severity_72514-3_20241127T154723
	Value Node: ex:Pain_severity_72514-3_20241127T154723
	Result Path: <https://w3id.org/shexmap/resource/ontology-schema/d285f599-dc2e-4bd8-83f3-df21defa8821/hasResult>
	Message: Only the 24 properties declared in the CHR schema (plus rdf:type and rdfs:label) may be used on an individual.
Constraint Violation in ClosedConstraintComponent (http://www.w3.org/ns/shacl#ClosedConstraintComponent):
	Severity: sh:Violation
	Source Shape: chr:SchemaPropertyVocabularyShape
	Focus Node: ex:proc_Pain_severity_72514-3_20241127T154723
	Value Node: ex:status_completed
	Result Path: <https://w3id.org/shexmap/resource/ontology-schema/d285f599-dc2e-4bd8-83f3-df21defa8821/hasStatus>
	Message: Only the 24 properties declared in the CHR schema (plus rdf:type and rdfs:label) may be used on an individual.
Constraint Violation in ClosedConstraintComponent (http://www.w3.org/ns/shacl#ClosedConstraintComponent):
	Severity: sh:Violation
	Source Shape: chr:SchemaPropertyVocabularyShape
	Focus Node: ex:proc_Potassium_2823-3_20241127T154723
	Value Node: Literal("2024-11-27T15:47:23+01:00" = 2024-11-27 15:47:23+01:00, datatype=xsd:dateTime)
	Result Path: <https://w3id.org/shexmap/resource/ontology-schema/d285f599-dc2e-4bd8-83f3-df21defa8821/hasPerformedDate>
	Message: Only the 24 properties declared in the CHR schema (plus rdf:type and rdfs:label) may be used on an individual.
Constraint Violation in ClosedConstraintComponent (http://www.w3.org/ns/shacl#ClosedConstraintComponent):
	Severity: sh:Violation
	Source Shape: chr:SchemaPropertyVocabularyShape
	Focus Node: ex:proc_Potassium_2823-3_20241127T154723
	Value Node: ex:Arlen68_Olson653
	Result Path: <https://w3id.org/shexmap/resource/ontology-schema/d285f599-dc2e-4bd8-83f3-df21defa8821/hasPatient>
	Message: Only the 24 properties declared in the CHR schema (plus rdf:type and rdfs:label) may be used on an individual.
Constraint Violation in ClosedConstraintComponent (http://www.w3.org/ns/shacl#ClosedConstraintComponent):
	Severity: sh:Violation
	Source Shape: chr:SchemaPropertyVocabularyShape
	Focus Node: ex:proc_Potassium_2823-3_20241127T154723
	Value Node: ex:Dr_Domenic627_Blick895
	Result Path: <https://w3id.org/shexmap/resource/ontology-schema/d285f599-dc2e-4bd8-83f3-df21defa8821/hasPerformer>
	Message: Only the 24 properties declared in the CHR schema (plus rdf:type and rdfs:label) may be used on an individual.
Constraint Violation in ClosedConstraintComponent (http://www.w3.org/ns/shacl#ClosedConstraintComponent):
	Severity: sh:Violation
	Source Shape: chr:SchemaPropertyVocabularyShape
	Focus Node: ex:proc_Potassium_2823-3_20241127T154723
	Value Node: ex:Potassium_2823-3_20241127T154723
	Result Path: <https://w3id.org/shexmap/resource/ontology-schema/d285f599-dc2e-4bd8-83f3-df21defa8821/hasResult>
	Message: Only the 24 properties declared in the CHR schema (plus rdf:type and rdfs:label) may be used on an individual.
Constraint Violation in ClosedConstraintComponent (http://www.w3.org/ns/shacl#ClosedConstraintComponent):
	Severity: sh:Violation
	Source Shape: chr:SchemaPropertyVocabularyShape
	Focus Node: ex:proc_Potassium_2823-3_20241127T154723
	Value Node: ex:status_completed
	Result Path: <https://w3id.org/shexmap/resource/ontology-schema/d285f599-dc2e-4bd8-83f3-df21defa8821/hasStatus>
	Message: Only the 24 properties declared in the CHR schema (plus rdf:type and rdfs:label) may be used on an individual.
Constraint Violation in ClosedConstraintComponent (http://www.w3.org/ns/shacl#ClosedConstraintComponent):
	Severity: sh:Violation
	Source Shape: chr:SchemaPropertyVocabularyShape
	Focus Node: ex:proc_Potassium_6298-4_20241127T154723
	Value Node: Literal("2024-11-27T15:47:23+01:00" = 2024-11-27 15:47:23+01:00, datatype=xsd:dateTime)
	Result Path: <https://w3id.org/shexmap/resource/ontology-schema/d285f599-dc2e-4bd8-83f3-df21defa8821/hasPerformedDate>
	Message: Only the 24 properties declared in the CHR schema (plus rdf:type and rdfs:label) may be used on an individual.
Constraint Violation in ClosedConstraintComponent (http://www.w3.org/ns/shacl#ClosedConstraintComponent):
	Severity: sh:Violation
	Source Shape: chr:SchemaPropertyVocabularyShape
	Focus Node: ex:proc_Potassium_6298-4_20241127T154723
	Value Node: ex:Arlen68_Olson653
	Result Path: <https://w3id.org/shexmap/resource/ontology-schema/d285f599-dc2e-4bd8-83f3-df21defa8821/hasPatient>
	Message: Only the 24 properties declared in the CHR schema (plus rdf:type and rdfs:label) may be used on an individual.
Constraint Violation in ClosedConstraintComponent (http://www.w3.org/ns/shacl#ClosedConstraintComponent):
	Severity: sh:Violation
	Source Shape: chr:SchemaPropertyVocabularyShape
	Focus Node: ex:proc_Potassium_6298-4_20241127T154723
	Value Node: ex:Dr_Domenic627_Blick895
	Result Path: <https://w3id.org/shexmap/resource/ontology-schema/d285f599-dc2e-4bd8-83f3-df21defa8821/hasPerformer>
	Message: Only the 24 properties declared in the CHR schema (plus rdf:type and rdfs:label) may be used on an individual.
Constraint Violation in ClosedConstraintComponent (http://www.w3.org/ns/shacl#ClosedConstraintComponent):
	Severity: sh:Violation
	Source Shape: chr:SchemaPropertyVocabularyShape
	Focus Node: ex:proc_Potassium_6298-4_20241127T154723
	Value Node: ex:Potassium_6298-4_20241127T154723
	Result Path: <https://w3id.org/shexmap/resource/ontology-schema/d285f599-dc2e-4bd8-83f3-df21defa8821/hasResult>
	Message: Only the 24 properties declared in the CHR schema (plus rdf:type and rdfs:label) may be used on an individual.
Constraint Violation in ClosedConstraintComponent (http://www.w3.org/ns/shacl#ClosedConstraintComponent):
	Severity: sh:Violation
	Source Shape: chr:SchemaPropertyVocabularyShape
	Focus Node: ex:proc_Potassium_6298-4_20241127T154723
	Value Node: ex:status_completed
	Result Path: <https://w3id.org/shexmap/resource/ontology-schema/d285f599-dc2e-4bd8-83f3-df21defa8821/hasStatus>
	Message: Only the 24 properties declared in the CHR schema (plus rdf:type and rdfs:label) may be used on an individual.
Constraint Violation in ClosedConstraintComponent (http://www.w3.org/ns/shacl#ClosedConstraintComponent):
	Severity: sh:Violation
	Source Shape: chr:SchemaPropertyVocabularyShape
	Focus Node: ex:proc_Protein_5804-0_20241127T154723
	Value Node: Literal("2024-11-27T15:47:23+01:00" = 2024-11-27 15:47:23+01:00, datatype=xsd:dateTime)
	Result Path: <https://w3id.org/shexmap/resource/ontology-schema/d285f599-dc2e-4bd8-83f3-df21defa8821/hasPerformedDate>
	Message: Only the 24 properties declared in the CHR schema (plus rdf:type and rdfs:label) may be used on an individual.
Constraint Violation in ClosedConstraintComponent (http://www.w3.org/ns/shacl#ClosedConstraintComponent):
	Severity: sh:Violation
	Source Shape: chr:SchemaPropertyVocabularyShape
	Focus Node: ex:proc_Protein_5804-0_20241127T154723
	Value Node: ex:Arlen68_Olson653
	Result Path: <https://w3id.org/shexmap/resource/ontology-schema/d285f599-dc2e-4bd8-83f3-df21defa8821/hasPatient>
	Message: Only the 24 properties declared in the CHR schema (plus rdf:type and rdfs:label) may be used on an individual.
Constraint Violation in ClosedConstraintComponent (http://www.w3.org/ns/shacl#ClosedConstraintComponent):
	Severity: sh:Violation
	Source Shape: chr:SchemaPropertyVocabularyShape
	Focus Node: ex:proc_Protein_5804-0_20241127T154723
	Value Node: ex:Dr_Domenic627_Blick895
	Result Path: <https://w3id.org/shexmap/resource/ontology-schema/d285f599-dc2e-4bd8-83f3-df21defa8821/hasPerformer>
	Message: Only the 24 properties declared in the CHR schema (plus rdf:type and rdfs:label) may be used on an individual.
Constraint Violation in ClosedConstraintComponent (http://www.w3.org/ns/shacl#ClosedConstraintComponent):
	Severity: sh:Violation
	Source Shape: chr:SchemaPropertyVocabularyShape
	Focus Node: ex:proc_Protein_5804-0_20241127T154723
	Value Node: ex:Protein_5804-0_20241127T154723
	Result Path: <https://w3id.org/shexmap/resource/ontology-schema/d285f599-dc2e-4bd8-83f3-df21defa8821/hasResult>
	Message: Only the 24 properties declared in the CHR schema (plus rdf:type and rdfs:label) may be used on an individual.
Constraint Violation in ClosedConstraintComponent (http://www.w3.org/ns/shacl#ClosedConstraintComponent):
	Severity: sh:Violation
	Source Shape: chr:SchemaPropertyVocabularyShape
	Focus Node: ex:proc_Protein_5804-0_20241127T154723
	Value Node: ex:status_completed
	Result Path: <https://w3id.org/shexmap/resource/ontology-schema/d285f599-dc2e-4bd8-83f3-df21defa8821/hasStatus>
	Message: Only the 24 properties declared in the CHR schema (plus rdf:type and rdfs:label) may be used on an individual.
Constraint Violation in ClosedConstraintComponent (http://www.w3.org/ns/shacl#ClosedConstraintComponent):
	Severity: sh:Violation
	Source Shape: chr:SchemaPropertyVocabularyShape
	Focus Node: ex:proc_Respiratory_rate_9279-1_20241127T154723
	Value Node: Literal("2024-11-27T15:47:23+01:00" = 2024-11-27 15:47:23+01:00, datatype=xsd:dateTime)
	Result Path: <https://w3id.org/shexmap/resource/ontology-schema/d285f599-dc2e-4bd8-83f3-df21defa8821/hasPerformedDate>
	Message: Only the 24 properties declared in the CHR schema (plus rdf:type and rdfs:label) may be used on an individual.
Constraint Violation in ClosedConstraintComponent (http://www.w3.org/ns/shacl#ClosedConstraintComponent):
	Severity: sh:Violation
	Source Shape: chr:SchemaPropertyVocabularyShape
	Focus Node: ex:proc_Respiratory_rate_9279-1_20241127T154723
	Value Node: ex:Arlen68_Olson653
	Result Path: <https://w3id.org/shexmap/resource/ontology-schema/d285f599-dc2e-4bd8-83f3-df21defa8821/hasPatient>
	Message: Only the 24 properties declared in the CHR schema (plus rdf:type and rdfs:label) may be used on an individual.
Constraint Violation in ClosedConstraintComponent (http://www.w3.org/ns/shacl#ClosedConstraintComponent):
	Severity: sh:Violation
	Source Shape: chr:SchemaPropertyVocabularyShape
	Focus Node: ex:proc_Respiratory_rate_9279-1_20241127T154723
	Value Node: ex:Dr_Domenic627_Blick895
	Result Path: <https://w3id.org/shexmap/resource/ontology-schema/d285f599-dc2e-4bd8-83f3-df21defa8821/hasPerformer>
	Message: Only the 24 properties declared in the CHR schema (plus rdf:type and rdfs:label) may be used on an individual.
Constraint Violation in ClosedConstraintComponent (http://www.w3.org/ns/shacl#ClosedConstraintComponent):
	Severity: sh:Violation
	Source Shape: chr:SchemaPropertyVocabularyShape
	Focus Node: ex:proc_Respiratory_rate_9279-1_20241127T154723
	Value Node: ex:Respiratory_rate_9279-1_20241127T154723
	Result Path: <https://w3id.org/shexmap/resource/ontology-schema/d285f599-dc2e-4bd8-83f3-df21defa8821/hasResult>
	Message: Only the 24 properties declared in the CHR schema (plus rdf:type and rdfs:label) may be used on an individual.
Constraint Violation in ClosedConstraintComponent (http://www.w3.org/ns/shacl#ClosedConstraintComponent):
	Severity: sh:Violation
	Source Shape: chr:SchemaPropertyVocabularyShape
	Focus Node: ex:proc_Respiratory_rate_9279-1_20241127T154723
	Value Node: ex:status_completed
	Result Path: <https://w3id.org/shexmap/resource/ontology-schema/d285f599-dc2e-4bd8-83f3-df21defa8821/hasStatus>
	Message: Only the 24 properties declared in the CHR schema (plus rdf:type and rdfs:label) may be used on an individual.
Constraint Violation in ClosedConstraintComponent (http://www.w3.org/ns/shacl#ClosedConstraintComponent):
	Severity: sh:Violation
	Source Shape: chr:SchemaPropertyVocabularyShape
	Focus Node: ex:proc_Sodium_2947-0_20241127T154723
	Value Node: Literal("2024-11-27T15:47:23+01:00" = 2024-11-27 15:47:23+01:00, datatype=xsd:dateTime)
	Result Path: <https://w3id.org/shexmap/resource/ontology-schema/d285f599-dc2e-4bd8-83f3-df21defa8821/hasPerformedDate>
	Message: Only the 24 properties declared in the CHR schema (plus rdf:type and rdfs:label) may be used on an individual.
Constraint Violation in ClosedConstraintComponent (http://www.w3.org/ns/shacl#ClosedConstraintComponent):
	Severity: sh:Violation
	Source Shape: chr:SchemaPropertyVocabularyShape
	Focus Node: ex:proc_Sodium_2947-0_20241127T154723
	Value Node: ex:Arlen68_Olson653
	Result Path: <https://w3id.org/shexmap/resource/ontology-schema/d285f599-dc2e-4bd8-83f3-df21defa8821/hasPatient>
	Message: Only the 24 properties declared in the CHR schema (plus rdf:type and rdfs:label) may be used on an individual.
Constraint Violation in ClosedConstraintComponent (http://www.w3.org/ns/shacl#ClosedConstraintComponent):
	Severity: sh:Violation
	Source Shape: chr:SchemaPropertyVocabularyShape
	Focus Node: ex:proc_Sodium_2947-0_20241127T154723
	Value Node: ex:Dr_Domenic627_Blick895
	Result Path: <https://w3id.org/shexmap/resource/ontology-schema/d285f599-dc2e-4bd8-83f3-df21defa8821/hasPerformer>
	Message: Only the 24 properties declared in the CHR schema (plus rdf:type and rdfs:label) may be used on an individual.
Constraint Violation in ClosedConstraintComponent (http://www.w3.org/ns/shacl#ClosedConstraintComponent):
	Severity: sh:Violation
	Source Shape: chr:SchemaPropertyVocabularyShape
	Focus Node: ex:proc_Sodium_2947-0_20241127T154723
	Value Node: ex:Sodium_2947-0_20241127T154723
	Result Path: <https://w3id.org/shexmap/resource/ontology-schema/d285f599-dc2e-4bd8-83f3-df21defa8821/hasResult>
	Message: Only the 24 properties declared in the CHR schema (plus rdf:type and rdfs:label) may be used on an individual.
Constraint Violation in ClosedConstraintComponent (http://www.w3.org/ns/shacl#ClosedConstraintComponent):
	Severity: sh:Violation
	Source Shape: chr:SchemaPropertyVocabularyShape
	Focus Node: ex:proc_Sodium_2947-0_20241127T154723
	Value Node: ex:status_completed
	Result Path: <https://w3id.org/shexmap/resource/ontology-schema/d285f599-dc2e-4bd8-83f3-df21defa8821/hasStatus>
	Message: Only the 24 properties declared in the CHR schema (plus rdf:type and rdfs:label) may be used on an individual.
Constraint Violation in ClosedConstraintComponent (http://www.w3.org/ns/shacl#ClosedConstraintComponent):
	Severity: sh:Violation
	Source Shape: chr:SchemaPropertyVocabularyShape
	Focus Node: ex:proc_Sodium_2951-2_20241127T154723
	Value Node: Literal("2024-11-27T15:47:23+01:00" = 2024-11-27 15:47:23+01:00, datatype=xsd:dateTime)
	Result Path: <https://w3id.org/shexmap/resource/ontology-schema/d285f599-dc2e-4bd8-83f3-df21defa8821/hasPerformedDate>
	Message: Only the 24 properties declared in the CHR schema (plus rdf:type and rdfs:label) may be used on an individual.
Constraint Violation in ClosedConstraintComponent (http://www.w3.org/ns/shacl#ClosedConstraintComponent):
	Severity: sh:Violation
	Source Shape: chr:SchemaPropertyVocabularyShape
	Focus Node: ex:proc_Sodium_2951-2_20241127T154723
	Value Node: ex:Arlen68_Olson653
	Result Path: <https://w3id.org/shexmap/resource/ontology-schema/d285f599-dc2e-4bd8-83f3-df21defa8821/hasPatient>
	Message: Only the 24 properties declared in the CHR schema (plus rdf:type and rdfs:label) may be used on an individual.
Constraint Violation in ClosedConstraintComponent (http://www.w3.org/ns/shacl#ClosedConstraintComponent):
	Severity: sh:Violation
	Source Shape: chr:SchemaPropertyVocabularyShape
	Focus Node: ex:proc_Sodium_2951-2_20241127T154723
	Value Node: ex:Dr_Domenic627_Blick895
	Result Path: <https://w3id.org/shexmap/resource/ontology-schema/d285f599-dc2e-4bd8-83f3-df21defa8821/hasPerformer>
	Message: Only the 24 properties declared in the CHR schema (plus rdf:type and rdfs:label) may be used on an individual.
Constraint Violation in ClosedConstraintComponent (http://www.w3.org/ns/shacl#ClosedConstraintComponent):
	Severity: sh:Violation
	Source Shape: chr:SchemaPropertyVocabularyShape
	Focus Node: ex:proc_Sodium_2951-2_20241127T154723
	Value Node: ex:Sodium_2951-2_20241127T154723
	Result Path: <https://w3id.org/shexmap/resource/ontology-schema/d285f599-dc2e-4bd8-83f3-df21defa8821/hasResult>
	Message: Only the 24 properties declared in the CHR schema (plus rdf:type and rdfs:label) may be used on an individual.
Constraint Violation in ClosedConstraintComponent (http://www.w3.org/ns/shacl#ClosedConstraintComponent):
	Severity: sh:Violation
	Source Shape: chr:SchemaPropertyVocabularyShape
	Focus Node: ex:proc_Sodium_2951-2_20241127T154723
	Value Node: ex:status_completed
	Result Path: <https://w3id.org/shexmap/resource/ontology-schema/d285f599-dc2e-4bd8-83f3-df21defa8821/hasStatus>
	Message: Only the 24 properties declared in the CHR schema (plus rdf:type and rdfs:label) may be used on an individual.
Constraint Violation in ClosedConstraintComponent (http://www.w3.org/ns/shacl#ClosedConstraintComponent):
	Severity: sh:Violation
	Source Shape: chr:SchemaPropertyVocabularyShape
	Focus Node: ex:proc_Specific_gravity_5811-5_20241127T154723
	Value Node: Literal("2024-11-27T15:47:23+01:00" = 2024-11-27 15:47:23+01:00, datatype=xsd:dateTime)
	Result Path: <https://w3id.org/shexmap/resource/ontology-schema/d285f599-dc2e-4bd8-83f3-df21defa8821/hasPerformedDate>
	Message: Only the 24 properties declared in the CHR schema (plus rdf:type and rdfs:label) may be used on an individual.
Constraint Violation in ClosedConstraintComponent (http://www.w3.org/ns/shacl#ClosedConstraintComponent):
	Severity: sh:Violation
	Source Shape: chr:SchemaPropertyVocabularyShape
	Focus Node: ex:proc_Specific_gravity_5811-5_20241127T154723
	Value Node: ex:Arlen68_Olson653
	Result Path: <https://w3id.org/shexmap/resource/ontology-schema/d285f599-dc2e-4bd8-83f3-df21defa8821/hasPatient>
	Message: Only the 24 properties declared in the CHR schema (plus rdf:type and rdfs:label) may be used on an individual.
Constraint Violation in ClosedConstraintComponent (http://www.w3.org/ns/shacl#ClosedConstraintComponent):
	Severity: sh:Violation
	Source Shape: chr:SchemaPropertyVocabularyShape
	Focus Node: ex:proc_Specific_gravity_5811-5_20241127T154723
	Value Node: ex:Dr_Domenic627_Blick895
	Result Path: <https://w3id.org/shexmap/resource/ontology-schema/d285f599-dc2e-4bd8-83f3-df21defa8821/hasPerformer>
	Message: Only the 24 properties declared in the CHR schema (plus rdf:type and rdfs:label) may be used on an individual.
Constraint Violation in ClosedConstraintComponent (http://www.w3.org/ns/shacl#ClosedConstraintComponent):
	Severity: sh:Violation
	Source Shape: chr:SchemaPropertyVocabularyShape
	Focus Node: ex:proc_Specific_gravity_5811-5_20241127T154723
	Value Node: ex:Specific_gravity_5811-5_20241127T154723
	Result Path: <https://w3id.org/shexmap/resource/ontology-schema/d285f599-dc2e-4bd8-83f3-df21defa8821/hasResult>
	Message: Only the 24 properties declared in the CHR schema (plus rdf:type and rdfs:label) may be used on an individual.
Constraint Violation in ClosedConstraintComponent (http://www.w3.org/ns/shacl#ClosedConstraintComponent):
	Severity: sh:Violation
	Source Shape: chr:SchemaPropertyVocabularyShape
	Focus Node: ex:proc_Specific_gravity_5811-5_20241127T154723
	Value Node: ex:status_completed
	Result Path: <https://w3id.org/shexmap/resource/ontology-schema/d285f599-dc2e-4bd8-83f3-df21defa8821/hasStatus>
	Message: Only the 24 properties declared in the CHR schema (plus rdf:type and rdfs:label) may be used on an individual.
Constraint Violation in ClosedConstraintComponent (http://www.w3.org/ns/shacl#ClosedConstraintComponent):
	Severity: sh:Violation
	Source Shape: chr:SchemaPropertyVocabularyShape
	Focus Node: ex:proc_Total_score_AUDIT-C_75626-2_20241127T175130
	Value Node: Literal("2024-11-27T17:51:30+01:00" = 2024-11-27 17:51:30+01:00, datatype=xsd:dateTime)
	Result Path: <https://w3id.org/shexmap/resource/ontology-schema/d285f599-dc2e-4bd8-83f3-df21defa8821/hasPerformedDate>
	Message: Only the 24 properties declared in the CHR schema (plus rdf:type and rdfs:label) may be used on an individual.
Constraint Violation in ClosedConstraintComponent (http://www.w3.org/ns/shacl#ClosedConstraintComponent):
	Severity: sh:Violation
	Source Shape: chr:SchemaPropertyVocabularyShape
	Focus Node: ex:proc_Total_score_AUDIT-C_75626-2_20241127T175130
	Value Node: ex:Arlen68_Olson653
	Result Path: <https://w3id.org/shexmap/resource/ontology-schema/d285f599-dc2e-4bd8-83f3-df21defa8821/hasPatient>
	Message: Only the 24 properties declared in the CHR schema (plus rdf:type and rdfs:label) may be used on an individual.
Constraint Violation in ClosedConstraintComponent (http://www.w3.org/ns/shacl#ClosedConstraintComponent):
	Severity: sh:Violation
	Source Shape: chr:SchemaPropertyVocabularyShape
	Focus Node: ex:proc_Total_score_AUDIT-C_75626-2_20241127T175130
	Value Node: ex:Dr_Domenic627_Blick895
	Result Path: <https://w3id.org/shexmap/resource/ontology-schema/d285f599-dc2e-4bd8-83f3-df21defa8821/hasPerformer>
	Message: Only the 24 properties declared in the CHR schema (plus rdf:type and rdfs:label) may be used on an individual.
Constraint Violation in ClosedConstraintComponent (http://www.w3.org/ns/shacl#ClosedConstraintComponent):
	Severity: sh:Violation
	Source Shape: chr:SchemaPropertyVocabularyShape
	Focus Node: ex:proc_Total_score_AUDIT-C_75626-2_20241127T175130
	Value Node: ex:Total_score_AUDIT-C_75626-2_20241127T175130
	Result Path: <https://w3id.org/shexmap/resource/ontology-schema/d285f599-dc2e-4bd8-83f3-df21defa8821/hasResult>
	Message: Only the 24 properties declared in the CHR schema (plus rdf:type and rdfs:label) may be used on an individual.
Constraint Violation in ClosedConstraintComponent (http://www.w3.org/ns/shacl#ClosedConstraintComponent):
	Severity: sh:Violation
	Source Shape: chr:SchemaPropertyVocabularyShape
	Focus Node: ex:proc_Total_score_AUDIT-C_75626-2_20241127T175130
	Value Node: ex:status_completed
	Result Path: <https://w3id.org/shexmap/resource/ontology-schema/d285f599-dc2e-4bd8-83f3-df21defa8821/hasStatus>
	Message: Only the 24 properties declared in the CHR schema (plus rdf:type and rdfs:label) may be used on an individual.
Constraint Violation in ClosedConstraintComponent (http://www.w3.org/ns/shacl#ClosedConstraintComponent):
	Severity: sh:Violation
	Source Shape: chr:SchemaPropertyVocabularyShape
	Focus Node: ex:proc_Total_score_HARK_76504-0_20241127T171332
	Value Node: Literal("2024-11-27T17:13:32+01:00" = 2024-11-27 17:13:32+01:00, datatype=xsd:dateTime)
	Result Path: <https://w3id.org/shexmap/resource/ontology-schema/d285f599-dc2e-4bd8-83f3-df21defa8821/hasPerformedDate>
	Message: Only the 24 properties declared in the CHR schema (plus rdf:type and rdfs:label) may be used on an individual.
Constraint Violation in ClosedConstraintComponent (http://www.w3.org/ns/shacl#ClosedConstraintComponent):
	Severity: sh:Violation
	Source Shape: chr:SchemaPropertyVocabularyShape
	Focus Node: ex:proc_Total_score_HARK_76504-0_20241127T171332
	Value Node: ex:Arlen68_Olson653
	Result Path: <https://w3id.org/shexmap/resource/ontology-schema/d285f599-dc2e-4bd8-83f3-df21defa8821/hasPatient>
	Message: Only the 24 properties declared in the CHR schema (plus rdf:type and rdfs:label) may be used on an individual.
Constraint Violation in ClosedConstraintComponent (http://www.w3.org/ns/shacl#ClosedConstraintComponent):
	Severity: sh:Violation
	Source Shape: chr:SchemaPropertyVocabularyShape
	Focus Node: ex:proc_Total_score_HARK_76504-0_20241127T171332
	Value Node: ex:Dr_Domenic627_Blick895
	Result Path: <https://w3id.org/shexmap/resource/ontology-schema/d285f599-dc2e-4bd8-83f3-df21defa8821/hasPerformer>
	Message: Only the 24 properties declared in the CHR schema (plus rdf:type and rdfs:label) may be used on an individual.
Constraint Violation in ClosedConstraintComponent (http://www.w3.org/ns/shacl#ClosedConstraintComponent):
	Severity: sh:Violation
	Source Shape: chr:SchemaPropertyVocabularyShape
	Focus Node: ex:proc_Total_score_HARK_76504-0_20241127T171332
	Value Node: ex:Total_score_HARK_76504-0_20241127T171332
	Result Path: <https://w3id.org/shexmap/resource/ontology-schema/d285f599-dc2e-4bd8-83f3-df21defa8821/hasResult>
	Message: Only the 24 properties declared in the CHR schema (plus rdf:type and rdfs:label) may be used on an individual.
Constraint Violation in ClosedConstraintComponent (http://www.w3.org/ns/shacl#ClosedConstraintComponent):
	Severity: sh:Violation
	Source Shape: chr:SchemaPropertyVocabularyShape
	Focus Node: ex:proc_Total_score_HARK_76504-0_20241127T171332
	Value Node: ex:status_completed
	Result Path: <https://w3id.org/shexmap/resource/ontology-schema/d285f599-dc2e-4bd8-83f3-df21defa8821/hasStatus>
	Message: Only the 24 properties declared in the CHR schema (plus rdf:type and rdfs:label) may be used on an individual.
Constraint Violation in ClosedConstraintComponent (http://www.w3.org/ns/shacl#ClosedConstraintComponent):
	Severity: sh:Violation
	Source Shape: chr:SchemaPropertyVocabularyShape
	Focus Node: ex:proc_Triglyceride_2571-8_20241127T154723
	Value Node: Literal("2024-11-27T15:47:23+01:00" = 2024-11-27 15:47:23+01:00, datatype=xsd:dateTime)
	Result Path: <https://w3id.org/shexmap/resource/ontology-schema/d285f599-dc2e-4bd8-83f3-df21defa8821/hasPerformedDate>
	Message: Only the 24 properties declared in the CHR schema (plus rdf:type and rdfs:label) may be used on an individual.
Constraint Violation in ClosedConstraintComponent (http://www.w3.org/ns/shacl#ClosedConstraintComponent):
	Severity: sh:Violation
	Source Shape: chr:SchemaPropertyVocabularyShape
	Focus Node: ex:proc_Triglyceride_2571-8_20241127T154723
	Value Node: ex:Arlen68_Olson653
	Result Path: <https://w3id.org/shexmap/resource/ontology-schema/d285f599-dc2e-4bd8-83f3-df21defa8821/hasPatient>
	Message: Only the 24 properties declared in the CHR schema (plus rdf:type and rdfs:label) may be used on an individual.
Constraint Violation in ClosedConstraintComponent (http://www.w3.org/ns/shacl#ClosedConstraintComponent):
	Severity: sh:Violation
	Source Shape: chr:SchemaPropertyVocabularyShape
	Focus Node: ex:proc_Triglyceride_2571-8_20241127T154723
	Value Node: ex:Dr_Domenic627_Blick895
	Result Path: <https://w3id.org/shexmap/resource/ontology-schema/d285f599-dc2e-4bd8-83f3-df21defa8821/hasPerformer>
	Message: Only the 24 properties declared in the CHR schema (plus rdf:type and rdfs:label) may be used on an individual.
Constraint Violation in ClosedConstraintComponent (http://www.w3.org/ns/shacl#ClosedConstraintComponent):
	Severity: sh:Violation
	Source Shape: chr:SchemaPropertyVocabularyShape
	Focus Node: ex:proc_Triglyceride_2571-8_20241127T154723
	Value Node: ex:Triglyceride_2571-8_20241127T154723
	Result Path: <https://w3id.org/shexmap/resource/ontology-schema/d285f599-dc2e-4bd8-83f3-df21defa8821/hasResult>
	Message: Only the 24 properties declared in the CHR schema (plus rdf:type and rdfs:label) may be used on an individual.
Constraint Violation in ClosedConstraintComponent (http://www.w3.org/ns/shacl#ClosedConstraintComponent):
	Severity: sh:Violation
	Source Shape: chr:SchemaPropertyVocabularyShape
	Focus Node: ex:proc_Triglyceride_2571-8_20241127T154723
	Value Node: ex:status_completed
	Result Path: <https://w3id.org/shexmap/resource/ontology-schema/d285f599-dc2e-4bd8-83f3-df21defa8821/hasStatus>
	Message: Only the 24 properties declared in the CHR schema (plus rdf:type and rdfs:label) may be used on an individual.
Constraint Violation in ClosedConstraintComponent (http://www.w3.org/ns/shacl#ClosedConstraintComponent):
	Severity: sh:Violation
	Source Shape: chr:SchemaPropertyVocabularyShape
	Focus Node: ex:proc_Urea_nitrogen_3094-0_20241127T154723
	Value Node: Literal("2024-11-27T15:47:23+01:00" = 2024-11-27 15:47:23+01:00, datatype=xsd:dateTime)
	Result Path: <https://w3id.org/shexmap/resource/ontology-schema/d285f599-dc2e-4bd8-83f3-df21defa8821/hasPerformedDate>
	Message: Only the 24 properties declared in the CHR schema (plus rdf:type and rdfs:label) may be used on an individual.
Constraint Violation in ClosedConstraintComponent (http://www.w3.org/ns/shacl#ClosedConstraintComponent):
	Severity: sh:Violation
	Source Shape: chr:SchemaPropertyVocabularyShape
	Focus Node: ex:proc_Urea_nitrogen_3094-0_20241127T154723
	Value Node: ex:Arlen68_Olson653
	Result Path: <https://w3id.org/shexmap/resource/ontology-schema/d285f599-dc2e-4bd8-83f3-df21defa8821/hasPatient>
	Message: Only the 24 properties declared in the CHR schema (plus rdf:type and rdfs:label) may be used on an individual.
Constraint Violation in ClosedConstraintComponent (http://www.w3.org/ns/shacl#ClosedConstraintComponent):
	Severity: sh:Violation
	Source Shape: chr:SchemaPropertyVocabularyShape
	Focus Node: ex:proc_Urea_nitrogen_3094-0_20241127T154723
	Value Node: ex:Dr_Domenic627_Blick895
	Result Path: <https://w3id.org/shexmap/resource/ontology-schema/d285f599-dc2e-4bd8-83f3-df21defa8821/hasPerformer>
	Message: Only the 24 properties declared in the CHR schema (plus rdf:type and rdfs:label) may be used on an individual.
Constraint Violation in ClosedConstraintComponent (http://www.w3.org/ns/shacl#ClosedConstraintComponent):
	Severity: sh:Violation
	Source Shape: chr:SchemaPropertyVocabularyShape
	Focus Node: ex:proc_Urea_nitrogen_3094-0_20241127T154723
	Value Node: ex:Urea_nitrogen_3094-0_20241127T154723
	Result Path: <https://w3id.org/shexmap/resource/ontology-schema/d285f599-dc2e-4bd8-83f3-df21defa8821/hasResult>
	Message: Only the 24 properties declared in the CHR schema (plus rdf:type and rdfs:label) may be used on an individual.
Constraint Violation in ClosedConstraintComponent (http://www.w3.org/ns/shacl#ClosedConstraintComponent):
	Severity: sh:Violation
	Source Shape: chr:SchemaPropertyVocabularyShape
	Focus Node: ex:proc_Urea_nitrogen_3094-0_20241127T154723
	Value Node: ex:status_completed
	Result Path: <https://w3id.org/shexmap/resource/ontology-schema/d285f599-dc2e-4bd8-83f3-df21defa8821/hasStatus>
	Message: Only the 24 properties declared in the CHR schema (plus rdf:type and rdfs:label) may be used on an individual.
Constraint Violation in ClosedConstraintComponent (http://www.w3.org/ns/shacl#ClosedConstraintComponent):
	Severity: sh:Violation
	Source Shape: chr:SchemaPropertyVocabularyShape
	Focus Node: ex:proc_Urea_nitrogen_6299-2_20241127T154723
	Value Node: Literal("2024-11-27T15:47:23+01:00" = 2024-11-27 15:47:23+01:00, datatype=xsd:dateTime)
	Result Path: <https://w3id.org/shexmap/resource/ontology-schema/d285f599-dc2e-4bd8-83f3-df21defa8821/hasPerformedDate>
	Message: Only the 24 properties declared in the CHR schema (plus rdf:type and rdfs:label) may be used on an individual.
Constraint Violation in ClosedConstraintComponent (http://www.w3.org/ns/shacl#ClosedConstraintComponent):
	Severity: sh:Violation
	Source Shape: chr:SchemaPropertyVocabularyShape
	Focus Node: ex:proc_Urea_nitrogen_6299-2_20241127T154723
	Value Node: ex:Arlen68_Olson653
	Result Path: <https://w3id.org/shexmap/resource/ontology-schema/d285f599-dc2e-4bd8-83f3-df21defa8821/hasPatient>
	Message: Only the 24 properties declared in the CHR schema (plus rdf:type and rdfs:label) may be used on an individual.
Constraint Violation in ClosedConstraintComponent (http://www.w3.org/ns/shacl#ClosedConstraintComponent):
	Severity: sh:Violation
	Source Shape: chr:SchemaPropertyVocabularyShape
	Focus Node: ex:proc_Urea_nitrogen_6299-2_20241127T154723
	Value Node: ex:Dr_Domenic627_Blick895
	Result Path: <https://w3id.org/shexmap/resource/ontology-schema/d285f599-dc2e-4bd8-83f3-df21defa8821/hasPerformer>
	Message: Only the 24 properties declared in the CHR schema (plus rdf:type and rdfs:label) may be used on an individual.
Constraint Violation in ClosedConstraintComponent (http://www.w3.org/ns/shacl#ClosedConstraintComponent):
	Severity: sh:Violation
	Source Shape: chr:SchemaPropertyVocabularyShape
	Focus Node: ex:proc_Urea_nitrogen_6299-2_20241127T154723
	Value Node: ex:Urea_nitrogen_6299-2_20241127T154723
	Result Path: <https://w3id.org/shexmap/resource/ontology-schema/d285f599-dc2e-4bd8-83f3-df21defa8821/hasResult>
	Message: Only the 24 properties declared in the CHR schema (plus rdf:type and rdfs:label) may be used on an individual.
Constraint Violation in ClosedConstraintComponent (http://www.w3.org/ns/shacl#ClosedConstraintComponent):
	Severity: sh:Violation
	Source Shape: chr:SchemaPropertyVocabularyShape
	Focus Node: ex:proc_Urea_nitrogen_6299-2_20241127T154723
	Value Node: ex:status_completed
	Result Path: <https://w3id.org/shexmap/resource/ontology-schema/d285f599-dc2e-4bd8-83f3-df21defa8821/hasStatus>
	Message: Only the 24 properties declared in the CHR schema (plus rdf:type and rdfs:label) may be used on an individual.
Constraint Violation in ClosedConstraintComponent (http://www.w3.org/ns/shacl#ClosedConstraintComponent):
	Severity: sh:Violation
	Source Shape: chr:SchemaPropertyVocabularyShape
	Focus Node: ex:proc_pH_5803-2_20241127T154723
	Value Node: Literal("2024-11-27T15:47:23+01:00" = 2024-11-27 15:47:23+01:00, datatype=xsd:dateTime)
	Result Path: <https://w3id.org/shexmap/resource/ontology-schema/d285f599-dc2e-4bd8-83f3-df21defa8821/hasPerformedDate>
	Message: Only the 24 properties declared in the CHR schema (plus rdf:type and rdfs:label) may be used on an individual.
Constraint Violation in ClosedConstraintComponent (http://www.w3.org/ns/shacl#ClosedConstraintComponent):
	Severity: sh:Violation
	Source Shape: chr:SchemaPropertyVocabularyShape
	Focus Node: ex:proc_pH_5803-2_20241127T154723
	Value Node: ex:Arlen68_Olson653
	Result Path: <https://w3id.org/shexmap/resource/ontology-schema/d285f599-dc2e-4bd8-83f3-df21defa8821/hasPatient>
	Message: Only the 24 properties declared in the CHR schema (plus rdf:type and rdfs:label) may be used on an individual.
Constraint Violation in ClosedConstraintComponent (http://www.w3.org/ns/shacl#ClosedConstraintComponent):
	Severity: sh:Violation
	Source Shape: chr:SchemaPropertyVocabularyShape
	Focus Node: ex:proc_pH_5803-2_20241127T154723
	Value Node: ex:Dr_Domenic627_Blick895
	Result Path: <https://w3id.org/shexmap/resource/ontology-schema/d285f599-dc2e-4bd8-83f3-df21defa8821/hasPerformer>
	Message: Only the 24 properties declared in the CHR schema (plus rdf:type and rdfs:label) may be used on an individual.
Constraint Violation in ClosedConstraintComponent (http://www.w3.org/ns/shacl#ClosedConstraintComponent):
	Severity: sh:Violation
	Source Shape: chr:SchemaPropertyVocabularyShape
	Focus Node: ex:proc_pH_5803-2_20241127T154723
	Value Node: ex:pH_5803-2_20241127T154723
	Result Path: <https://w3id.org/shexmap/resource/ontology-schema/d285f599-dc2e-4bd8-83f3-df21defa8821/hasResult>
	Message: Only the 24 properties declared in the CHR schema (plus rdf:type and rdfs:label) may be used on an individual.
Constraint Violation in ClosedConstraintComponent (http://www.w3.org/ns/shacl#ClosedConstraintComponent):
	Severity: sh:Violation
	Source Shape: chr:SchemaPropertyVocabularyShape
	Focus Node: ex:proc_pH_5803-2_20241127T154723
	Value Node: ex:status_completed
	Result Path: <https://w3id.org/shexmap/resource/ontology-schema/d285f599-dc2e-4bd8-83f3-df21defa8821/hasStatus>
	Message: Only the 24 properties declared in the CHR schema (plus rdf:type and rdfs:label) may be used on an individual.
Constraint Violation in HasValueConstraintComponent (http://www.w3.org/ns/shacl#HasValueConstraintComponent):
	Severity: sh:Violation
	Source Shape: [ sh:hasValue chr:CHRConcept ; sh:message Literal("rdf:type must be a class declared in the CHR schema (a subclass of chr:CHRConcept); this class is not in the schema.") ; sh:path [ sh:zeroOrMorePath rdfs:subClassOf ] ]
	Focus Node: ns1:Measurement
	Result Path: [ sh:zeroOrMorePath rdfs:subClassOf ]
	Message: rdf:type must be a class declared in the CHR schema (a subclass of chr:CHRConcept); this class is not in the schema.
Constraint Violation in HasValueConstraintComponent (http://www.w3.org/ns/shacl#HasValueConstraintComponent):
	Severity: sh:Violation
	Source Shape: [ sh:hasValue chr:CHRConcept ; sh:message Literal("rdf:type must be a class declared in the CHR schema (a subclass of chr:CHRConcept); this class is not in the schema.") ; sh:path [ sh:zeroOrMorePath rdfs:subClassOf ] ]
	Focus Node: ns1:Unit
	Result Path: [ sh:zeroOrMorePath rdfs:subClassOf ]
	Message: rdf:type must be a class declared in the CHR schema (a subclass of chr:CHRConcept); this class is not in the schema.
Constraint Violation in HasValueConstraintComponent (http://www.w3.org/ns/shacl#HasValueConstraintComponent):
	Severity: sh:Violation
	Source Shape: [ sh:hasValue chr:CHRConcept ; sh:message Literal("rdf:type must be a class declared in the CHR schema (a subclass of chr:CHRConcept); this class is not in the schema.") ; sh:path [ sh:zeroOrMorePath rdfs:subClassOf ] ]
	Focus Node: ns2:ClinicalCondition
	Result Path: [ sh:zeroOrMorePath rdfs:subClassOf ]
	Message: rdf:type must be a class declared in the CHR schema (a subclass of chr:CHRConcept); this class is not in the schema.
Constraint Violation in HasValueConstraintComponent (http://www.w3.org/ns/shacl#HasValueConstraintComponent):
	Severity: sh:Violation
	Source Shape: [ sh:hasValue chr:CHRConcept ; sh:message Literal("rdf:type must be a class declared in the CHR schema (a subclass of chr:CHRConcept); this class is not in the schema.") ; sh:path [ sh:zeroOrMorePath rdfs:subClassOf ] ]
	Focus Node: ns2:ClinicalVisit
	Result Path: [ sh:zeroOrMorePath rdfs:subClassOf ]
	Message: rdf:type must be a class declared in the CHR schema (a subclass of chr:CHRConcept); this class is not in the schema.
Constraint Violation in HasValueConstraintComponent (http://www.w3.org/ns/shacl#HasValueConstraintComponent):
	Severity: sh:Violation
	Source Shape: [ sh:hasValue chr:CHRConcept ; sh:message Literal("rdf:type must be a class declared in the CHR schema (a subclass of chr:CHRConcept); this class is not in the schema.") ; sh:path [ sh:zeroOrMorePath rdfs:subClassOf ] ]
	Focus Node: ns2:EvaluationProcess
	Result Path: [ sh:zeroOrMorePath rdfs:subClassOf ]
	Message: rdf:type must be a class declared in the CHR schema (a subclass of chr:CHRConcept); this class is not in the schema.
Constraint Violation in HasValueConstraintComponent (http://www.w3.org/ns/shacl#HasValueConstraintComponent):
	Severity: sh:Violation
	Source Shape: [ sh:hasValue chr:CHRConcept ; sh:message Literal("rdf:type must be a class declared in the CHR schema (a subclass of chr:CHRConcept); this class is not in the schema.") ; sh:path [ sh:zeroOrMorePath rdfs:subClassOf ] ]
	Focus Node: ns2:Measurement
	Result Path: [ sh:zeroOrMorePath rdfs:subClassOf ]
	Message: rdf:type must be a class declared in the CHR schema (a subclass of chr:CHRConcept); this class is not in the schema.
Constraint Violation in HasValueConstraintComponent (http://www.w3.org/ns/shacl#HasValueConstraintComponent):
	Severity: sh:Violation
	Source Shape: [ sh:hasValue chr:CHRConcept ; sh:message Literal("rdf:type must be a class declared in the CHR schema (a subclass of chr:CHRConcept); this class is not in the schema.") ; sh:path [ sh:zeroOrMorePath rdfs:subClassOf ] ]
	Focus Node: ns2:MeasurementProcess
	Result Path: [ sh:zeroOrMorePath rdfs:subClassOf ]
	Message: rdf:type must be a class declared in the CHR schema (a subclass of chr:CHRConcept); this class is not in the schema.
Constraint Violation in HasValueConstraintComponent (http://www.w3.org/ns/shacl#HasValueConstraintComponent):
	Severity: sh:Violation
	Source Shape: [ sh:hasValue chr:CHRConcept ; sh:message Literal("rdf:type must be a class declared in the CHR schema (a subclass of chr:CHRConcept); this class is not in the schema.") ; sh:path [ sh:zeroOrMorePath rdfs:subClassOf ] ]
	Focus Node: ns2:ProcessStatus
	Result Path: [ sh:zeroOrMorePath rdfs:subClassOf ]
	Message: rdf:type must be a class declared in the CHR schema (a subclass of chr:CHRConcept); this class is not in the schema.
Constraint Violation in PatternConstraintComponent (http://www.w3.org/ns/shacl#PatternConstraintComponent):
	Severity: sh:Violation
	Source Shape: chr:SchemaClassVocabularyShape
	Focus Node: ns1:Measurement
	Value Node: ns1:Measurement
	Message: rdf:type must be a class declared in the CHR schema; this class is not in the schema.
Constraint Violation in PatternConstraintComponent (http://www.w3.org/ns/shacl#PatternConstraintComponent):
	Severity: sh:Violation
	Source Shape: chr:SchemaClassVocabularyShape
	Focus Node: ns1:Unit
	Value Node: ns1:Unit
	Message: rdf:type must be a class declared in the CHR schema; this class is not in the schema.
Constraint Violation in PatternConstraintComponent (http://www.w3.org/ns/shacl#PatternConstraintComponent):
	Severity: sh:Violation
	Source Shape: chr:SchemaClassVocabularyShape
	Focus Node: ns2:ClinicalCondition
	Value Node: ns2:ClinicalCondition
	Message: rdf:type must be a class declared in the CHR schema; this class is not in the schema.
Constraint Violation in PatternConstraintComponent (http://www.w3.org/ns/shacl#PatternConstraintComponent):
	Severity: sh:Violation
	Source Shape: chr:SchemaClassVocabularyShape
	Focus Node: ns2:ClinicalVisit
	Value Node: ns2:ClinicalVisit
	Message: rdf:type must be a class declared in the CHR schema; this class is not in the schema.
Constraint Violation in PatternConstraintComponent (http://www.w3.org/ns/shacl#PatternConstraintComponent):
	Severity: sh:Violation
	Source Shape: chr:SchemaClassVocabularyShape
	Focus Node: ns2:EvaluationProcess
	Value Node: ns2:EvaluationProcess
	Message: rdf:type must be a class declared in the CHR schema; this class is not in the schema.
Constraint Violation in PatternConstraintComponent (http://www.w3.org/ns/shacl#PatternConstraintComponent):
	Severity: sh:Violation
	Source Shape: chr:SchemaClassVocabularyShape
	Focus Node: ns2:Measurement
	Value Node: ns2:Measurement
	Message: rdf:type must be a class declared in the CHR schema; this class is not in the schema.
Constraint Violation in PatternConstraintComponent (http://www.w3.org/ns/shacl#PatternConstraintComponent):
	Severity: sh:Violation
	Source Shape: chr:SchemaClassVocabularyShape
	Focus Node: ns2:MeasurementProcess
	Value Node: ns2:MeasurementProcess
	Message: rdf:type must be a class declared in the CHR schema; this class is not in the schema.
Constraint Violation in PatternConstraintComponent (http://www.w3.org/ns/shacl#PatternConstraintComponent):
	Severity: sh:Violation
	Source Shape: chr:SchemaClassVocabularyShape
	Focus Node: ns2:ProcessStatus
	Value Node: ns2:ProcessStatus
	Message: rdf:type must be a class declared in the CHR schema; this class is not in the schema.

exit=1
