[   0.1s] segmenting (orchestrator) ...
[  97.3s] 36 segments: s1[ClinicalVisit,Person,CareUnit,Person], s2[MeasurementProcess,Measurement,ProcessStatus], s3[MeasurementProcess,Measurement,ProcessStatus], s4[MeasurementProcess,Measurement,ProcessStatus], s5[MeasurementProcess,Measurement,ProcessStatus], s6[MeasurementProcess,Measurement,ProcessStatus], s7[MeasurementProcess,Measurement,ProcessStatus], s8[MeasurementProcess,Measurement,ProcessStatus], s9[MeasurementProcess,Measurement,ProcessStatus], s10[MeasurementProcess,Measurement,ProcessStatus], s11[MeasurementProcess,Measurement,ProcessStatus], s12[MeasurementProcess,Measurement,ProcessStatus], s13[MeasurementProcess,Measurement,ProcessStatus], s14[MeasurementProcess,Measurement,ProcessStatus], s15[MeasurementProcess,Measurement,ProcessStatus], s16[MeasurementProcess,Measurement,ProcessStatus], s17[MeasurementProcess,Measurement,ProcessStatus], s18[MeasurementProcess,Measurement,ProcessStatus], s19[MeasurementProcess,Measurement,ProcessStatus], s20[MeasurementProcess,Measurement,ProcessStatus], s21[MeasurementProcess,Measurement,ProcessStatus], s22[MeasurementProcess,Measurement,ProcessStatus], s23[MeasurementProcess,Measurement,ProcessStatus], s24[MeasurementProcess,Measurement,ProcessStatus], s25[MeasurementProcess,Measurement,ProcessStatus], s26[MeasurementProcess,Measurement,ProcessStatus], s27[MeasurementProcess,Measurement,ProcessStatus], s28[MeasurementProcess,Measurement,ProcessStatus], s29[MeasurementProcess,Measurement,ProcessStatus], s30[MeasurementProcess,Measurement,ProcessStatus], s31[MeasurementProcess,Measurement,ProcessStatus], s32[MeasurementProcess,Measurement,ProcessStatus], s33[MeasurementProcess,Measurement,ProcessStatus], s34[EvaluationProcess,DiagnosticStatement,ClinicalCondition], s35[EvaluationProcess,DiagnosticStatement,ClinicalCondition], s36[CarePlan]
[  97.3s] build order: [CareUnit, ClinicalCondition, DiagnosticStatement, Measurement, Person, ProcessStatus] -> [EvaluationProcess, MeasurementProcess] -> [CarePlan, ClinicalVisit]
[  97.3s] level 0: 6 agent(s), 0 known entities
[  97.3s]   CareUnit: extracting (228 chars, 1 classes in view)
[  97.3s]   ClinicalCondition: extracting (471 chars, 3 classes in view)
[  97.4s]   DiagnosticStatement: extracting (471 chars, 1 classes in view)
[  97.4s]   Measurement: extracting (7986 chars, 2 classes in view)
[ 103.3s]   CareUnit: cycle 0 -> conforms
[ 103.3s]   Person: extracting (228 chars, 1 classes in view)
[ 105.7s]   DiagnosticStatement: cycle 0 -> conforms
[ 105.7s]   ProcessStatus: extracting (7986 chars, 1 classes in view)
[ 107.4s]   ClinicalCondition: cycle 0 -> conforms
[ 109.7s]   Person: cycle 0 -> conforms
[ 160.0s]   ProcessStatus: cycle 0 -> 163 violation(s)
[ 160.0s]   ProcessStatus: fixing ...
[ 215.3s]   Measurement: cycle 0 -> 1 violation(s)
[ 215.3s]   Measurement: fixing ...
[ 223.8s]   ProcessStatus: cycle 1 -> 165 violation(s)
[ 223.8s]   ProcessStatus: fixing ...
[ 283.3s]   ProcessStatus: cycle 2 -> 165 violation(s)
[ 283.3s]   ProcessStatus: stopping (fix budget spent)
[ 327.2s]   Measurement: cycle 1 -> 1 violation(s)
[ 327.2s]   Measurement: fixing ...
[ 422.5s]   Measurement: cycle 2 -> 1 violation(s)
[ 422.5s]   Measurement: stopping (fix budget spent)
[ 422.5s]   Measurement: 1 unresolved (honest gaps)
[ 422.5s] level 1: 2 agent(s), 40 known entities
[ 422.5s]   EvaluationProcess: extracting (471 chars, 7 classes in view)
[ 422.5s]   MeasurementProcess: extracting (7986 chars, 6 classes in view)
[ 435.1s]   EvaluationProcess: cycle 0 -> 165 violation(s)
[ 435.1s]   EvaluationProcess: fixing ...
[ 452.7s]   EvaluationProcess: cycle 1 -> 165 violation(s)
[ 452.7s]   EvaluationProcess: stopping (plateau)
[ 614.5s]   MeasurementProcess: cycle 0 -> 839 violation(s)
[ 614.5s]   MeasurementProcess: fixing ...
[ 805.6s]   MeasurementProcess: cycle 1 -> 839 violation(s)
[ 805.6s]   MeasurementProcess: stopping (plateau)
[ 805.6s] level 2: 2 agent(s), 116 known entities
[ 805.6s]   CarePlan: extracting (8902 chars, 4 classes in view)
[ 805.6s]   ClinicalVisit: extracting (8902 chars, 5 classes in view)
[ 814.6s]   CarePlan: cycle 0 -> 844 violation(s)
[ 814.6s]   CarePlan: fixing ...
[ 822.6s]   CarePlan: cycle 1 -> 844 violation(s)
[ 822.6s]   CarePlan: stopping (plateau)
[ 918.6s]   ClinicalVisit: cycle 0 -> 1240 violation(s)
[ 918.6s]   ClinicalVisit: fixing ...
[1038.1s]   ClinicalVisit: cycle 1 -> 1240 violation(s)
[1038.1s]   ClinicalVisit: stopping (plateau)
[1038.4s] merging (orchestrator): 1245 violation(s), 1 unresolved, 1 unparsed
[1038.7s] merge FAILED (Error code: 400 - {'error': {'message': "litellm.ContextWindowExceededError: lit...) - returning the un-merged union
[1038.9s] final: 1245 violation(s)
conforms=False segments=10 llm_calls=20 unresolved=0
  orchestrator   1 calls     4662 in    5244 out  cost n/a  gemma4-g1
  total         19 calls   181202 in   65694 out  cost n/a  
  worker        18 calls   176540 in   60450 out  cost n/a  gemma4-g1
Constraint Violation in UndeclaredClass:
	Severity: sh:Violation
	Focus Node: http://example.org/data/CarePlan_followup
	Message: https://w3id.org/shexmap/resource/ontology-schema/d285f599-dc2e-4bd8-83f3-df21defa8821/CarePlan is not a class of the vocabulary
Constraint Violation in UndeclaredClass:
	Severity: sh:Violation
	Focus Node: http://example.org/data/measurement_bilirubin_urine_20505_4
	Message: https://w3id.org/shexmap/resource/ontology-schema/d285f599-dc2e-4bd8-83f3-df21defa8821/Measurement is not a class of the vocabulary
Constraint Violation in UndeclaredClass:
	Severity: sh:Violation
	Focus Node: http://example.org/data/measurement_bmi_39156_5
	Message: https://w3id.org/shexmap/resource/ontology-schema/d285f599-dc2e-4bd8-83f3-df21defa8821/Measurement is not a class of the vocabulary
Constraint Violation in UndeclaredClass:
	Severity: sh:Violation
	Focus Node: http://example.org/data/measurement_body_height_8302_2
	Message: https://w3id.org/shexmap/resource/ontology-schema/d285f599-dc2e-4bd8-83f3-df21defa8821/Measurement is not a class of the vocabulary
Constraint Violation in UndeclaredClass:
	Severity: sh:Violation
	Focus Node: http://example.org/data/measurement_body_weight_29463_7
	Message: https://w3id.org/shexmap/resource/ontology-schema/d285f599-dc2e-4bd8-83f3-df21defa8821/Measurement is not a class of the vocabulary
Constraint Violation in UndeclaredClass:
	Severity: sh:Violation
	Focus Node: http://example.org/data/measurement_calcium_blood_49765_1
	Message: https://w3id.org/shexmap/resource/ontology-schema/d285f599-dc2e-4bd8-83f3-df21defa8821/Measurement is not a class of the vocabulary
Constraint Violation in UndeclaredClass:
	Severity: sh:Violation
	Focus Node: http://example.org/data/measurement_calcium_serum_17861_6
	Message: https://w3id.org/shexmap/resource/ontology-schema/d285f599-dc2e-4bd8-83f3-df21defa8821/Measurement is not a class of the vocabulary
Constraint Violation in UndeclaredClass:
	Severity: sh:Violation
	Focus Node: http://example.org/data/measurement_carbon_dioxide_blood_20565_8
	Message: https://w3id.org/shexmap/resource/ontology-schema/d285f599-dc2e-4bd8-83f3-df21defa8821/Measurement is not a class of the vocabulary
Constraint Violation in UndeclaredClass:
	Severity: sh:Violation
	Focus Node: http://example.org/data/measurement_carbon_dioxide_serum_2028_9
	Message: https://w3id.org/shexmap/resource/ontology-schema/d285f599-dc2e-4bd8-83f3-df21defa8821/Measurement is not a class of the vocabulary
Constraint Violation in UndeclaredClass:
	Severity: sh:Violation
	Focus Node: http://example.org/data/measurement_chloride_blood_2069_3
	Message: https://w3id.org/shexmap/resource/ontology-schema/d285f599-dc2e-4bd8-83f3-df21defa8821/Measurement is not a class of the vocabulary
Constraint Violation in UndeclaredClass:
	Severity: sh:Violation
	Focus Node: http://example.org/data/measurement_chloride_serum_2075_0
	Message: https://w3id.org/shexmap/resource/ontology-schema/d285f599-dc2e-4bd8-83f3-df21defa8821/Measurement is not a class of the vocabulary
Constraint Violation in UndeclaredClass:
	Severity: sh:Violation
	Focus Node: http://example.org/data/measurement_creatinine_blood_38483_4
	Message: https://w3id.org/shexmap/resource/ontology-schema/d285f599-dc2e-4bd8-83f3-df21defa8821/Measurement is not a class of the vocabulary
Constraint Violation in UndeclaredClass:
	Severity: sh:Violation
	Focus Node: http://example.org/data/measurement_creatinine_serum_2160_0
	Message: https://w3id.org/shexmap/resource/ontology-schema/d285f599-dc2e-4bd8-83f3-df21defa8821/Measurement is not a class of the vocabulary
Constraint Violation in UndeclaredClass:
	Severity: sh:Violation
	Focus Node: http://example.org/data/measurement_dast10_82667_7
	Message: https://w3id.org/shexmap/resource/ontology-schema/d285f599-dc2e-4bd8-83f3-df21defa8821/Measurement is not a class of the vocabulary
Constraint Violation in UndeclaredClass:
	Severity: sh:Violation
	Focus Node: http://example.org/data/measurement_gfr_serum_33914_3
	Message: https://w3id.org/shexmap/resource/ontology-schema/d285f599-dc2e-4bd8-83f3-df21defa8821/Measurement is not a class of the vocabulary
Constraint Violation in UndeclaredClass:
	Severity: sh:Violation
	Focus Node: http://example.org/data/measurement_glucose_blood_2339_0
	Message: https://w3id.org/shexmap/resource/ontology-schema/d285f599-dc2e-4bd8-83f3-df21defa8821/Measurement is not a class of the vocabulary
Constraint Violation in UndeclaredClass:
	Severity: sh:Violation
	Focus Node: http://example.org/data/measurement_glucose_serum_2345_7
	Message: https://w3id.org/shexmap/resource/ontology-schema/d285f599-dc2e-4bd8-83f3-df21defa8821/Measurement is not a class of the vocabulary
Constraint Violation in UndeclaredClass:
	Severity: sh:Violation
	Focus Node: http://example.org/data/measurement_glucose_urine_5792_7
	Message: https://w3id.org/shexmap/resource/ontology-schema/d285f599-dc2e-4bd8-83f3-df21defa8821/Measurement is not a class of the vocabulary
Constraint Violation in UndeclaredClass:
	Severity: sh:Violation
	Focus Node: http://example.org/data/measurement_hark_76504_0
	Message: https://w3id.org/shexmap/resource/ontology-schema/d285f599-dc2e-4bd8-83f3-df21defa8821/Measurement is not a class of the vocabulary
Constraint Violation in UndeclaredClass:
	Severity: sh:Violation
	Focus Node: http://example.org/data/measurement_heart_rate_8867_4
	Message: https://w3id.org/shexmap/resource/ontology-schema/d285f599-dc2e-4bd8-83f3-df21defa8821/Measurement is not a class of the vocabulary
Constraint Violation in UndeclaredClass:
	Severity: sh:Violation
	Focus Node: http://example.org/data/measurement_hemoglobin_a1c_4548_4
	Message: https://w3id.org/shexmap/resource/ontology-schema/d285f599-dc2e-4bd8-83f3-df21defa8821/Measurement is not a class of the vocabulary
Constraint Violation in UndeclaredClass:
	Severity: sh:Violation
	Focus Node: http://example.org/data/measurement_ketones_urine_5797_6
	Message: https://w3id.org/shexmap/resource/ontology-schema/d285f599-dc2e-4bd8-83f3-df21defa8821/Measurement is not a class of the vocabulary
Constraint Violation in UndeclaredClass:
	Severity: sh:Violation
	Focus Node: http://example.org/data/measurement_pain_severity_72514_3
	Message: https://w3id.org/shexmap/resource/ontology-schema/d285f599-dc2e-4bd8-83f3-df21defa8821/Measurement is not a class of the vocabulary
Constraint Violation in UndeclaredClass:
	Severity: sh:Violation
	Focus Node: http://example.org/data/measurement_ph_urine_5803_2
	Message: https://w3id.org/shexmap/resource/ontology-schema/d285f599-dc2e-4bd8-83f3-df21defa8821/Measurement is not a class of the vocabulary
Constraint Violation in UndeclaredClass:
	Severity: sh:Violation
	Focus Node: http://example.org/data/measurement_potassium_blood_6298_4
	Message: https://w3id.org/shexmap/resource/ontology-schema/d285f599-dc2e-4bd8-83f3-df21defa8821/Measurement is not a class of the vocabulary
Constraint Violation in UndeclaredClass:
	Severity: sh:Violation
	Focus Node: http://example.org/data/measurement_potassium_serum_2823_3
	Message: https://w3id.org/shexmap/resource/ontology-schema/d285f599-dc2e-4bd8-83f3-df21defa8821/Measurement is not a class of the vocabulary
Constraint Violation in UndeclaredClass:
	Severity: sh:Violation
	Focus Node: http://example.org/data/measurement_protein_urine_5804_0
	Message: https://w3id.org/shexmap/resource/ontology-schema/d285f599-dc2e-4bd8-83f3-df21defa8821/Measurement is not a class of the vocabulary
Constraint Violation in UndeclaredClass:
	Severity: sh:Violation
	Focus Node: http://example.org/data/measurement_respiratory_rate_9279_1
	Message: https://w3id.org/shexmap/resource/ontology-schema/d285f599-dc2e-4bd8-83f3-df21defa8821/Measurement is not a class of the vocabulary
Constraint Violation in UndeclaredClass:
	Severity: sh:Violation
	Focus Node: http://example.org/data/measurement_sodium_blood_2947_0
	Message: https://w3id.org/shexmap/resource/ontology-schema/d285f599-dc2e-4bd8-83f3-df21defa8821/Measurement is not a class of the vocabulary
Constraint Violation in UndeclaredClass:
	Severity: sh:Violation
	Focus Node: http://example.org/data/measurement_sodium_serum_2951_2
	Message: https://w3id.org/shexmap/resource/ontology-schema/d285f599-dc2e-4bd8-83f3-df21defa8821/Measurement is not a class of the vocabulary
Constraint Violation in UndeclaredClass:
	Severity: sh:Violation
	Focus Node: http://example.org/data/measurement_specific_gravity_urine_5811_5
	Message: https://w3id.org/shexmap/resource/ontology-schema/d285f599-dc2e-4bd8-83f3-df21defa8821/Measurement is not a class of the vocabulary
Constraint Violation in UndeclaredClass:
	Severity: sh:Violation
	Focus Node: http://example.org/data/measurement_urea_nitrogen_blood_6299_2
	Message: https://w3id.org/shexmap/resource/ontology-schema/d285f599-dc2e-4bd8-83f3-df21defa8821/Measurement is not a class of the vocabulary
Constraint Violation in UndeclaredClass:
	Severity: sh:Violation
	Focus Node: http://example.org/data/measurement_urea_nitrogen_serum_3094_0
	Message: https://w3id.org/shexmap/resource/ontology-schema/d285f599-dc2e-4bd8-83f3-df21defa8821/Measurement is not a class of the vocabulary
Constraint Violation in UndeclaredClass:
	Severity: sh:Violation
	Focus Node: http://example.org/data/procedure_bilirubin_urine_20505_4
	Message: https://w3id.org/shexmap/resource/ontology-schema/d285f599-dc2e-4bd8-83f3-df21defa8821/MedicalProcedure is not a class of the vocabulary
Constraint Violation in UndeclaredClass:
	Severity: sh:Violation
	Focus Node: http://example.org/data/procedure_bmi_39156_5
	Message: https://w3id.org/shexmap/resource/ontology-schema/d285f599-dc2e-4bd8-83f3-df21defa8821/MedicalProcedure is not a class of the vocabulary
Constraint Violation in UndeclaredClass:
	Severity: sh:Violation
	Focus Node: http://example.org/data/procedure_body_height_8302_2
	Message: https://w3id.org/shexmap/resource/ontology-schema/d285f599-dc2e-4bd8-83f3-df21defa8821/MedicalProcedure is not a class of the vocabulary
Constraint Violation in UndeclaredClass:
	Severity: sh:Violation
	Focus Node: http://example.org/data/procedure_body_weight_29463_7
	Message: https://w3id.org/shexmap/resource/ontology-schema/d285f599-dc2e-4bd8-83f3-df21defa8821/MedicalProcedure is not a class of the vocabulary
Constraint Violation in UndeclaredClass:
	Severity: sh:Violation
	Focus Node: http://example.org/data/procedure_calcium_blood_49765_1
	Message: https://w3id.org/shexmap/resource/ontology-schema/d285f599-dc2e-4bd8-83f3-df21defa8821/MedicalProcedure is not a class of the vocabulary
Constraint Violation in UndeclaredClass:
	Severity: sh:Violation
	Focus Node: http://example.org/data/procedure_calcium_serum_17861_6
	Message: https://w3id.org/shexmap/resource/ontology-schema/d285f599-dc2e-4bd8-83f3-df21defa8821/MedicalProcedure is not a class of the vocabulary
Constraint Violation in UndeclaredClass:
	Severity: sh:Violation
	Focus Node: http://example.org/data/procedure_carbon_dioxide_blood_20565_8
	Message: https://w3id.org/shexmap/resource/ontology-schema/d285f599-dc2e-4bd8-83f3-df21defa8821/MedicalProcedure is not a class of the vocabulary
Constraint Violation in UndeclaredClass:
	Severity: sh:Violation
	Focus Node: http://example.org/data/procedure_carbon_dioxide_serum_2028_9
	Message: https://w3id.org/shexmap/resource/ontology-schema/d285f599-dc2e-4bd8-83f3-df21defa8821/MedicalProcedure is not a class of the vocabulary
Constraint Violation in UndeclaredClass:
	Severity: sh:Violation
	Focus Node: http://example.org/data/procedure_chloride_blood_2069_3
	Message: https://w3id.org/shexmap/resource/ontology-schema/d285f599-dc2e-4bd8-83f3-df21defa8821/MedicalProcedure is not a class of the vocabulary
Constraint Violation in UndeclaredClass:
	Severity: sh:Violation
	Focus Node: http://example.org/data/procedure_chloride_serum_2075_0
	Message: https://w3id.org/shexmap/resource/ontology-schema/d285f599-dc2e-4bd8-83f3-df21defa8821/MedicalProcedure is not a class of the vocabulary
Constraint Violation in UndeclaredClass:
	Severity: sh:Violation
	Focus Node: http://example.org/data/procedure_creatinine_blood_38483_4
	Message: https://w3id.org/shexmap/resource/ontology-schema/d285f599-dc2e-4bd8-83f3-df21defa8821/MedicalProcedure is not a class of the vocabulary
Constraint Violation in UndeclaredClass:
	Severity: sh:Violation
	Focus Node: http://example.org/data/procedure_creatinine_serum_2160_0
	Message: https://w3id.org/shexmap/resource/ontology-schema/d285f599-dc2e-4bd8-83f3-df21defa8821/MedicalProcedure is not a class of the vocabulary
Constraint Violation in UndeclaredClass:
	Severity: sh:Violation
	Focus Node: http://example.org/data/procedure_dast10_82667_7
	Message: https://w3id.org/shexmap/resource/ontology-schema/d285f599-dc2e-4bd8-83f3-df21defa8821/MedicalProcedure is not a class of the vocabulary
Constraint Violation in UndeclaredClass:
	Severity: sh:Violation
	Focus Node: http://example.org/data/procedure_gfr_serum_33914_3
	Message: https://w3id.org/shexmap/resource/ontology-schema/d285f599-dc2e-4bd8-83f3-df21defa8821/MedicalProcedure is not a class of the vocabulary
Constraint Violation in UndeclaredClass:
	Severity: sh:Violation
	Focus Node: http://example.org/data/procedure_glucose_blood_2339_0
	Message: https://w3id.org/shexmap/resource/ontology-schema/d285f599-dc2e-4bd8-83f3-df21defa8821/MedicalProcedure is not a class of the vocabulary
Constraint Violation in UndeclaredClass:
	Severity: sh:Violation
	Focus Node: http://example.org/data/procedure_glucose_serum_2345_7
	Message: https://w3id.org/shexmap/resource/ontology-schema/d285f599-dc2e-4bd8-83f3-df21defa8821/MedicalProcedure is not a class of the vocabulary
Constraint Violation in UndeclaredClass:
	Severity: sh:Violation
	Focus Node: http://example.org/data/procedure_glucose_urine_5792_7
	Message: https://w3id.org/shexmap/resource/ontology-schema/d285f599-dc2e-4bd8-83f3-df21defa8821/MedicalProcedure is not a class of the vocabulary
Constraint Violation in UndeclaredClass:
	Severity: sh:Violation
	Focus Node: http://example.org/data/procedure_hark_76504_0
	Message: https://w3id.org/shexmap/resource/ontology-schema/d285f599-dc2e-4bd8-83f3-df21defa8821/MedicalProcedure is not a class of the vocabulary
Constraint Violation in UndeclaredClass:
	Severity: sh:Violation
	Focus Node: http://example.org/data/procedure_heart_rate_8867_4
	Message: https://w3id.org/shexmap/resource/ontology-schema/d285f599-dc2e-4bd8-83f3-df21defa8821/MedicalProcedure is not a class of the vocabulary
Constraint Violation in UndeclaredClass:
	Severity: sh:Violation
	Focus Node: http://example.org/data/procedure_hemoglobin_a1c_4548_4
	Message: https://w3id.org/shexmap/resource/ontology-schema/d285f599-dc2e-4bd8-83f3-df21defa8821/MedicalProcedure is not a class of the vocabulary
Constraint Violation in UndeclaredClass:
	Severity: sh:Violation
	Focus Node: http://example.org/data/procedure_ketones_urine_5797_6
	Message: https://w3id.org/shexmap/resource/ontology-schema/d285f599-dc2e-4bd8-83f3-df21defa8821/MedicalProcedure is not a class of the vocabulary
Constraint Violation in UndeclaredClass:
	Severity: sh:Violation
	Focus Node: http://example.org/data/procedure_pain_severity_72514_3
	Message: https://w3id.org/shexmap/resource/ontology-schema/d285f599-dc2e-4bd8-83f3-df21defa8821/MedicalProcedure is not a class of the vocabulary
Constraint Violation in UndeclaredClass:
	Severity: sh:Violation
	Focus Node: http://example.org/data/procedure_ph_urine_5803_2
	Message: https://w3id.org/shexmap/resource/ontology-schema/d285f599-dc2e-4bd8-83f3-df21defa8821/MedicalProcedure is not a class of the vocabulary
Constraint Violation in UndeclaredClass:
	Severity: sh:Violation
	Focus Node: http://example.org/data/procedure_potassium_blood_6298_4
	Message: https://w3id.org/shexmap/resource/ontology-schema/d285f599-dc2e-4bd8-83f3-df21defa8821/MedicalProcedure is not a class of the vocabulary
Constraint Violation in UndeclaredClass:
	Severity: sh:Violation
	Focus Node: http://example.org/data/procedure_potassium_serum_2823_3
	Message: https://w3id.org/shexmap/resource/ontology-schema/d285f599-dc2e-4bd8-83f3-df21defa8821/MedicalProcedure is not a class of the vocabulary
Constraint Violation in UndeclaredClass:
	Severity: sh:Violation
	Focus Node: http://example.org/data/procedure_protein_urine_5804_0
	Message: https://w3id.org/shexmap/resource/ontology-schema/d285f599-dc2e-4bd8-83f3-df21defa8821/MedicalProcedure is not a class of the vocabulary
Constraint Violation in UndeclaredClass:
	Severity: sh:Violation
	Focus Node: http://example.org/data/procedure_respiratory_rate_9279_1
	Message: https://w3id.org/shexmap/resource/ontology-schema/d285f599-dc2e-4bd8-83f3-df21defa8821/MedicalProcedure is not a class of the vocabulary
Constraint Violation in UndeclaredClass:
	Severity: sh:Violation
	Focus Node: http://example.org/data/procedure_sodium_blood_2947_0
	Message: https://w3id.org/shexmap/resource/ontology-schema/d285f599-dc2e-4bd8-83f3-df21defa8821/MedicalProcedure is not a class of the vocabulary
Constraint Violation in UndeclaredClass:
	Severity: sh:Violation
	Focus Node: http://example.org/data/procedure_sodium_serum_2951_2
	Message: https://w3id.org/shexmap/resource/ontology-schema/d285f599-dc2e-4bd8-83f3-df21defa8821/MedicalProcedure is not a class of the vocabulary
Constraint Violation in UndeclaredClass:
	Severity: sh:Violation
	Focus Node: http://example.org/data/procedure_specific_gravity_urine_5811_5
	Message: https://w3id.org/shexmap/resource/ontology-schema/d285f599-dc2e-4bd8-83f3-df21defa8821/MedicalProcedure is not a class of the vocabulary
Constraint Violation in UndeclaredClass:
	Severity: sh:Violation
	Focus Node: http://example.org/data/procedure_urea_nitrogen_blood_6299_2
	Message: https://w3id.org/shexmap/resource/ontology-schema/d285f599-dc2e-4bd8-83f3-df21defa8821/MedicalProcedure is not a class of the vocabulary
Constraint Violation in UndeclaredClass:
	Severity: sh:Violation
	Focus Node: http://example.org/data/procedure_urea_nitrogen_serum_3094_0
	Message: https://w3id.org/shexmap/resource/ontology-schema/d285f599-dc2e-4bd8-83f3-df21defa8821/MedicalProcedure is not a class of the vocabulary
Constraint Violation in UndeclaredClass:
	Severity: sh:Violation
	Focus Node: http://example.org/data/process_bilirubin_urine_20505_4
	Message: https://w3id.org/shexmap/resource/ontology-schema/d285f599-dc2e-4bd8-83f3-df21defa8821/MeasurementProcess is not a class of the vocabulary
Constraint Violation in UndeclaredClass:
	Severity: sh:Violation
	Focus Node: http://example.org/data/process_bilirubin_urine_20505_4
	Message: https://w3id.org/shexmap/resource/ontology-schema/d285f599-dc2e-4bd83f3-df21defa8821/MeasurementProcess is not a class of the vocabulary
Constraint Violation in UndeclaredClass:
	Severity: sh:Violation
	Focus Node: http://example.org/data/process_bmi_39156_5
	Message: https://w3id.org/shexmap/resource/ontology-schema/d285f599-dc2e-4bd8-83f3-df21defa8821/MeasurementProcess is not a class of the vocabulary
Constraint Violation in UndeclaredClass:
	Severity: sh:Violation
	Focus Node: http://example.org/data/process_bmi_39156_5
	Message: https://w3id.org/shexmap/resource/ontology-schema/d285f599-dc2e-4bd83f3-df21defa8821/MeasurementProcess is not a class of the vocabulary
Constraint Violation in UndeclaredClass:
	Severity: sh:Violation
	Focus Node: http://example.org/data/process_body_height_8302_2
	Message: https://w3id.org/shexmap/resource/ontology-schema/d285f599-dc2e-4bd8-83f3-df21defa8821/MeasurementProcess is not a class of the vocabulary
Constraint Violation in UndeclaredClass:
	Severity: sh:Violation
	Focus Node: http://example.org/data/process_body_height_8302_2
	Message: https://w3id.org/shexmap/resource/ontology-schema/d285f599-dc2e-4bd83f3-df21defa8821/MeasurementProcess is not a class of the vocabulary
Constraint Violation in UndeclaredClass:
	Severity: sh:Violation
	Focus Node: http://example.org/data/process_body_weight_29463_7
	Message: https://w3id.org/shexmap/resource/ontology-schema/d285f599-dc2e-4bd8-83f3-df21defa8821/MeasurementProcess is not a class of the vocabulary
Constraint Violation in UndeclaredClass:
	Severity: sh:Violation
	Focus Node: http://example.org/data/process_body_weight_29463_7
	Message: https://w3id.org/shexmap/resource/ontology-schema/d285f599-dc2e-4bd83f3-df21defa8821/MeasurementProcess is not a class of the vocabulary
Constraint Violation in UndeclaredClass:
	Severity: sh:Violation
	Focus Node: http://example.org/data/process_calcium_blood_49765_1
	Message: https://w3id.org/shexmap/resource/ontology-schema/d285f599-dc2e-4bd8-83f3-df21defa8821/MeasurementProcess is not a class of the vocabulary
Constraint Violation in UndeclaredClass:
	Severity: sh:Violation
	Focus Node: http://example.org/data/process_calcium_blood_49765_1
	Message: https://w3id.org/shexmap/resource/ontology-schema/d285f599-dc2e-4bd83f3-df21defa8821/MeasurementProcess is not a class of the vocabulary
Constraint Violation in UndeclaredClass:
	Severity: sh:Violation
	Focus Node: http://example.org/data/process_calcium_serum_17861_6
	Message: https://w3id.org/shexmap/resource/ontology-schema/d285f599-dc2e-4bd8-83f3-df21defa8821/MeasurementProcess is not a class of the vocabulary
Constraint Violation in UndeclaredClass:
	Severity: sh:Violation
	Focus Node: http://example.org/data/process_calcium_serum_17861_6
	Message: https://w3id.org/shexmap/resource/ontology-schema/d285f599-dc2e-4bd83f3-df21defa8821/MeasurementProcess is not a class of the vocabulary
Constraint Violation in UndeclaredClass:
	Severity: sh:Violation
	Focus Node: http://example.org/data/process_carbon_dioxide_blood_20565_8
	Message: https://w3id.org/shexmap/resource/ontology-schema/d285f599-dc2e-4bd8-83f3-df21defa8821/MeasurementProcess is not a class of the vocabulary
Constraint Violation in UndeclaredClass:
	Severity: sh:Violation
	Focus Node: http://example.org/data/process_carbon_dioxide_blood_20565_8
	Message: https://w3id.org/shexmap/resource/ontology-schema/d285f599-dc2e-4bd83f3-df21defa8821/MeasurementProcess is not a class of the vocabulary
Constraint Violation in UndeclaredClass:
	Severity: sh:Violation
	Focus Node: http://example.org/data/process_carbon_dioxide_serum_2028_9
	Message: https://w3id.org/shexmap/resource/ontology-schema/d285f599-dc2e-4bd8-83f3-df21defa8821/MeasurementProcess is not a class of the vocabulary
Constraint Violation in UndeclaredClass:
	Severity: sh:Violation
	Focus Node: http://example.org/data/process_carbon_dioxide_serum_2028_9
	Message: https://w3id.org/shexmap/resource/ontology-schema/d285f599-dc2e-4bd83f3-df21defa8821/MeasurementProcess is not a class of the vocabulary
Constraint Violation in UndeclaredClass:
	Severity: sh:Violation
	Focus Node: http://example.org/data/process_chloride_blood_2069_3
	Message: https://w3id.org/shexmap/resource/ontology-schema/d285f599-dc2e-4bd8-83f3-df21defa8821/MeasurementProcess is not a class of the vocabulary
Constraint Violation in UndeclaredClass:
	Severity: sh:Violation
	Focus Node: http://example.org/data/process_chloride_blood_2069_3
	Message: https://w3id.org/shexmap/resource/ontology-schema/d285f599-dc2e-4bd83f3-df21defa8821/MeasurementProcess is not a class of the vocabulary
Constraint Violation in UndeclaredClass:
	Severity: sh:Violation
	Focus Node: http://example.org/data/process_chloride_serum_2075_0
	Message: https://w3id.org/shexmap/resource/ontology-schema/d285f599-dc2e-4bd8-83f3-df21defa8821/MeasurementProcess is not a class of the vocabulary
Constraint Violation in UndeclaredClass:
	Severity: sh:Violation
	Focus Node: http://example.org/data/process_chloride_serum_2075_0
	Message: https://w3id.org/shexmap/resource/ontology-schema/d285f599-dc2e-4bd83f3-df21defa8821/MeasurementProcess is not a class of the vocabulary
Constraint Violation in UndeclaredClass:
	Severity: sh:Violation
	Focus Node: http://example.org/data/process_creatinine_blood_38483_4
	Message: https://w3id.org/shexmap/resource/ontology-schema/d285f599-dc2e-4bd8-83f3-df21defa8821/MeasurementProcess is not a class of the vocabulary
Constraint Violation in UndeclaredClass:
	Severity: sh:Violation
	Focus Node: http://example.org/data/process_creatinine_blood_38483_4
	Message: https://w3id.org/shexmap/resource/ontology-schema/d285f599-dc2e-4bd83f3-df21defa8821/MeasurementProcess is not a class of the vocabulary
Constraint Violation in UndeclaredClass:
	Severity: sh:Violation
	Focus Node: http://example.org/data/process_creatinine_serum_2160_0
	Message: https://w3id.org/shexmap/resource/ontology-schema/d285f599-dc2e-4bd8-83f3-df21defa8821/MeasurementProcess is not a class of the vocabulary
Constraint Violation in UndeclaredClass:
	Severity: sh:Violation
	Focus Node: http://example.org/data/process_creatinine_serum_2160_0
	Message: https://w3id.org/shexmap/resource/ontology-schema/d285f599-dc2e-4bd83f3-df21defa8821/MeasurementProcess is not a class of the vocabulary
Constraint Violation in UndeclaredClass:
	Severity: sh:Violation
	Focus Node: http://example.org/data/process_dast10_82667_7
	Message: https://w3id.org/shexmap/resource/ontology-schema/d285f599-dc2e-4bd8-83f3-df21defa8821/MeasurementProcess is not a class of the vocabulary
Constraint Violation in UndeclaredClass:
	Severity: sh:Violation
	Focus Node: http://example.org/data/process_gfr_serum_33914_3
	Message: https://w3id.org/shexmap/resource/ontology-schema/d285f599-dc2e-4bd8-83f3-df21defa8821/MeasurementProcess is not a class of the vocabulary
Constraint Violation in UndeclaredClass:
	Severity: sh:Violation
	Focus Node: http://example.org/data/process_gfr_serum_33914_3
	Message: https://w3id.org/shexmap/resource/ontology-schema/d285f599-dc2e-4bd83f3-df21defa8821/MeasurementProcess is not a class of the vocabulary
Constraint Violation in UndeclaredClass:
	Severity: sh:Violation
	Focus Node: http://example.org/data/process_glucose_blood_2339_0
	Message: https://w3id.org/shexmap/resource/ontology-schema/d285f599-dc2e-4bd8-83f3-df21defa8821/MeasurementProcess is not a class of the vocabulary
Constraint Violation in UndeclaredClass:
	Severity: sh:Violation
	Focus Node: http://example.org/data/process_glucose_blood_2339_0
	Message: https://w3id.org/shexmap/resource/ontology-schema/d285f599-dc2e-4bd83f3-df21defa8821/MeasurementProcess is not a class of the vocabulary
Constraint Violation in UndeclaredClass:
	Severity: sh:Violation
	Focus Node: http://example.org/data/process_glucose_serum_2345_7
	Message: https://w3id.org/shexmap/resource/ontology-schema/d285f599-dc2e-4bd8-83f3-df21defa8821/MeasurementProcess is not a class of the vocabulary
Constraint Violation in UndeclaredClass:
	Severity: sh:Violation
	Focus Node: http://example.org/data/process_glucose_serum_2345_7
	Message: https://w3id.org/shexmap/resource/ontology-schema/d285f599-dc2e-4bd83f3-df21defa8821/MeasurementProcess is not a class of the vocabulary
Constraint Violation in UndeclaredClass:
	Severity: sh:Violation
	Focus Node: http://example.org/data/process_glucose_urine_5792_7
	Message: https://w3id.org/shexmap/resource/ontology-schema/d285f599-dc2e-4bd8-83f3-df21defa8821/MeasurementProcess is not a class of the vocabulary
Constraint Violation in UndeclaredClass:
	Severity: sh:Violation
	Focus Node: http://example.org/data/process_glucose_urine_5792_7
	Message: https://w3id.org/shexmap/resource/ontology-schema/d285f599-dc2e-4bd83f3-df21defa8821/MeasurementProcess is not a class of the vocabulary
Constraint Violation in UndeclaredClass:
	Severity: sh:Violation
	Focus Node: http://example.org/data/process_hark_76504_0
	Message: https://w3id.org/shexmap/resource/ontology-schema/d285f599-dc2e-4bd8-83f3-df21defa8821/MeasurementProcess is not a class of the vocabulary
Constraint Violation in UndeclaredClass:
	Severity: sh:Violation
	Focus Node: http://example.org/data/process_heart_rate_8867_4
	Message: https://w3id.org/shexmap/resource/ontology-schema/d285f599-dc2e-4bd8-83f3-df21defa8821/MeasurementProcess is not a class of the vocabulary
Constraint Violation in UndeclaredClass:
	Severity: sh:Violation
	Focus Node: http://example.org/data/process_heart_rate_8867_4
	Message: https://w3id.org/shexmap/resource/ontology-schema/d285f599-dc2e-4bd83f3-df21defa8821/MeasurementProcess is not a class of the vocabulary
Constraint Violation in UndeclaredClass:
	Severity: sh:Violation
	Focus Node: http://example.org/data/process_hemoglobin_a1c_4548_4
	Message: https://w3id.org/shexmap/resource/ontology-schema/d285f599-dc2e-4bd8-83f3-df21defa8821/MeasurementProcess is not a class of the vocabulary
Constraint Violation in UndeclaredClass:
	Severity: sh:Violation
	Focus Node: http://example.org/data/process_hemoglobin_a1c_4548_4
	Message: https://w3id.org/shexmap/resource/ontology-schema/d285f599-dc2e-4bd83f3-df21defa8821/MeasurementProcess is not a class of the vocabulary
Constraint Violation in UndeclaredClass:
	Severity: sh:Violation
	Focus Node: http://example.org/data/process_ketones_urine_5797_6
	Message: https://w3id.org/shexmap/resource/ontology-schema/d285f599-dc2e-4bd8-83f3-df21defa8821/MeasurementProcess is not a class of the vocabulary
Constraint Violation in UndeclaredClass:
	Severity: sh:Violation
	Focus Node: http://example.org/data/process_ketones_urine_5797_6
	Message: https://w3id.org/shexmap/resource/ontology-schema/d285f599-dc2e-4bd83f3-df21defa8821/MeasurementProcess is not a class of the vocabulary
Constraint Violation in UndeclaredClass:
	Severity: sh:Violation
	Focus Node: http://example.org/data/process_pain_severity_72514_3
	Message: https://w3id.org/shexmap/resource/ontology-schema/d285f599-dc2e-4bd8-83f3-df21defa8821/MeasurementProcess is not a class of the vocabulary
Constraint Violation in UndeclaredClass:
	Severity: sh:Violation
	Focus Node: http://example.org/data/process_pain_severity_72514_3
	Message: https://w3id.org/shexmap/resource/ontology-schema/d285f599-dc2e-4bd83f3-df21defa8821/MeasurementProcess is not a class of the vocabulary
Constraint Violation in UndeclaredClass:
	Severity: sh:Violation
	Focus Node: http://example.org/data/process_ph_urine_5803_2
	Message: https://w3id.org/shexmap/resource/ontology-schema/d285f599-dc2e-4bd8-83f3-df21defa8821/MeasurementProcess is not a class of the vocabulary
Constraint Violation in UndeclaredClass:
	Severity: sh:Violation
	Focus Node: http://example.org/data/process_ph_urine_5803_2
	Message: https://w3id.org/shexmap/resource/ontology-schema/d285f599-dc2e-4bd83f3-df21defa8821/MeasurementProcess is not a class of the vocabulary
Constraint Violation in UndeclaredClass:
	Severity: sh:Violation
	Focus Node: http://example.org/data/process_potassium_blood_6298_4
	Message: https://w3id.org/shexmap/resource/ontology-schema/d285f599-dc2e-4bd8-83f3-df21defa8821/MeasurementProcess is not a class of the vocabulary
Constraint Violation in UndeclaredClass:
	Severity: sh:Violation
	Focus Node: http://example.org/data/process_potassium_blood_6298_4
	Message: https://w3id.org/shexmap/resource/ontology-schema/d285f599-dc2e-4bd83f3-df21defa8821/MeasurementProcess is not a class of the vocabulary
Constraint Violation in UndeclaredClass:
	Severity: sh:Violation
	Focus Node: http://example.org/data/process_potassium_serum_2823_3
	Message: https://w3id.org/shexmap/resource/ontology-schema/d285f599-dc2e-4bd8-83f3-df21defa8821/MeasurementProcess is not a class of the vocabulary
Constraint Violation in UndeclaredClass:
	Severity: sh:Violation
	Focus Node: http://example.org/data/process_potassium_serum_2823_3
	Message: https://w3id.org/shexmap/resource/ontology-schema/d285f599-dc2e-4bd83f3-df21defa8821/MeasurementProcess is not a class of the vocabulary
Constraint Violation in UndeclaredClass:
	Severity: sh:Violation
	Focus Node: http://example.org/data/process_protein_urine_5804_0
	Message: https://w3id.org/shexmap/resource/ontology-schema/d285f599-dc2e-4bd8-83f3-df21defa8821/MeasurementProcess is not a class of the vocabulary
Constraint Violation in UndeclaredClass:
	Severity: sh:Violation
	Focus Node: http://example.org/data/process_protein_urine_5804_0
	Message: https://w3id.org/shexmap/resource/ontology-schema/d285f599-dc2e-4bd83f3-df21defa8821/MeasurementProcess is not a class of the vocabulary
Constraint Violation in UndeclaredClass:
	Severity: sh:Violation
	Focus Node: http://example.org/data/process_respiratory_rate_9279_1
	Message: https://w3id.org/shexmap/resource/ontology-schema/d285f599-dc2e-4bd8-83f3-df21defa8821/MeasurementProcess is not a class of the vocabulary
Constraint Violation in UndeclaredClass:
	Severity: sh:Violation
	Focus Node: http://example.org/data/process_respiratory_rate_9279_1
	Message: https://w3id.org/shexmap/resource/ontology-schema/d285f599-dc2e-4bd83f3-df21defa8821/MeasurementProcess is not a class of the vocabulary
Constraint Violation in UndeclaredClass:
	Severity: sh:Violation
	Focus Node: http://example.org/data/process_sodium_blood_2947_0
	Message: https://w3id.org/shexmap/resource/ontology-schema/d285f599-dc2e-4bd8-83f3-df21defa8821/MeasurementProcess is not a class of the vocabulary
Constraint Violation in UndeclaredClass:
	Severity: sh:Violation
	Focus Node: http://example.org/data/process_sodium_blood_2947_0
	Message: https://w3id.org/shexmap/resource/ontology-schema/d285f599-dc2e-4bd83f3-df21defa8821/MeasurementProcess is not a class of the vocabulary
Constraint Violation in UndeclaredClass:
	Severity: sh:Violation
	Focus Node: http://example.org/data/process_sodium_serum_2951_2
	Message: https://w3id.org/shexmap/resource/ontology-schema/d285f599-dc2e-4bd8-83f3-df21defa8821/MeasurementProcess is not a class of the vocabulary
Constraint Violation in UndeclaredClass:
	Severity: sh:Violation
	Focus Node: http://example.org/data/process_sodium_serum_2951_2
	Message: https://w3id.org/shexmap/resource/ontology-schema/d285f599-dc2e-4bd83f3-df21defa8821/MeasurementProcess is not a class of the vocabulary
Constraint Violation in UndeclaredClass:
	Severity: sh:Violation
	Focus Node: http://example.org/data/process_specific_gravity_urine_5811_5
	Message: https://w3id.org/shexmap/resource/ontology-schema/d285f599-dc2e-4bd8-83f3-df21defa8821/MeasurementProcess is not a class of the vocabulary
Constraint Violation in UndeclaredClass:
	Severity: sh:Violation
	Focus Node: http://example.org/data/process_specific_gravity_urine_5811_5
	Message: https://w3id.org/shexmap/resource/ontology-schema/d285f599-dc2e-4bd83f3-df21defa8821/MeasurementProcess is not a class of the vocabulary
Constraint Violation in UndeclaredClass:
	Severity: sh:Violation
	Focus Node: http://example.org/data/process_total_score_dast10_82667_7
	Message: https://w3id.org/shexmap/resource/ontology-schema/d285f599-dc2e-4bd83f3-df21defa8821/MeasurementProcess is not a class of the vocabulary
Constraint Violation in UndeclaredClass:
	Severity: sh:Violation
	Focus Node: http://example.org/data/process_total_score_hark_76504_0
	Message: https://w3id.org/shexmap/resource/ontology-schema/d285f599-dc2e-4bd83f3-df21defa8821/MeasurementProcess is not a class of the vocabulary
Constraint Violation in UndeclaredClass:
	Severity: sh:Violation
	Focus Node: http://example.org/data/process_urea_nitrogen_blood_6299_2
	Message: https://w3id.org/shexmap/resource/ontology-schema/d285f599-dc2e-4bd8-83f3-df21defa8821/MeasurementProcess is not a class of the vocabulary
Constraint Violation in UndeclaredClass:
	Severity: sh:Violation
	Focus Node: http://example.org/data/process_urea_nitrogen_blood_6299_2
	Message: https://w3id.org/shexmap/resource/ontology-schema/d285f599-dc2e-4bd83f3-df21defa8821/MeasurementProcess is not a class of the vocabulary
Constraint Violation in UndeclaredClass:
	Severity: sh:Violation
	Focus Node: http://example.org/data/process_urea_nitrogen_serum_3094_0
	Message: https://w3id.org/shexmap/resource/ontology-schema/d285f599-dc2e-4bd8-83f3-df21defa8821/MeasurementProcess is not a class of the vocabulary
Constraint Violation in UndeclaredClass:
	Severity: sh:Violation
	Focus Node: http://example.org/data/process_urea_nitrogen_serum_3094_0
	Message: https://w3id.org/shexmap/resource/ontology-schema/d285f599-dc2e-4bd83f3-df21defa8821/MeasurementProcess is not a class of the vocabulary
Constraint Violation in UndeclaredClass:
	Severity: sh:Violation
	Focus Node: http://example.org/data/status_completed
	Message: https://w3id.org/shexmap/resource/ontology-schema/d285f599-dc2e-4bd8-83f3-df21defa8821/ProcessStatus is not a class of the vocabulary
Constraint Violation in UndeclaredClass:
	Severity: sh:Violation
	Focus Node: http://example.org/data/status_completed
	Message: https://w3id.org/shexmap/resource/ontology-schema/d285f599-dc2e-4bd83f3-df21defa8821/ProcessStatus is not a class of the vocabulary
Constraint Violation in UndeclaredClass:
	Severity: sh:Violation
	Focus Node: http://example.org/data/unit_cm
	Message: https://w3id.org/shexmap/resource/ontology-schema/d285f599-dc2e-4bd8-83f3-df21defa8821/Unit is not a class of the vocabulary
Constraint Violation in UndeclaredClass:
	Severity: sh:Violation
	Focus Node: http://example.org/data/unit_kg
	Message: https://w3id.org/shexmap/resource/ontology-schema/d285f599-dc2e-4bd8-83f3-df21defa8821/Unit is not a class of the vocabulary
Constraint Violation in UndeclaredClass:
	Severity: sh:Violation
	Focus Node: http://example.org/data/unit_kg_per_m2
	Message: https://w3id.org/shexmap/resource/ontology-schema/d285f599-dc2e-4bd8-83f3-df21defa8821/Unit is not a class of the vocabulary
Constraint Violation in UndeclaredClass:
	Severity: sh:Violation
	Focus Node: http://example.org/data/unit_mg_dL
	Message: https://w3id.org/shexmap/resource/ontology-schema/d285f599-dc2e-4bd8-83f3-df21defa8821/Unit is not a class of the vocabulary
Constraint Violation in UndeclaredClass:
	Severity: sh:Violation
	Focus Node: http://example.org/data/unit_ml_per_min_per_1.73_m2
	Message: https://w3id.org/shexmap/resource/ontology-schema/d285f599-dc2e-4bd8-83f3-df21defa8821/Unit is not a class of the vocabulary
Constraint Violation in UndeclaredClass:
	Severity: sh:Violation
	Focus Node: http://example.org/data/unit_mmol_L
	Message: https://w3id.org/shexmap/resource/ontology-schema/d285f599-dc2e-4bd8-83f3-df21defa8821/Unit is not a class of the vocabulary
Constraint Violation in UndeclaredClass:
	Severity: sh:Violation
	Focus Node: http://example.org/data/unit_nominal
	Message: https://w3id.org/shexmap/resource/ontology-schema/d285f599-dc2e-4bd8-83f3-df21defa8821/Unit is not a class of the vocabulary
Constraint Violation in UndeclaredClass:
	Severity: sh:Violation
	Focus Node: http://example.org/data/unit_per_min
	Message: https://w3id.org/shexmap/resource/ontology-schema/d285f599-dc2e-4bd8-83f3-df21defa8821/Unit is not a class of the vocabulary
Constraint Violation in UndeclaredClass:
	Severity: sh:Violation
	Focus Node: http://example.org/data/unit_percent
	Message: https://w3id.org/shexmap/resource/ontology-schema/d285f599-dc2e-4bd8-83f3-df21defa8821/Unit is not a class of the vocabulary
Constraint Violation in UndeclaredClass:
	Severity: sh:Violation
	Focus Node: http://example.org/data/unit_score
	Message: https://w3id.org/shexmap/resource/ontology-schema/d285f599-dc2e-4bd8-83f3-df21defa8821/Unit is not a class of the vocabulary
Constraint Violation in UndeclaredClass:
	Severity: sh:Violation
	Focus Node: http://example.org/data/visit_20140219T154723
	Message: https://w3id.org/shexmap/resource/ontology-schema/d285f599-dc2e-4bd8-83f3-df21defa8821/ClinicalVisit is not a class of the vocabulary
Constraint Violation in UndeclaredProperty:
	Severity: sh:Violation
	Focus Node: http://example.org/data/CarePlan_followup
	Message: https://w3id.org/shexmap/resource/ontology-schema/d285f599-dc2e-4bd8-83f3-df21defa8821/hasMedicalProcedure is not a property of the vocabulary
Constraint Violation in UndeclaredProperty:
	Severity: sh:Violation
	Focus Node: http://example.org/data/measurement_bilirubin_urine_20505_4
	Message: https://w3id.org/shexmap/resource/ontology-schema/d285f599-dc2e-4bd8-83f3-df21defa8821/hasCode is not a property of the vocabulary
Constraint Violation in UndeclaredProperty:
	Severity: sh:Violation
	Focus Node: http://example.org/data/measurement_bilirubin_urine_20505_4
	Message: https://w3id.org/shexmap/resource/ontology-schema/d285f599-dc2e-4bd8-83f3-df21defa8821/hasMeasuredDate is not a property of the vocabulary
Constraint Violation in UndeclaredProperty:
	Severity: sh:Violation
	Focus Node: http://example.org/data/measurement_bilirubin_urine_20505_4
	Message: https://w3id.org/shexmap/resource/ontology-schema/d285f599-dc2e-4bd8-83f3-df21defa8821/hasQuantityValue is not a property of the vocabulary
Constraint Violation in UndeclaredProperty:
	Severity: sh:Violation
	Focus Node: http://example.org/data/measurement_bilirubin_urine_20505_4
	Message: https://w3id.org/shexmap/resource/ontology-schema/d285f599-dc2e-4bd8-83f3-df21defa8821/hasUnit is not a property of the vocabulary
Constraint Violation in UndeclaredProperty:
	Severity: sh:Violation
	Focus Node: http://example.org/data/measurement_bmi_39156_5
	Message: https://w3id.org/shexmap/resource/ontology-schema/d285f599-dc2e-4bd8-83f3-df21defa8821/hasCode is not a property of the vocabulary
Constraint Violation in UndeclaredProperty:
	Severity: sh:Violation
	Focus Node: http://example.org/data/measurement_bmi_39156_5
	Message: https://w3id.org/shexmap/resource/ontology-schema/d285f599-dc2e-4bd8-83f3-df21defa8821/hasMeasuredDate is not a property of the vocabulary
Constraint Violation in UndeclaredProperty:
	Severity: sh:Violation
	Focus Node: http://example.org/data/measurement_bmi_39156_5
	Message: https://w3id.org/shexmap/resource/ontology-schema/d285f599-dc2e-4bd8-83f3-df21defa8821/hasQuantityValue is not a property of the vocabulary
Constraint Violation in UndeclaredProperty:
	Severity: sh:Violation
	Focus Node: http://example.org/data/measurement_bmi_39156_5
	Message: https://w3id.org/shexmap/resource/ontology-schema/d285f599-dc2e-4bd8-83f3-df21defa8821/hasUnit is not a property of the vocabulary
Constraint Violation in UndeclaredProperty:
	Severity: sh:Violation
	Focus Node: http://example.org/data/measurement_body_height_8302_2
	Message: https://w3id.org/shexmap/resource/ontology-schema/d285f599-dc2e-4bd8-83f3-df21defa8821/hasCode is not a property of the vocabulary
Constraint Violation in UndeclaredProperty:
	Severity: sh:Violation
	Focus Node: http://example.org/data/measurement_body_height_8302_2
	Message: https://w3id.org/shexmap/resource/ontology-schema/d285f599-dc2e-4bd8-83f3-df21defa8821/hasMeasuredDate is not a property of the vocabulary
Constraint Violation in UndeclaredProperty:
	Severity: sh:Violation
	Focus Node: http://example.org/data/measurement_body_height_8302_2
	Message: https://w3id.org/shexmap/resource/ontology-schema/d285f599-dc2e-4bd8-83f3-df21defa8821/hasQuantityValue is not a property of the vocabulary
Constraint Violation in UndeclaredProperty:
	Severity: sh:Violation
	Focus Node: http://example.org/data/measurement_body_height_8302_2
	Message: https://w3id.org/shexmap/resource/ontology-schema/d285f599-dc2e-4bd8-83f3-df21defa8821/hasUnit is not a property of the vocabulary
Constraint Violation in UndeclaredProperty:
	Severity: sh:Violation
	Focus Node: http://example.org/data/measurement_body_weight_29463_7
	Message: https://w3id.org/shexmap/resource/ontology-schema/d285f599-dc2e-4bd8-83f3-df21defa8821/hasCode is not a property of the vocabulary
Constraint Violation in UndeclaredProperty:
	Severity: sh:Violation
	Focus Node: http://example.org/data/measurement_body_weight_29463_7
	Message: https://w3id.org/shexmap/resource/ontology-schema/d285f599-dc2e-4bd8-83f3-df21defa8821/hasMeasuredDate is not a property of the vocabulary
Constraint Violation in UndeclaredProperty:
	Severity: sh:Violation
	Focus Node: http://example.org/data/measurement_body_weight_29463_7
	Message: https://w3id.org/shexmap/resource/ontology-schema/d285f599-dc2e-4bd8-83f3-df21defa8821/hasQuantityValue is not a property of the vocabulary
Constraint Violation in UndeclaredProperty:
	Severity: sh:Violation
	Focus Node: http://example.org/data/measurement_body_weight_29463_7
	Message: https://w3id.org/shexmap/resource/ontology-schema/d285f599-dc2e-4bd8-83f3-df21defa8821/hasUnit is not a property of the vocabulary
Constraint Violation in UndeclaredProperty:
	Severity: sh:Violation
	Focus Node: http://example.org/data/measurement_calcium_blood_49765_1
	Message: https://w3id.org/shexmap/resource/ontology-schema/d285f599-dc2e-4bd8-83f3-df21defa8821/hasCode is not a property of the vocabulary
Constraint Violation in UndeclaredProperty:
	Severity: sh:Violation
	Focus Node: http://example.org/data/measurement_calcium_blood_49765_1
	Message: https://w3id.org/shexmap/resource/ontology-schema/d285f599-dc2e-4bd8-83f3-df21defa8821/hasMeasuredDate is not a property of the vocabulary
Constraint Violation in UndeclaredProperty:
	Severity: sh:Violation
	Focus Node: http://example.org/data/measurement_calcium_blood_49765_1
	Message: https://w3id.org/shexmap/resource/ontology-schema/d285f599-dc2e-4bd8-83f3-df21defa8821/hasQuantityValue is not a property of the vocabulary
Constraint Violation in UndeclaredProperty:
	Severity: sh:Violation
	Focus Node: http://example.org/data/measurement_calcium_blood_49765_1
	Message: https://w3id.org/shexmap/resource/ontology-schema/d285f599-dc2e-4bd8-83f3-df21defa8821/hasUnit is not a property of the vocabulary
Constraint Violation in UndeclaredProperty:
	Severity: sh:Violation
	Focus Node: http://example.org/data/measurement_calcium_serum_17861_6
	Message: https://w3id.org/shexmap/resource/ontology-schema/d285f599-dc2e-4bd8-83f3-df21defa8821/hasCode is not a property of the vocabulary
Constraint Violation in UndeclaredProperty:
	Severity: sh:Violation
	Focus Node: http://example.org/data/measurement_calcium_serum_17861_6
	Message: https://w3id.org/shexmap/resource/ontology-schema/d285f599-dc2e-4bd8-83f3-df21defa8821/hasMeasuredDate is not a property of the vocabulary
Constraint Violation in UndeclaredProperty:
	Severity: sh:Violation
	Focus Node: http://example.org/data/measurement_calcium_serum_17861_6
	Message: https://w3id.org/shexmap/resource/ontology-schema/d285f599-dc2e-4bd8-83f3-df21defa8821/hasQuantityValue is not a property of the vocabulary
Constraint Violation in UndeclaredProperty:
	Severity: sh:Violation
	Focus Node: http://example.org/data/measurement_calcium_serum_17861_6
	Message: https://w3id.org/shexmap/resource/ontology-schema/d285f599-dc2e-4bd8-83f3-df21defa8821/hasUnit is not a property of the vocabulary
Constraint Violation in UndeclaredProperty:
	Severity: sh:Violation
	Focus Node: http://example.org/data/measurement_carbon_dioxide_blood_20565_8
	Message: https://w3id.org/shexmap/resource/ontology-schema/d285f599-dc2e-4bd8-83f3-df21defa8821/hasCode is not a property of the vocabulary
Constraint Violation in UndeclaredProperty:
	Severity: sh:Violation
	Focus Node: http://example.org/data/measurement_carbon_dioxide_blood_20565_8
	Message: https://w3id.org/shexmap/resource/ontology-schema/d285f599-dc2e-4bd8-83f3-df21defa8821/hasMeasuredDate is not a property of the vocabulary
Constraint Violation in UndeclaredProperty:
	Severity: sh:Violation
	Focus Node: http://example.org/data/measurement_carbon_dioxide_blood_20565_8
	Message: https://w3id.org/shexmap/resource/ontology-schema/d285f599-dc2e-4bd8-83f3-df21defa8821/hasQuantityValue is not a property of the vocabulary
Constraint Violation in UndeclaredProperty:
	Severity: sh:Violation
	Focus Node: http://example.org/data/measurement_carbon_dioxide_blood_20565_8
	Message: https://w3id.org/shexmap/resource/ontology-schema/d285f599-dc2e-4bd8-83f3-df21defa8821/hasUnit is not a property of the vocabulary
Constraint Violation in UndeclaredProperty:
	Severity: sh:Violation
	Focus Node: http://example.org/data/measurement_carbon_dioxide_serum_2028_9
	Message: https://w3id.org/shexmap/resource/ontology-schema/d285f599-dc2e-4bd8-83f3-df21defa8821/hasCode is not a property of the vocabulary
Constraint Violation in UndeclaredProperty:
	Severity: sh:Violation
	Focus Node: http://example.org/data/measurement_carbon_dioxide_serum_2028_9
	Message: https://w3id.org/shexmap/resource/ontology-schema/d285f599-dc2e-4bd8-83f3-df21defa8821/hasMeasuredDate is not a property of the vocabulary
Constraint Violation in UndeclaredProperty:
	Severity: sh:Violation
	Focus Node: http://example.org/data/measurement_carbon_dioxide_serum_2028_9
	Message: https://w3id.org/shexmap/resource/ontology-schema/d285f599-dc2e-4bd8-83f3-df21defa8821/hasQuantityValue is not a property of the vocabulary
Constraint Violation in UndeclaredProperty:
	Severity: sh:Violation
	Focus Node: http://example.org/data/measurement_carbon_dioxide_serum_2028_9
	Message: https://w3id.org/shexmap/resource/ontology-schema/d285f599-dc2e-4bd8-83f3-df21defa8821/hasUnit is not a property of the vocabulary
Constraint Violation in UndeclaredProperty:
	Severity: sh:Violation
	Focus Node: http://example.org/data/measurement_chloride_blood_2069_3
	Message: https://w3id.org/shexmap/resource/ontology-schema/d285f599-dc2e-4bd8-83f3-df21defa8821/hasCode is not a property of the vocabulary
Constraint Violation in UndeclaredProperty:
	Severity: sh:Violation
	Focus Node: http://example.org/data/measurement_chloride_blood_2069_3
	Message: https://w3id.org/shexmap/resource/ontology-schema/d285f599-dc2e-4bd8-83f3-df21defa8821/hasMeasuredDate is not a property of the vocabulary
Constraint Violation in UndeclaredProperty:
	Severity: sh:Violation
	Focus Node: http://example.org/data/measurement_chloride_blood_2069_3
	Message: https://w3id.org/shexmap/resource/ontology-schema/d285f599-dc2e-4bd8-83f3-df21defa8821/hasQuantityValue is not a property of the vocabulary
Constraint Violation in UndeclaredProperty:
	Severity: sh:Violation
	Focus Node: http://example.org/data/measurement_chloride_blood_2069_3
	Message: https://w3id.org/shexmap/resource/ontology-schema/d285f599-dc2e-4bd8-83f3-df21defa8821/hasUnit is not a property of the vocabulary
Constraint Violation in UndeclaredProperty:
	Severity: sh:Violation
	Focus Node: http://example.org/data/measurement_chloride_serum_2075_0
	Message: https://w3id.org/shexmap/resource/ontology-schema/d285f599-dc2e-4bd8-83f3-df21defa8821/hasCode is not a property of the vocabulary
Constraint Violation in UndeclaredProperty:
	Severity: sh:Violation
	Focus Node: http://example.org/data/measurement_chloride_serum_2075_0
	Message: https://w3id.org/shexmap/resource/ontology-schema/d285f599-dc2e-4bd8-83f3-df21defa8821/hasMeasuredDate is not a property of the vocabulary
Constraint Violation in UndeclaredProperty:
	Severity: sh:Violation
	Focus Node: http://example.org/data/measurement_chloride_serum_2075_0
	Message: https://w3id.org/shexmap/resource/ontology-schema/d285f599-dc2e-4bd8-83f3-df21defa8821/hasQuantityValue is not a property of the vocabulary
Constraint Violation in UndeclaredProperty:
	Severity: sh:Violation
	Focus Node: http://example.org/data/measurement_chloride_serum_2075_0
	Message: https://w3id.org/shexmap/resource/ontology-schema/d285f599-dc2e-4bd8-83f3-df21defa8821/hasUnit is not a property of the vocabulary
Constraint Violation in UndeclaredProperty:
	Severity: sh:Violation
	Focus Node: http://example.org/data/measurement_creatinine_blood_38483_4
	Message: https://w3id.org/shexmap/resource/ontology-schema/d285f599-dc2e-4bd8-83f3-df21defa8821/hasCode is not a property of the vocabulary
Constraint Violation in UndeclaredProperty:
	Severity: sh:Violation
	Focus Node: http://example.org/data/measurement_creatinine_blood_38483_4
	Message: https://w3id.org/shexmap/resource/ontology-schema/d285f599-dc2e-4bd8-83f3-df21defa8821/hasMeasuredDate is not a property of the vocabulary
Constraint Violation in UndeclaredProperty:
	Severity: sh:Violation
	Focus Node: http://example.org/data/measurement_creatinine_blood_38483_4
	Message: https://w3id.org/shexmap/resource/ontology-schema/d285f599-dc2e-4bd8-83f3-df21defa8821/hasQuantityValue is not a property of the vocabulary
Constraint Violation in UndeclaredProperty:
	Severity: sh:Violation
	Focus Node: http://example.org/data/measurement_creatinine_blood_38483_4
	Message: https://w3id.org/shexmap/resource/ontology-schema/d285f599-dc2e-4bd8-83f3-df21defa8821/hasUnit is not a property of the vocabulary
Constraint Violation in UndeclaredProperty:
	Severity: sh:Violation
	Focus Node: http://example.org/data/measurement_creatinine_serum_2160_0
	Message: https://w3id.org/shexmap/resource/ontology-schema/d285f599-dc2e-4bd8-83f3-df21defa8821/hasCode is not a property of the vocabulary
Constraint Violation in UndeclaredProperty:
	Severity: sh:Violation
	Focus Node: http://example.org/data/measurement_creatinine_serum_2160_0
	Message: https://w3id.org/shexmap/resource/ontology-schema/d285f599-dc2e-4bd8-83f3-df21defa8821/hasMeasuredDate is not a property of the vocabulary
Constraint Violation in UndeclaredProperty:
	Severity: sh:Violation
	Focus Node: http://example.org/data/measurement_creatinine_serum_2160_0
	Message: https://w3id.org/shexmap/resource/ontology-schema/d285f599-dc2e-4bd8-83f3-df21defa8821/hasQuantityValue is not a property of the vocabulary
Constraint Violation in UndeclaredProperty:
	Severity: sh:Violation
	Focus Node: http://example.org/data/measurement_creatinine_serum_2160_0
	Message: https://w3id.org/shexmap/resource/ontology-schema/d285f599-dc2e-4bd8-83f3-df21defa8821/hasUnit is not a property of the vocabulary
Constraint Violation in UndeclaredProperty:
	Severity: sh:Violation
	Focus Node: http://example.org/data/measurement_dast10_82667_7
	Message: https://w3id.org/shexmap/resource/ontology-schema/d285f599-dc2e-4bd8-83f3-df21defa8821/hasCode is not a property of the vocabulary
Constraint Violation in UndeclaredProperty:
	Severity: sh:Violation
	Focus Node: http://example.org/data/measurement_dast10_82667_7
	Message: https://w3id.org/shexmap/resource/ontology-schema/d285f599-dc2e-4bd8-83f3-df21defa8821/hasMeasuredDate is not a property of the vocabulary
Constraint Violation in UndeclaredProperty:
	Severity: sh:Violation
	Focus Node: http://example.org/data/measurement_dast10_82667_7
	Message: https://w3id.org/shexmap/resource/ontology-schema/d285f599-dc2e-4bd8-83f3-df21defa8821/hasQuantityValue is not a property of the vocabulary
Constraint Violation in UndeclaredProperty:
	Severity: sh:Violation
	Focus Node: http://example.org/data/measurement_dast10_82667_7
	Message: https://w3id.org/shexmap/resource/ontology-schema/d285f599-dc2e-4bd8-83f3-df21defa8821/hasUnit is not a property of the vocabulary
Constraint Violation in UndeclaredProperty:
	Severity: sh:Violation
	Focus Node: http://example.org/data/measurement_gfr_serum_33914_3
	Message: https://w3id.org/shexmap/resource/ontology-schema/d285f599-dc2e-4bd8-83f3-df21defa8821/hasCode is not a property of the vocabulary
Constraint Violation in UndeclaredProperty:
	Severity: sh:Violation
	Focus Node: http://example.org/data/measurement_gfr_serum_33914_3
	Message: https://w3id.org/shexmap/resource/ontology-schema/d285f599-dc2e-4bd8-83f3-df21defa8821/hasMeasuredDate is not a property of the vocabulary
Constraint Violation in UndeclaredProperty:
	Severity: sh:Violation
	Focus Node: http://example.org/data/measurement_gfr_serum_33914_3
	Message: https://w3id.org/shexmap/resource/ontology-schema/d285f599-dc2e-4bd8-83f3-df21defa8821/hasQuantityValue is not a property of the vocabulary
Constraint Violation in UndeclaredProperty:
	Severity: sh:Violation
	Focus Node: http://example.org/data/measurement_gfr_serum_33914_3
	Message: https://w3id.org/shexmap/resource/ontology-schema/d285f599-dc2e-4bd8-83f3-df21defa8821/hasUnit is not a property of the vocabulary
Constraint Violation in UndeclaredProperty:
	Severity: sh:Violation
	Focus Node: http://example.org/data/measurement_glucose_blood_2339_0
	Message: https://w3id.org/shexmap/resource/ontology-schema/d285f599-dc2e-4bd8-83f3-df21defa8821/hasCode is not a property of the vocabulary
Constraint Violation in UndeclaredProperty:
	Severity: sh:Violation
	Focus Node: http://example.org/data/measurement_glucose_blood_2339_0
	Message: https://w3id.org/shexmap/resource/ontology-schema/d285f599-dc2e-4bd8-83f3-df21defa8821/hasMeasuredDate is not a property of the vocabulary
Constraint Violation in UndeclaredProperty:
	Severity: sh:Violation
	Focus Node: http://example.org/data/measurement_glucose_blood_2339_0
	Message: https://w3id.org/shexmap/resource/ontology-schema/d285f599-dc2e-4bd8-83f3-df21defa8821/hasQuantityValue is not a property of the vocabulary
Constraint Violation in UndeclaredProperty:
	Severity: sh:Violation
	Focus Node: http://example.org/data/measurement_glucose_blood_2339_0
	Message: https://w3id.org/shexmap/resource/ontology-schema/d285f599-dc2e-4bd8-83f3-df21defa8821/hasUnit is not a property of the vocabulary
Constraint Violation in UndeclaredProperty:
	Severity: sh:Violation
	Focus Node: http://example.org/data/measurement_glucose_serum_2345_7
	Message: https://w3id.org/shexmap/resource/ontology-schema/d285f599-dc2e-4bd8-83f3-df21defa8821/hasCode is not a property of the vocabulary
Constraint Violation in UndeclaredProperty:
	Severity: sh:Violation
	Focus Node: http://example.org/data/measurement_glucose_serum_2345_7
	Message: https://w3id.org/shexmap/resource/ontology-schema/d285f599-dc2e-4bd8-83f3-df21defa8821/hasMeasuredDate is not a property of the vocabulary
Constraint Violation in UndeclaredProperty:
	Severity: sh:Violation
	Focus Node: http://example.org/data/measurement_glucose_serum_2345_7
	Message: https://w3id.org/shexmap/resource/ontology-schema/d285f599-dc2e-4bd8-83f3-df21defa8821/hasQuantityValue is not a property of the vocabulary
Constraint Violation in UndeclaredProperty:
	Severity: sh:Violation
	Focus Node: http://example.org/data/measurement_glucose_serum_2345_7
	Message: https://w3id.org/shexmap/resource/ontology-schema/d285f599-dc2e-4bd8-83f3-df21defa8821/hasUnit is not a property of the vocabulary
Constraint Violation in UndeclaredProperty:
	Severity: sh:Violation
	Focus Node: http://example.org/data/measurement_glucose_urine_5792_7
	Message: https://w3id.org/shexmap/resource/ontology-schema/d285f599-dc2e-4bd8-83f3-df21defa8821/hasCode is not a property of the vocabulary
Constraint Violation in UndeclaredProperty:
	Severity: sh:Violation
	Focus Node: http://example.org/data/measurement_glucose_urine_5792_7
	Message: https://w3id.org/shexmap/resource/ontology-schema/d285f599-dc2e-4bd8-83f3-df21defa8821/hasMeasuredDate is not a property of the vocabulary
Constraint Violation in UndeclaredProperty:
	Severity: sh:Violation
	Focus Node: http://example.org/data/measurement_glucose_urine_5792_7
	Message: https://w3id.org/shexmap/resource/ontology-schema/d285f599-dc2e-4bd8-83f3-df21defa8821/hasQuantityValue is not a property of the vocabulary
Constraint Violation in UndeclaredProperty:
	Severity: sh:Violation
	Focus Node: http://example.org/data/measurement_glucose_urine_5792_7
	Message: https://w3id.org/shexmap/resource/ontology-schema/d285f599-dc2e-4bd8-83f3-df21defa8821/hasUnit is not a property of the vocabulary
Constraint Violation in UndeclaredProperty:
	Severity: sh:Violation
	Focus Node: http://example.org/data/measurement_hark_76504_0
	Message: https://w3id.org/shexmap/resource/ontology-schema/d285f599-dc2e-4bd8-83f3-df21defa8821/hasCode is not a property of the vocabulary
Constraint Violation in UndeclaredProperty:
	Severity: sh:Violation
	Focus Node: http://example.org/data/measurement_hark_76504_0
	Message: https://w3id.org/shexmap/resource/ontology-schema/d285f599-dc2e-4bd8-83f3-df21defa8821/hasMeasuredDate is not a property of the vocabulary
Constraint Violation in UndeclaredProperty:
	Severity: sh:Violation
	Focus Node: http://example.org/data/measurement_hark_76504_0
	Message: https://w3id.org/shexmap/resource/ontology-schema/d285f599-dc2e-4bd8-83f3-df21defa8821/hasQuantityValue is not a property of the vocabulary
Constraint Violation in UndeclaredProperty:
	Severity: sh:Violation
	Focus Node: http://example.org/data/measurement_hark_76504_0
	Message: https://w3id.org/shexmap/resource/ontology-schema/d285f599-dc2e-4bd8-83f3-df21defa8821/hasUnit is not a property of the vocabulary
Constraint Violation in UndeclaredProperty:
	Severity: sh:Violation
	Focus Node: http://example.org/data/measurement_heart_rate_8867_4
	Message: https://w3id.org/shexmap/resource/ontology-schema/d285f599-dc2e-4bd8-83f3-df21defa8821/hasCode is not a property of the vocabulary
Constraint Violation in UndeclaredProperty:
	Severity: sh:Violation
	Focus Node: http://example.org/data/measurement_heart_rate_8867_4
	Message: https://w3id.org/shexmap/resource/ontology-schema/d285f599-dc2e-4bd8-83f3-df21defa8821/hasMeasuredDate is not a property of the vocabulary
Constraint Violation in UndeclaredProperty:
	Severity: sh:Violation
	Focus Node: http://example.org/data/measurement_heart_rate_8867_4
	Message: https://w3id.org/shexmap/resource/ontology-schema/d285f599-dc2e-4bd8-83f3-df21defa8821/hasQuantityValue is not a property of the vocabulary
Constraint Violation in UndeclaredProperty:
	Severity: sh:Violation
	Focus Node: http://example.org/data/measurement_heart_rate_8867_4
	Message: https://w3id.org/shexmap/resource/ontology-schema/d285f599-dc2e-4bd8-83f3-df21defa8821/hasUnit is not a property of the vocabulary
Constraint Violation in UndeclaredProperty:
	Severity: sh:Violation
	Focus Node: http://example.org/data/measurement_hemoglobin_a1c_4548_4
	Message: https://w3id.org/shexmap/resource/ontology-schema/d285f599-dc2e-4bd8-83f3-df21defa8821/hasCode is not a property of the vocabulary
Constraint Violation in UndeclaredProperty:
	Severity: sh:Violation
	Focus Node: http://example.org/data/measurement_hemoglobin_a1c_4548_4
	Message: https://w3id.org/shexmap/resource/ontology-schema/d285f599-dc2e-4bd8-83f3-df21defa8821/hasMeasuredDate is not a property of the vocabulary
Constraint Violation in UndeclaredProperty:
	Severity: sh:Violation
	Focus Node: http://example.org/data/measurement_hemoglobin_a1c_4548_4
	Message: https://w3id.org/shexmap/resource/ontology-schema/d285f599-dc2e-4bd8-83f3-df21defa8821/hasQuantityValue is not a property of the vocabulary
Constraint Violation in UndeclaredProperty:
	Severity: sh:Violation
	Focus Node: http://example.org/data/measurement_hemoglobin_a1c_4548_4
	Message: https://w3id.org/shexmap/resource/ontology-schema/d285f599-dc2e-4bd8-83f3-df21defa8821/hasUnit is not a property of the vocabulary
Constraint Violation in UndeclaredProperty:
	Severity: sh:Violation
	Focus Node: http://example.org/data/measurement_ketones_urine_5797_6
	Message: https://w3id.org/shexmap/resource/ontology-schema/d285f599-dc2e-4bd8-83f3-df21defa8821/hasCode is not a property of the vocabulary
Constraint Violation in UndeclaredProperty:
	Severity: sh:Violation
	Focus Node: http://example.org/data/measurement_ketones_urine_5797_6
	Message: https://w3id.org/shexmap/resource/ontology-schema/d285f599-dc2e-4bd8-83f3-df21defa8821/hasMeasuredDate is not a property of the vocabulary
Constraint Violation in UndeclaredProperty:
	Severity: sh:Violation
	Focus Node: http://example.org/data/measurement_ketones_urine_5797_6
	Message: https://w3id.org/shexmap/resource/ontology-schema/d285f599-dc2e-4bd8-83f3-df21defa8821/hasQuantityValue is not a property of the vocabulary
Constraint Violation in UndeclaredProperty:
	Severity: sh:Violation
	Focus Node: http://example.org/data/measurement_ketones_urine_5797_6
	Message: https://w3id.org/shexmap/resource/ontology-schema/d285f599-dc2e-4bd8-83f3-df21defa8821/hasUnit is not a property of the vocabulary
Constraint Violation in UndeclaredProperty:
	Severity: sh:Violation
	Focus Node: http://example.org/data/measurement_pain_severity_72514_3
	Message: https://w3id.org/shexmap/resource/ontology-schema/d285f599-dc2e-4bd8-83f3-df21defa8821/hasCode is not a property of the vocabulary
Constraint Violation in UndeclaredProperty:
	Severity: sh:Violation
	Focus Node: http://example.org/data/measurement_pain_severity_72514_3
	Message: https://w3id.org/shexmap/resource/ontology-schema/d285f599-dc2e-4bd8-83f3-df21defa8821/hasMeasuredDate is not a property of the vocabulary
Constraint Violation in UndeclaredProperty:
	Severity: sh:Violation
	Focus Node: http://example.org/data/measurement_pain_severity_72514_3
	Message: https://w3id.org/shexmap/resource/ontology-schema/d285f599-dc2e-4bd8-83f3-df21defa8821/hasQuantityValue is not a property of the vocabulary
Constraint Violation in UndeclaredProperty:
	Severity: sh:Violation
	Focus Node: http://example.org/data/measurement_pain_severity_72514_3
	Message: https://w3id.org/shexmap/resource/ontology-schema/d285f599-dc2e-4bd8-83f3-df21defa8821/hasUnit is not a property of the vocabulary
Constraint Violation in UndeclaredProperty:
	Severity: sh:Violation
	Focus Node: http://example.org/data/measurement_ph_urine_5803_2
	Message: https://w3id.org/shexmap/resource/ontology-schema/d285f599-dc2e-4bd8-83f3-df21defa8821/hasCode is not a property of the vocabulary
Constraint Violation in UndeclaredProperty:
	Severity: sh:Violation
	Focus Node: http://example.org/data/measurement_ph_urine_5803_2
	Message: https://w3id.org/shexmap/resource/ontology-schema/d285f599-dc2e-4bd8-83f3-df21defa8821/hasMeasuredDate is not a property of the vocabulary
Constraint Violation in UndeclaredProperty:
	Severity: sh:Violation
	Focus Node: http://example.org/data/measurement_ph_urine_5803_2
	Message: https://w3id.org/shexmap/resource/ontology-schema/d285f599-dc2e-4bd8-83f3-df21defa8821/hasQuantityValue is not a property of the vocabulary
Constraint Violation in UndeclaredProperty:
	Severity: sh:Violation
	Focus Node: http://example.org/data/measurement_potassium_blood_6298_4
	Message: https://w3id.org/shexmap/resource/ontology-schema/d285f599-dc2e-4bd8-83f3-df21defa8821/hasCode is not a property of the vocabulary
Constraint Violation in UndeclaredProperty:
	Severity: sh:Violation
	Focus Node: http://example.org/data/measurement_potassium_blood_6298_4
	Message: https://w3id.org/shexmap/resource/ontology-schema/d285f599-dc2e-4bd8-83f3-df21defa8821/hasMeasuredDate is not a property of the vocabulary
Constraint Violation in UndeclaredProperty:
	Severity: sh:Violation
	Focus Node: http://example.org/data/measurement_potassium_blood_6298_4
	Message: https://w3id.org/shexmap/resource/ontology-schema/d285f599-dc2e-4bd8-83f3-df21defa8821/hasQuantityValue is not a property of the vocabulary
Constraint Violation in UndeclaredProperty:
	Severity: sh:Violation
	Focus Node: http://example.org/data/measurement_potassium_blood_6298_4
	Message: https://w3id.org/shexmap/resource/ontology-schema/d285f599-dc2e-4bd8-83f3-df21defa8821/hasUnit is not a property of the vocabulary
Constraint Violation in UndeclaredProperty:
	Severity: sh:Violation
	Focus Node: http://example.org/data/measurement_potassium_serum_2823_3
	Message: https://w3id.org/shexmap/resource/ontology-schema/d285f599-dc2e-4bd8-83f3-df21defa8821/hasCode is not a property of the vocabulary
Constraint Violation in UndeclaredProperty:
	Severity: sh:Violation
	Focus Node: http://example.org/data/measurement_potassium_serum_2823_3
	Message: https://w3id.org/shexmap/resource/ontology-schema/d285f599-dc2e-4bd8-83f3-df21defa8821/hasMeasuredDate is not a property of the vocabulary
Constraint Violation in UndeclaredProperty:
	Severity: sh:Violation
	Focus Node: http://example.org/data/measurement_potassium_serum_2823_3
	Message: https://w3id.org/shexmap/resource/ontology-schema/d285f599-dc2e-4bd8-83f3-df21defa8821/hasQuantityValue is not a property of the vocabulary
Constraint Violation in UndeclaredProperty:
	Severity: sh:Violation
	Focus Node: http://example.org/data/measurement_potassium_serum_2823_3
	Message: https://w3id.org/shexmap/resource/ontology-schema/d285f599-dc2e-4bd8-83f3-df21defa8821/hasUnit is not a property of the vocabulary
Constraint Violation in UndeclaredProperty:
	Severity: sh:Violation
	Focus Node: http://example.org/data/measurement_protein_urine_5804_0
	Message: https://w3id.org/shexmap/resource/ontology-schema/d285f599-dc2e-4bd8-83f3-df21defa8821/hasCode is not a property of the vocabulary
Constraint Violation in UndeclaredProperty:
	Severity: sh:Violation
	Focus Node: http://example.org/data/measurement_protein_urine_5804_0
	Message: https://w3id.org/shexmap/resource/ontology-schema/d285f599-dc2e-4bd8-83f3-df21defa8821/hasMeasuredDate is not a property of the vocabulary
Constraint Violation in UndeclaredProperty:
	Severity: sh:Violation
	Focus Node: http://example.org/data/measurement_protein_urine_5804_0
	Message: https://w3id.org/shexmap/resource/ontology-schema/d285f599-dc2e-4bd8-83f3-df21defa8821/hasQuantityValue is not a property of the vocabulary
Constraint Violation in UndeclaredProperty:
	Severity: sh:Violation
	Focus Node: http://example.org/data/measurement_protein_urine_5804_0
	Message: https://w3id.org/shexmap/resource/ontology-schema/d285f599-dc2e-4bd8-83f3-df21defa8821/hasUnit is not a property of the vocabulary
Constraint Violation in UndeclaredProperty:
	Severity: sh:Violation
	Focus Node: http://example.org/data/measurement_respiratory_rate_9279_1
	Message: https://w3id.org/shexmap/resource/ontology-schema/d285f599-dc2e-4bd8-83f3-df21defa8821/hasCode is not a property of the vocabulary
Constraint Violation in UndeclaredProperty:
	Severity: sh:Violation
	Focus Node: http://example.org/data/measurement_respiratory_rate_9279_1
	Message: https://w3id.org/shexmap/resource/ontology-schema/d285f599-dc2e-4bd8-83f3-df21defa8821/hasMeasuredDate is not a property of the vocabulary
Constraint Violation in UndeclaredProperty:
	Severity: sh:Violation
	Focus Node: http://example.org/data/measurement_respiratory_rate_9279_1
	Message: https://w3id.org/shexmap/resource/ontology-schema/d285f599-dc2e-4bd8-83f3-df21defa8821/hasQuantityValue is not a property of the vocabulary
Constraint Violation in UndeclaredProperty:
	Severity: sh:Violation
	Focus Node: http://example.org/data/measurement_respiratory_rate_9279_1
	Message: https://w3id.org/shexmap/resource/ontology-schema/d285f599-dc2e-4bd8-83f3-df21defa8821/hasUnit is not a property of the vocabulary
Constraint Violation in UndeclaredProperty:
	Severity: sh:Violation
	Focus Node: http://example.org/data/measurement_sodium_blood_2947_0
	Message: https://w3id.org/shexmap/resource/ontology-schema/d285f599-dc2e-4bd8-83f3-df21defa8821/hasCode is not a property of the vocabulary
Constraint Violation in UndeclaredProperty:
	Severity: sh:Violation
	Focus Node: http://example.org/data/measurement_sodium_blood_2947_0
	Message: https://w3id.org/shexmap/resource/ontology-schema/d285f599-dc2e-4bd8-83f3-df21defa8821/hasMeasuredDate is not a property of the vocabulary
Constraint Violation in UndeclaredProperty:
	Severity: sh:Violation
	Focus Node: http://example.org/data/measurement_sodium_blood_2947_0
	Message: https://w3id.org/shexmap/resource/ontology-schema/d285f599-dc2e-4bd8-83f3-df21defa8821/hasQuantityValue is not a property of the vocabulary
Constraint Violation in UndeclaredProperty:
	Severity: sh:Violation
	Focus Node: http://example.org/data/measurement_sodium_blood_2947_0
	Message: https://w3id.org/shexmap/resource/ontology-schema/d285f599-dc2e-4bd8-83f3-df21defa8821/hasUnit is not a property of the vocabulary
Constraint Violation in UndeclaredProperty:
	Severity: sh:Violation
	Focus Node: http://example.org/data/measurement_sodium_serum_2951_2
	Message: https://w3id.org/shexmap/resource/ontology-schema/d285f599-dc2e-4bd8-83f3-df21defa8821/hasCode is not a property of the vocabulary
Constraint Violation in UndeclaredProperty:
	Severity: sh:Violation
	Focus Node: http://example.org/data/measurement_sodium_serum_2951_2
	Message: https://w3id.org/shexmap/resource/ontology-schema/d285f599-dc2e-4bd8-83f3-df21defa8821/hasMeasuredDate is not a property of the vocabulary
Constraint Violation in UndeclaredProperty:
	Severity: sh:Violation
	Focus Node: http://example.org/data/measurement_sodium_serum_2951_2
	Message: https://w3id.org/shexmap/resource/ontology-schema/d285f599-dc2e-4bd8-83f3-df21defa8821/hasQuantityValue is not a property of the vocabulary
Constraint Violation in UndeclaredProperty:
	Severity: sh:Violation
	Focus Node: http://example.org/data/measurement_sodium_serum_2951_2
	Message: https://w3id.org/shexmap/resource/ontology-schema/d285f599-dc2e-4bd8-83f3-df21defa8821/hasUnit is not a property of the vocabulary
Constraint Violation in UndeclaredProperty:
	Severity: sh:Violation
	Focus Node: http://example.org/data/measurement_specific_gravity_urine_5811_5
	Message: https://w3id.org/shexmap/resource/ontology-schema/d285f599-dc2e-4bd8-83f3-df21defa8821/hasCode is not a property of the vocabulary
Constraint Violation in UndeclaredProperty:
	Severity: sh:Violation
	Focus Node: http://example.org/data/measurement_specific_gravity_urine_5811_5
	Message: https://w3id.org/shexmap/resource/ontology-schema/d285f599-dc2e-4bd8-83f3-df21defa8821/hasMeasuredDate is not a property of the vocabulary
Constraint Violation in UndeclaredProperty:
	Severity: sh:Violation
	Focus Node: http://example.org/data/measurement_specific_gravity_urine_5811_5
	Message: https://w3id.org/shexmap/resource/ontology-schema/d285f599-dc2e-4bd8-83f3-df21defa8821/hasQuantityValue is not a property of the vocabulary
Constraint Violation in UndeclaredProperty:
	Severity: sh:Violation
	Focus Node: http://example.org/data/measurement_specific_gravity_urine_5811_5
	Message: https://w3id.org/shexmap/resource/ontology-schema/d285f599-dc2e-4bd8-83f3-df21defa8821/hasUnit is not a property of the vocabulary
Constraint Violation in UndeclaredProperty:
	Severity: sh:Violation
	Focus Node: http://example.org/data/measurement_urea_nitrogen_blood_6299_2
	Message: https://w3id.org/shexmap/resource/ontology-schema/d285f599-dc2e-4bd8-83f3-df21defa8821/hasCode is not a property of the vocabulary
Constraint Violation in UndeclaredProperty:
	Severity: sh:Violation
	Focus Node: http://example.org/data/measurement_urea_nitrogen_blood_6299_2
	Message: https://w3id.org/shexmap/resource/ontology-schema/d285f599-dc2e-4bd8-83f3-df21defa8821/hasMeasuredDate is not a property of the vocabulary
Constraint Violation in UndeclaredProperty:
	Severity: sh:Violation
	Focus Node: http://example.org/data/measurement_urea_nitrogen_blood_6299_2
	Message: https://w3id.org/shexmap/resource/ontology-schema/d285f599-dc2e-4bd8-83f3-df21defa8821/hasQuantityValue is not a property of the vocabulary
Constraint Violation in UndeclaredProperty:
	Severity: sh:Violation
	Focus Node: http://example.org/data/measurement_urea_nitrogen_blood_6299_2
	Message: https://w3id.org/shexmap/resource/ontology-schema/d285f599-dc2e-4bd8-83f3-df21defa8821/hasUnit is not a property of the vocabulary
Constraint Violation in UndeclaredProperty:
	Severity: sh:Violation
	Focus Node: http://example.org/data/measurement_urea_nitrogen_serum_3094_0
	Message: https://w3id.org/shexmap/resource/ontology-schema/d285f599-dc2e-4bd8-83f3-df21defa8821/hasCode is not a property of the vocabulary
Constraint Violation in UndeclaredProperty:
	Severity: sh:Violation
	Focus Node: http://example.org/data/measurement_urea_nitrogen_serum_3094_0
	Message: https://w3id.org/shexmap/resource/ontology-schema/d285f599-dc2e-4bd8-83f3-df21defa8821/hasMeasuredDate is not a property of the vocabulary
Constraint Violation in UndeclaredProperty:
	Severity: sh:Violation
	Focus Node: http://example.org/data/measurement_urea_nitrogen_serum_3094_0
	Message: https://w3id.org/shexmap/resource/ontology-schema/d285f599-dc2e-4bd8-83f3-df21defa8821/hasQuantityValue is not a property of the vocabulary
Constraint Violation in UndeclaredProperty:
	Severity: sh:Violation
	Focus Node: http://example.org/data/measurement_urea_nitrogen_serum_3094_0
	Message: https://w3id.org/shexmap/resource/ontology-schema/d285f599-dc2e-4bd8-83f3-df21defa8821/hasUnit is not a property of the vocabulary
Constraint Violation in UndeclaredProperty:
	Severity: sh:Violation
	Focus Node: http://example.org/data/procedure_bilirubin_urine_20505_4
	Message: https://w3id.org/shexmap/resource/ontology-schema/d285f599-dc2e-4bd8-83f3-df21defa8821/hasCode is not a property of the vocabulary
Constraint Violation in UndeclaredProperty:
	Severity: sh:Violation
	Focus Node: http://example.org/data/procedure_bilirubin_urine_20505_4
	Message: https://w3id.org/shexmap/resource/ontology-schema/d285f599-dc2e-4bd8-83f3-df21defa8821/hasPatient is not a property of the vocabulary
Constraint Violation in UndeclaredProperty:
	Severity: sh:Violation
	Focus Node: http://example.org/data/procedure_bilirubin_urine_20505_4
	Message: https://w3id.org/shexmap/resource/ontology-schema/d285f599-dc2e-4bd8-83f3-df21defa8821/hasPerformedDate is not a property of the vocabulary
Constraint Violation in UndeclaredProperty:
	Severity: sh:Violation
	Focus Node: http://example.org/data/procedure_bilirubin_urine_20505_4
	Message: https://w3id.org/shexmap/resource/ontology-schema/d285f599-dc2e-4bd8-83f3-df21defa8821/hasPerformer is not a property of the vocabulary
Constraint Violation in UndeclaredProperty:
	Severity: sh:Violation
	Focus Node: http://example.org/data/procedure_bilirubin_urine_20505_4
	Message: https://w3id.org/shexmap/resource/ontology-schema/d285f599-dc2e-4bd8-83f3-df21defa8821/hasStatus is not a property of the vocabulary
Constraint Violation in UndeclaredProperty:
	Severity: sh:Violation
	Focus Node: http://example.org/data/procedure_bmi_39156_5
	Message: https://w3id.org/shexmap/resource/ontology-schema/d285f599-dc2e-4bd8-83f3-df21defa8821/hasCode is not a property of the vocabulary
Constraint Violation in UndeclaredProperty:
	Severity: sh:Violation
	Focus Node: http://example.org/data/procedure_bmi_39156_5
	Message: https://w3id.org/shexmap/resource/ontology-schema/d285f599-dc2e-4bd8-83f3-df21defa8821/hasPatient is not a property of the vocabulary
Constraint Violation in UndeclaredProperty:
	Severity: sh:Violation
	Focus Node: http://example.org/data/procedure_bmi_39156_5
	Message: https://w3id.org/shexmap/resource/ontology-schema/d285f599-dc2e-4bd8-83f3-df21defa8821/hasPerformedDate is not a property of the vocabulary
Constraint Violation in UndeclaredProperty:
	Severity: sh:Violation
	Focus Node: http://example.org/data/procedure_bmi_39156_5
	Message: https://w3id.org/shexmap/resource/ontology-schema/d285f599-dc2e-4bd8-83f3-df21defa8821/hasPerformer is not a property of the vocabulary
Constraint Violation in UndeclaredProperty:
	Severity: sh:Violation
	Focus Node: http://example.org/data/procedure_bmi_39156_5
	Message: https://w3id.org/shexmap/resource/ontology-schema/d285f599-dc2e-4bd8-83f3-df21defa8821/hasStatus is not a property of the vocabulary
Constraint Violation in UndeclaredProperty:
	Severity: sh:Violation
	Focus Node: http://example.org/data/procedure_body_height_8302_2
	Message: https://w3id.org/shexmap/resource/ontology-schema/d285f599-dc2e-4bd8-83f3-df21defa8821/hasCode is not a property of the vocabulary
Constraint Violation in UndeclaredProperty:
	Severity: sh:Violation
	Focus Node: http://example.org/data/procedure_body_height_8302_2
	Message: https://w3id.org/shexmap/resource/ontology-schema/d285f599-dc2e-4bd8-83f3-df21defa8821/hasPatient is not a property of the vocabulary
Constraint Violation in UndeclaredProperty:
	Severity: sh:Violation
	Focus Node: http://example.org/data/procedure_body_height_8302_2
	Message: https://w3id.org/shexmap/resource/ontology-schema/d285f599-dc2e-4bd8-83f3-df21defa8821/hasPerformedDate is not a property of the vocabulary
Constraint Violation in UndeclaredProperty:
	Severity: sh:Violation
	Focus Node: http://example.org/data/procedure_body_height_8302_2
	Message: https://w3id.org/shexmap/resource/ontology-schema/d285f599-dc2e-4bd8-83f3-df21defa8821/hasPerformer is not a property of the vocabulary
Constraint Violation in UndeclaredProperty:
	Severity: sh:Violation
	Focus Node: http://example.org/data/procedure_body_height_8302_2
	Message: https://w3id.org/shexmap/resource/ontology-schema/d285f599-dc2e-4bd8-83f3-df21defa8821/hasStatus is not a property of the vocabulary
Constraint Violation in UndeclaredProperty:
	Severity: sh:Violation
	Focus Node: http://example.org/data/procedure_body_weight_29463_7
	Message: https://w3id.org/shexmap/resource/ontology-schema/d285f599-dc2e-4bd8-83f3-df21defa8821/hasCode is not a property of the vocabulary
Constraint Violation in UndeclaredProperty:
	Severity: sh:Violation
	Focus Node: http://example.org/data/procedure_body_weight_29463_7
	Message: https://w3id.org/shexmap/resource/ontology-schema/d285f599-dc2e-4bd8-83f3-df21defa8821/hasPatient is not a property of the vocabulary
Constraint Violation in UndeclaredProperty:
	Severity: sh:Violation
	Focus Node: http://example.org/data/procedure_body_weight_29463_7
	Message: https://w3id.org/shexmap/resource/ontology-schema/d285f599-dc2e-4bd8-83f3-df21defa8821/hasPerformedDate is not a property of the vocabulary
Constraint Violation in UndeclaredProperty:
	Severity: sh:Violation
	Focus Node: http://example.org/data/procedure_body_weight_29463_7
	Message: https://w3id.org/shexmap/resource/ontology-schema/d285f599-dc2e-4bd8-83f3-df21defa8821/hasPerformer is not a property of the vocabulary
Constraint Violation in UndeclaredProperty:
	Severity: sh:Violation
	Focus Node: http://example.org/data/procedure_body_weight_29463_7
	Message: https://w3id.org/shexmap/resource/ontology-schema/d285f599-dc2e-4bd8-83f3-df21defa8821/hasStatus is not a property of the vocabulary
Constraint Violation in UndeclaredProperty:
	Severity: sh:Violation
	Focus Node: http://example.org/data/procedure_calcium_blood_49765_1
	Message: https://w3id.org/shexmap/resource/ontology-schema/d285f599-dc2e-4bd8-83f3-df21defa8821/hasCode is not a property of the vocabulary
Constraint Violation in UndeclaredProperty:
	Severity: sh:Violation
	Focus Node: http://example.org/data/procedure_calcium_blood_49765_1
	Message: https://w3id.org/shexmap/resource/ontology-schema/d285f599-dc2e-4bd8-83f3-df21defa8821/hasPatient is not a property of the vocabulary
Constraint Violation in UndeclaredProperty:
	Severity: sh:Violation
	Focus Node: http://example.org/data/procedure_calcium_blood_49765_1
	Message: https://w3id.org/shexmap/resource/ontology-schema/d285f599-dc2e-4bd8-83f3-df21defa8821/hasPerformedDate is not a property of the vocabulary
Constraint Violation in UndeclaredProperty:
	Severity: sh:Violation
	Focus Node: http://example.org/data/procedure_calcium_blood_49765_1
	Message: https://w3id.org/shexmap/resource/ontology-schema/d285f599-dc2e-4bd8-83f3-df21defa8821/hasPerformer is not a property of the vocabulary
Constraint Violation in UndeclaredProperty:
	Severity: sh:Violation
	Focus Node: http://example.org/data/procedure_calcium_blood_49765_1
	Message: https://w3id.org/shexmap/resource/ontology-schema/d285f599-dc2e-4bd8-83f3-df21defa8821/hasStatus is not a property of the vocabulary
Constraint Violation in UndeclaredProperty:
	Severity: sh:Violation
	Focus Node: http://example.org/data/procedure_calcium_serum_17861_6
	Message: https://w3id.org/shexmap/resource/ontology-schema/d285f599-dc2e-4bd8-83f3-df21defa8821/hasCode is not a property of the vocabulary
Constraint Violation in UndeclaredProperty:
	Severity: sh:Violation
	Focus Node: http://example.org/data/procedure_calcium_serum_17861_6
	Message: https://w3id.org/shexmap/resource/ontology-schema/d285f599-dc2e-4bd8-83f3-df21defa8821/hasPatient is not a property of the vocabulary
Constraint Violation in UndeclaredProperty:
	Severity: sh:Violation
	Focus Node: http://example.org/data/procedure_calcium_serum_17861_6
	Message: https://w3id.org/shexmap/resource/ontology-schema/d285f599-dc2e-4bd8-83f3-df21defa8821/hasPerformedDate is not a property of the vocabulary
Constraint Violation in UndeclaredProperty:
	Severity: sh:Violation
	Focus Node: http://example.org/data/procedure_calcium_serum_17861_6
	Message: https://w3id.org/shexmap/resource/ontology-schema/d285f599-dc2e-4bd8-83f3-df21defa8821/hasPerformer is not a property of the vocabulary
Constraint Violation in UndeclaredProperty:
	Severity: sh:Violation
	Focus Node: http://example.org/data/procedure_calcium_serum_17861_6
	Message: https://w3id.org/shexmap/resource/ontology-schema/d285f599-dc2e-4bd8-83f3-df21defa8821/hasStatus is not a property of the vocabulary
Constraint Violation in UndeclaredProperty:
	Severity: sh:Violation
	Focus Node: http://example.org/data/procedure_carbon_dioxide_blood_20565_8
	Message: https://w3id.org/shexmap/resource/ontology-schema/d285f599-dc2e-4bd8-83f3-df21defa8821/hasCode is not a property of the vocabulary
Constraint Violation in UndeclaredProperty:
	Severity: sh:Violation
	Focus Node: http://example.org/data/procedure_carbon_dioxide_blood_20565_8
	Message: https://w3id.org/shexmap/resource/ontology-schema/d285f599-dc2e-4bd8-83f3-df21defa8821/hasPatient is not a property of the vocabulary
Constraint Violation in UndeclaredProperty:
	Severity: sh:Violation
	Focus Node: http://example.org/data/procedure_carbon_dioxide_blood_20565_8
	Message: https://w3id.org/shexmap/resource/ontology-schema/d285f599-dc2e-4bd8-83f3-df21defa8821/hasPerformedDate is not a property of the vocabulary
Constraint Violation in UndeclaredProperty:
	Severity: sh:Violation
	Focus Node: http://example.org/data/procedure_carbon_dioxide_blood_20565_8
	Message: https://w3id.org/shexmap/resource/ontology-schema/d285f599-dc2e-4bd8-83f3-df21defa8821/hasPerformer is not a property of the vocabulary
Constraint Violation in UndeclaredProperty:
	Severity: sh:Violation
	Focus Node: http://example.org/data/procedure_carbon_dioxide_blood_20565_8
	Message: https://w3id.org/shexmap/resource/ontology-schema/d285f599-dc2e-4bd8-83f3-df21defa8821/hasStatus is not a property of the vocabulary
Constraint Violation in UndeclaredProperty:
	Severity: sh:Violation
	Focus Node: http://example.org/data/procedure_carbon_dioxide_serum_2028_9
	Message: https://w3id.org/shexmap/resource/ontology-schema/d285f599-dc2e-4bd8-83f3-df21defa8821/hasCode is not a property of the vocabulary
Constraint Violation in UndeclaredProperty:
	Severity: sh:Violation
	Focus Node: http://example.org/data/procedure_carbon_dioxide_serum_2028_9
	Message: https://w3id.org/shexmap/resource/ontology-schema/d285f599-dc2e-4bd8-83f3-df21defa8821/hasPatient is not a property of the vocabulary
Constraint Violation in UndeclaredProperty:
	Severity: sh:Violation
	Focus Node: http://example.org/data/procedure_carbon_dioxide_serum_2028_9
	Message: https://w3id.org/shexmap/resource/ontology-schema/d285f599-dc2e-4bd8-83f3-df21defa8821/hasPerformedDate is not a property of the vocabulary
Constraint Violation in UndeclaredProperty:
	Severity: sh:Violation
	Focus Node: http://example.org/data/procedure_carbon_dioxide_serum_2028_9
	Message: https://w3id.org/shexmap/resource/ontology-schema/d285f599-dc2e-4bd8-83f3-df21defa8821/hasPerformer is not a property of the vocabulary
Constraint Violation in UndeclaredProperty:
	Severity: sh:Violation
	Focus Node: http://example.org/data/procedure_carbon_dioxide_serum_2028_9
	Message: https://w3id.org/shexmap/resource/ontology-schema/d285f599-dc2e-4bd8-83f3-df21defa8821/hasStatus is not a property of the vocabulary
Constraint Violation in UndeclaredProperty:
	Severity: sh:Violation
	Focus Node: http://example.org/data/procedure_chloride_blood_2069_3
	Message: https://w3id.org/shexmap/resource/ontology-schema/d285f599-dc2e-4bd8-83f3-df21defa8821/hasCode is not a property of the vocabulary
Constraint Violation in UndeclaredProperty:
	Severity: sh:Violation
	Focus Node: http://example.org/data/procedure_chloride_blood_2069_3
	Message: https://w3id.org/shexmap/resource/ontology-schema/d285f599-dc2e-4bd8-83f3-df21defa8821/hasPatient is not a property of the vocabulary
Constraint Violation in UndeclaredProperty:
	Severity: sh:Violation
	Focus Node: http://example.org/data/procedure_chloride_blood_2069_3
	Message: https://w3id.org/shexmap/resource/ontology-schema/d285f599-dc2e-4bd8-83f3-df21defa8821/hasPerformedDate is not a property of the vocabulary
Constraint Violation in UndeclaredProperty:
	Severity: sh:Violation
	Focus Node: http://example.org/data/procedure_chloride_blood_2069_3
	Message: https://w3id.org/shexmap/resource/ontology-schema/d285f599-dc2e-4bd8-83f3-df21defa8821/hasPerformer is not a property of the vocabulary
Constraint Violation in UndeclaredProperty:
	Severity: sh:Violation
	Focus Node: http://example.org/data/procedure_chloride_blood_2069_3
	Message: https://w3id.org/shexmap/resource/ontology-schema/d285f599-dc2e-4bd8-83f3-df21defa8821/hasStatus is not a property of the vocabulary
Constraint Violation in UndeclaredProperty:
	Severity: sh:Violation
	Focus Node: http://example.org/data/procedure_chloride_serum_2075_0
	Message: https://w3id.org/shexmap/resource/ontology-schema/d285f599-dc2e-4bd8-83f3-df21defa8821/hasCode is not a property of the vocabulary
Constraint Violation in UndeclaredProperty:
	Severity: sh:Violation
	Focus Node: http://example.org/data/procedure_chloride_serum_2075_0
	Message: https://w3id.org/shexmap/resource/ontology-schema/d285f599-dc2e-4bd8-83f3-df21defa8821/hasPatient is not a property of the vocabulary
Constraint Violation in UndeclaredProperty:
	Severity: sh:Violation
	Focus Node: http://example.org/data/procedure_chloride_serum_2075_0
	Message: https://w3id.org/shexmap/resource/ontology-schema/d285f599-dc2e-4bd8-83f3-df21defa8821/hasPerformedDate is not a property of the vocabulary
Constraint Violation in UndeclaredProperty:
	Severity: sh:Violation
	Focus Node: http://example.org/data/procedure_chloride_serum_2075_0
	Message: https://w3id.org/shexmap/resource/ontology-schema/d285f599-dc2e-4bd8-83f3-df21defa8821/hasPerformer is not a property of the vocabulary
Constraint Violation in UndeclaredProperty:
	Severity: sh:Violation
	Focus Node: http://example.org/data/procedure_chloride_serum_2075_0
	Message: https://w3id.org/shexmap/resource/ontology-schema/d285f599-dc2e-4bd8-83f3-df21defa8821/hasStatus is not a property of the vocabulary
Constraint Violation in UndeclaredProperty:
	Severity: sh:Violation
	Focus Node: http://example.org/data/procedure_creatinine_blood_38483_4
	Message: https://w3id.org/shexmap/resource/ontology-schema/d285f599-dc2e-4bd8-83f3-df21defa8821/hasCode is not a property of the vocabulary
Constraint Violation in UndeclaredProperty:
	Severity: sh:Violation
	Focus Node: http://example.org/data/procedure_creatinine_blood_38483_4
	Message: https://w3id.org/shexmap/resource/ontology-schema/d285f599-dc2e-4bd8-83f3-df21defa8821/hasPatient is not a property of the vocabulary
Constraint Violation in UndeclaredProperty:
	Severity: sh:Violation
	Focus Node: http://example.org/data/procedure_creatinine_blood_38483_4
	Message: https://w3id.org/shexmap/resource/ontology-schema/d285f599-dc2e-4bd8-83f3-df21defa8821/hasPerformedDate is not a property of the vocabulary
Constraint Violation in UndeclaredProperty:
	Severity: sh:Violation
	Focus Node: http://example.org/data/procedure_creatinine_blood_38483_4
	Message: https://w3id.org/shexmap/resource/ontology-schema/d285f599-dc2e-4bd8-83f3-df21defa8821/hasPerformer is not a property of the vocabulary
Constraint Violation in UndeclaredProperty:
	Severity: sh:Violation
	Focus Node: http://example.org/data/procedure_creatinine_blood_38483_4
	Message: https://w3id.org/shexmap/resource/ontology-schema/d285f599-dc2e-4bd8-83f3-df21defa8821/hasStatus is not a property of the vocabulary
Constraint Violation in UndeclaredProperty:
	Severity: sh:Violation
	Focus Node: http://example.org/data/procedure_creatinine_serum_2160_0
	Message: https://w3id.org/shexmap/resource/ontology-schema/d285f599-dc2e-4bd8-83f3-df21defa8821/hasCode is not a property of the vocabulary
Constraint Violation in UndeclaredProperty:
	Severity: sh:Violation
	Focus Node: http://example.org/data/procedure_creatinine_serum_2160_0
	Message: https://w3id.org/shexmap/resource/ontology-schema/d285f599-dc2e-4bd8-83f3-df21defa8821/hasPatient is not a property of the vocabulary
Constraint Violation in UndeclaredProperty:
	Severity: sh:Violation
	Focus Node: http://example.org/data/procedure_creatinine_serum_2160_0
	Message: https://w3id.org/shexmap/resource/ontology-schema/d285f599-dc2e-4bd8-83f3-df21defa8821/hasPerformedDate is not a property of the vocabulary
Constraint Violation in UndeclaredProperty:
	Severity: sh:Violation
	Focus Node: http://example.org/data/procedure_creatinine_serum_2160_0
	Message: https://w3id.org/shexmap/resource/ontology-schema/d285f599-dc2e-4bd8-83f3-df21defa8821/hasPerformer is not a property of the vocabulary
Constraint Violation in UndeclaredProperty:
	Severity: sh:Violation
	Focus Node: http://example.org/data/procedure_creatinine_serum_2160_0
	Message: https://w3id.org/shexmap/resource/ontology-schema/d285f599-dc2e-4bd8-83f3-df21defa8821/hasStatus is not a property of the vocabulary
Constraint Violation in UndeclaredProperty:
	Severity: sh:Violation
	Focus Node: http://example.org/data/procedure_dast10_82667_7
	Message: https://w3id.org/shexmap/resource/ontology-schema/d285f599-dc2e-4bd8-83f3-df21defa8821/hasCode is not a property of the vocabulary
Constraint Violation in UndeclaredProperty:
	Severity: sh:Violation
	Focus Node: http://example.org/data/procedure_dast10_82667_7
	Message: https://w3id.org/shexmap/resource/ontology-schema/d285f599-dc2e-4bd8-83f3-df21defa8821/hasPatient is not a property of the vocabulary
Constraint Violation in UndeclaredProperty:
	Severity: sh:Violation
	Focus Node: http://example.org/data/procedure_dast10_82667_7
	Message: https://w3id.org/shexmap/resource/ontology-schema/d285f599-dc2e-4bd8-83f3-df21defa8821/hasPerformedDate is not a property of the vocabulary
Constraint Violation in UndeclaredProperty:
	Severity: sh:Violation
	Focus Node: http://example.org/data/procedure_dast10_82667_7
	Message: https://w3id.org/shexmap/resource/ontology-schema/d285f599-dc2e-4bd8-83f3-df21defa8821/hasPerformer is not a property of the vocabulary
Constraint Violation in UndeclaredProperty:
	Severity: sh:Violation
	Focus Node: http://example.org/data/procedure_dast10_82667_7
	Message: https://w3id.org/shexmap/resource/ontology-schema/d285f599-dc2e-4bd8-83f3-df21defa8821/hasStatus is not a property of the vocabulary
Constraint Violation in UndeclaredProperty:
	Severity: sh:Violation
	Focus Node: http://example.org/data/procedure_gfr_serum_33914_3
	Message: https://w3id.org/shexmap/resource/ontology-schema/d285f599-dc2e-4bd8-83f3-df21defa8821/hasCode is not a property of the vocabulary
Constraint Violation in UndeclaredProperty:
	Severity: sh:Violation
	Focus Node: http://example.org/data/procedure_gfr_serum_33914_3
	Message: https://w3id.org/shexmap/resource/ontology-schema/d285f599-dc2e-4bd8-83f3-df21defa8821/hasPatient is not a property of the vocabulary
Constraint Violation in UndeclaredProperty:
	Severity: sh:Violation
	Focus Node: http://example.org/data/procedure_gfr_serum_33914_3
	Message: https://w3id.org/shexmap/resource/ontology-schema/d285f599-dc2e-4bd8-83f3-df21defa8821/hasPerformedDate is not a property of the vocabulary
Constraint Violation in UndeclaredProperty:
	Severity: sh:Violation
	Focus Node: http://example.org/data/procedure_gfr_serum_33914_3
	Message: https://w3id.org/shexmap/resource/ontology-schema/d285f599-dc2e-4bd8-83f3-df21defa8821/hasPerformer is not a property of the vocabulary
Constraint Violation in UndeclaredProperty:
	Severity: sh:Violation
	Focus Node: http://example.org/data/procedure_gfr_serum_33914_3
	Message: https://w3id.org/shexmap/resource/ontology-schema/d285f599-dc2e-4bd8-83f3-df21defa8821/hasStatus is not a property of the vocabulary
Constraint Violation in UndeclaredProperty:
	Severity: sh:Violation
	Focus Node: http://example.org/data/procedure_glucose_blood_2339_0
	Message: https://w3id.org/shexmap/resource/ontology-schema/d285f599-dc2e-4bd8-83f3-df21defa8821/hasCode is not a property of the vocabulary
Constraint Violation in UndeclaredProperty:
	Severity: sh:Violation
	Focus Node: http://example.org/data/procedure_glucose_blood_2339_0
	Message: https://w3id.org/shexmap/resource/ontology-schema/d285f599-dc2e-4bd8-83f3-df21defa8821/hasPatient is not a property of the vocabulary
Constraint Violation in UndeclaredProperty:
	Severity: sh:Violation
	Focus Node: http://example.org/data/procedure_glucose_blood_2339_0
	Message: https://w3id.org/shexmap/resource/ontology-schema/d285f599-dc2e-4bd8-83f3-df21defa8821/hasPerformedDate is not a property of the vocabulary
Constraint Violation in UndeclaredProperty:
	Severity: sh:Violation
	Focus Node: http://example.org/data/procedure_glucose_blood_2339_0
	Message: https://w3id.org/shexmap/resource/ontology-schema/d285f599-dc2e-4bd8-83f3-df21defa8821/hasPerformer is not a property of the vocabulary
Constraint Violation in UndeclaredProperty:
	Severity: sh:Violation
	Focus Node: http://example.org/data/procedure_glucose_blood_2339_0
	Message: https://w3id.org/shexmap/resource/ontology-schema/d285f599-dc2e-4bd8-83f3-df21defa8821/hasStatus is not a property of the vocabulary
Constraint Violation in UndeclaredProperty:
	Severity: sh:Violation
	Focus Node: http://example.org/data/procedure_glucose_serum_2345_7
	Message: https://w3id.org/shexmap/resource/ontology-schema/d285f599-dc2e-4bd8-83f3-df21defa8821/hasCode is not a property of the vocabulary
Constraint Violation in UndeclaredProperty:
	Severity: sh:Violation
	Focus Node: http://example.org/data/procedure_glucose_serum_2345_7
	Message: https://w3id.org/shexmap/resource/ontology-schema/d285f599-dc2e-4bd8-83f3-df21defa8821/hasPatient is not a property of the vocabulary
Constraint Violation in UndeclaredProperty:
	Severity: sh:Violation
	Focus Node: http://example.org/data/procedure_glucose_serum_2345_7
	Message: https://w3id.org/shexmap/resource/ontology-schema/d285f599-dc2e-4bd8-83f3-df21defa8821/hasPerformedDate is not a property of the vocabulary
Constraint Violation in UndeclaredProperty:
	Severity: sh:Violation
	Focus Node: http://example.org/data/procedure_glucose_serum_2345_7
	Message: https://w3id.org/shexmap/resource/ontology-schema/d285f599-dc2e-4bd8-83f3-df21defa8821/hasPerformer is not a property of the vocabulary
Constraint Violation in UndeclaredProperty:
	Severity: sh:Violation
	Focus Node: http://example.org/data/procedure_glucose_serum_2345_7
	Message: https://w3id.org/shexmap/resource/ontology-schema/d285f599-dc2e-4bd8-83f3-df21defa8821/hasStatus is not a property of the vocabulary
Constraint Violation in UndeclaredProperty:
	Severity: sh:Violation
	Focus Node: http://example.org/data/procedure_glucose_urine_5792_7
	Message: https://w3id.org/shexmap/resource/ontology-schema/d285f599-dc2e-4bd8-83f3-df21defa8821/hasCode is not a property of the vocabulary
Constraint Violation in UndeclaredProperty:
	Severity: sh:Violation
	Focus Node: http://example.org/data/procedure_glucose_urine_5792_7
	Message: https://w3id.org/shexmap/resource/ontology-schema/d285f599-dc2e-4bd8-83f3-df21defa8821/hasPatient is not a property of the vocabulary
Constraint Violation in UndeclaredProperty:
	Severity: sh:Violation
	Focus Node: http://example.org/data/procedure_glucose_urine_5792_7
	Message: https://w3id.org/shexmap/resource/ontology-schema/d285f599-dc2e-4bd8-83f3-df21defa8821/hasPerformedDate is not a property of the vocabulary
Constraint Violation in UndeclaredProperty:
	Severity: sh:Violation
	Focus Node: http://example.org/data/procedure_glucose_urine_5792_7
	Message: https://w3id.org/shexmap/resource/ontology-schema/d285f599-dc2e-4bd8-83f3-df21defa8821/hasPerformer is not a property of the vocabulary
Constraint Violation in UndeclaredProperty:
	Severity: sh:Violation
	Focus Node: http://example.org/data/procedure_glucose_urine_5792_7
	Message: https://w3id.org/shexmap/resource/ontology-schema/d285f599-dc2e-4bd8-83f3-df21defa8821/hasStatus is not a property of the vocabulary
Constraint Violation in UndeclaredProperty:
	Severity: sh:Violation
	Focus Node: http://example.org/data/procedure_hark_76504_0
	Message: https://w3id.org/shexmap/resource/ontology-schema/d285f599-dc2e-4bd8-83f3-df21defa8821/hasCode is not a property of the vocabulary
Constraint Violation in UndeclaredProperty:
	Severity: sh:Violation
	Focus Node: http://example.org/data/procedure_hark_76504_0
	Message: https://w3id.org/shexmap/resource/ontology-schema/d285f599-dc2e-4bd8-83f3-df21defa8821/hasPatient is not a property of the vocabulary
Constraint Violation in UndeclaredProperty:
	Severity: sh:Violation
	Focus Node: http://example.org/data/procedure_hark_76504_0
	Message: https://w3id.org/shexmap/resource/ontology-schema/d285f599-dc2e-4bd8-83f3-df21defa8821/hasPerformedDate is not a property of the vocabulary
Constraint Violation in UndeclaredProperty:
	Severity: sh:Violation
	Focus Node: http://example.org/data/procedure_hark_76504_0
	Message: https://w3id.org/shexmap/resource/ontology-schema/d285f599-dc2e-4bd8-83f3-df21defa8821/hasPerformer is not a property of the vocabulary
Constraint Violation in UndeclaredProperty:
	Severity: sh:Violation
	Focus Node: http://example.org/data/procedure_hark_76504_0
	Message: https://w3id.org/shexmap/resource/ontology-schema/d285f599-dc2e-4bd8-83f3-df21defa8821/hasStatus is not a property of the vocabulary
Constraint Violation in UndeclaredProperty:
	Severity: sh:Violation
	Focus Node: http://example.org/data/procedure_heart_rate_8867_4
	Message: https://w3id.org/shexmap/resource/ontology-schema/d285f599-dc2e-4bd8-83f3-df21defa8821/hasCode is not a property of the vocabulary
Constraint Violation in UndeclaredProperty:
	Severity: sh:Violation
	Focus Node: http://example.org/data/procedure_heart_rate_8867_4
	Message: https://w3id.org/shexmap/resource/ontology-schema/d285f599-dc2e-4bd8-83f3-df21defa8821/hasPatient is not a property of the vocabulary
Constraint Violation in UndeclaredProperty:
	Severity: sh:Violation
	Focus Node: http://example.org/data/procedure_heart_rate_8867_4
	Message: https://w3id.org/shexmap/resource/ontology-schema/d285f599-dc2e-4bd8-83f3-df21defa8821/hasPerformedDate is not a property of the vocabulary
Constraint Violation in UndeclaredProperty:
	Severity: sh:Violation
	Focus Node: http://example.org/data/procedure_heart_rate_8867_4
	Message: https://w3id.org/shexmap/resource/ontology-schema/d285f599-dc2e-4bd8-83f3-df21defa8821/hasPerformer is not a property of the vocabulary
Constraint Violation in UndeclaredProperty:
	Severity: sh:Violation
	Focus Node: http://example.org/data/procedure_heart_rate_8867_4
	Message: https://w3id.org/shexmap/resource/ontology-schema/d285f599-dc2e-4bd8-83f3-df21defa8821/hasStatus is not a property of the vocabulary
Constraint Violation in UndeclaredProperty:
	Severity: sh:Violation
	Focus Node: http://example.org/data/procedure_hemoglobin_a1c_4548_4
	Message: https://w3id.org/shexmap/resource/ontology-schema/d285f599-dc2e-4bd8-83f3-df21defa8821/hasCode is not a property of the vocabulary
Constraint Violation in UndeclaredProperty:
	Severity: sh:Violation
	Focus Node: http://example.org/data/procedure_hemoglobin_a1c_4548_4
	Message: https://w3id.org/shexmap/resource/ontology-schema/d285f599-dc2e-4bd8-83f3-df21defa8821/hasPatient is not a property of the vocabulary
Constraint Violation in UndeclaredProperty:
	Severity: sh:Violation
	Focus Node: http://example.org/data/procedure_hemoglobin_a1c_4548_4
	Message: https://w3id.org/shexmap/resource/ontology-schema/d285f599-dc2e-4bd8-83f3-df21defa8821/hasPerformedDate is not a property of the vocabulary
Constraint Violation in UndeclaredProperty:
	Severity: sh:Violation
	Focus Node: http://example.org/data/procedure_hemoglobin_a1c_4548_4
	Message: https://w3id.org/shexmap/resource/ontology-schema/d285f599-dc2e-4bd8-83f3-df21defa8821/hasPerformer is not a property of the vocabulary
Constraint Violation in UndeclaredProperty:
	Severity: sh:Violation
	Focus Node: http://example.org/data/procedure_hemoglobin_a1c_4548_4
	Message: https://w3id.org/shexmap/resource/ontology-schema/d285f599-dc2e-4bd8-83f3-df21defa8821/hasStatus is not a property of the vocabulary
Constraint Violation in UndeclaredProperty:
	Severity: sh:Violation
	Focus Node: http://example.org/data/procedure_ketones_urine_5797_6
	Message: https://w3id.org/shexmap/resource/ontology-schema/d285f599-dc2e-4bd8-83f3-df21defa8821/hasCode is not a property of the vocabulary
Constraint Violation in UndeclaredProperty:
	Severity: sh:Violation
	Focus Node: http://example.org/data/procedure_ketones_urine_5797_6
	Message: https://w3id.org/shexmap/resource/ontology-schema/d285f599-dc2e-4bd8-83f3-df21defa8821/hasPatient is not a property of the vocabulary
Constraint Violation in UndeclaredProperty:
	Severity: sh:Violation
	Focus Node: http://example.org/data/procedure_ketones_urine_5797_6
	Message: https://w3id.org/shexmap/resource/ontology-schema/d285f599-dc2e-4bd8-83f3-df21defa8821/hasPerformedDate is not a property of the vocabulary
Constraint Violation in UndeclaredProperty:
	Severity: sh:Violation
	Focus Node: http://example.org/data/procedure_ketones_urine_5797_6
	Message: https://w3id.org/shexmap/resource/ontology-schema/d285f599-dc2e-4bd8-83f3-df21defa8821/hasPerformer is not a property of the vocabulary
Constraint Violation in UndeclaredProperty:
	Severity: sh:Violation
	Focus Node: http://example.org/data/procedure_ketones_urine_5797_6
	Message: https://w3id.org/shexmap/resource/ontology-schema/d285f599-dc2e-4bd8-83f3-df21defa8821/hasStatus is not a property of the vocabulary
Constraint Violation in UndeclaredProperty:
	Severity: sh:Violation
	Focus Node: http://example.org/data/procedure_pain_severity_72514_3
	Message: https://w3id.org/shexmap/resource/ontology-schema/d285f599-dc2e-4bd8-83f3-df21defa8821/hasCode is not a property of the vocabulary
Constraint Violation in UndeclaredProperty:
	Severity: sh:Violation
	Focus Node: http://example.org/data/procedure_pain_severity_72514_3
	Message: https://w3id.org/shexmap/resource/ontology-schema/d285f599-dc2e-4bd8-83f3-df21defa8821/hasPatient is not a property of the vocabulary
Constraint Violation in UndeclaredProperty:
	Severity: sh:Violation
	Focus Node: http://example.org/data/procedure_pain_severity_72514_3
	Message: https://w3id.org/shexmap/resource/ontology-schema/d285f599-dc2e-4bd8-83f3-df21defa8821/hasPerformedDate is not a property of the vocabulary
Constraint Violation in UndeclaredProperty:
	Severity: sh:Violation
	Focus Node: http://example.org/data/procedure_pain_severity_72514_3
	Message: https://w3id.org/shexmap/resource/ontology-schema/d285f599-dc2e-4bd8-83f3-df21defa8821/hasPerformer is not a property of the vocabulary
Constraint Violation in UndeclaredProperty:
	Severity: sh:Violation
	Focus Node: http://example.org/data/procedure_pain_severity_72514_3
	Message: https://w3id.org/shexmap/resource/ontology-schema/d285f599-dc2e-4bd8-83f3-df21defa8821/hasStatus is not a property of the vocabulary
Constraint Violation in UndeclaredProperty:
	Severity: sh:Violation
	Focus Node: http://example.org/data/procedure_ph_urine_5803_2
	Message: https://w3id.org/shexmap/resource/ontology-schema/d285f599-dc2e-4bd8-83f3-df21defa8821/hasCode is not a property of the vocabulary
Constraint Violation in UndeclaredProperty:
	Severity: sh:Violation
	Focus Node: http://example.org/data/procedure_ph_urine_5803_2
	Message: https://w3id.org/shexmap/resource/ontology-schema/d285f599-dc2e-4bd8-83f3-df21defa8821/hasPatient is not a property of the vocabulary
Constraint Violation in UndeclaredProperty:
	Severity: sh:Violation
	Focus Node: http://example.org/data/procedure_ph_urine_5803_2
	Message: https://w3id.org/shexmap/resource/ontology-schema/d285f599-dc2e-4bd8-83f3-df21defa8821/hasPerformedDate is not a property of the vocabulary
Constraint Violation in UndeclaredProperty:
	Severity: sh:Violation
	Focus Node: http://example.org/data/procedure_ph_urine_5803_2
	Message: https://w3id.org/shexmap/resource/ontology-schema/d285f599-dc2e-4bd8-83f3-df21defa8821/hasPerformer is not a property of the vocabulary
Constraint Violation in UndeclaredProperty:
	Severity: sh:Violation
	Focus Node: http://example.org/data/procedure_ph_urine_5803_2
	Message: https://w3id.org/shexmap/resource/ontology-schema/d285f599-dc2e-4bd8-83f3-df21defa8821/hasStatus is not a property of the vocabulary
Constraint Violation in UndeclaredProperty:
	Severity: sh:Violation
	Focus Node: http://example.org/data/procedure_potassium_blood_6298_4
	Message: https://w3id.org/shexmap/resource/ontology-schema/d285f599-dc2e-4bd8-83f3-df21defa8821/hasCode is not a property of the vocabulary
Constraint Violation in UndeclaredProperty:
	Severity: sh:Violation
	Focus Node: http://example.org/data/procedure_potassium_blood_6298_4
	Message: https://w3id.org/shexmap/resource/ontology-schema/d285f599-dc2e-4bd8-83f3-df21defa8821/hasPatient is not a property of the vocabulary
Constraint Violation in UndeclaredProperty:
	Severity: sh:Violation
	Focus Node: http://example.org/data/procedure_potassium_blood_6298_4
	Message: https://w3id.org/shexmap/resource/ontology-schema/d285f599-dc2e-4bd8-83f3-df21defa8821/hasPerformedDate is not a property of the vocabulary
Constraint Violation in UndeclaredProperty:
	Severity: sh:Violation
	Focus Node: http://example.org/data/procedure_potassium_blood_6298_4
	Message: https://w3id.org/shexmap/resource/ontology-schema/d285f599-dc2e-4bd8-83f3-df21defa8821/hasPerformer is not a property of the vocabulary
Constraint Violation in UndeclaredProperty:
	Severity: sh:Violation
	Focus Node: http://example.org/data/procedure_potassium_blood_6298_4
	Message: https://w3id.org/shexmap/resource/ontology-schema/d285f599-dc2e-4bd8-83f3-df21defa8821/hasStatus is not a property of the vocabulary
Constraint Violation in UndeclaredProperty:
	Severity: sh:Violation
	Focus Node: http://example.org/data/procedure_potassium_serum_2823_3
	Message: https://w3id.org/shexmap/resource/ontology-schema/d285f599-dc2e-4bd8-83f3-df21defa8821/hasCode is not a property of the vocabulary
Constraint Violation in UndeclaredProperty:
	Severity: sh:Violation
	Focus Node: http://example.org/data/procedure_potassium_serum_2823_3
	Message: https://w3id.org/shexmap/resource/ontology-schema/d285f599-dc2e-4bd8-83f3-df21defa8821/hasPatient is not a property of the vocabulary
Constraint Violation in UndeclaredProperty:
	Severity: sh:Violation
	Focus Node: http://example.org/data/procedure_potassium_serum_2823_3
	Message: https://w3id.org/shexmap/resource/ontology-schema/d285f599-dc2e-4bd8-83f3-df21defa8821/hasPerformedDate is not a property of the vocabulary
Constraint Violation in UndeclaredProperty:
	Severity: sh:Violation
	Focus Node: http://example.org/data/procedure_potassium_serum_2823_3
	Message: https://w3id.org/shexmap/resource/ontology-schema/d285f599-dc2e-4bd8-83f3-df21defa8821/hasPerformer is not a property of the vocabulary
Constraint Violation in UndeclaredProperty:
	Severity: sh:Violation
	Focus Node: http://example.org/data/procedure_potassium_serum_2823_3
	Message: https://w3id.org/shexmap/resource/ontology-schema/d285f599-dc2e-4bd8-83f3-df21defa8821/hasStatus is not a property of the vocabulary
Constraint Violation in UndeclaredProperty:
	Severity: sh:Violation
	Focus Node: http://example.org/data/procedure_protein_urine_5804_0
	Message: https://w3id.org/shexmap/resource/ontology-schema/d285f599-dc2e-4bd8-83f3-df21defa8821/hasCode is not a property of the vocabulary
Constraint Violation in UndeclaredProperty:
	Severity: sh:Violation
	Focus Node: http://example.org/data/procedure_protein_urine_5804_0
	Message: https://w3id.org/shexmap/resource/ontology-schema/d285f599-dc2e-4bd8-83f3-df21defa8821/hasPatient is not a property of the vocabulary
Constraint Violation in UndeclaredProperty:
	Severity: sh:Violation
	Focus Node: http://example.org/data/procedure_protein_urine_5804_0
	Message: https://w3id.org/shexmap/resource/ontology-schema/d285f599-dc2e-4bd8-83f3-df21defa8821/hasPerformedDate is not a property of the vocabulary
Constraint Violation in UndeclaredProperty:
	Severity: sh:Violation
	Focus Node: http://example.org/data/procedure_protein_urine_5804_0
	Message: https://w3id.org/shexmap/resource/ontology-schema/d285f599-dc2e-4bd8-83f3-df21defa8821/hasPerformer is not a property of the vocabulary
Constraint Violation in UndeclaredProperty:
	Severity: sh:Violation
	Focus Node: http://example.org/data/procedure_protein_urine_5804_0
	Message: https://w3id.org/shexmap/resource/ontology-schema/d285f599-dc2e-4bd8-83f3-df21defa8821/hasStatus is not a property of the vocabulary
Constraint Violation in UndeclaredProperty:
	Severity: sh:Violation
	Focus Node: http://example.org/data/procedure_respiratory_rate_9279_1
	Message: https://w3id.org/shexmap/resource/ontology-schema/d285f599-dc2e-4bd8-83f3-df21defa8821/hasCode is not a property of the vocabulary
Constraint Violation in UndeclaredProperty:
	Severity: sh:Violation
	Focus Node: http://example.org/data/procedure_respiratory_rate_9279_1
	Message: https://w3id.org/shexmap/resource/ontology-schema/d285f599-dc2e-4bd8-83f3-df21defa8821/hasPatient is not a property of the vocabulary
Constraint Violation in UndeclaredProperty:
	Severity: sh:Violation
	Focus Node: http://example.org/data/procedure_respiratory_rate_9279_1
	Message: https://w3id.org/shexmap/resource/ontology-schema/d285f599-dc2e-4bd8-83f3-df21defa8821/hasPerformedDate is not a property of the vocabulary
Constraint Violation in UndeclaredProperty:
	Severity: sh:Violation
	Focus Node: http://example.org/data/procedure_respiratory_rate_9279_1
	Message: https://w3id.org/shexmap/resource/ontology-schema/d285f599-dc2e-4bd8-83f3-df21defa8821/hasPerformer is not a property of the vocabulary
Constraint Violation in UndeclaredProperty:
	Severity: sh:Violation
	Focus Node: http://example.org/data/procedure_respiratory_rate_9279_1
	Message: https://w3id.org/shexmap/resource/ontology-schema/d285f599-dc2e-4bd8-83f3-df21defa8821/hasStatus is not a property of the vocabulary
Constraint Violation in UndeclaredProperty:
	Severity: sh:Violation
	Focus Node: http://example.org/data/procedure_sodium_blood_2947_0
	Message: https://w3id.org/shexmap/resource/ontology-schema/d285f599-dc2e-4bd8-83f3-df21defa8821/hasCode is not a property of the vocabulary
Constraint Violation in UndeclaredProperty:
	Severity: sh:Violation
	Focus Node: http://example.org/data/procedure_sodium_blood_2947_0
	Message: https://w3id.org/shexmap/resource/ontology-schema/d285f599-dc2e-4bd8-83f3-df21defa8821/hasPatient is not a property of the vocabulary
Constraint Violation in UndeclaredProperty:
	Severity: sh:Violation
	Focus Node: http://example.org/data/procedure_sodium_blood_2947_0
	Message: https://w3id.org/shexmap/resource/ontology-schema/d285f599-dc2e-4bd8-83f3-df21defa8821/hasPerformedDate is not a property of the vocabulary
Constraint Violation in UndeclaredProperty:
	Severity: sh:Violation
	Focus Node: http://example.org/data/procedure_sodium_blood_2947_0
	Message: https://w3id.org/shexmap/resource/ontology-schema/d285f599-dc2e-4bd8-83f3-df21defa8821/hasPerformer is not a property of the vocabulary
Constraint Violation in UndeclaredProperty:
	Severity: sh:Violation
	Focus Node: http://example.org/data/procedure_sodium_blood_2947_0
	Message: https://w3id.org/shexmap/resource/ontology-schema/d285f599-dc2e-4bd8-83f3-df21defa8821/hasStatus is not a property of the vocabulary
Constraint Violation in UndeclaredProperty:
	Severity: sh:Violation
	Focus Node: http://example.org/data/procedure_sodium_serum_2951_2
	Message: https://w3id.org/shexmap/resource/ontology-schema/d285f599-dc2e-4bd8-83f3-df21defa8821/hasCode is not a property of the vocabulary
Constraint Violation in UndeclaredProperty:
	Severity: sh:Violation
	Focus Node: http://example.org/data/procedure_sodium_serum_2951_2
	Message: https://w3id.org/shexmap/resource/ontology-schema/d285f599-dc2e-4bd8-83f3-df21defa8821/hasPatient is not a property of the vocabulary
Constraint Violation in UndeclaredProperty:
	Severity: sh:Violation
	Focus Node: http://example.org/data/procedure_sodium_serum_2951_2
	Message: https://w3id.org/shexmap/resource/ontology-schema/d285f599-dc2e-4bd8-83f3-df21defa8821/hasPerformedDate is not a property of the vocabulary
Constraint Violation in UndeclaredProperty:
	Severity: sh:Violation
	Focus Node: http://example.org/data/procedure_sodium_serum_2951_2
	Message: https://w3id.org/shexmap/resource/ontology-schema/d285f599-dc2e-4bd8-83f3-df21defa8821/hasPerformer is not a property of the vocabulary
Constraint Violation in UndeclaredProperty:
	Severity: sh:Violation
	Focus Node: http://example.org/data/procedure_sodium_serum_2951_2
	Message: https://w3id.org/shexmap/resource/ontology-schema/d285f599-dc2e-4bd8-83f3-df21defa8821/hasStatus is not a property of the vocabulary
Constraint Violation in UndeclaredProperty:
	Severity: sh:Violation
	Focus Node: http://example.org/data/procedure_specific_gravity_urine_5811_5
	Message: https://w3id.org/shexmap/resource/ontology-schema/d285f599-dc2e-4bd8-83f3-df21defa8821/hasCode is not a property of the vocabulary
Constraint Violation in UndeclaredProperty:
	Severity: sh:Violation
	Focus Node: http://example.org/data/procedure_specific_gravity_urine_5811_5
	Message: https://w3id.org/shexmap/resource/ontology-schema/d285f599-dc2e-4bd8-83f3-df21defa8821/hasPatient is not a property of the vocabulary
Constraint Violation in UndeclaredProperty:
	Severity: sh:Violation
	Focus Node: http://example.org/data/procedure_specific_gravity_urine_5811_5
	Message: https://w3id.org/shexmap/resource/ontology-schema/d285f599-dc2e-4bd8-83f3-df21defa8821/hasPerformedDate is not a property of the vocabulary
Constraint Violation in UndeclaredProperty:
	Severity: sh:Violation
	Focus Node: http://example.org/data/procedure_specific_gravity_urine_5811_5
	Message: https://w3id.org/shexmap/resource/ontology-schema/d285f599-dc2e-4bd8-83f3-df21defa8821/hasPerformer is not a property of the vocabulary
Constraint Violation in UndeclaredProperty:
	Severity: sh:Violation
	Focus Node: http://example.org/data/procedure_specific_gravity_urine_5811_5
	Message: https://w3id.org/shexmap/resource/ontology-schema/d285f599-dc2e-4bd8-83f3-df21defa8821/hasStatus is not a property of the vocabulary
Constraint Violation in UndeclaredProperty:
	Severity: sh:Violation
	Focus Node: http://example.org/data/procedure_urea_nitrogen_blood_6299_2
	Message: https://w3id.org/shexmap/resource/ontology-schema/d285f599-dc2e-4bd8-83f3-df21defa8821/hasCode is not a property of the vocabulary
Constraint Violation in UndeclaredProperty:
	Severity: sh:Violation
	Focus Node: http://example.org/data/procedure_urea_nitrogen_blood_6299_2
	Message: https://w3id.org/shexmap/resource/ontology-schema/d285f599-dc2e-4bd8-83f3-df21defa8821/hasPatient is not a property of the vocabulary
Constraint Violation in UndeclaredProperty:
	Severity: sh:Violation
	Focus Node: http://example.org/data/procedure_urea_nitrogen_blood_6299_2
	Message: https://w3id.org/shexmap/resource/ontology-schema/d285f599-dc2e-4bd8-83f3-df21defa8821/hasPerformedDate is not a property of the vocabulary
Constraint Violation in UndeclaredProperty:
	Severity: sh:Violation
	Focus Node: http://example.org/data/procedure_urea_nitrogen_blood_6299_2
	Message: https://w3id.org/shexmap/resource/ontology-schema/d285f599-dc2e-4bd8-83f3-df21defa8821/hasPerformer is not a property of the vocabulary
Constraint Violation in UndeclaredProperty:
	Severity: sh:Violation
	Focus Node: http://example.org/data/procedure_urea_nitrogen_blood_6299_2
	Message: https://w3id.org/shexmap/resource/ontology-schema/d285f599-dc2e-4bd8-83f3-df21defa8821/hasStatus is not a property of the vocabulary
Constraint Violation in UndeclaredProperty:
	Severity: sh:Violation
	Focus Node: http://example.org/data/procedure_urea_nitrogen_serum_3094_0
	Message: https://w3id.org/shexmap/resource/ontology-schema/d285f599-dc2e-4bd8-83f3-df21defa8821/hasCode is not a property of the vocabulary
Constraint Violation in UndeclaredProperty:
	Severity: sh:Violation
	Focus Node: http://example.org/data/procedure_urea_nitrogen_serum_3094_0
	Message: https://w3id.org/shexmap/resource/ontology-schema/d285f599-dc2e-4bd8-83f3-df21defa8821/hasPatient is not a property of the vocabulary
Constraint Violation in UndeclaredProperty:
	Severity: sh:Violation
	Focus Node: http://example.org/data/procedure_urea_nitrogen_serum_3094_0
	Message: https://w3id.org/shexmap/resource/ontology-schema/d285f599-dc2e-4bd8-83f3-df21defa8821/hasPerformedDate is not a property of the vocabulary
Constraint Violation in UndeclaredProperty:
	Severity: sh:Violation
	Focus Node: http://example.org/data/procedure_urea_nitrogen_serum_3094_0
	Message: https://w3id.org/shexmap/resource/ontology-schema/d285f599-dc2e-4bd8-83f3-df21defa8821/hasPerformer is not a property of the vocabulary
Constraint Violation in UndeclaredProperty:
	Severity: sh:Violation
	Focus Node: http://example.org/data/procedure_urea_nitrogen_serum_3094_0
	Message: https://w3id.org/shexmap/resource/ontology-schema/d285f599-dc2e-4bd8-83f3-df21defa8821/hasStatus is not a property of the vocabulary
Constraint Violation in UndeclaredProperty:
	Severity: sh:Violation
	Focus Node: http://example.org/data/process_bilirubin_urine_20505_4
	Message: https://w3id.org/shexmap/resource/ontology-schema/d285f599-dc2e-4bd8-83f3-df21defa8821/hasPatient is not a property of the vocabulary
Constraint Violation in UndeclaredProperty:
	Severity: sh:Violation
	Focus Node: http://example.org/data/process_bilirubin_urine_20505_4
	Message: https://w3id.org/shexmap/resource/ontology-schema/d285f599-dc2e-4bd8-83f3-df21defa8821/hasPerformedDate is not a property of the vocabulary
Constraint Violation in UndeclaredProperty:
	Severity: sh:Violation
	Focus Node: http://example.org/data/process_bilirubin_urine_20505_4
	Message: https://w3id.org/shexmap/resource/ontology-schema/d285f599-dc2e-4bd8-83f3-df21defa8821/hasPerformer is not a property of the vocabulary
Constraint Violation in UndeclaredProperty:
	Severity: sh:Violation
	Focus Node: http://example.org/data/process_bilirubin_urine_20505_4
	Message: https://w3id.org/shexmap/resource/ontology-schema/d285f599-dc2e-4bd8-83f3-df21defa8821/hasResult is not a property of the vocabulary
Constraint Violation in UndeclaredProperty:
	Severity: sh:Violation
	Focus Node: http://example.org/data/process_bilirubin_urine_20505_4
	Message: https://w3id.org/shexmap/resource/ontology-schema/d285f599-dc2e-4bd8-83f3-df21defa8821/hasStatus is not a property of the vocabulary
Constraint Violation in UndeclaredProperty:
	Severity: sh:Violation
	Focus Node: http://example.org/data/process_bilirubin_urine_20505_4
	Message: https://w3id.org/shexmap/resource/ontology-schema/d285f599-dc2e-4bd83f3-df21defa8821/hasCode is not a property of the vocabulary
Constraint Violation in UndeclaredProperty:
	Severity: sh:Violation
	Focus Node: http://example.org/data/process_bilirubin_urine_20505_4
	Message: https://w3id.org/sulo/hasStatus is not a property of the vocabulary
Constraint Violation in UndeclaredProperty:
	Severity: sh:Violation
	Focus Node: http://example.org/data/process_bmi_39156_5
	Message: https://w3id.org/shexmap/resource/ontology-schema/d285f599-dc2e-4bd8-83f3-df21defa8821/hasPatient is not a property of the vocabulary
Constraint Violation in UndeclaredProperty:
	Severity: sh:Violation
	Focus Node: http://example.org/data/process_bmi_39156_5
	Message: https://w3id.org/shexmap/resource/ontology-schema/d285f599-dc2e-4bd8-83f3-df21defa8821/hasPerformedDate is not a property of the vocabulary
Constraint Violation in UndeclaredProperty:
	Severity: sh:Violation
	Focus Node: http://example.org/data/process_bmi_39156_5
	Message: https://w3id.org/shexmap/resource/ontology-schema/d285f599-dc2e-4bd8-83f3-df21defa8821/hasPerformer is not a property of the vocabulary
Constraint Violation in UndeclaredProperty:
	Severity: sh:Violation
	Focus Node: http://example.org/data/process_bmi_39156_5
	Message: https://w3id.org/shexmap/resource/ontology-schema/d285f599-dc2e-4bd8-83f3-df21defa8821/hasResult is not a property of the vocabulary
Constraint Violation in UndeclaredProperty:
	Severity: sh:Violation
	Focus Node: http://example.org/data/process_bmi_39156_5
	Message: https://w3id.org/shexmap/resource/ontology-schema/d285f599-dc2e-4bd8-83f3-df21defa8821/hasStatus is not a property of the vocabulary
Constraint Violation in UndeclaredProperty:
	Severity: sh:Violation
	Focus Node: http://example.org/data/process_bmi_39156_5
	Message: https://w3id.org/shexmap/resource/ontology-schema/d285f599-dc2e-4bd83f3-df21defa8821/hasCode is not a property of the vocabulary
Constraint Violation in UndeclaredProperty:
	Severity: sh:Violation
	Focus Node: http://example.org/data/process_bmi_39156_5
	Message: https://w3id.org/sulo/hasStatus is not a property of the vocabulary
Constraint Violation in UndeclaredProperty:
	Severity: sh:Violation
	Focus Node: http://example.org/data/process_body_height_8302_2
	Message: https://w3id.org/shexmap/resource/ontology-schema/d285f599-dc2e-4bd8-83f3-df21defa8821/hasPatient is not a property of the vocabulary
Constraint Violation in UndeclaredProperty:
	Severity: sh:Violation
	Focus Node: http://example.org/data/process_body_height_8302_2
	Message: https://w3id.org/shexmap/resource/ontology-schema/d285f599-dc2e-4bd8-83f3-df21defa8821/hasPerformedDate is not a property of the vocabulary
Constraint Violation in UndeclaredProperty:
	Severity: sh:Violation
	Focus Node: http://example.org/data/process_body_height_8302_2
	Message: https://w3id.org/shexmap/resource/ontology-schema/d285f599-dc2e-4bd8-83f3-df21defa8821/hasPerformer is not a property of the vocabulary
Constraint Violation in UndeclaredProperty:
	Severity: sh:Violation
	Focus Node: http://example.org/data/process_body_height_8302_2
	Message: https://w3id.org/shexmap/resource/ontology-schema/d285f599-dc2e-4bd8-83f3-df21defa8821/hasResult is not a property of the vocabulary
Constraint Violation in UndeclaredProperty:
	Severity: sh:Violation
	Focus Node: http://example.org/data/process_body_height_8302_2
	Message: https://w3id.org/shexmap/resource/ontology-schema/d285f599-dc2e-4bd8-83f3-df21defa8821/hasStatus is not a property of the vocabulary
Constraint Violation in UndeclaredProperty:
	Severity: sh:Violation
	Focus Node: http://example.org/data/process_body_height_8302_2
	Message: https://w3id.org/shexmap/resource/ontology-schema/d285f599-dc2e-4bd83f3-df21defa8821/hasCode is not a property of the vocabulary
Constraint Violation in UndeclaredProperty:
	Severity: sh:Violation
	Focus Node: http://example.org/data/process_body_height_8302_2
	Message: https://w3id.org/sulo/hasStatus is not a property of the vocabulary
Constraint Violation in UndeclaredProperty:
	Severity: sh:Violation
	Focus Node: http://example.org/data/process_body_weight_29463_7
	Message: https://w3id.org/shexmap/resource/ontology-schema/d285f599-dc2e-4bd8-83f3-df21defa8821/hasPatient is not a property of the vocabulary
Constraint Violation in UndeclaredProperty:
	Severity: sh:Violation
	Focus Node: http://example.org/data/process_body_weight_29463_7
	Message: https://w3id.org/shexmap/resource/ontology-schema/d285f599-dc2e-4bd8-83f3-df21defa8821/hasPerformedDate is not a property of the vocabulary
Constraint Violation in UndeclaredProperty:
	Severity: sh:Violation
	Focus Node: http://example.org/data/process_body_weight_29463_7
	Message: https://w3id.org/shexmap/resource/ontology-schema/d285f599-dc2e-4bd8-83f3-df21defa8821/hasPerformer is not a property of the vocabulary
Constraint Violation in UndeclaredProperty:
	Severity: sh:Violation
	Focus Node: http://example.org/data/process_body_weight_29463_7
	Message: https://w3id.org/shexmap/resource/ontology-schema/d285f599-dc2e-4bd8-83f3-df21defa8821/hasResult is not a property of the vocabulary
Constraint Violation in UndeclaredProperty:
	Severity: sh:Violation
	Focus Node: http://example.org/data/process_body_weight_29463_7
	Message: https://w3id.org/shexmap/resource/ontology-schema/d285f599-dc2e-4bd8-83f3-df21defa8821/hasStatus is not a property of the vocabulary
Constraint Violation in UndeclaredProperty:
	Severity: sh:Violation
	Focus Node: http://example.org/data/process_body_weight_29463_7
	Message: https://w3id.org/shexmap/resource/ontology-schema/d285f599-dc2e-4bd83f3-df21defa8821/hasCode is not a property of the vocabulary
Constraint Violation in UndeclaredProperty:
	Severity: sh:Violation
	Focus Node: http://example.org/data/process_body_weight_29463_7
	Message: https://w3id.org/sulo/hasStatus is not a property of the vocabulary
Constraint Violation in UndeclaredProperty:
	Severity: sh:Violation
	Focus Node: http://example.org/data/process_calcium_blood_49765_1
	Message: https://w3id.org/shexmap/resource/ontology-schema/d285f599-dc2e-4bd8-83f3-df21defa8821/hasPatient is not a property of the vocabulary
Constraint Violation in UndeclaredProperty:
	Severity: sh:Violation
	Focus Node: http://example.org/data/process_calcium_blood_49765_1
	Message: https://w3id.org/shexmap/resource/ontology-schema/d285f599-dc2e-4bd8-83f3-df21defa8821/hasPerformedDate is not a property of the vocabulary
Constraint Violation in UndeclaredProperty:
	Severity: sh:Violation
	Focus Node: http://example.org/data/process_calcium_blood_49765_1
	Message: https://w3id.org/shexmap/resource/ontology-schema/d285f599-dc2e-4bd8-83f3-df21defa8821/hasPerformer is not a property of the vocabulary
Constraint Violation in UndeclaredProperty:
	Severity: sh:Violation
	Focus Node: http://example.org/data/process_calcium_blood_49765_1
	Message: https://w3id.org/shexmap/resource/ontology-schema/d285f599-dc2e-4bd8-83f3-df21defa8821/hasResult is not a property of the vocabulary
Constraint Violation in UndeclaredProperty:
	Severity: sh:Violation
	Focus Node: http://example.org/data/process_calcium_blood_49765_1
	Message: https://w3id.org/shexmap/resource/ontology-schema/d285f599-dc2e-4bd8-83f3-df21defa8821/hasStatus is not a property of the vocabulary
Constraint Violation in UndeclaredProperty:
	Severity: sh:Violation
	Focus Node: http://example.org/data/process_calcium_blood_49765_1
	Message: https://w3id.org/shexmap/resource/ontology-schema/d285f599-dc2e-4bd83f3-df21defa8821/hasCode is not a property of the vocabulary
Constraint Violation in UndeclaredProperty:
	Severity: sh:Violation
	Focus Node: http://example.org/data/process_calcium_blood_49765_1
	Message: https://w3id.org/sulo/hasStatus is not a property of the vocabulary
Constraint Violation in UndeclaredProperty:
	Severity: sh:Violation
	Focus Node: http://example.org/data/process_calcium_serum_17861_6
	Message: https://w3id.org/shexmap/resource/ontology-schema/d285f599-dc2e-4bd8-83f3-df21defa8821/hasPatient is not a property of the vocabulary
Constraint Violation in UndeclaredProperty:
	Severity: sh:Violation
	Focus Node: http://example.org/data/process_calcium_serum_17861_6
	Message: https://w3id.org/shexmap/resource/ontology-schema/d285f599-dc2e-4bd8-83f3-df21defa8821/hasPerformedDate is not a property of the vocabulary
Constraint Violation in UndeclaredProperty:
	Severity: sh:Violation
	Focus Node: http://example.org/data/process_calcium_serum_17861_6
	Message: https://w3id.org/shexmap/resource/ontology-schema/d285f599-dc2e-4bd8-83f3-df21defa8821/hasPerformer is not a property of the vocabulary
Constraint Violation in UndeclaredProperty:
	Severity: sh:Violation
	Focus Node: http://example.org/data/process_calcium_serum_17861_6
	Message: https://w3id.org/shexmap/resource/ontology-schema/d285f599-dc2e-4bd8-83f3-df21defa8821/hasResult is not a property of the vocabulary
Constraint Violation in UndeclaredProperty:
	Severity: sh:Violation
	Focus Node: http://example.org/data/process_calcium_serum_17861_6
	Message: https://w3id.org/shexmap/resource/ontology-schema/d285f599-dc2e-4bd8-83f3-df21defa8821/hasStatus is not a property of the vocabulary
Constraint Violation in UndeclaredProperty:
	Severity: sh:Violation
	Focus Node: http://example.org/data/process_calcium_serum_17861_6
	Message: https://w3id.org/shexmap/resource/ontology-schema/d285f599-dc2e-4bd83f3-df21defa8821/hasCode is not a property of the vocabulary
Constraint Violation in UndeclaredProperty:
	Severity: sh:Violation
	Focus Node: http://example.org/data/process_calcium_serum_17861_6
	Message: https://w3id.org/sulo/hasStatus is not a property of the vocabulary
Constraint Violation in UndeclaredProperty:
	Severity: sh:Violation
	Focus Node: http://example.org/data/process_carbon_dioxide_blood_20565_8
	Message: https://w3id.org/shexmap/resource/ontology-schema/d285f599-dc2e-4bd8-83f3-df21defa8821/hasPatient is not a property of the vocabulary
Constraint Violation in UndeclaredProperty:
	Severity: sh:Violation
	Focus Node: http://example.org/data/process_carbon_dioxide_blood_20565_8
	Message: https://w3id.org/shexmap/resource/ontology-schema/d285f599-dc2e-4bd8-83f3-df21defa8821/hasPerformedDate is not a property of the vocabulary
Constraint Violation in UndeclaredProperty:
	Severity: sh:Violation
	Focus Node: http://example.org/data/process_carbon_dioxide_blood_20565_8
	Message: https://w3id.org/shexmap/resource/ontology-schema/d285f599-dc2e-4bd8-83f3-df21defa8821/hasPerformer is not a property of the vocabulary
Constraint Violation in UndeclaredProperty:
	Severity: sh:Violation
	Focus Node: http://example.org/data/process_carbon_dioxide_blood_20565_8
	Message: https://w3id.org/shexmap/resource/ontology-schema/d285f599-dc2e-4bd8-83f3-df21defa8821/hasResult is not a property of the vocabulary
Constraint Violation in UndeclaredProperty:
	Severity: sh:Violation
	Focus Node: http://example.org/data/process_carbon_dioxide_blood_20565_8
	Message: https://w3id.org/shexmap/resource/ontology-schema/d285f599-dc2e-4bd8-83f3-df21defa8821/hasStatus is not a property of the vocabulary
Constraint Violation in UndeclaredProperty:
	Severity: sh:Violation
	Focus Node: http://example.org/data/process_carbon_dioxide_blood_20565_8
	Message: https://w3id.org/shexmap/resource/ontology-schema/d285f599-dc2e-4bd83f3-df21defa8821/hasCode is not a property of the vocabulary
Constraint Violation in UndeclaredProperty:
	Severity: sh:Violation
	Focus Node: http://example.org/data/process_carbon_dioxide_blood_20565_8
	Message: https://w3id.org/sulo/hasStatus is not a property of the vocabulary
Constraint Violation in UndeclaredProperty:
	Severity: sh:Violation
	Focus Node: http://example.org/data/process_carbon_dioxide_serum_2028_9
	Message: https://w3id.org/shexmap/resource/ontology-schema/d285f599-dc2e-4bd8-83f3-df21defa8821/hasPatient is not a property of the vocabulary
Constraint Violation in UndeclaredProperty:
	Severity: sh:Violation
	Focus Node: http://example.org/data/process_carbon_dioxide_serum_2028_9
	Message: https://w3id.org/shexmap/resource/ontology-schema/d285f599-dc2e-4bd8-83f3-df21defa8821/hasPerformedDate is not a property of the vocabulary
Constraint Violation in UndeclaredProperty:
	Severity: sh:Violation
	Focus Node: http://example.org/data/process_carbon_dioxide_serum_2028_9
	Message: https://w3id.org/shexmap/resource/ontology-schema/d285f599-dc2e-4bd8-83f3-df21defa8821/hasPerformer is not a property of the vocabulary
Constraint Violation in UndeclaredProperty:
	Severity: sh:Violation
	Focus Node: http://example.org/data/process_carbon_dioxide_serum_2028_9
	Message: https://w3id.org/shexmap/resource/ontology-schema/d285f599-dc2e-4bd8-83f3-df21defa8821/hasResult is not a property of the vocabulary
Constraint Violation in UndeclaredProperty:
	Severity: sh:Violation
	Focus Node: http://example.org/data/process_carbon_dioxide_serum_2028_9
	Message: https://w3id.org/shexmap/resource/ontology-schema/d285f599-dc2e-4bd8-83f3-df21defa8821/hasStatus is not a property of the vocabulary
Constraint Violation in UndeclaredProperty:
	Severity: sh:Violation
	Focus Node: http://example.org/data/process_carbon_dioxide_serum_2028_9
	Message: https://w3id.org/shexmap/resource/ontology-schema/d285f599-dc2e-4bd83f3-df21defa8821/hasCode is not a property of the vocabulary
Constraint Violation in UndeclaredProperty:
	Severity: sh:Violation
	Focus Node: http://example.org/data/process_carbon_dioxide_serum_2028_9
	Message: https://w3id.org/sulo/hasStatus is not a property of the vocabulary
Constraint Violation in UndeclaredProperty:
	Severity: sh:Violation
	Focus Node: http://example.org/data/process_chloride_blood_2069_3
	Message: https://w3id.org/shexmap/resource/ontology-schema/d285f599-dc2e-4bd8-83f3-df21defa8821/hasPatient is not a property of the vocabulary
Constraint Violation in UndeclaredProperty:
	Severity: sh:Violation
	Focus Node: http://example.org/data/process_chloride_blood_2069_3
	Message: https://w3id.org/shexmap/resource/ontology-schema/d285f599-dc2e-4bd8-83f3-df21defa8821/hasPerformedDate is not a property of the vocabulary
Constraint Violation in UndeclaredProperty:
	Severity: sh:Violation
	Focus Node: http://example.org/data/process_chloride_blood_2069_3
	Message: https://w3id.org/shexmap/resource/ontology-schema/d285f599-dc2e-4bd8-83f3-df21defa8821/hasPerformer is not a property of the vocabulary
Constraint Violation in UndeclaredProperty:
	Severity: sh:Violation
	Focus Node: http://example.org/data/process_chloride_blood_2069_3
	Message: https://w3id.org/shexmap/resource/ontology-schema/d285f599-dc2e-4bd8-83f3-df21defa8821/hasResult is not a property of the vocabulary
Constraint Violation in UndeclaredProperty:
	Severity: sh:Violation
	Focus Node: http://example.org/data/process_chloride_blood_2069_3
	Message: https://w3id.org/shexmap/resource/ontology-schema/d285f599-dc2e-4bd8-83f3-df21defa8821/hasStatus is not a property of the vocabulary
Constraint Violation in UndeclaredProperty:
	Severity: sh:Violation
	Focus Node: http://example.org/data/process_chloride_blood_2069_3
	Message: https://w3id.org/shexmap/resource/ontology-schema/d285f599-dc2e-4bd83f3-df21defa8821/hasCode is not a property of the vocabulary
Constraint Violation in UndeclaredProperty:
	Severity: sh:Violation
	Focus Node: http://example.org/data/process_chloride_blood_2069_3
	Message: https://w3id.org/sulo/hasStatus is not a property of the vocabulary
Constraint Violation in UndeclaredProperty:
	Severity: sh:Violation
	Focus Node: http://example.org/data/process_chloride_serum_2075_0
	Message: https://w3id.org/shexmap/resource/ontology-schema/d285f599-dc2e-4bd8-83f3-df21defa8821/hasPatient is not a property of the vocabulary
Constraint Violation in UndeclaredProperty:
	Severity: sh:Violation
	Focus Node: http://example.org/data/process_chloride_serum_2075_0
	Message: https://w3id.org/shexmap/resource/ontology-schema/d285f599-dc2e-4bd8-83f3-df21defa8821/hasPerformedDate is not a property of the vocabulary
Constraint Violation in UndeclaredProperty:
	Severity: sh:Violation
	Focus Node: http://example.org/data/process_chloride_serum_2075_0
	Message: https://w3id.org/shexmap/resource/ontology-schema/d285f599-dc2e-4bd8-83f3-df21defa8821/hasPerformer is not a property of the vocabulary
Constraint Violation in UndeclaredProperty:
	Severity: sh:Violation
	Focus Node: http://example.org/data/process_chloride_serum_2075_0
	Message: https://w3id.org/shexmap/resource/ontology-schema/d285f599-dc2e-4bd8-83f3-df21defa8821/hasResult is not a property of the vocabulary
Constraint Violation in UndeclaredProperty:
	Severity: sh:Violation
	Focus Node: http://example.org/data/process_chloride_serum_2075_0
	Message: https://w3id.org/shexmap/resource/ontology-schema/d285f599-dc2e-4bd8-83f3-df21defa8821/hasStatus is not a property of the vocabulary
Constraint Violation in UndeclaredProperty:
	Severity: sh:Violation
	Focus Node: http://example.org/data/process_chloride_serum_2075_0
	Message: https://w3id.org/shexmap/resource/ontology-schema/d285f599-dc2e-4bd83f3-df21defa8821/hasCode is not a property of the vocabulary
Constraint Violation in UndeclaredProperty:
	Severity: sh:Violation
	Focus Node: http://example.org/data/process_chloride_serum_2075_0
	Message: https://w3id.org/sulo/hasStatus is not a property of the vocabulary
Constraint Violation in UndeclaredProperty:
	Severity: sh:Violation
	Focus Node: http://example.org/data/process_creatinine_blood_38483_4
	Message: https://w3id.org/shexmap/resource/ontology-schema/d285f599-dc2e-4bd8-83f3-df21defa8821/hasPatient is not a property of the vocabulary
Constraint Violation in UndeclaredProperty:
	Severity: sh:Violation
	Focus Node: http://example.org/data/process_creatinine_blood_38483_4
	Message: https://w3id.org/shexmap/resource/ontology-schema/d285f599-dc2e-4bd8-83f3-df21defa8821/hasPerformedDate is not a property of the vocabulary
Constraint Violation in UndeclaredProperty:
	Severity: sh:Violation
	Focus Node: http://example.org/data/process_creatinine_blood_38483_4
	Message: https://w3id.org/shexmap/resource/ontology-schema/d285f599-dc2e-4bd8-83f3-df21defa8821/hasPerformer is not a property of the vocabulary
Constraint Violation in UndeclaredProperty:
	Severity: sh:Violation
	Focus Node: http://example.org/data/process_creatinine_blood_38483_4
	Message: https://w3id.org/shexmap/resource/ontology-schema/d285f599-dc2e-4bd8-83f3-df21defa8821/hasResult is not a property of the vocabulary
Constraint Violation in UndeclaredProperty:
	Severity: sh:Violation
	Focus Node: http://example.org/data/process_creatinine_blood_38483_4
	Message: https://w3id.org/shexmap/resource/ontology-schema/d285f599-dc2e-4bd8-83f3-df21defa8821/hasStatus is not a property of the vocabulary
Constraint Violation in UndeclaredProperty:
	Severity: sh:Violation
	Focus Node: http://example.org/data/process_creatinine_blood_38483_4
	Message: https://w3id.org/shexmap/resource/ontology-schema/d285f599-dc2e-4bd83f3-df21defa8821/hasCode is not a property of the vocabulary
Constraint Violation in UndeclaredProperty:
	Severity: sh:Violation
	Focus Node: http://example.org/data/process_creatinine_blood_38483_4
	Message: https://w3id.org/sulo/hasStatus is not a property of the vocabulary
Constraint Violation in UndeclaredProperty:
	Severity: sh:Violation
	Focus Node: http://example.org/data/process_creatinine_serum_2160_0
	Message: https://w3id.org/shexmap/resource/ontology-schema/d285f599-dc2e-4bd8-83f3-df21defa8821/hasPatient is not a property of the vocabulary
Constraint Violation in UndeclaredProperty:
	Severity: sh:Violation
	Focus Node: http://example.org/data/process_creatinine_serum_2160_0
	Message: https://w3id.org/shexmap/resource/ontology-schema/d285f599-dc2e-4bd8-83f3-df21defa8821/hasPerformedDate is not a property of the vocabulary
Constraint Violation in UndeclaredProperty:
	Severity: sh:Violation
	Focus Node: http://example.org/data/process_creatinine_serum_2160_0
	Message: https://w3id.org/shexmap/resource/ontology-schema/d285f599-dc2e-4bd8-83f3-df21defa8821/hasPerformer is not a property of the vocabulary
Constraint Violation in UndeclaredProperty:
	Severity: sh:Violation
	Focus Node: http://example.org/data/process_creatinine_serum_2160_0
	Message: https://w3id.org/shexmap/resource/ontology-schema/d285f599-dc2e-4bd8-83f3-df21defa8821/hasResult is not a property of the vocabulary
Constraint Violation in UndeclaredProperty:
	Severity: sh:Violation
	Focus Node: http://example.org/data/process_creatinine_serum_2160_0
	Message: https://w3id.org/shexmap/resource/ontology-schema/d285f599-dc2e-4bd8-83f3-df21defa8821/hasStatus is not a property of the vocabulary
Constraint Violation in UndeclaredProperty:
	Severity: sh:Violation
	Focus Node: http://example.org/data/process_creatinine_serum_2160_0
	Message: https://w3id.org/shexmap/resource/ontology-schema/d285f599-dc2e-4bd83f3-df21defa8821/hasCode is not a property of the vocabulary
Constraint Violation in UndeclaredProperty:
	Severity: sh:Violation
	Focus Node: http://example.org/data/process_creatinine_serum_2160_0
	Message: https://w3id.org/sulo/hasStatus is not a property of the vocabulary
Constraint Violation in UndeclaredProperty:
	Severity: sh:Violation
	Focus Node: http://example.org/data/process_dast10_82667_7
	Message: https://w3id.org/shexmap/resource/ontology-schema/d285f599-dc2e-4bd8-83f3-df21defa8821/hasPatient is not a property of the vocabulary
Constraint Violation in UndeclaredProperty:
	Severity: sh:Violation
	Focus Node: http://example.org/data/process_dast10_82667_7
	Message: https://w3id.org/shexmap/resource/ontology-schema/d285f599-dc2e-4bd8-83f3-df21defa8821/hasPerformedDate is not a property of the vocabulary
Constraint Violation in UndeclaredProperty:
	Severity: sh:Violation
	Focus Node: http://example.org/data/process_dast10_82667_7
	Message: https://w3id.org/shexmap/resource/ontology-schema/d285f599-dc2e-4bd8-83f3-df21defa8821/hasPerformer is not a property of the vocabulary
Constraint Violation in UndeclaredProperty:
	Severity: sh:Violation
	Focus Node: http://example.org/data/process_dast10_82667_7
	Message: https://w3id.org/shexmap/resource/ontology-schema/d285f599-dc2e-4bd8-83f3-df21defa8821/hasResult is not a property of the vocabulary
Constraint Violation in UndeclaredProperty:
	Severity: sh:Violation
	Focus Node: http://example.org/data/process_dast10_82667_7
	Message: https://w3id.org/shexmap/resource/ontology-schema/d285f599-dc2e-4bd8-83f3-df21defa8821/hasStatus is not a property of the vocabulary
Constraint Violation in UndeclaredProperty:
	Severity: sh:Violation
	Focus Node: http://example.org/data/process_gfr_serum_33914_3
	Message: https://w3id.org/shexmap/resource/ontology-schema/d285f599-dc2e-4bd8-83f3-df21defa8821/hasPatient is not a property of the vocabulary
Constraint Violation in UndeclaredProperty:
	Severity: sh:Violation
	Focus Node: http://example.org/data/process_gfr_serum_33914_3
	Message: https://w3id.org/shexmap/resource/ontology-schema/d285f599-dc2e-4bd8-83f3-df21defa8821/hasPerformedDate is not a property of the vocabulary
Constraint Violation in UndeclaredProperty:
	Severity: sh:Violation
	Focus Node: http://example.org/data/process_gfr_serum_33914_3
	Message: https://w3id.org/shexmap/resource/ontology-schema/d285f599-dc2e-4bd8-83f3-df21defa8821/hasPerformer is not a property of the vocabulary
Constraint Violation in UndeclaredProperty:
	Severity: sh:Violation
	Focus Node: http://example.org/data/process_gfr_serum_33914_3
	Message: https://w3id.org/shexmap/resource/ontology-schema/d285f599-dc2e-4bd8-83f3-df21defa8821/hasResult is not a property of the vocabulary
Constraint Violation in UndeclaredProperty:
	Severity: sh:Violation
	Focus Node: http://example.org/data/process_gfr_serum_33914_3
	Message: https://w3id.org/shexmap/resource/ontology-schema/d285f599-dc2e-4bd8-83f3-df21defa8821/hasStatus is not a property of the vocabulary
Constraint Violation in UndeclaredProperty:
	Severity: sh:Violation
	Focus Node: http://example.org/data/process_gfr_serum_33914_3
	Message: https://w3id.org/shexmap/resource/ontology-schema/d285f599-dc2e-4bd83f3-df21defa8821/hasCode is not a property of the vocabulary
Constraint Violation in UndeclaredProperty:
	Severity: sh:Violation
	Focus Node: http://example.org/data/process_gfr_serum_33914_3
	Message: https://w3id.org/sulo/hasStatus is not a property of the vocabulary
Constraint Violation in UndeclaredProperty:
	Severity: sh:Violation
	Focus Node: http://example.org/data/process_glucose_blood_2339_0
	Message: https://w3id.org/shexmap/resource/ontology-schema/d285f599-dc2e-4bd8-83f3-df21defa8821/hasPatient is not a property of the vocabulary
Constraint Violation in UndeclaredProperty:
	Severity: sh:Violation
	Focus Node: http://example.org/data/process_glucose_blood_2339_0
	Message: https://w3id.org/shexmap/resource/ontology-schema/d285f599-dc2e-4bd8-83f3-df21defa8821/hasPerformedDate is not a property of the vocabulary
Constraint Violation in UndeclaredProperty:
	Severity: sh:Violation
	Focus Node: http://example.org/data/process_glucose_blood_2339_0
	Message: https://w3id.org/shexmap/resource/ontology-schema/d285f599-dc2e-4bd8-83f3-df21defa8821/hasPerformer is not a property of the vocabulary
Constraint Violation in UndeclaredProperty:
	Severity: sh:Violation
	Focus Node: http://example.org/data/process_glucose_blood_2339_0
	Message: https://w3id.org/shexmap/resource/ontology-schema/d285f599-dc2e-4bd8-83f3-df21defa8821/hasResult is not a property of the vocabulary
Constraint Violation in UndeclaredProperty:
	Severity: sh:Violation
	Focus Node: http://example.org/data/process_glucose_blood_2339_0
	Message: https://w3id.org/shexmap/resource/ontology-schema/d285f599-dc2e-4bd8-83f3-df21defa8821/hasStatus is not a property of the vocabulary
Constraint Violation in UndeclaredProperty:
	Severity: sh:Violation
	Focus Node: http://example.org/data/process_glucose_blood_2339_0
	Message: https://w3id.org/shexmap/resource/ontology-schema/d285f599-dc2e-4bd83f3-df21defa8821/hasCode is not a property of the vocabulary
Constraint Violation in UndeclaredProperty:
	Severity: sh:Violation
	Focus Node: http://example.org/data/process_glucose_blood_2339_0
	Message: https://w3id.org/sulo/hasStatus is not a property of the vocabulary
Constraint Violation in UndeclaredProperty:
	Severity: sh:Violation
	Focus Node: http://example.org/data/process_glucose_serum_2345_7
	Message: https://w3id.org/shexmap/resource/ontology-schema/d285f599-dc2e-4bd8-83f3-df21defa8821/hasPatient is not a property of the vocabulary
Constraint Violation in UndeclaredProperty:
	Severity: sh:Violation
	Focus Node: http://example.org/data/process_glucose_serum_2345_7
	Message: https://w3id.org/shexmap/resource/ontology-schema/d285f599-dc2e-4bd8-83f3-df21defa8821/hasPerformedDate is not a property of the vocabulary
Constraint Violation in UndeclaredProperty:
	Severity: sh:Violation
	Focus Node: http://example.org/data/process_glucose_serum_2345_7
	Message: https://w3id.org/shexmap/resource/ontology-schema/d285f599-dc2e-4bd8-83f3-df21defa8821/hasPerformer is not a property of the vocabulary
Constraint Violation in UndeclaredProperty:
	Severity: sh:Violation
	Focus Node: http://example.org/data/process_glucose_serum_2345_7
	Message: https://w3id.org/shexmap/resource/ontology-schema/d285f599-dc2e-4bd8-83f3-df21defa8821/hasResult is not a property of the vocabulary
Constraint Violation in UndeclaredProperty:
	Severity: sh:Violation
	Focus Node: http://example.org/data/process_glucose_serum_2345_7
	Message: https://w3id.org/shexmap/resource/ontology-schema/d285f599-dc2e-4bd8-83f3-df21defa8821/hasStatus is not a property of the vocabulary
Constraint Violation in UndeclaredProperty:
	Severity: sh:Violation
	Focus Node: http://example.org/data/process_glucose_serum_2345_7
	Message: https://w3id.org/shexmap/resource/ontology-schema/d285f599-dc2e-4bd83f3-df21defa8821/hasCode is not a property of the vocabulary
Constraint Violation in UndeclaredProperty:
	Severity: sh:Violation
	Focus Node: http://example.org/data/process_glucose_serum_2345_7
	Message: https://w3id.org/sulo/hasStatus is not a property of the vocabulary
Constraint Violation in UndeclaredProperty:
	Severity: sh:Violation
	Focus Node: http://example.org/data/process_glucose_urine_5792_7
	Message: https://w3id.org/shexmap/resource/ontology-schema/d285f599-dc2e-4bd8-83f3-df21defa8821/hasPatient is not a property of the vocabulary
Constraint Violation in UndeclaredProperty:
	Severity: sh:Violation
	Focus Node: http://example.org/data/process_glucose_urine_5792_7
	Message: https://w3id.org/shexmap/resource/ontology-schema/d285f599-dc2e-4bd8-83f3-df21defa8821/hasPerformedDate is not a property of the vocabulary
Constraint Violation in UndeclaredProperty:
	Severity: sh:Violation
	Focus Node: http://example.org/data/process_glucose_urine_5792_7
	Message: https://w3id.org/shexmap/resource/ontology-schema/d285f599-dc2e-4bd8-83f3-df21defa8821/hasPerformer is not a property of the vocabulary
Constraint Violation in UndeclaredProperty:
	Severity: sh:Violation
	Focus Node: http://example.org/data/process_glucose_urine_5792_7
	Message: https://w3id.org/shexmap/resource/ontology-schema/d285f599-dc2e-4bd8-83f3-df21defa8821/hasResult is not a property of the vocabulary
Constraint Violation in UndeclaredProperty:
	Severity: sh:Violation
	Focus Node: http://example.org/data/process_glucose_urine_5792_7
	Message: https://w3id.org/shexmap/resource/ontology-schema/d285f599-dc2e-4bd8-83f3-df21defa8821/hasStatus is not a property of the vocabulary
Constraint Violation in UndeclaredProperty:
	Severity: sh:Violation
	Focus Node: http://example.org/data/process_glucose_urine_5792_7
	Message: https://w3id.org/shexmap/resource/ontology-schema/d285f599-dc2e-4bd83f3-df21defa8821/hasCode is not a property of the vocabulary
Constraint Violation in UndeclaredProperty:
	Severity: sh:Violation
	Focus Node: http://example.org/data/process_glucose_urine_5792_7
	Message: https://w3id.org/sulo/hasStatus is not a property of the vocabulary
Constraint Violation in UndeclaredProperty:
	Severity: sh:Violation
	Focus Node: http://example.org/data/process_hark_76504_0
	Message: https://w3id.org/shexmap/resource/ontology-schema/d285f599-dc2e-4bd8-83f3-df21defa8821/hasPatient is not a property of the vocabulary
Constraint Violation in UndeclaredProperty:
	Severity: sh:Violation
	Focus Node: http://example.org/data/process_hark_76504_0
	Message: https://w3id.org/shexmap/resource/ontology-schema/d285f599-dc2e-4bd8-83f3-df21defa8821/hasPerformedDate is not a property of the vocabulary
Constraint Violation in UndeclaredProperty:
	Severity: sh:Violation
	Focus Node: http://example.org/data/process_hark_76504_0
	Message: https://w3id.org/shexmap/resource/ontology-schema/d285f599-dc2e-4bd8-83f3-df21defa8821/hasPerformer is not a property of the vocabulary
Constraint Violation in UndeclaredProperty:
	Severity: sh:Violation
	Focus Node: http://example.org/data/process_hark_76504_0
	Message: https://w3id.org/shexmap/resource/ontology-schema/d285f599-dc2e-4bd8-83f3-df21defa8821/hasResult is not a property of the vocabulary
Constraint Violation in UndeclaredProperty:
	Severity: sh:Violation
	Focus Node: http://example.org/data/process_hark_76504_0
	Message: https://w3id.org/shexmap/resource/ontology-schema/d285f599-dc2e-4bd8-83f3-df21defa8821/hasStatus is not a property of the vocabulary
Constraint Violation in UndeclaredProperty:
	Severity: sh:Violation
	Focus Node: http://example.org/data/process_heart_rate_8867_4
	Message: https://w3id.org/shexmap/resource/ontology-schema/d285f599-dc2e-4bd8-83f3-df21defa8821/hasPatient is not a property of the vocabulary
Constraint Violation in UndeclaredProperty:
	Severity: sh:Violation
	Focus Node: http://example.org/data/process_heart_rate_8867_4
	Message: https://w3id.org/shexmap/resource/ontology-schema/d285f599-dc2e-4bd8-83f3-df21defa8821/hasPerformedDate is not a property of the vocabulary
Constraint Violation in UndeclaredProperty:
	Severity: sh:Violation
	Focus Node: http://example.org/data/process_heart_rate_8867_4
	Message: https://w3id.org/shexmap/resource/ontology-schema/d285f599-dc2e-4bd8-83f3-df21defa8821/hasPerformer is not a property of the vocabulary
Constraint Violation in UndeclaredProperty:
	Severity: sh:Violation
	Focus Node: http://example.org/data/process_heart_rate_8867_4
	Message: https://w3id.org/shexmap/resource/ontology-schema/d285f599-dc2e-4bd8-83f3-df21defa8821/hasResult is not a property of the vocabulary
Constraint Violation in UndeclaredProperty:
	Severity: sh:Violation
	Focus Node: http://example.org/data/process_heart_rate_8867_4
	Message: https://w3id.org/shexmap/resource/ontology-schema/d285f599-dc2e-4bd8-83f3-df21defa8821/hasStatus is not a property of the vocabulary
Constraint Violation in UndeclaredProperty:
	Severity: sh:Violation
	Focus Node: http://example.org/data/process_heart_rate_8867_4
	Message: https://w3id.org/shexmap/resource/ontology-schema/d285f599-dc2e-4bd83f3-df21defa8821/hasCode is not a property of the vocabulary
Constraint Violation in UndeclaredProperty:
	Severity: sh:Violation
	Focus Node: http://example.org/data/process_heart_rate_8867_4
	Message: https://w3id.org/sulo/hasStatus is not a property of the vocabulary
Constraint Violation in UndeclaredProperty:
	Severity: sh:Violation
	Focus Node: http://example.org/data/process_hemoglobin_a1c_4548_4
	Message: https://w3id.org/shexmap/resource/ontology-schema/d285f599-dc2e-4bd8-83f3-df21defa8821/hasPatient is not a property of the vocabulary
Constraint Violation in UndeclaredProperty:
	Severity: sh:Violation
	Focus Node: http://example.org/data/process_hemoglobin_a1c_4548_4
	Message: https://w3id.org/shexmap/resource/ontology-schema/d285f599-dc2e-4bd8-83f3-df21defa8821/hasPerformedDate is not a property of the vocabulary
Constraint Violation in UndeclaredProperty:
	Severity: sh:Violation
	Focus Node: http://example.org/data/process_hemoglobin_a1c_4548_4
	Message: https://w3id.org/shexmap/resource/ontology-schema/d285f599-dc2e-4bd8-83f3-df21defa8821/hasPerformer is not a property of the vocabulary
Constraint Violation in UndeclaredProperty:
	Severity: sh:Violation
	Focus Node: http://example.org/data/process_hemoglobin_a1c_4548_4
	Message: https://w3id.org/shexmap/resource/ontology-schema/d285f599-dc2e-4bd8-83f3-df21defa8821/hasResult is not a property of the vocabulary
Constraint Violation in UndeclaredProperty:
	Severity: sh:Violation
	Focus Node: http://example.org/data/process_hemoglobin_a1c_4548_4
	Message: https://w3id.org/shexmap/resource/ontology-schema/d285f599-dc2e-4bd8-83f3-df21defa8821/hasStatus is not a property of the vocabulary
Constraint Violation in UndeclaredProperty:
	Severity: sh:Violation
	Focus Node: http://example.org/data/process_hemoglobin_a1c_4548_4
	Message: https://w3id.org/shexmap/resource/ontology-schema/d285f599-dc2e-4bd83f3-df21defa8821/hasCode is not a property of the vocabulary
Constraint Violation in UndeclaredProperty:
	Severity: sh:Violation
	Focus Node: http://example.org/data/process_hemoglobin_a1c_4548_4
	Message: https://w3id.org/sulo/hasStatus is not a property of the vocabulary
Constraint Violation in UndeclaredProperty:
	Severity: sh:Violation
	Focus Node: http://example.org/data/process_ketones_urine_5797_6
	Message: https://w3id.org/shexmap/resource/ontology-schema/d285f599-dc2e-4bd8-83f3-df21defa8821/hasPatient is not a property of the vocabulary
Constraint Violation in UndeclaredProperty:
	Severity: sh:Violation
	Focus Node: http://example.org/data/process_ketones_urine_5797_6
	Message: https://w3id.org/shexmap/resource/ontology-schema/d285f599-dc2e-4bd8-83f3-df21defa8821/hasPerformedDate is not a property of the vocabulary
Constraint Violation in UndeclaredProperty:
	Severity: sh:Violation
	Focus Node: http://example.org/data/process_ketones_urine_5797_6
	Message: https://w3id.org/shexmap/resource/ontology-schema/d285f599-dc2e-4bd8-83f3-df21defa8821/hasPerformer is not a property of the vocabulary
Constraint Violation in UndeclaredProperty:
	Severity: sh:Violation
	Focus Node: http://example.org/data/process_ketones_urine_5797_6
	Message: https://w3id.org/shexmap/resource/ontology-schema/d285f599-dc2e-4bd8-83f3-df21defa8821/hasResult is not a property of the vocabulary
Constraint Violation in UndeclaredProperty:
	Severity: sh:Violation
	Focus Node: http://example.org/data/process_ketones_urine_5797_6
	Message: https://w3id.org/shexmap/resource/ontology-schema/d285f599-dc2e-4bd8-83f3-df21defa8821/hasStatus is not a property of the vocabulary
Constraint Violation in UndeclaredProperty:
	Severity: sh:Violation
	Focus Node: http://example.org/data/process_ketones_urine_5797_6
	Message: https://w3id.org/shexmap/resource/ontology-schema/d285f599-dc2e-4bd83f3-df21defa8821/hasCode is not a property of the vocabulary
Constraint Violation in UndeclaredProperty:
	Severity: sh:Violation
	Focus Node: http://example.org/data/process_ketones_urine_5797_6
	Message: https://w3id.org/sulo/hasStatus is not a property of the vocabulary
Constraint Violation in UndeclaredProperty:
	Severity: sh:Violation
	Focus Node: http://example.org/data/process_pain_severity_72514_3
	Message: https://w3id.org/shexmap/resource/ontology-schema/d285f599-dc2e-4bd8-83f3-df21defa8821/hasPatient is not a property of the vocabulary
Constraint Violation in UndeclaredProperty:
	Severity: sh:Violation
	Focus Node: http://example.org/data/process_pain_severity_72514_3
	Message: https://w3id.org/shexmap/resource/ontology-schema/d285f599-dc2e-4bd8-83f3-df21defa8821/hasPerformedDate is not a property of the vocabulary
Constraint Violation in UndeclaredProperty:
	Severity: sh:Violation
	Focus Node: http://example.org/data/process_pain_severity_72514_3
	Message: https://w3id.org/shexmap/resource/ontology-schema/d285f599-dc2e-4bd8-83f3-df21defa8821/hasPerformer is not a property of the vocabulary
Constraint Violation in UndeclaredProperty:
	Severity: sh:Violation
	Focus Node: http://example.org/data/process_pain_severity_72514_3
	Message: https://w3id.org/shexmap/resource/ontology-schema/d285f599-dc2e-4bd8-83f3-df21defa8821/hasResult is not a property of the vocabulary
Constraint Violation in UndeclaredProperty:
	Severity: sh:Violation
	Focus Node: http://example.org/data/process_pain_severity_72514_3
	Message: https://w3id.org/shexmap/resource/ontology-schema/d285f599-dc2e-4bd8-83f3-df21defa8821/hasStatus is not a property of the vocabulary
Constraint Violation in UndeclaredProperty:
	Severity: sh:Violation
	Focus Node: http://example.org/data/process_pain_severity_72514_3
	Message: https://w3id.org/shexmap/resource/ontology-schema/d285f599-dc2e-4bd83f3-df21defa8821/hasCode is not a property of the vocabulary
Constraint Violation in UndeclaredProperty:
	Severity: sh:Violation
	Focus Node: http://example.org/data/process_pain_severity_72514_3
	Message: https://w3id.org/sulo/hasStatus is not a property of the vocabulary
Constraint Violation in UndeclaredProperty:
	Severity: sh:Violation
	Focus Node: http://example.org/data/process_ph_urine_5803_2
	Message: https://w3id.org/shexmap/resource/ontology-schema/d285f599-dc2e-4bd8-83f3-df21defa8821/hasPatient is not a property of the vocabulary
Constraint Violation in UndeclaredProperty:
	Severity: sh:Violation
	Focus Node: http://example.org/data/process_ph_urine_5803_2
	Message: https://w3id.org/shexmap/resource/ontology-schema/d285f599-dc2e-4bd8-83f3-df21defa8821/hasPerformedDate is not a property of the vocabulary
Constraint Violation in UndeclaredProperty:
	Severity: sh:Violation
	Focus Node: http://example.org/data/process_ph_urine_5803_2
	Message: https://w3id.org/shexmap/resource/ontology-schema/d285f599-dc2e-4bd8-83f3-df21defa8821/hasPerformer is not a property of the vocabulary
Constraint Violation in UndeclaredProperty:
	Severity: sh:Violation
	Focus Node: http://example.org/data/process_ph_urine_5803_2
	Message: https://w3id.org/shexmap/resource/ontology-schema/d285f599-dc2e-4bd8-83f3-df21defa8821/hasResult is not a property of the vocabulary
Constraint Violation in UndeclaredProperty:
	Severity: sh:Violation
	Focus Node: http://example.org/data/process_ph_urine_5803_2
	Message: https://w3id.org/shexmap/resource/ontology-schema/d285f599-dc2e-4bd8-83f3-df21defa8821/hasStatus is not a property of the vocabulary
Constraint Violation in UndeclaredProperty:
	Severity: sh:Violation
	Focus Node: http://example.org/data/process_ph_urine_5803_2
	Message: https://w3id.org/shexmap/resource/ontology-schema/d285f599-dc2e-4bd83f3-df21defa8821/hasCode is not a property of the vocabulary
Constraint Violation in UndeclaredProperty:
	Severity: sh:Violation
	Focus Node: http://example.org/data/process_ph_urine_5803_2
	Message: https://w3id.org/sulo/hasStatus is not a property of the vocabulary
Constraint Violation in UndeclaredProperty:
	Severity: sh:Violation
	Focus Node: http://example.org/data/process_potassium_blood_6298_4
	Message: https://w3id.org/shexmap/resource/ontology-schema/d285f599-dc2e-4bd8-83f3-df21defa8821/hasPatient is not a property of the vocabulary
Constraint Violation in UndeclaredProperty:
	Severity: sh:Violation
	Focus Node: http://example.org/data/process_potassium_blood_6298_4
	Message: https://w3id.org/shexmap/resource/ontology-schema/d285f599-dc2e-4bd8-83f3-df21defa8821/hasPerformedDate is not a property of the vocabulary
Constraint Violation in UndeclaredProperty:
	Severity: sh:Violation
	Focus Node: http://example.org/data/process_potassium_blood_6298_4
	Message: https://w3id.org/shexmap/resource/ontology-schema/d285f599-dc2e-4bd8-83f3-df21defa8821/hasPerformer is not a property of the vocabulary
Constraint Violation in UndeclaredProperty:
	Severity: sh:Violation
	Focus Node: http://example.org/data/process_potassium_blood_6298_4
	Message: https://w3id.org/shexmap/resource/ontology-schema/d285f599-dc2e-4bd8-83f3-df21defa8821/hasResult is not a property of the vocabulary
Constraint Violation in UndeclaredProperty:
	Severity: sh:Violation
	Focus Node: http://example.org/data/process_potassium_blood_6298_4
	Message: https://w3id.org/shexmap/resource/ontology-schema/d285f599-dc2e-4bd8-83f3-df21defa8821/hasStatus is not a property of the vocabulary
Constraint Violation in UndeclaredProperty:
	Severity: sh:Violation
	Focus Node: http://example.org/data/process_potassium_blood_6298_4
	Message: https://w3id.org/shexmap/resource/ontology-schema/d285f599-dc2e-4bd83f3-df21defa8821/hasCode is not a property of the vocabulary
Constraint Violation in UndeclaredProperty:
	Severity: sh:Violation
	Focus Node: http://example.org/data/process_potassium_blood_6298_4
	Message: https://w3id.org/sulo/hasStatus is not a property of the vocabulary
Constraint Violation in UndeclaredProperty:
	Severity: sh:Violation
	Focus Node: http://example.org/data/process_potassium_serum_2823_3
	Message: https://w3id.org/shexmap/resource/ontology-schema/d285f599-dc2e-4bd8-83f3-df21defa8821/hasPatient is not a property of the vocabulary
Constraint Violation in UndeclaredProperty:
	Severity: sh:Violation
	Focus Node: http://example.org/data/process_potassium_serum_2823_3
	Message: https://w3id.org/shexmap/resource/ontology-schema/d285f599-dc2e-4bd8-83f3-df21defa8821/hasPerformedDate is not a property of the vocabulary
Constraint Violation in UndeclaredProperty:
	Severity: sh:Violation
	Focus Node: http://example.org/data/process_potassium_serum_2823_3
	Message: https://w3id.org/shexmap/resource/ontology-schema/d285f599-dc2e-4bd8-83f3-df21defa8821/hasPerformer is not a property of the vocabulary
Constraint Violation in UndeclaredProperty:
	Severity: sh:Violation
	Focus Node: http://example.org/data/process_potassium_serum_2823_3
	Message: https://w3id.org/shexmap/resource/ontology-schema/d285f599-dc2e-4bd8-83f3-df21defa8821/hasResult is not a property of the vocabulary
Constraint Violation in UndeclaredProperty:
	Severity: sh:Violation
	Focus Node: http://example.org/data/process_potassium_serum_2823_3
	Message: https://w3id.org/shexmap/resource/ontology-schema/d285f599-dc2e-4bd8-83f3-df21defa8821/hasStatus is not a property of the vocabulary
Constraint Violation in UndeclaredProperty:
	Severity: sh:Violation
	Focus Node: http://example.org/data/process_potassium_serum_2823_3
	Message: https://w3id.org/shexmap/resource/ontology-schema/d285f599-dc2e-4bd83f3-df21defa8821/hasCode is not a property of the vocabulary
Constraint Violation in UndeclaredProperty:
	Severity: sh:Violation
	Focus Node: http://example.org/data/process_potassium_serum_2823_3
	Message: https://w3id.org/sulo/hasStatus is not a property of the vocabulary
Constraint Violation in UndeclaredProperty:
	Severity: sh:Violation
	Focus Node: http://example.org/data/process_protein_urine_5804_0
	Message: https://w3id.org/shexmap/resource/ontology-schema/d285f599-dc2e-4bd8-83f3-df21defa8821/hasPatient is not a property of the vocabulary
Constraint Violation in UndeclaredProperty:
	Severity: sh:Violation
	Focus Node: http://example.org/data/process_protein_urine_5804_0
	Message: https://w3id.org/shexmap/resource/ontology-schema/d285f599-dc2e-4bd8-83f3-df21defa8821/hasPerformedDate is not a property of the vocabulary
Constraint Violation in UndeclaredProperty:
	Severity: sh:Violation
	Focus Node: http://example.org/data/process_protein_urine_5804_0
	Message: https://w3id.org/shexmap/resource/ontology-schema/d285f599-dc2e-4bd8-83f3-df21defa8821/hasPerformer is not a property of the vocabulary
Constraint Violation in UndeclaredProperty:
	Severity: sh:Violation
	Focus Node: http://example.org/data/process_protein_urine_5804_0
	Message: https://w3id.org/shexmap/resource/ontology-schema/d285f599-dc2e-4bd8-83f3-df21defa8821/hasResult is not a property of the vocabulary
Constraint Violation in UndeclaredProperty:
	Severity: sh:Violation
	Focus Node: http://example.org/data/process_protein_urine_5804_0
	Message: https://w3id.org/shexmap/resource/ontology-schema/d285f599-dc2e-4bd8-83f3-df21defa8821/hasStatus is not a property of the vocabulary
Constraint Violation in UndeclaredProperty:
	Severity: sh:Violation
	Focus Node: http://example.org/data/process_protein_urine_5804_0
	Message: https://w3id.org/shexmap/resource/ontology-schema/d285f599-dc2e-4bd83f3-df21defa8821/hasCode is not a property of the vocabulary
Constraint Violation in UndeclaredProperty:
	Severity: sh:Violation
	Focus Node: http://example.org/data/process_protein_urine_5804_0
	Message: https://w3id.org/sulo/hasStatus is not a property of the vocabulary
Constraint Violation in UndeclaredProperty:
	Severity: sh:Violation
	Focus Node: http://example.org/data/process_respiratory_rate_9279_1
	Message: https://w3id.org/shexmap/resource/ontology-schema/d285f599-dc2e-4bd8-83f3-df21defa8821/hasPatient is not a property of the vocabulary
Constraint Violation in UndeclaredProperty:
	Severity: sh:Violation
	Focus Node: http://example.org/data/process_respiratory_rate_9279_1
	Message: https://w3id.org/shexmap/resource/ontology-schema/d285f599-dc2e-4bd8-83f3-df21defa8821/hasPerformedDate is not a property of the vocabulary
Constraint Violation in UndeclaredProperty:
	Severity: sh:Violation
	Focus Node: http://example.org/data/process_respiratory_rate_9279_1
	Message: https://w3id.org/shexmap/resource/ontology-schema/d285f599-dc2e-4bd8-83f3-df21defa8821/hasPerformer is not a property of the vocabulary
Constraint Violation in UndeclaredProperty:
	Severity: sh:Violation
	Focus Node: http://example.org/data/process_respiratory_rate_9279_1
	Message: https://w3id.org/shexmap/resource/ontology-schema/d285f599-dc2e-4bd8-83f3-df21defa8821/hasResult is not a property of the vocabulary
Constraint Violation in UndeclaredProperty:
	Severity: sh:Violation
	Focus Node: http://example.org/data/process_respiratory_rate_9279_1
	Message: https://w3id.org/shexmap/resource/ontology-schema/d285f599-dc2e-4bd8-83f3-df21defa8821/hasStatus is not a property of the vocabulary
Constraint Violation in UndeclaredProperty:
	Severity: sh:Violation
	Focus Node: http://example.org/data/process_respiratory_rate_9279_1
	Message: https://w3id.org/shexmap/resource/ontology-schema/d285f599-dc2e-4bd83f3-df21defa8821/hasCode is not a property of the vocabulary
Constraint Violation in UndeclaredProperty:
	Severity: sh:Violation
	Focus Node: http://example.org/data/process_respiratory_rate_9279_1
	Message: https://w3id.org/sulo/hasStatus is not a property of the vocabulary
Constraint Violation in UndeclaredProperty:
	Severity: sh:Violation
	Focus Node: http://example.org/data/process_sodium_blood_2947_0
	Message: https://w3id.org/shexmap/resource/ontology-schema/d285f599-dc2e-4bd8-83f3-df21defa8821/hasPatient is not a property of the vocabulary
Constraint Violation in UndeclaredProperty:
	Severity: sh:Violation
	Focus Node: http://example.org/data/process_sodium_blood_2947_0
	Message: https://w3id.org/shexmap/resource/ontology-schema/d285f599-dc2e-4bd8-83f3-df21defa8821/hasPerformedDate is not a property of the vocabulary
Constraint Violation in UndeclaredProperty:
	Severity: sh:Violation
	Focus Node: http://example.org/data/process_sodium_blood_2947_0
	Message: https://w3id.org/shexmap/resource/ontology-schema/d285f599-dc2e-4bd8-83f3-df21defa8821/hasPerformer is not a property of the vocabulary
Constraint Violation in UndeclaredProperty:
	Severity: sh:Violation
	Focus Node: http://example.org/data/process_sodium_blood_2947_0
	Message: https://w3id.org/shexmap/resource/ontology-schema/d285f599-dc2e-4bd8-83f3-df21defa8821/hasResult is not a property of the vocabulary
Constraint Violation in UndeclaredProperty:
	Severity: sh:Violation
	Focus Node: http://example.org/data/process_sodium_blood_2947_0
	Message: https://w3id.org/shexmap/resource/ontology-schema/d285f599-dc2e-4bd8-83f3-df21defa8821/hasStatus is not a property of the vocabulary
Constraint Violation in UndeclaredProperty:
	Severity: sh:Violation
	Focus Node: http://example.org/data/process_sodium_blood_2947_0
	Message: https://w3id.org/shexmap/resource/ontology-schema/d285f599-dc2e-4bd83f3-df21defa8821/hasCode is not a property of the vocabulary
Constraint Violation in UndeclaredProperty:
	Severity: sh:Violation
	Focus Node: http://example.org/data/process_sodium_blood_2947_0
	Message: https://w3id.org/sulo/hasStatus is not a property of the vocabulary
Constraint Violation in UndeclaredProperty:
	Severity: sh:Violation
	Focus Node: http://example.org/data/process_sodium_serum_2951_2
	Message: https://w3id.org/shexmap/resource/ontology-schema/d285f599-dc2e-4bd8-83f3-df21defa8821/hasPatient is not a property of the vocabulary
Constraint Violation in UndeclaredProperty:
	Severity: sh:Violation
	Focus Node: http://example.org/data/process_sodium_serum_2951_2
	Message: https://w3id.org/shexmap/resource/ontology-schema/d285f599-dc2e-4bd8-83f3-df21defa8821/hasPerformedDate is not a property of the vocabulary
Constraint Violation in UndeclaredProperty:
	Severity: sh:Violation
	Focus Node: http://example.org/data/process_sodium_serum_2951_2
	Message: https://w3id.org/shexmap/resource/ontology-schema/d285f599-dc2e-4bd8-83f3-df21defa8821/hasPerformer is not a property of the vocabulary
Constraint Violation in UndeclaredProperty:
	Severity: sh:Violation
	Focus Node: http://example.org/data/process_sodium_serum_2951_2
	Message: https://w3id.org/shexmap/resource/ontology-schema/d285f599-dc2e-4bd8-83f3-df21defa8821/hasResult is not a property of the vocabulary
Constraint Violation in UndeclaredProperty:
	Severity: sh:Violation
	Focus Node: http://example.org/data/process_sodium_serum_2951_2
	Message: https://w3id.org/shexmap/resource/ontology-schema/d285f599-dc2e-4bd8-83f3-df21defa8821/hasStatus is not a property of the vocabulary
Constraint Violation in UndeclaredProperty:
	Severity: sh:Violation
	Focus Node: http://example.org/data/process_sodium_serum_2951_2
	Message: https://w3id.org/shexmap/resource/ontology-schema/d285f599-dc2e-4bd83f3-df21defa8821/hasCode is not a property of the vocabulary
Constraint Violation in UndeclaredProperty:
	Severity: sh:Violation
	Focus Node: http://example.org/data/process_sodium_serum_2951_2
	Message: https://w3id.org/sulo/hasStatus is not a property of the vocabulary
Constraint Violation in UndeclaredProperty:
	Severity: sh:Violation
	Focus Node: http://example.org/data/process_specific_gravity_urine_5811_5
	Message: https://w3id.org/shexmap/resource/ontology-schema/d285f599-dc2e-4bd8-83f3-df21defa8821/hasPatient is not a property of the vocabulary
Constraint Violation in UndeclaredProperty:
	Severity: sh:Violation
	Focus Node: http://example.org/data/process_specific_gravity_urine_5811_5
	Message: https://w3id.org/shexmap/resource/ontology-schema/d285f599-dc2e-4bd8-83f3-df21defa8821/hasPerformedDate is not a property of the vocabulary
Constraint Violation in UndeclaredProperty:
	Severity: sh:Violation
	Focus Node: http://example.org/data/process_specific_gravity_urine_5811_5
	Message: https://w3id.org/shexmap/resource/ontology-schema/d285f599-dc2e-4bd8-83f3-df21defa8821/hasPerformer is not a property of the vocabulary
Constraint Violation in UndeclaredProperty:
	Severity: sh:Violation
	Focus Node: http://example.org/data/process_specific_gravity_urine_5811_5
	Message: https://w3id.org/shexmap/resource/ontology-schema/d285f599-dc2e-4bd8-83f3-df21defa8821/hasResult is not a property of the vocabulary
Constraint Violation in UndeclaredProperty:
	Severity: sh:Violation
	Focus Node: http://example.org/data/process_specific_gravity_urine_5811_5
	Message: https://w3id.org/shexmap/resource/ontology-schema/d285f599-dc2e-4bd8-83f3-df21defa8821/hasStatus is not a property of the vocabulary
Constraint Violation in UndeclaredProperty:
	Severity: sh:Violation
	Focus Node: http://example.org/data/process_specific_gravity_urine_5811_5
	Message: https://w3id.org/shexmap/resource/ontology-schema/d285f599-dc2e-4bd83f3-df21defa8821/hasCode is not a property of the vocabulary
Constraint Violation in UndeclaredProperty:
	Severity: sh:Violation
	Focus Node: http://example.org/data/process_specific_gravity_urine_5811_5
	Message: https://w3id.org/sulo/hasStatus is not a property of the vocabulary
Constraint Violation in UndeclaredProperty:
	Severity: sh:Violation
	Focus Node: http://example.org/data/process_total_score_dast10_82667_7
	Message: https://w3id.org/shexmap/resource/ontology-schema/d285f599-dc2e-4bd83f3-df21defa8821/hasCode is not a property of the vocabulary
Constraint Violation in UndeclaredProperty:
	Severity: sh:Violation
	Focus Node: http://example.org/data/process_total_score_dast10_82667_7
	Message: https://w3id.org/sulo/hasStatus is not a property of the vocabulary
Constraint Violation in UndeclaredProperty:
	Severity: sh:Violation
	Focus Node: http://example.org/data/process_total_score_hark_76504_0
	Message: https://w3id.org/shexmap/resource/ontology-schema/d285f599-dc2e-4bd83f3-df21defa8821/hasCode is not a property of the vocabulary
Constraint Violation in UndeclaredProperty:
	Severity: sh:Violation
	Focus Node: http://example.org/data/process_total_score_hark_76504_0
	Message: https://w3id.org/sulo/hasStatus is not a property of the vocabulary
Constraint Violation in UndeclaredProperty:
	Severity: sh:Violation
	Focus Node: http://example.org/data/process_urea_nitrogen_blood_6299_2
	Message: https://w3id.org/shexmap/resource/ontology-schema/d285f599-dc2e-4bd8-83f3-df21defa8821/hasPatient is not a property of the vocabulary
Constraint Violation in UndeclaredProperty:
	Severity: sh:Violation
	Focus Node: http://example.org/data/process_urea_nitrogen_blood_6299_2
	Message: https://w3id.org/shexmap/resource/ontology-schema/d285f599-dc2e-4bd8-83f3-df21defa8821/hasPerformedDate is not a property of the vocabulary
Constraint Violation in UndeclaredProperty:
	Severity: sh:Violation
	Focus Node: http://example.org/data/process_urea_nitrogen_blood_6299_2
	Message: https://w3id.org/shexmap/resource/ontology-schema/d285f599-dc2e-4bd8-83f3-df21defa8821/hasPerformer is not a property of the vocabulary
Constraint Violation in UndeclaredProperty:
	Severity: sh:Violation
	Focus Node: http://example.org/data/process_urea_nitrogen_blood_6299_2
	Message: https://w3id.org/shexmap/resource/ontology-schema/d285f599-dc2e-4bd8-83f3-df21defa8821/hasResult is not a property of the vocabulary
Constraint Violation in UndeclaredProperty:
	Severity: sh:Violation
	Focus Node: http://example.org/data/process_urea_nitrogen_blood_6299_2
	Message: https://w3id.org/shexmap/resource/ontology-schema/d285f599-dc2e-4bd8-83f3-df21defa8821/hasStatus is not a property of the vocabulary
Constraint Violation in UndeclaredProperty:
	Severity: sh:Violation
	Focus Node: http://example.org/data/process_urea_nitrogen_blood_6299_2
	Message: https://w3id.org/shexmap/resource/ontology-schema/d285f599-dc2e-4bd83f3-df21defa8821/hasCode is not a property of the vocabulary
Constraint Violation in UndeclaredProperty:
	Severity: sh:Violation
	Focus Node: http://example.org/data/process_urea_nitrogen_blood_6299_2
	Message: https://w3id.org/sulo/hasStatus is not a property of the vocabulary
Constraint Violation in UndeclaredProperty:
	Severity: sh:Violation
	Focus Node: http://example.org/data/process_urea_nitrogen_serum_3094_0
	Message: https://w3id.org/shexmap/resource/ontology-schema/d285f599-dc2e-4bd8-83f3-df21defa8821/hasPatient is not a property of the vocabulary
Constraint Violation in UndeclaredProperty:
	Severity: sh:Violation
	Focus Node: http://example.org/data/process_urea_nitrogen_serum_3094_0
	Message: https://w3id.org/shexmap/resource/ontology-schema/d285f599-dc2e-4bd8-83f3-df21defa8821/hasPerformedDate is not a property of the vocabulary
Constraint Violation in UndeclaredProperty:
	Severity: sh:Violation
	Focus Node: http://example.org/data/process_urea_nitrogen_serum_3094_0
	Message: https://w3id.org/shexmap/resource/ontology-schema/d285f599-dc2e-4bd8-83f3-df21defa8821/hasPerformer is not a property of the vocabulary
Constraint Violation in UndeclaredProperty:
	Severity: sh:Violation
	Focus Node: http://example.org/data/process_urea_nitrogen_serum_3094_0
	Message: https://w3id.org/shexmap/resource/ontology-schema/d285f599-dc2e-4bd8-83f3-df21defa8821/hasResult is not a property of the vocabulary
Constraint Violation in UndeclaredProperty:
	Severity: sh:Violation
	Focus Node: http://example.org/data/process_urea_nitrogen_serum_3094_0
	Message: https://w3id.org/shexmap/resource/ontology-schema/d285f599-dc2e-4bd8-83f3-df21defa8821/hasStatus is not a property of the vocabulary
Constraint Violation in UndeclaredProperty:
	Severity: sh:Violation
	Focus Node: http://example.org/data/process_urea_nitrogen_serum_3094_0
	Message: https://w3id.org/shexmap/resource/ontology-schema/d285f599-dc2e-4bd83f3-df21defa8821/hasCode is not a property of the vocabulary
Constraint Violation in UndeclaredProperty:
	Severity: sh:Violation
	Focus Node: http://example.org/data/process_urea_nitrogen_serum_3094_0
	Message: https://w3id.org/sulo/hasStatus is not a property of the vocabulary
Constraint Violation in UndeclaredProperty:
	Severity: sh:Violation
	Focus Node: http://example.org/data/unit_cm
	Message: https://w3id.org/shexmap/resource/ontology-schema/d285f599-dc2e-4bd8-83f3-df21defa8821/hasCode is not a property of the vocabulary
Constraint Violation in UndeclaredProperty:
	Severity: sh:Violation
	Focus Node: http://example.org/data/unit_kg
	Message: https://w3id.org/shexmap/resource/ontology-schema/d285f599-dc2e-4bd8-83f3-df21defa8821/hasCode is not a property of the vocabulary
Constraint Violation in UndeclaredProperty:
	Severity: sh:Violation
	Focus Node: http://example.org/data/unit_kg_per_m2
	Message: https://w3id.org/shexmap/resource/ontology-schema/d285f599-dc2e-4bd8-83f3-df21defa8821/hasCode is not a property of the vocabulary
Constraint Violation in UndeclaredProperty:
	Severity: sh:Violation
	Focus Node: http://example.org/data/unit_mg_dL
	Message: https://w3id.org/shexmap/resource/ontology-schema/d285f599-dc2e-4bd8-83f3-df21defa8821/hasCode is not a property of the vocabulary
Constraint Violation in UndeclaredProperty:
	Severity: sh:Violation
	Focus Node: http://example.org/data/unit_ml_per_min_per_1.73_m2
	Message: https://w3id.org/shexmap/resource/ontology-schema/d285f599-dc2e-4bd8-83f3-df21defa8821/hasCode is not a property of the vocabulary
Constraint Violation in UndeclaredProperty:
	Severity: sh:Violation
	Focus Node: http://example.org/data/unit_mmol_L
	Message: https://w3id.org/shexmap/resource/ontology-schema/d285f599-dc2e-4bd8-83f3-df21defa8821/hasCode is not a property of the vocabulary
Constraint Violation in UndeclaredProperty:
	Severity: sh:Violation
	Focus Node: http://example.org/data/unit_nominal
	Message: https://w3id.org/shexmap/resource/ontology-schema/d285f599-dc2e-4bd8-83f3-df21defa8821/hasCode is not a property of the vocabulary
Constraint Violation in UndeclaredProperty:
	Severity: sh:Violation
	Focus Node: http://example.org/data/unit_per_min
	Message: https://w3id.org/shexmap/resource/ontology-schema/d285f599-dc2e-4bd8-83f3-df21defa8821/hasCode is not a property of the vocabulary
Constraint Violation in UndeclaredProperty:
	Severity: sh:Violation
	Focus Node: http://example.org/data/unit_percent
	Message: https://w3id.org/shexmap/resource/ontology-schema/d285f599-dc2e-4bd8-83f3-df21defa8821/hasCode is not a property of the vocabulary
Constraint Violation in UndeclaredProperty:
	Severity: sh:Violation
	Focus Node: http://example.org/data/unit_score
	Message: https://w3id.org/shexmap/resource/ontology-schema/d285f599-dc2e-4bd8-83f3-df21defa8821/hasCode is not a property of the vocabulary
Constraint Violation in UndeclaredProperty:
	Severity: sh:Violation
	Focus Node: http://example.org/data/visit_20140219T154723
	Message: https://w3id.org/shexmap/resource/ontology-schema/d285f599-dc2e-4bd8-83f3-df21defa8821/hasCareProvider is not a property of the vocabulary
Constraint Violation in UndeclaredProperty:
	Severity: sh:Violation
	Focus Node: http://example.org/data/visit_20140219T154723
	Message: https://w3id.org/shexmap/resource/ontology-schema/d285f599-dc2e-4bd8-83f3-df21defa8821/hasCareUnit is not a property of the vocabulary
Constraint Violation in UndeclaredProperty:
	Severity: sh:Violation
	Focus Node: http://example.org/data/visit_20140219T154723
	Message: https://w3id.org/shexmap/resource/ontology-schema/d285f599-dc2e-4bd8-83f3-df21defa8821/hasDate is not a property of the vocabulary
Constraint Violation in UndeclaredProperty:
	Severity: sh:Violation
	Focus Node: http://example.org/data/visit_20140219T154723
	Message: https://w3id.org/shexmap/resource/ontology-schema/d285f599-dc2e-4bd8-83f3-df21defa8821/hasPatient is not a property of the vocabulary
Constraint Violation in UndeclaredProperty:
	Severity: sh:Violation
	Focus Node: http://example.org/data/visit_20140219T154723
	Message: https://w3id.org/shexmap/resource/ontology-schema/d285f599-dc2e-4bd8-83f3-df21defa8821/hasProcedure is not a property of the vocabulary
Constraint Violation in ClosedConstraintComponent (http://www.w3.org/ns/shacl#ClosedConstraintComponent):
	Severity: sh:Violation
	Source Shape: chr:SchemaPropertyVocabularyShape
	Focus Node: ex:CarePlan_followup
	Value Node: ex:evaluation_medication_review_20140219T154723
	Result Path: <https://w3id.org/shexmap/resource/ontology-schema/d285f599-dc2e-4bd8-83f3-df21defa8821/hasMedicalProcedure>
	Message: Only the 24 properties declared in the CHR schema (plus rdf:type and rdfs:label) may be used on an individual.
Constraint Violation in ClosedConstraintComponent (http://www.w3.org/ns/shacl#ClosedConstraintComponent):
	Severity: sh:Violation
	Source Shape: chr:SchemaPropertyVocabularyShape
	Focus Node: ex:measurement_bilirubin_urine_20505_4
	Value Node: <https://loinc.org/20505-4>
	Result Path: <https://w3id.org/shexmap/resource/ontology-schema/d285f599-dc2e-4bd8-83f3-df21defa8821/hasCode>
	Message: Only the 24 properties declared in the CHR schema (plus rdf:type and rdfs:label) may be used on an individual.
Constraint Violation in ClosedConstraintComponent (http://www.w3.org/ns/shacl#ClosedConstraintComponent):
	Severity: sh:Violation
	Source Shape: chr:SchemaPropertyVocabularyShape
	Focus Node: ex:measurement_bilirubin_urine_20505_4
	Value Node: Literal("0.71857", datatype=xsd:float)
	Result Path: <https://w3id.org/shexmap/resource/ontology-schema/d285f599-dc2e-4bd8-83f3-df21defa8821/hasQuantityValue>
	Message: Only the 24 properties declared in the CHR schema (plus rdf:type and rdfs:label) may be used on an individual.
Constraint Violation in ClosedConstraintComponent (http://www.w3.org/ns/shacl#ClosedConstraintComponent):
	Severity: sh:Violation
	Source Shape: chr:SchemaPropertyVocabularyShape
	Focus Node: ex:measurement_bilirubin_urine_20505_4
	Value Node: Literal("2014-02-19T15:47:23+01:00" = 2014-02-19 15:47:23+01:00, datatype=xsd:dateTime)
	Result Path: <https://w3id.org/shexmap/resource/ontology-schema/d285f599-dc2e-4bd8-83f3-df21defa8821/hasMeasuredDate>
	Message: Only the 24 properties declared in the CHR schema (plus rdf:type and rdfs:label) may be used on an individual.
Constraint Violation in ClosedConstraintComponent (http://www.w3.org/ns/shacl#ClosedConstraintComponent):
	Severity: sh:Violation
	Source Shape: chr:SchemaPropertyVocabularyShape
	Focus Node: ex:measurement_bilirubin_urine_20505_4
	Value Node: ex:unit_mg_dL
	Result Path: <https://w3id.org/shexmap/resource/ontology-schema/d285f599-dc2e-4bd8-83f3-df21defa8821/hasUnit>
	Message: Only the 24 properties declared in the CHR schema (plus rdf:type and rdfs:label) may be used on an individual.
Constraint Violation in ClosedConstraintComponent (http://www.w3.org/ns/shacl#ClosedConstraintComponent):
	Severity: sh:Violation
	Source Shape: chr:SchemaPropertyVocabularyShape
	Focus Node: ex:measurement_bmi_39156_5
	Value Node: <https://loinc.org/39156-5>
	Result Path: <https://w3id.org/shexmap/resource/ontology-schema/d285f599-dc2e-4bd8-83f3-df21defa8821/hasCode>
	Message: Only the 24 properties declared in the CHR schema (plus rdf:type and rdfs:label) may be used on an individual.
Constraint Violation in ClosedConstraintComponent (http://www.w3.org/ns/shacl#ClosedConstraintComponent):
	Severity: sh:Violation
	Source Shape: chr:SchemaPropertyVocabularyShape
	Focus Node: ex:measurement_bmi_39156_5
	Value Node: Literal("2014-02-19T15:47:23+01:00" = 2014-02-19 15:47:23+01:00, datatype=xsd:dateTime)
	Result Path: <https://w3id.org/shexmap/resource/ontology-schema/d285f599-dc2e-4bd8-83f3-df21defa8821/hasMeasuredDate>
	Message: Only the 24 properties declared in the CHR schema (plus rdf:type and rdfs:label) may be used on an individual.
Constraint Violation in ClosedConstraintComponent (http://www.w3.org/ns/shacl#ClosedConstraintComponent):
	Severity: sh:Violation
	Source Shape: chr:SchemaPropertyVocabularyShape
	Focus Node: ex:measurement_bmi_39156_5
	Value Node: Literal("28.01", datatype=xsd:float)
	Result Path: <https://w3id.org/shexmap/resource/ontology-schema/d285f599-dc2e-4bd8-83f3-df21defa8821/hasQuantityValue>
	Message: Only the 24 properties declared in the CHR schema (plus rdf:type and rdfs:label) may be used on an individual.
Constraint Violation in ClosedConstraintComponent (http://www.w3.org/ns/shacl#ClosedConstraintComponent):
	Severity: sh:Violation
	Source Shape: chr:SchemaPropertyVocabularyShape
	Focus Node: ex:measurement_bmi_39156_5
	Value Node: ex:unit_kg_per_m2
	Result Path: <https://w3id.org/shexmap/resource/ontology-schema/d285f599-dc2e-4bd8-83f3-df21defa8821/hasUnit>
	Message: Only the 24 properties declared in the CHR schema (plus rdf:type and rdfs:label) may be used on an individual.
Constraint Violation in ClosedConstraintComponent (http://www.w3.org/ns/shacl#ClosedConstraintComponent):
	Severity: sh:Violation
	Source Shape: chr:SchemaPropertyVocabularyShape
	Focus Node: ex:measurement_body_height_8302_2
	Value Node: <https://loinc.org/8302-2>
	Result Path: <https://w3id.org/shexmap/resource/ontology-schema/d285f599-dc2e-4bd8-83f3-df21defa8821/hasCode>
	Message: Only the 24 properties declared in the CHR schema (plus rdf:type and rdfs:label) may be used on an individual.
Constraint Violation in ClosedConstraintComponent (http://www.w3.org/ns/shacl#ClosedConstraintComponent):
	Severity: sh:Violation
	Source Shape: chr:SchemaPropertyVocabularyShape
	Focus Node: ex:measurement_body_height_8302_2
	Value Node: Literal("195.1", datatype=xsd:float)
	Result Path: <https://w3id.org/shexmap/resource/ontology-schema/d285f599-dc2e-4bd8-83f3-df21defa8821/hasQuantityValue>
	Message: Only the 24 properties declared in the CHR schema (plus rdf:type and rdfs:label) may be used on an individual.
Constraint Violation in ClosedConstraintComponent (http://www.w3.org/ns/shacl#ClosedConstraintComponent):
	Severity: sh:Violation
	Source Shape: chr:SchemaPropertyVocabularyShape
	Focus Node: ex:measurement_body_height_8302_2
	Value Node: Literal("2014-02-19T15:47:23+01:00" = 2014-02-19 15:47:23+01:00, datatype=xsd:dateTime)
	Result Path: <https://w3id.org/shexmap/resource/ontology-schema/d285f599-dc2e-4bd8-83f3-df21defa8821/hasMeasuredDate>
	Message: Only the 24 properties declared in the CHR schema (plus rdf:type and rdfs:label) may be used on an individual.
Constraint Violation in ClosedConstraintComponent (http://www.w3.org/ns/shacl#ClosedConstraintComponent):
	Severity: sh:Violation
	Source Shape: chr:SchemaPropertyVocabularyShape
	Focus Node: ex:measurement_body_height_8302_2
	Value Node: ex:unit_cm
	Result Path: <https://w3id.org/shexmap/resource/ontology-schema/d285f599-dc2e-4bd8-83f3-df21defa8821/hasUnit>
	Message: Only the 24 properties declared in the CHR schema (plus rdf:type and rdfs:label) may be used on an individual.
Constraint Violation in ClosedConstraintComponent (http://www.w3.org/ns/shacl#ClosedConstraintComponent):
	Severity: sh:Violation
	Source Shape: chr:SchemaPropertyVocabularyShape
	Focus Node: ex:measurement_body_weight_29463_7
	Value Node: <https://loinc.org/29463-7>
	Result Path: <https://w3id.org/shexmap/resource/ontology-schema/d285f599-dc2e-4bd8-83f3-df21defa8821/hasCode>
	Message: Only the 24 properties declared in the CHR schema (plus rdf:type and rdfs:label) may be used on an individual.
Constraint Violation in ClosedConstraintComponent (http://www.w3.org/ns/shacl#ClosedConstraintComponent):
	Severity: sh:Violation
	Source Shape: chr:SchemaPropertyVocabularyShape
	Focus Node: ex:measurement_body_weight_29463_7
	Value Node: Literal("106.6", datatype=xsd:float)
	Result Path: <https://w3id.org/shexmap/resource/ontology-schema/d285f599-dc2e-4bd8-83f3-df21defa8821/hasQuantityValue>
	Message: Only the 24 properties declared in the CHR schema (plus rdf:type and rdfs:label) may be used on an individual.
Constraint Violation in ClosedConstraintComponent (http://www.w3.org/ns/shacl#ClosedConstraintComponent):
	Severity: sh:Violation
	Source Shape: chr:SchemaPropertyVocabularyShape
	Focus Node: ex:measurement_body_weight_29463_7
	Value Node: Literal("2014-02-19T15:47:23+01:00" = 2014-02-19 15:47:23+01:00, datatype=xsd:dateTime)
	Result Path: <https://w3id.org/shexmap/resource/ontology-schema/d285f599-dc2e-4bd8-83f3-df21defa8821/hasMeasuredDate>
	Message: Only the 24 properties declared in the CHR schema (plus rdf:type and rdfs:label) may be used on an individual.
Constraint Violation in ClosedConstraintComponent (http://www.w3.org/ns/shacl#ClosedConstraintComponent):
	Severity: sh:Violation
	Source Shape: chr:SchemaPropertyVocabularyShape
	Focus Node: ex:measurement_body_weight_29463_7
	Value Node: ex:unit_kg
	Result Path: <https://w3id.org/shexmap/resource/ontology-schema/d285f599-dc2e-4bd8-83f3-df21defa8821/hasUnit>
	Message: Only the 24 properties declared in the CHR schema (plus rdf:type and rdfs:label) may be used on an individual.
Constraint Violation in ClosedConstraintComponent (http://www.w3.org/ns/shacl#ClosedConstraintComponent):
	Severity: sh:Violation
	Source Shape: chr:SchemaPropertyVocabularyShape
	Focus Node: ex:measurement_calcium_blood_49765_1
	Value Node: <https://loinc.org/49765-1>
	Result Path: <https://w3id.org/shexmap/resource/ontology-schema/d285f599-dc2e-4bd8-83f3-df21defa8821/hasCode>
	Message: Only the 24 properties declared in the CHR schema (plus rdf:type and rdfs:label) may be used on an individual.
Constraint Violation in ClosedConstraintComponent (http://www.w3.org/ns/shacl#ClosedConstraintComponent):
	Severity: sh:Violation
	Source Shape: chr:SchemaPropertyVocabularyShape
	Focus Node: ex:measurement_calcium_blood_49765_1
	Value Node: Literal("2014-02-19T15:47:23+01:00" = 2014-02-19 15:47:23+01:00, datatype=xsd:dateTime)
	Result Path: <https://w3id.org/shexmap/resource/ontology-schema/d285f599-dc2e-4bd8-83f3-df21defa8821/hasMeasuredDate>
	Message: Only the 24 properties declared in the CHR schema (plus rdf:type and rdfs:label) may be used on an individual.
Constraint Violation in ClosedConstraintComponent (http://www.w3.org/ns/shacl#ClosedConstraintComponent):
	Severity: sh:Violation
	Source Shape: chr:SchemaPropertyVocabularyShape
	Focus Node: ex:measurement_calcium_blood_49765_1
	Value Node: Literal("9.78", datatype=xsd:float)
	Result Path: <https://w3id.org/shexmap/resource/ontology-schema/d285f599-dc2e-4bd8-83f3-df21defa8821/hasQuantityValue>
	Message: Only the 24 properties declared in the CHR schema (plus rdf:type and rdfs:label) may be used on an individual.
Constraint Violation in ClosedConstraintComponent (http://www.w3.org/ns/shacl#ClosedConstraintComponent):
	Severity: sh:Violation
	Source Shape: chr:SchemaPropertyVocabularyShape
	Focus Node: ex:measurement_calcium_blood_49765_1
	Value Node: ex:unit_mg_dL
	Result Path: <https://w3id.org/shexmap/resource/ontology-schema/d285f599-dc2e-4bd8-83f3-df21defa8821/hasUnit>
	Message: Only the 24 properties declared in the CHR schema (plus rdf:type and rdfs:label) may be used on an individual.
Constraint Violation in ClosedConstraintComponent (http://www.w3.org/ns/shacl#ClosedConstraintComponent):
	Severity: sh:Violation
	Source Shape: chr:SchemaPropertyVocabularyShape
	Focus Node: ex:measurement_calcium_serum_17861_6
	Value Node: <https://loinc.org/17861-6>
	Result Path: <https://w3id.org/shexmap/resource/ontology-schema/d285f599-dc2e-4bd8-83f3-df21defa8821/hasCode>
	Message: Only the 24 properties declared in the CHR schema (plus rdf:type and rdfs:label) may be used on an individual.
Constraint Violation in ClosedConstraintComponent (http://www.w3.org/ns/shacl#ClosedConstraintComponent):
	Severity: sh:Violation
	Source Shape: chr:SchemaPropertyVocabularyShape
	Focus Node: ex:measurement_calcium_serum_17861_6
	Value Node: Literal("2014-02-19T15:47:23+01:00" = 2014-02-19 15:47:23+01:00, datatype=xsd:dateTime)
	Result Path: <https://w3id.org/shexmap/resource/ontology-schema/d285f599-dc2e-4bd8-83f3-df21defa8821/hasMeasuredDate>
	Message: Only the 24 properties declared in the CHR schema (plus rdf:type and rdfs:label) may be used on an individual.
Constraint Violation in ClosedConstraintComponent (http://www.w3.org/ns/shacl#ClosedConstraintComponent):
	Severity: sh:Violation
	Source Shape: chr:SchemaPropertyVocabularyShape
	Focus Node: ex:measurement_calcium_serum_17861_6
	Value Node: Literal("9.78", datatype=xsd:float)
	Result Path: <https://w3id.org/shexmap/resource/ontology-schema/d285f599-dc2e-4bd8-83f3-df21defa8821/hasQuantityValue>
	Message: Only the 24 properties declared in the CHR schema (plus rdf:type and rdfs:label) may be used on an individual.
Constraint Violation in ClosedConstraintComponent (http://www.w3.org/ns/shacl#ClosedConstraintComponent):
	Severity: sh:Violation
	Source Shape: chr:SchemaPropertyVocabularyShape
	Focus Node: ex:measurement_calcium_serum_17861_6
	Value Node: ex:unit_mg_dL
	Result Path: <https://w3id.org/shexmap/resource/ontology-schema/d285f599-dc2e-4bd8-83f3-df21defa8821/hasUnit>
	Message: Only the 24 properties declared in the CHR schema (plus rdf:type and rdfs:label) may be used on an individual.
Constraint Violation in ClosedConstraintComponent (http://www.w3.org/ns/shacl#ClosedConstraintComponent):
	Severity: sh:Violation
	Source Shape: chr:SchemaPropertyVocabularyShape
	Focus Node: ex:measurement_carbon_dioxide_blood_20565_8
	Value Node: <https://loinc.org/20565-8>
	Result Path: <https://w3id.org/shexmap/resource/ontology-schema/d285f599-dc2e-4bd8-83f3-df21defa8821/hasCode>
	Message: Only the 24 properties declared in the CHR schema (plus rdf:type and rdfs:label) may be used on an individual.
Constraint Violation in ClosedConstraintComponent (http://www.w3.org/ns/shacl#ClosedConstraintComponent):
	Severity: sh:Violation
	Source Shape: chr:SchemaPropertyVocabularyShape
	Focus Node: ex:measurement_carbon_dioxide_blood_20565_8
	Value Node: Literal("2014-02-19T15:47:23+01:00" = 2014-02-19 15:47:23+01:00, datatype=xsd:dateTime)
	Result Path: <https://w3id.org/shexmap/resource/ontology-schema/d285f599-dc2e-4bd8-83f3-df21defa8821/hasMeasuredDate>
	Message: Only the 24 properties declared in the CHR schema (plus rdf:type and rdfs:label) may be used on an individual.
Constraint Violation in ClosedConstraintComponent (http://www.w3.org/ns/shacl#ClosedConstraintComponent):
	Severity: sh:Violation
	Source Shape: chr:SchemaPropertyVocabularyShape
	Focus Node: ex:measurement_carbon_dioxide_blood_20565_8
	Value Node: Literal("25.83", datatype=xsd:float)
	Result Path: <https://w3id.org/shexmap/resource/ontology-schema/d285f599-dc2e-4bd8-83f3-df21defa8821/hasQuantityValue>
	Message: Only the 24 properties declared in the CHR schema (plus rdf:type and rdfs:label) may be used on an individual.
Constraint Violation in ClosedConstraintComponent (http://www.w3.org/ns/shacl#ClosedConstraintComponent):
	Severity: sh:Violation
	Source Shape: chr:SchemaPropertyVocabularyShape
	Focus Node: ex:measurement_carbon_dioxide_blood_20565_8
	Value Node: ex:unit_mmol_L
	Result Path: <https://w3id.org/shexmap/resource/ontology-schema/d285f599-dc2e-4bd8-83f3-df21defa8821/hasUnit>
	Message: Only the 24 properties declared in the CHR schema (plus rdf:type and rdfs:label) may be used on an individual.
Constraint Violation in ClosedConstraintComponent (http://www.w3.org/ns/shacl#ClosedConstraintComponent):
	Severity: sh:Violation
	Source Shape: chr:SchemaPropertyVocabularyShape
	Focus Node: ex:measurement_carbon_dioxide_serum_2028_9
	Value Node: <https://loinc.org/2028-9>
	Result Path: <https://w3id.org/shexmap/resource/ontology-schema/d285f599-dc2e-4bd8-83f3-df21defa8821/hasCode>
	Message: Only the 24 properties declared in the CHR schema (plus rdf:type and rdfs:label) may be used on an individual.
Constraint Violation in ClosedConstraintComponent (http://www.w3.org/ns/shacl#ClosedConstraintComponent):
	Severity: sh:Violation
	Source Shape: chr:SchemaPropertyVocabularyShape
	Focus Node: ex:measurement_carbon_dioxide_serum_2028_9
	Value Node: Literal("2014-02-19T15:47:23+01:00" = 2014-02-19 15:47:23+01:00, datatype=xsd:dateTime)
	Result Path: <https://w3id.org/shexmap/resource/ontology-schema/d285f599-dc2e-4bd8-83f3-df21defa8821/hasMeasuredDate>
	Message: Only the 24 properties declared in the CHR schema (plus rdf:type and rdfs:label) may be used on an individual.
Constraint Violation in ClosedConstraintComponent (http://www.w3.org/ns/shacl#ClosedConstraintComponent):
	Severity: sh:Violation
	Source Shape: chr:SchemaPropertyVocabularyShape
	Focus Node: ex:measurement_carbon_dioxide_serum_2028_9
	Value Node: Literal("25.83", datatype=xsd:float)
	Result Path: <https://w3id.org/shexmap/resource/ontology-schema/d285f599-dc2e-4bd8-83f3-df21defa8821/hasQuantityValue>
	Message: Only the 24 properties declared in the CHR schema (plus rdf:type and rdfs:label) may be used on an individual.
Constraint Violation in ClosedConstraintComponent (http://www.w3.org/ns/shacl#ClosedConstraintComponent):
	Severity: sh:Violation
	Source Shape: chr:SchemaPropertyVocabularyShape
	Focus Node: ex:measurement_carbon_dioxide_serum_2028_9
	Value Node: ex:unit_mmol_L
	Result Path: <https://w3id.org/shexmap/resource/ontology-schema/d285f599-dc2e-4bd8-83f3-df21defa8821/hasUnit>
	Message: Only the 24 properties declared in the CHR schema (plus rdf:type and rdfs:label) may be used on an individual.
Constraint Violation in ClosedConstraintComponent (http://www.w3.org/ns/shacl#ClosedConstraintComponent):
	Severity: sh:Violation
	Source Shape: chr:SchemaPropertyVocabularyShape
	Focus Node: ex:measurement_chloride_blood_2069_3
	Value Node: <https://loinc.org/2069-3>
	Result Path: <https://w3id.org/shexmap/resource/ontology-schema/d285f599-dc2e-4bd8-83f3-df21defa8821/hasCode>
	Message: Only the 24 properties declared in the CHR schema (plus rdf:type and rdfs:label) may be used on an individual.
Constraint Violation in ClosedConstraintComponent (http://www.w3.org/ns/shacl#ClosedConstraintComponent):
	Severity: sh:Violation
	Source Shape: chr:SchemaPropertyVocabularyShape
	Focus Node: ex:measurement_chloride_blood_2069_3
	Value Node: Literal("106.23", datatype=xsd:float)
	Result Path: <https://w3id.org/shexmap/resource/ontology-schema/d285f599-dc2e-4bd8-83f3-df21defa8821/hasQuantityValue>
	Message: Only the 24 properties declared in the CHR schema (plus rdf:type and rdfs:label) may be used on an individual.
Constraint Violation in ClosedConstraintComponent (http://www.w3.org/ns/shacl#ClosedConstraintComponent):
	Severity: sh:Violation
	Source Shape: chr:SchemaPropertyVocabularyShape
	Focus Node: ex:measurement_chloride_blood_2069_3
	Value Node: Literal("2014-02-19T15:47:23+01:00" = 2014-02-19 15:47:23+01:00, datatype=xsd:dateTime)
	Result Path: <https://w3id.org/shexmap/resource/ontology-schema/d285f599-dc2e-4bd8-83f3-df21defa8821/hasMeasuredDate>
	Message: Only the 24 properties declared in the CHR schema (plus rdf:type and rdfs:label) may be used on an individual.
Constraint Violation in ClosedConstraintComponent (http://www.w3.org/ns/shacl#ClosedConstraintComponent):
	Severity: sh:Violation
	Source Shape: chr:SchemaPropertyVocabularyShape
	Focus Node: ex:measurement_chloride_blood_2069_3
	Value Node: ex:unit_mmol_L
	Result Path: <https://w3id.org/shexmap/resource/ontology-schema/d285f599-dc2e-4bd8-83f3-df21defa8821/hasUnit>
	Message: Only the 24 properties declared in the CHR schema (plus rdf:type and rdfs:label) may be used on an individual.
Constraint Violation in ClosedConstraintComponent (http://www.w3.org/ns/shacl#ClosedConstraintComponent):
	Severity: sh:Violation
	Source Shape: chr:SchemaPropertyVocabularyShape
	Focus Node: ex:measurement_chloride_serum_2075_0
	Value Node: <https://loinc.org/2075-0>
	Result Path: <https://w3id.org/shexmap/resource/ontology-schema/d285f599-dc2e-4bd8-83f3-df21defa8821/hasCode>
	Message: Only the 24 properties declared in the CHR schema (plus rdf:type and rdfs:label) may be used on an individual.
Constraint Violation in ClosedConstraintComponent (http://www.w3.org/ns/shacl#ClosedConstraintComponent):
	Severity: sh:Violation
	Source Shape: chr:SchemaPropertyVocabularyShape
	Focus Node: ex:measurement_chloride_serum_2075_0
	Value Node: Literal("106.23", datatype=xsd:float)
	Result Path: <https://w3id.org/shexmap/resource/ontology-schema/d285f599-dc2e-4bd8-83f3-df21defa8821/hasQuantityValue>
	Message: Only the 24 properties declared in the CHR schema (plus rdf:type and rdfs:label) may be used on an individual.
Constraint Violation in ClosedConstraintComponent (http://www.w3.org/ns/shacl#ClosedConstraintComponent):
	Severity: sh:Violation
	Source Shape: chr:SchemaPropertyVocabularyShape
	Focus Node: ex:measurement_chloride_serum_2075_0
	Value Node: Literal("2014-02-19T15:47:23+01:00" = 2014-02-19 15:47:23+01:00, datatype=xsd:dateTime)
	Result Path: <https://w3id.org/shexmap/resource/ontology-schema/d285f599-dc2e-4bd8-83f3-df21defa8821/hasMeasuredDate>
	Message: Only the 24 properties declared in the CHR schema (plus rdf:type and rdfs:label) may be used on an individual.
Constraint Violation in ClosedConstraintComponent (http://www.w3.org/ns/shacl#ClosedConstraintComponent):
	Severity: sh:Violation
	Source Shape: chr:SchemaPropertyVocabularyShape
	Focus Node: ex:measurement_chloride_serum_2075_0
	Value Node: ex:unit_mmol_L
	Result Path: <https://w3id.org/shexmap/resource/ontology-schema/d285f599-dc2e-4bd8-83f3-df21defa8821/hasUnit>
	Message: Only the 24 properties declared in the CHR schema (plus rdf:type and rdfs:label) may be used on an individual.
Constraint Violation in ClosedConstraintComponent (http://www.w3.org/ns/shacl#ClosedConstraintComponent):
	Severity: sh:Violation
	Source Shape: chr:SchemaPropertyVocabularyShape
	Focus Node: ex:measurement_creatinine_blood_38483_4
	Value Node: <https://loinc.org/38483-4>
	Result Path: <https://w3id.org/shexmap/resource/ontology-schema/d285f599-dc2e-4bd8-83f3-df21defa8821/hasCode>
	Message: Only the 24 properties declared in the CHR schema (plus rdf:type and rdfs:label) may be used on an individual.
Constraint Violation in ClosedConstraintComponent (http://www.w3.org/ns/shacl#ClosedConstraintComponent):
	Severity: sh:Violation
	Source Shape: chr:SchemaPropertyVocabularyShape
	Focus Node: ex:measurement_creatinine_blood_38483_4
	Value Node: Literal("2014-02-19T15:47:23+01:00" = 2014-02-19 15:47:23+01:00, datatype=xsd:dateTime)
	Result Path: <https://w3id.org/shexmap/resource/ontology-schema/d285f599-dc2e-4bd8-83f3-df21defa8821/hasMeasuredDate>
	Message: Only the 24 properties declared in the CHR schema (plus rdf:type and rdfs:label) may be used on an individual.
Constraint Violation in ClosedConstraintComponent (http://www.w3.org/ns/shacl#ClosedConstraintComponent):
	Severity: sh:Violation
	Source Shape: chr:SchemaPropertyVocabularyShape
	Focus Node: ex:measurement_creatinine_blood_38483_4
	Value Node: Literal("6.83", datatype=xsd:float)
	Result Path: <https://w3id.org/shexmap/resource/ontology-schema/d285f599-dc2e-4bd8-83f3-df21defa8821/hasQuantityValue>
	Message: Only the 24 properties declared in the CHR schema (plus rdf:type and rdfs:label) may be used on an individual.
Constraint Violation in ClosedConstraintComponent (http://www.w3.org/ns/shacl#ClosedConstraintComponent):
	Severity: sh:Violation
	Source Shape: chr:SchemaPropertyVocabularyShape
	Focus Node: ex:measurement_creatinine_blood_38483_4
	Value Node: ex:unit_mg_dL
	Result Path: <https://w3id.org/shexmap/resource/ontology-schema/d285f599-dc2e-4bd8-83f3-df21defa8821/hasUnit>
	Message: Only the 24 properties declared in the CHR schema (plus rdf:type and rdfs:label) may be used on an individual.
Constraint Violation in ClosedConstraintComponent (http://www.w3.org/ns/shacl#ClosedConstraintComponent):
	Severity: sh:Violation
	Source Shape: chr:SchemaPropertyVocabularyShape
	Focus Node: ex:measurement_creatinine_serum_2160_0
	Value Node: <https://loinc.org/2160-0>
	Result Path: <https://w3id.org/shexmap/resource/ontology-schema/d285f599-dc2e-4bd8-83f3-df21defa8821/hasCode>
	Message: Only the 24 properties declared in the CHR schema (plus rdf:type and rdfs:label) may be used on an individual.
Constraint Violation in ClosedConstraintComponent (http://www.w3.org/ns/shacl#ClosedConstraintComponent):
	Severity: sh:Violation
	Source Shape: chr:SchemaPropertyVocabularyShape
	Focus Node: ex:measurement_creatinine_serum_2160_0
	Value Node: Literal("1.9617", datatype=xsd:float)
	Result Path: <https://w3id.org/shexmap/resource/ontology-schema/d285f599-dc2e-4bd8-83f3-df21defa8821/hasQuantityValue>
	Message: Only the 24 properties declared in the CHR schema (plus rdf:type and rdfs:label) may be used on an individual.
Constraint Violation in ClosedConstraintComponent (http://www.w3.org/ns/shacl#ClosedConstraintComponent):
	Severity: sh:Violation
	Source Shape: chr:SchemaPropertyVocabularyShape
	Focus Node: ex:measurement_creatinine_serum_2160_0
	Value Node: Literal("2014-02-19T15:47:23+01:00" = 2014-02-19 15:47:23+01:00, datatype=xsd:dateTime)
	Result Path: <https://w3id.org/shexmap/resource/ontology-schema/d285f599-dc2e-4bd8-83f3-df21defa8821/hasMeasuredDate>
	Message: Only the 24 properties declared in the CHR schema (plus rdf:type and rdfs:label) may be used on an individual.
Constraint Violation in ClosedConstraintComponent (http://www.w3.org/ns/shacl#ClosedConstraintComponent):
	Severity: sh:Violation
	Source Shape: chr:SchemaPropertyVocabularyShape
	Focus Node: ex:measurement_creatinine_serum_2160_0
	Value Node: ex:unit_mg_dL
	Result Path: <https://w3id.org/shexmap/resource/ontology-schema/d285f599-dc2e-4bd8-83f3-df21defa8821/hasUnit>
	Message: Only the 24 properties declared in the CHR schema (plus rdf:type and rdfs:label) may be used on an individual.
Constraint Violation in ClosedConstraintComponent (http://www.w3.org/ns/shacl#ClosedConstraintComponent):
	Severity: sh:Violation
	Source Shape: chr:SchemaPropertyVocabularyShape
	Focus Node: ex:measurement_dast10_82667_7
	Value Node: <https://loinc.org/82667-7>
	Result Path: <https://w3id.org/shexmap/resource/ontology-schema/d285f599-dc2e-4bd8-83f3-df21defa8821/hasCode>
	Message: Only the 24 properties declared in the CHR schema (plus rdf:type and rdfs:label) may be used on an individual.
Constraint Violation in ClosedConstraintComponent (http://www.w3.org/ns/shacl#ClosedConstraintComponent):
	Severity: sh:Violation
	Source Shape: chr:SchemaPropertyVocabularyShape
	Focus Node: ex:measurement_dast10_82667_7
	Value Node: Literal("2.0", datatype=xsd:float)
	Result Path: <https://w3id.org/shexmap/resource/ontology-schema/d285f599-dc2e-4bd8-83f3-df21defa8821/hasQuantityValue>
	Message: Only the 24 properties declared in the CHR schema (plus rdf:type and rdfs:label) may be used on an individual.
Constraint Violation in ClosedConstraintComponent (http://www.w3.org/ns/shacl#ClosedConstraintComponent):
	Severity: sh:Violation
	Source Shape: chr:SchemaPropertyVocabularyShape
	Focus Node: ex:measurement_dast10_82667_7
	Value Node: Literal("2014-02-19T17:59:38+01:00" = 2014-02-19 17:59:38+01:00, datatype=xsd:dateTime)
	Result Path: <https://w3id.org/shexmap/resource/ontology-schema/d285f599-dc2e-4bd8-83f3-df21defa8821/hasMeasuredDate>
	Message: Only the 24 properties declared in the CHR schema (plus rdf:type and rdfs:label) may be used on an individual.
Constraint Violation in ClosedConstraintComponent (http://www.w3.org/ns/shacl#ClosedConstraintComponent):
	Severity: sh:Violation
	Source Shape: chr:SchemaPropertyVocabularyShape
	Focus Node: ex:measurement_dast10_82667_7
	Value Node: ex:unit_score
	Result Path: <https://w3id.org/shexmap/resource/ontology-schema/d285f599-dc2e-4bd8-83f3-df21defa8821/hasUnit>
	Message: Only the 24 properties declared in the CHR schema (plus rdf:type and rdfs:label) may be used on an individual.
Constraint Violation in ClosedConstraintComponent (http://www.w3.org/ns/shacl#ClosedConstraintComponent):
	Severity: sh:Violation
	Source Shape: chr:SchemaPropertyVocabularyShape
	Focus Node: ex:measurement_gfr_serum_33914_3
	Value Node: <https://loinc.org/33914-3>
	Result Path: <https://w3id.org/shexmap/resource/ontology-schema/d285f599-dc2e-4bd8-83f3-df21defa8821/hasCode>
	Message: Only the 24 properties declared in the CHR schema (plus rdf:type and rdfs:label) may be used on an individual.
Constraint Violation in ClosedConstraintComponent (http://www.w3.org/ns/shacl#ClosedConstraintComponent):
	Severity: sh:Violation
	Source Shape: chr:SchemaPropertyVocabularyShape
	Focus Node: ex:measurement_gfr_serum_33914_3
	Value Node: Literal("2014-02-19T15:47:23+01:00" = 2014-02-19 15:47:23+01:00, datatype=xsd:dateTime)
	Result Path: <https://w3id.org/shexmap/resource/ontology-schema/d285f599-dc2e-4bd8-83f3-df21defa8821/hasMeasuredDate>
	Message: Only the 24 properties declared in the CHR schema (plus rdf:type and rdfs:label) may be used on an individual.
Constraint Violation in ClosedConstraintComponent (http://www.w3.org/ns/shacl#ClosedConstraintComponent):
	Severity: sh:Violation
	Source Shape: chr:SchemaPropertyVocabularyShape
	Focus Node: ex:measurement_gfr_serum_33914_3
	Value Node: Literal("31.38", datatype=xsd:float)
	Result Path: <https://w3id.org/shexmap/resource/ontology-schema/d285f599-dc2e-4bd8-83f3-df21defa8821/hasQuantityValue>
	Message: Only the 24 properties declared in the CHR schema (plus rdf:type and rdfs:label) may be used on an individual.
Constraint Violation in ClosedConstraintComponent (http://www.w3.org/ns/shacl#ClosedConstraintComponent):
	Severity: sh:Violation
	Source Shape: chr:SchemaPropertyVocabularyShape
	Focus Node: ex:measurement_gfr_serum_33914_3
	Value Node: ex:unit_ml_per_min_per_1.73_m2
	Result Path: <https://w3id.org/shexmap/resource/ontology-schema/d285f599-dc2e-4bd8-83f3-df21defa8821/hasUnit>
	Message: Only the 24 properties declared in the CHR schema (plus rdf:type and rdfs:label) may be used on an individual.
Constraint Violation in ClosedConstraintComponent (http://www.w3.org/ns/shacl#ClosedConstraintComponent):
	Severity: sh:Violation
	Source Shape: chr:SchemaPropertyVocabularyShape
	Focus Node: ex:measurement_glucose_blood_2339_0
	Value Node: <https://loinc.org/2339-0>
	Result Path: <https://w3id.org/shexmap/resource/ontology-schema/d285f599-dc2e-4bd8-83f3-df21defa8821/hasCode>
	Message: Only the 24 properties declared in the CHR schema (plus rdf:type and rdfs:label) may be used on an individual.
Constraint Violation in ClosedConstraintComponent (http://www.w3.org/ns/shacl#ClosedConstraintComponent):
	Severity: sh:Violation
	Source Shape: chr:SchemaPropertyVocabularyShape
	Focus Node: ex:measurement_glucose_blood_2339_0
	Value Node: Literal("2014-02-19T15:47:23+01:00" = 2014-02-19 15:47:23+01:00, datatype=xsd:dateTime)
	Result Path: <https://w3id.org/shexmap/resource/ontology-schema/d285f599-dc2e-4bd8-83f3-df21defa8821/hasMeasuredDate>
	Message: Only the 24 properties declared in the CHR schema (plus rdf:type and rdfs:label) may be used on an individual.
Constraint Violation in ClosedConstraintComponent (http://www.w3.org/ns/shacl#ClosedConstraintComponent):
	Severity: sh:Violation
	Source Shape: chr:SchemaPropertyVocabularyShape
	Focus Node: ex:measurement_glucose_blood_2339_0
	Value Node: Literal("75.07", datatype=xsd:float)
	Result Path: <https://w3id.org/shexmap/resource/ontology-schema/d285f599-dc2e-4bd8-83f3-df21defa8821/hasQuantityValue>
	Message: Only the 24 properties declared in the CHR schema (plus rdf:type and rdfs:label) may be used on an individual.
Constraint Violation in ClosedConstraintComponent (http://www.w3.org/ns/shacl#ClosedConstraintComponent):
	Severity: sh:Violation
	Source Shape: chr:SchemaPropertyVocabularyShape
	Focus Node: ex:measurement_glucose_blood_2339_0
	Value Node: ex:unit_mg_dL
	Result Path: <https://w3id.org/shexmap/resource/ontology-schema/d285f599-dc2e-4bd8-83f3-df21defa8821/hasUnit>
	Message: Only the 24 properties declared in the CHR schema (plus rdf:type and rdfs:label) may be used on an individual.
Constraint Violation in ClosedConstraintComponent (http://www.w3.org/ns/shacl#ClosedConstraintComponent):
	Severity: sh:Violation
	Source Shape: chr:SchemaPropertyVocabularyShape
	Focus Node: ex:measurement_glucose_serum_2345_7
	Value Node: <https://loinc.org/2345-7>
	Result Path: <https://w3id.org/shexmap/resource/ontology-schema/d285f599-dc2e-4bd8-83f3-df21defa8821/hasCode>
	Message: Only the 24 properties declared in the CHR schema (plus rdf:type and rdfs:label) may be used on an individual.
Constraint Violation in ClosedConstraintComponent (http://www.w3.org/ns/shacl#ClosedConstraintComponent):
	Severity: sh:Violation
	Source Shape: chr:SchemaPropertyVocabularyShape
	Focus Node: ex:measurement_glucose_serum_2345_7
	Value Node: Literal("2014-02-19T15:47:23+01:00" = 2014-02-19 15:47:23+01:00, datatype=xsd:dateTime)
	Result Path: <https://w3id.org/shexmap/resource/ontology-schema/d285f599-dc2e-4bd8-83f3-df21defa8821/hasMeasuredDate>
	Message: Only the 24 properties declared in the CHR schema (plus rdf:type and rdfs:label) may be used on an individual.
Constraint Violation in ClosedConstraintComponent (http://www.w3.org/ns/shacl#ClosedConstraintComponent):
	Severity: sh:Violation
	Source Shape: chr:SchemaPropertyVocabularyShape
	Focus Node: ex:measurement_glucose_serum_2345_7
	Value Node: Literal("75.07", datatype=xsd:float)
	Result Path: <https://w3id.org/shexmap/resource/ontology-schema/d285f599-dc2e-4bd8-83f3-df21defa8821/hasQuantityValue>
	Message: Only the 24 properties declared in the CHR schema (plus rdf:type and rdfs:label) may be used on an individual.
Constraint Violation in ClosedConstraintComponent (http://www.w3.org/ns/shacl#ClosedConstraintComponent):
	Severity: sh:Violation
	Source Shape: chr:SchemaPropertyVocabularyShape
	Focus Node: ex:measurement_glucose_serum_2345_7
	Value Node: ex:unit_mg_dL
	Result Path: <https://w3id.org/shexmap/resource/ontology-schema/d285f599-dc2e-4bd8-83f3-df21defa8821/hasUnit>
	Message: Only the 24 properties declared in the CHR schema (plus rdf:type and rdfs:label) may be used on an individual.
Constraint Violation in ClosedConstraintComponent (http://www.w3.org/ns/shacl#ClosedConstraintComponent):
	Severity: sh:Violation
	Source Shape: chr:SchemaPropertyVocabularyShape
	Focus Node: ex:measurement_glucose_urine_5792_7
	Value Node: <https://loinc.org/5792-7>
	Result Path: <https://w3id.org/shexmap/resource/ontology-schema/d285f599-dc2e-4bd8-83f3-df21defa8821/hasCode>
	Message: Only the 24 properties declared in the CHR schema (plus rdf:type and rdfs:label) may be used on an individual.
Constraint Violation in ClosedConstraintComponent (http://www.w3.org/ns/shacl#ClosedConstraintComponent):
	Severity: sh:Violation
	Source Shape: chr:SchemaPropertyVocabularyShape
	Focus Node: ex:measurement_glucose_urine_5792_7
	Value Node: Literal("0.61645", datatype=xsd:float)
	Result Path: <https://w3id.org/shexmap/resource/ontology-schema/d285f599-dc2e-4bd8-83f3-df21defa8821/hasQuantityValue>
	Message: Only the 24 properties declared in the CHR schema (plus rdf:type and rdfs:label) may be used on an individual.
Constraint Violation in ClosedConstraintComponent (http://www.w3.org/ns/shacl#ClosedConstraintComponent):
	Severity: sh:Violation
	Source Shape: chr:SchemaPropertyVocabularyShape
	Focus Node: ex:measurement_glucose_urine_5792_7
	Value Node: Literal("2014-02-19T15:47:23+01:00" = 2014-02-19 15:47:23+01:00, datatype=xsd:dateTime)
	Result Path: <https://w3id.org/shexmap/resource/ontology-schema/d285f599-dc2e-4bd8-83f3-df21defa8821/hasMeasuredDate>
	Message: Only the 24 properties declared in the CHR schema (plus rdf:type and rdfs:label) may be used on an individual.
Constraint Violation in ClosedConstraintComponent (http://www.w3.org/ns/shacl#ClosedConstraintComponent):
	Severity: sh:Violation
	Source Shape: chr:SchemaPropertyVocabularyShape
	Focus Node: ex:measurement_glucose_urine_5792_7
	Value Node: ex:unit_mg_dL
	Result Path: <https://w3id.org/shexmap/resource/ontology-schema/d285f599-dc2e-4bd8-83f3-df21defa8821/hasUnit>
	Message: Only the 24 properties declared in the CHR schema (plus rdf:type and rdfs:label) may be used on an individual.
Constraint Violation in ClosedConstraintComponent (http://www.w3.org/ns/shacl#ClosedConstraintComponent):
	Severity: sh:Violation
	Source Shape: chr:SchemaPropertyVocabularyShape
	Focus Node: ex:measurement_hark_76504_0
	Value Node: <https://loinc.org/76504-0>
	Result Path: <https://w3id.org/shexmap/resource/ontology-schema/d285f599-dc2e-4bd8-83f3-df21defa8821/hasCode>
	Message: Only the 24 properties declared in the CHR schema (plus rdf:type and rdfs:label) may be used on an individual.
Constraint Violation in ClosedConstraintComponent (http://www.w3.org/ns/shacl#ClosedConstraintComponent):
	Severity: sh:Violation
	Source Shape: chr:SchemaPropertyVocabularyShape
	Focus Node: ex:measurement_hark_76504_0
	Value Node: Literal("0.0", datatype=xsd:float)
	Result Path: <https://w3id.org/shexmap/resource/ontology-schema/d285f599-dc2e-4bd8-83f3-df21defa8821/hasQuantityValue>
	Message: Only the 24 properties declared in the CHR schema (plus rdf:type and rdfs:label) may be used on an individual.
Constraint Violation in ClosedConstraintComponent (http://www.w3.org/ns/shacl#ClosedConstraintComponent):
	Severity: sh:Violation
	Source Shape: chr:SchemaPropertyVocabularyShape
	Focus Node: ex:measurement_hark_76504_0
	Value Node: Literal("2014-02-19T17:19:20+01:00" = 2014-02-19 17:19:20+01:00, datatype=xsd:dateTime)
	Result Path: <https://w3id.org/shexmap/resource/ontology-schema/d285f599-dc2e-4bd8-83f3-df21defa8821/hasMeasuredDate>
	Message: Only the 24 properties declared in the CHR schema (plus rdf:type and rdfs:label) may be used on an individual.
Constraint Violation in ClosedConstraintComponent (http://www.w3.org/ns/shacl#ClosedConstraintComponent):
	Severity: sh:Violation
	Source Shape: chr:SchemaPropertyVocabularyShape
	Focus Node: ex:measurement_hark_76504_0
	Value Node: ex:unit_score
	Result Path: <https://w3id.org/shexmap/resource/ontology-schema/d285f599-dc2e-4bd8-83f3-df21defa8821/hasUnit>
	Message: Only the 24 properties declared in the CHR schema (plus rdf:type and rdfs:label) may be used on an individual.
Constraint Violation in ClosedConstraintComponent (http://www.w3.org/ns/shacl#ClosedConstraintComponent):
	Severity: sh:Violation
	Source Shape: chr:SchemaPropertyVocabularyShape
	Focus Node: ex:measurement_heart_rate_8867_4
	Value Node: <https://loinc.org/8867-4>
	Result Path: <https://w3id.org/shexmap/resource/ontology-schema/d285f599-dc2e-4bd8-83f3-df21defa8821/hasCode>
	Message: Only the 24 properties declared in the CHR schema (plus rdf:type and rdfs:label) may be used on an individual.
Constraint Violation in ClosedConstraintComponent (http://www.w3.org/ns/shacl#ClosedConstraintComponent):
	Severity: sh:Violation
	Source Shape: chr:SchemaPropertyVocabularyShape
	Focus Node: ex:measurement_heart_rate_8867_4
	Value Node: Literal("2014-02-19T15:47:23+01:00" = 2014-02-19 15:47:23+01:00, datatype=xsd:dateTime)
	Result Path: <https://w3id.org/shexmap/resource/ontology-schema/d285f599-dc2e-4bd8-83f3-df21defa8821/hasMeasuredDate>
	Message: Only the 24 properties declared in the CHR schema (plus rdf:type and rdfs:label) may be used on an individual.
Constraint Violation in ClosedConstraintComponent (http://www.w3.org/ns/shacl#ClosedConstraintComponent):
	Severity: sh:Violation
	Source Shape: chr:SchemaPropertyVocabularyShape
	Focus Node: ex:measurement_heart_rate_8867_4
	Value Node: Literal("95.0", datatype=xsd:float)
	Result Path: <https://w3id.org/shexmap/resource/ontology-schema/d285f599-dc2e-4bd8-83f3-df21defa8821/hasQuantityValue>
	Message: Only the 24 properties declared in the CHR schema (plus rdf:type and rdfs:label) may be used on an individual.
Constraint Violation in ClosedConstraintComponent (http://www.w3.org/ns/shacl#ClosedConstraintComponent):
	Severity: sh:Violation
	Source Shape: chr:SchemaPropertyVocabularyShape
	Focus Node: ex:measurement_heart_rate_8867_4
	Value Node: ex:unit_per_min
	Result Path: <https://w3id.org/shexmap/resource/ontology-schema/d285f599-dc2e-4bd8-83f3-df21defa8821/hasUnit>
	Message: Only the 24 properties declared in the CHR schema (plus rdf:type and rdfs:label) may be used on an individual.
Constraint Violation in ClosedConstraintComponent (http://www.w3.org/ns/shacl#ClosedConstraintComponent):
	Severity: sh:Violation
	Source Shape: chr:SchemaPropertyVocabularyShape
	Focus Node: ex:measurement_hemoglobin_a1c_4548_4
	Value Node: <https://loinc.org/4548-4>
	Result Path: <https://w3id.org/shexmap/resource/ontology-schema/d285f599-dc2e-4bd8-83f3-df21defa8821/hasCode>
	Message: Only the 24 properties declared in the CHR schema (plus rdf:type and rdfs:label) may be used on an individual.
Constraint Violation in ClosedConstraintComponent (http://www.w3.org/ns/shacl#ClosedConstraintComponent):
	Severity: sh:Violation
	Source Shape: chr:SchemaPropertyVocabularyShape
	Focus Node: ex:measurement_hemoglobin_a1c_4548_4
	Value Node: Literal("2014-02-19T15:47:23+01:00" = 2014-02-19 15:47:23+01:00, datatype=xsd:dateTime)
	Result Path: <https://w3id.org/shexmap/resource/ontology-schema/d285f599-dc2e-4bd8-83f3-df21defa8821/hasMeasuredDate>
	Message: Only the 24 properties declared in the CHR schema (plus rdf:type and rdfs:label) may be used on an individual.
Constraint Violation in ClosedConstraintComponent (http://www.w3.org/ns/shacl#ClosedConstraintComponent):
	Severity: sh:Violation
	Source Shape: chr:SchemaPropertyVocabularyShape
	Focus Node: ex:measurement_hemoglobin_a1c_4548_4
	Value Node: Literal("3.07", datatype=xsd:float)
	Result Path: <https://w3id.org/shexmap/resource/ontology-schema/d285f599-dc2e-4bd8-83f3-df21defa8821/hasQuantityValue>
	Message: Only the 24 properties declared in the CHR schema (plus rdf:type and rdfs:label) may be used on an individual.
Constraint Violation in ClosedConstraintComponent (http://www.w3.org/ns/shacl#ClosedConstraintComponent):
	Severity: sh:Violation
	Source Shape: chr:SchemaPropertyVocabularyShape
	Focus Node: ex:measurement_hemoglobin_a1c_4548_4
	Value Node: ex:unit_percent
	Result Path: <https://w3id.org/shexmap/resource/ontology-schema/d285f599-dc2e-4bd8-83f3-df21defa8821/hasUnit>
	Message: Only the 24 properties declared in the CHR schema (plus rdf:type and rdfs:label) may be used on an individual.
Constraint Violation in ClosedConstraintComponent (http://www.w3.org/ns/shacl#ClosedConstraintComponent):
	Severity: sh:Violation
	Source Shape: chr:SchemaPropertyVocabularyShape
	Focus Node: ex:measurement_ketones_urine_5797_6
	Value Node: <https://loinc.org/5797-6>
	Result Path: <https://w3id.org/shexmap/resource/ontology-schema/d285f599-dc2e-4bd8-83f3-df21defa8821/hasCode>
	Message: Only the 24 properties declared in the CHR schema (plus rdf:type and rdfs:label) may be used on an individual.
Constraint Violation in ClosedConstraintComponent (http://www.w3.org/ns/shacl#ClosedConstraintComponent):
	Severity: sh:Violation
	Source Shape: chr:SchemaPropertyVocabularyShape
	Focus Node: ex:measurement_ketones_urine_5797_6
	Value Node: Literal("2014-02-19T15:47:23+01:00" = 2014-02-19 15:47:23+01:00, datatype=xsd:dateTime)
	Result Path: <https://w3id.org/shexmap/resource/ontology-schema/d285f599-dc2e-4bd8-83f3-df21defa8821/hasMeasuredDate>
	Message: Only the 24 properties declared in the CHR schema (plus rdf:type and rdfs:label) may be used on an individual.
Constraint Violation in ClosedConstraintComponent (http://www.w3.org/ns/shacl#ClosedConstraintComponent):
	Severity: sh:Violation
	Source Shape: chr:SchemaPropertyVocabularyShape
	Focus Node: ex:measurement_ketones_urine_5797_6
	Value Node: Literal("7.2273", datatype=xsd:float)
	Result Path: <https://w3id.org/shexmap/resource/ontology-schema/d285f599-dc2e-4bd8-83f3-df21defa8821/hasQuantityValue>
	Message: Only the 24 properties declared in the CHR schema (plus rdf:type and rdfs:label) may be used on an individual.
Constraint Violation in ClosedConstraintComponent (http://www.w3.org/ns/shacl#ClosedConstraintComponent):
	Severity: sh:Violation
	Source Shape: chr:SchemaPropertyVocabularyShape
	Focus Node: ex:measurement_ketones_urine_5797_6
	Value Node: ex:unit_mg_dL
	Result Path: <https://w3id.org/shexmap/resource/ontology-schema/d285f599-dc2e-4bd8-83f3-df21defa8821/hasUnit>
	Message: Only the 24 properties declared in the CHR schema (plus rdf:type and rdfs:label) may be used on an individual.
Constraint Violation in ClosedConstraintComponent (http://www.w3.org/ns/shacl#ClosedConstraintComponent):
	Severity: sh:Violation
	Source Shape: chr:SchemaPropertyVocabularyShape
	Focus Node: ex:measurement_pain_severity_72514_3
	Value Node: <https://loinc.org/72514-3>
	Result Path: <https://w3id.org/shexmap/resource/ontology-schema/d285f599-dc2e-4bd8-83f3-df21defa8821/hasCode>
	Message: Only the 24 properties declared in the CHR schema (plus rdf:type and rdfs:label) may be used on an individual.
Constraint Violation in ClosedConstraintComponent (http://www.w3.org/ns/shacl#ClosedConstraintComponent):
	Severity: sh:Violation
	Source Shape: chr:SchemaPropertyVocabularyShape
	Focus Node: ex:measurement_pain_severity_72514_3
	Value Node: Literal("2014-02-19T15:47:23+01:00" = 2014-02-19 15:47:23+01:00, datatype=xsd:dateTime)
	Result Path: <https://w3id.org/shexmap/resource/ontology-schema/d285f599-dc2e-4bd8-83f3-df21defa8821/hasMeasuredDate>
	Message: Only the 24 properties declared in the CHR schema (plus rdf:type and rdfs:label) may be used on an individual.
Constraint Violation in ClosedConstraintComponent (http://www.w3.org/ns/shacl#ClosedConstraintComponent):
	Severity: sh:Violation
	Source Shape: chr:SchemaPropertyVocabularyShape
	Focus Node: ex:measurement_pain_severity_72514_3
	Value Node: Literal("3.0", datatype=xsd:float)
	Result Path: <https://w3id.org/shexmap/resource/ontology-schema/d285f599-dc2e-4bd8-83f3-df21defa8821/hasQuantityValue>
	Message: Only the 24 properties declared in the CHR schema (plus rdf:type and rdfs:label) may be used on an individual.
Constraint Violation in ClosedConstraintComponent (http://www.w3.org/ns/shacl#ClosedConstraintComponent):
	Severity: sh:Violation
	Source Shape: chr:SchemaPropertyVocabularyShape
	Focus Node: ex:measurement_pain_severity_72514_3
	Value Node: ex:unit_score
	Result Path: <https://w3id.org/shexmap/resource/ontology-schema/d285f599-dc2e-4bd8-83f3-df21defa8821/hasUnit>
	Message: Only the 24 properties declared in the CHR schema (plus rdf:type and rdfs:label) may be used on an individual.
Constraint Violation in ClosedConstraintComponent (http://www.w3.org/ns/shacl#ClosedConstraintComponent):
	Severity: sh:Violation
	Source Shape: chr:SchemaPropertyVocabularyShape
	Focus Node: ex:measurement_ph_urine_5803_2
	Value Node: <https://loinc.org/5803-2>
	Result Path: <https://w3id.org/shexmap/resource/ontology-schema/d285f599-dc2e-4bd8-83f3-df21defa8821/hasCode>
	Message: Only the 24 properties declared in the CHR schema (plus rdf:type and rdfs:label) may be used on an individual.
Constraint Violation in ClosedConstraintComponent (http://www.w3.org/ns/shacl#ClosedConstraintComponent):
	Severity: sh:Violation
	Source Shape: chr:SchemaPropertyVocabularyShape
	Focus Node: ex:measurement_ph_urine_5803_2
	Value Node: Literal("2014-02-19T15:47:23+01:00" = 2014-02-19 15:47:23+01:00, datatype=xsd:dateTime)
	Result Path: <https://w3id.org/shexmap/resource/ontology-schema/d285f599-dc2e-4bd8-83f3-df21defa8821/hasMeasuredDate>
	Message: Only the 24 properties declared in the CHR schema (plus rdf:type and rdfs:label) may be used on an individual.
Constraint Violation in ClosedConstraintComponent (http://www.w3.org/ns/shacl#ClosedConstraintComponent):
	Severity: sh:Violation
	Source Shape: chr:SchemaPropertyVocabularyShape
	Focus Node: ex:measurement_ph_urine_5803_2
	Value Node: Literal("6.9244", datatype=xsd:float)
	Result Path: <https://w3id.org/shexmap/resource/ontology-schema/d285f599-dc2e-4bd8-83f3-df21defa8821/hasQuantityValue>
	Message: Only the 24 properties declared in the CHR schema (plus rdf:type and rdfs:label) may be used on an individual.
Constraint Violation in ClosedConstraintComponent (http://www.w3.org/ns/shacl#ClosedConstraintComponent):
	Severity: sh:Violation
	Source Shape: chr:SchemaPropertyVocabularyShape
	Focus Node: ex:measurement_potassium_blood_6298_4
	Value Node: <https://loinc.org/6298-4>
	Result Path: <https://w3id.org/shexmap/resource/ontology-schema/d285f599-dc2e-4bd8-83f3-df21defa8821/hasCode>
	Message: Only the 24 properties declared in the CHR schema (plus rdf:type and rdfs:label) may be used on an individual.
Constraint Violation in ClosedConstraintComponent (http://www.w3.org/ns/shacl#ClosedConstraintComponent):
	Severity: sh:Violation
	Source Shape: chr:SchemaPropertyVocabularyShape
	Focus Node: ex:measurement_potassium_blood_6298_4
	Value Node: Literal("2014-02-19T15:47:23+01:00" = 2014-02-19 15:47:23+01:00, datatype=xsd:dateTime)
	Result Path: <https://w3id.org/shexmap/resource/ontology-schema/d285f599-dc2e-4bd8-83f3-df21defa8821/hasMeasuredDate>
	Message: Only the 24 properties declared in the CHR schema (plus rdf:type and rdfs:label) may be used on an individual.
Constraint Violation in ClosedConstraintComponent (http://www.w3.org/ns/shacl#ClosedConstraintComponent):
	Severity: sh:Violation
	Source Shape: chr:SchemaPropertyVocabularyShape
	Focus Node: ex:measurement_potassium_blood_6298_4
	Value Node: Literal("4.88", datatype=xsd:float)
	Result Path: <https://w3id.org/shexmap/resource/ontology-schema/d285f599-dc2e-4bd8-83f3-df21defa8821/hasQuantityValue>
	Message: Only the 24 properties declared in the CHR schema (plus rdf:type and rdfs:label) may be used on an individual.
Constraint Violation in ClosedConstraintComponent (http://www.w3.org/ns/shacl#ClosedConstraintComponent):
	Severity: sh:Violation
	Source Shape: chr:SchemaPropertyVocabularyShape
	Focus Node: ex:measurement_potassium_blood_6298_4
	Value Node: ex:unit_mmol_L
	Result Path: <https://w3id.org/shexmap/resource/ontology-schema/d285f599-dc2e-4bd8-83f3-df21defa8821/hasUnit>
	Message: Only the 24 properties declared in the CHR schema (plus rdf:type and rdfs:label) may be used on an individual.
Constraint Violation in ClosedConstraintComponent (http://www.w3.org/ns/shacl#ClosedConstraintComponent):
	Severity: sh:Violation
	Source Shape: chr:SchemaPropertyVocabularyShape
	Focus Node: ex:measurement_potassium_serum_2823_3
	Value Node: <https://loinc.org/2823-3>
	Result Path: <https://w3id.org/shexmap/resource/ontology-schema/d285f599-dc2e-4bd8-83f3-df21defa8821/hasCode>
	Message: Only the 24 properties declared in the CHR schema (plus rdf:type and rdfs:label) may be used on an individual.
Constraint Violation in ClosedConstraintComponent (http://www.w3.org/ns/shacl#ClosedConstraintComponent):
	Severity: sh:Violation
	Source Shape: chr:SchemaPropertyVocabularyShape
	Focus Node: ex:measurement_potassium_serum_2823_3
	Value Node: Literal("2014-02-19T15:47:23+01:00" = 2014-02-19 15:47:23+01:00, datatype=xsd:dateTime)
	Result Path: <https://w3id.org/shexmap/resource/ontology-schema/d285f599-dc2e-4bd8-83f3-df21defa8821/hasMeasuredDate>
	Message: Only the 24 properties declared in the CHR schema (plus rdf:type and rdfs:label) may be used on an individual.
Constraint Violation in ClosedConstraintComponent (http://www.w3.org/ns/shacl#ClosedConstraintComponent):
	Severity: sh:Violation
	Source Shape: chr:SchemaPropertyVocabularyShape
	Focus Node: ex:measurement_potassium_serum_2823_3
	Value Node: Literal("4.88", datatype=xsd:float)
	Result Path: <https://w3id.org/shexmap/resource/ontology-schema/d285f599-dc2e-4bd8-83f3-df21defa8821/hasQuantityValue>
	Message: Only the 24 properties declared in the CHR schema (plus rdf:type and rdfs:label) may be used on an individual.
Constraint Violation in ClosedConstraintComponent (http://www.w3.org/ns/shacl#ClosedConstraintComponent):
	Severity: sh:Violation
	Source Shape: chr:SchemaPropertyVocabularyShape
	Focus Node: ex:measurement_potassium_serum_2823_3
	Value Node: ex:unit_mmol_L
	Result Path: <https://w3id.org/shexmap/resource/ontology-schema/d285f599-dc2e-4bd8-83f3-df21defa8821/hasUnit>
	Message: Only the 24 properties declared in the CHR schema (plus rdf:type and rdfs:label) may be used on an individual.
Constraint Violation in ClosedConstraintComponent (http://www.w3.org/ns/shacl#ClosedConstraintComponent):
	Severity: sh:Violation
	Source Shape: chr:SchemaPropertyVocabularyShape
	Focus Node: ex:measurement_protein_urine_5804_0
	Value Node: <https://loinc.org/5804-0>
	Result Path: <https://w3id.org/shexmap/resource/ontology-schema/d285f599-dc2e-4bd8-83f3-df21defa8821/hasCode>
	Message: Only the 24 properties declared in the CHR schema (plus rdf:type and rdfs:label) may be used on an individual.
Constraint Violation in ClosedConstraintComponent (http://www.w3.org/ns/shacl#ClosedConstraintComponent):
	Severity: sh:Violation
	Source Shape: chr:SchemaPropertyVocabularyShape
	Focus Node: ex:measurement_protein_urine_5804_0
	Value Node: Literal("2014-02-19T15:47:23+01:00" = 2014-02-19 15:47:23+01:00, datatype=xsd:dateTime)
	Result Path: <https://w3id.org/shexmap/resource/ontology-schema/d285f599-dc2e-4bd8-83f3-df21defa8821/hasMeasuredDate>
	Message: Only the 24 properties declared in the CHR schema (plus rdf:type and rdfs:label) may be used on an individual.
Constraint Violation in ClosedConstraintComponent (http://www.w3.org/ns/shacl#ClosedConstraintComponent):
	Severity: sh:Violation
	Source Shape: chr:SchemaPropertyVocabularyShape
	Focus Node: ex:measurement_protein_urine_5804_0
	Value Node: Literal("345.78", datatype=xsd:float)
	Result Path: <https://w3id.org/shexmap/resource/ontology-schema/d285f599-dc2e-4bd8-83f3-df21defa8821/hasQuantityValue>
	Message: Only the 24 properties declared in the CHR schema (plus rdf:type and rdfs:label) may be used on an individual.
Constraint Violation in ClosedConstraintComponent (http://www.w3.org/ns/shacl#ClosedConstraintComponent):
	Severity: sh:Violation
	Source Shape: chr:SchemaPropertyVocabularyShape
	Focus Node: ex:measurement_protein_urine_5804_0
	Value Node: ex:unit_mg_dL
	Result Path: <https://w3id.org/shexmap/resource/ontology-schema/d285f599-dc2e-4bd8-83f3-df21defa8821/hasUnit>
	Message: Only the 24 properties declared in the CHR schema (plus rdf:type and rdfs:label) may be used on an individual.
Constraint Violation in ClosedConstraintComponent (http://www.w3.org/ns/shacl#ClosedConstraintComponent):
	Severity: sh:Violation
	Source Shape: chr:SchemaPropertyVocabularyShape
	Focus Node: ex:measurement_respiratory_rate_9279_1
	Value Node: <https://loinc.org/9279-1>
	Result Path: <https://w3id.org/shexmap/resource/ontology-schema/d285f599-dc2e-4bd8-83f3-df21defa8821/hasCode>
	Message: Only the 24 properties declared in the CHR schema (plus rdf:type and rdfs:label) may be used on an individual.
Constraint Violation in ClosedConstraintComponent (http://www.w3.org/ns/shacl#ClosedConstraintComponent):
	Severity: sh:Violation
	Source Shape: chr:SchemaPropertyVocabularyShape
	Focus Node: ex:measurement_respiratory_rate_9279_1
	Value Node: Literal("14.0", datatype=xsd:float)
	Result Path: <https://w3id.org/shexmap/resource/ontology-schema/d285f599-dc2e-4bd8-83f3-df21defa8821/hasQuantityValue>
	Message: Only the 24 properties declared in the CHR schema (plus rdf:type and rdfs:label) may be used on an individual.
Constraint Violation in ClosedConstraintComponent (http://www.w3.org/ns/shacl#ClosedConstraintComponent):
	Severity: sh:Violation
	Source Shape: chr:SchemaPropertyVocabularyShape
	Focus Node: ex:measurement_respiratory_rate_9279_1
	Value Node: Literal("2014-02-19T15:47:23+01:00" = 2014-02-19 15:47:23+01:00, datatype=xsd:dateTime)
	Result Path: <https://w3id.org/shexmap/resource/ontology-schema/d285f599-dc2e-4bd8-83f3-df21defa8821/hasMeasuredDate>
	Message: Only the 24 properties declared in the CHR schema (plus rdf:type and rdfs:label) may be used on an individual.
Constraint Violation in ClosedConstraintComponent (http://www.w3.org/ns/shacl#ClosedConstraintComponent):
	Severity: sh:Violation
	Source Shape: chr:SchemaPropertyVocabularyShape
	Focus Node: ex:measurement_respiratory_rate_9279_1
	Value Node: ex:unit_per_min
	Result Path: <https://w3id.org/shexmap/resource/ontology-schema/d285f599-dc2e-4bd8-83f3-df21defa8821/hasUnit>
	Message: Only the 24 properties declared in the CHR schema (plus rdf:type and rdfs:label) may be used on an individual.
Constraint Violation in ClosedConstraintComponent (http://www.w3.org/ns/shacl#ClosedConstraintComponent):
	Severity: sh:Violation
	Source Shape: chr:SchemaPropertyVocabularyShape
	Focus Node: ex:measurement_sodium_blood_2947_0
	Value Node: <https://loinc.org/2947-0>
	Result Path: <https://w3id.org/shexmap/resource/ontology-schema/d285f599-dc2e-4bd8-83f3-df21defa8821/hasCode>
	Message: Only the 24 properties declared in the CHR schema (plus rdf:type and rdfs:label) may be used on an individual.
Constraint Violation in ClosedConstraintComponent (http://www.w3.org/ns/shacl#ClosedConstraintComponent):
	Severity: sh:Violation
	Source Shape: chr:SchemaPropertyVocabularyShape
	Focus Node: ex:measurement_sodium_blood_2947_0
	Value Node: Literal("140.8", datatype=xsd:float)
	Result Path: <https://w3id.org/shexmap/resource/ontology-schema/d285f599-dc2e-4bd8-83f3-df21defa8821/hasQuantityValue>
	Message: Only the 24 properties declared in the CHR schema (plus rdf:type and rdfs:label) may be used on an individual.
Constraint Violation in ClosedConstraintComponent (http://www.w3.org/ns/shacl#ClosedConstraintComponent):
	Severity: sh:Violation
	Source Shape: chr:SchemaPropertyVocabularyShape
	Focus Node: ex:measurement_sodium_blood_2947_0
	Value Node: Literal("2014-02-19T15:47:23+01:00" = 2014-02-19 15:47:23+01:00, datatype=xsd:dateTime)
	Result Path: <https://w3id.org/shexmap/resource/ontology-schema/d285f599-dc2e-4bd8-83f3-df21defa8821/hasMeasuredDate>
	Message: Only the 24 properties declared in the CHR schema (plus rdf:type and rdfs:label) may be used on an individual.
Constraint Violation in ClosedConstraintComponent (http://www.w3.org/ns/shacl#ClosedConstraintComponent):
	Severity: sh:Violation
	Source Shape: chr:SchemaPropertyVocabularyShape
	Focus Node: ex:measurement_sodium_blood_2947_0
	Value Node: ex:unit_mmol_L
	Result Path: <https://w3id.org/shexmap/resource/ontology-schema/d285f599-dc2e-4bd8-83f3-df21defa8821/hasUnit>
	Message: Only the 24 properties declared in the CHR schema (plus rdf:type and rdfs:label) may be used on an individual.
Constraint Violation in ClosedConstraintComponent (http://www.w3.org/ns/shacl#ClosedConstraintComponent):
	Severity: sh:Violation
	Source Shape: chr:SchemaPropertyVocabularyShape
	Focus Node: ex:measurement_sodium_serum_2951_2
	Value Node: <https://loinc.org/2951-2>
	Result Path: <https://w3id.org/shexmap/resource/ontology-schema/d285f599-dc2e-4bd8-83f3-df21defa8821/hasCode>
	Message: Only the 24 properties declared in the CHR schema (plus rdf:type and rdfs:label) may be used on an individual.
Constraint Violation in ClosedConstraintComponent (http://www.w3.org/ns/shacl#ClosedConstraintComponent):
	Severity: sh:Violation
	Source Shape: chr:SchemaPropertyVocabularyShape
	Focus Node: ex:measurement_sodium_serum_2951_2
	Value Node: Literal("140.8", datatype=xsd:float)
	Result Path: <https://w3id.org/shexmap/resource/ontology-schema/d285f599-dc2e-4bd8-83f3-df21defa8821/hasQuantityValue>
	Message: Only the 24 properties declared in the CHR schema (plus rdf:type and rdfs:label) may be used on an individual.
Constraint Violation in ClosedConstraintComponent (http://www.w3.org/ns/shacl#ClosedConstraintComponent):
	Severity: sh:Violation
	Source Shape: chr:SchemaPropertyVocabularyShape
	Focus Node: ex:measurement_sodium_serum_2951_2
	Value Node: Literal("2014-02-19T15:47:23+01:00" = 2014-02-19 15:47:23+01:00, datatype=xsd:dateTime)
	Result Path: <https://w3id.org/shexmap/resource/ontology-schema/d285f599-dc2e-4bd8-83f3-df21defa8821/hasMeasuredDate>
	Message: Only the 24 properties declared in the CHR schema (plus rdf:type and rdfs:label) may be used on an individual.
Constraint Violation in ClosedConstraintComponent (http://www.w3.org/ns/shacl#ClosedConstraintComponent):
	Severity: sh:Violation
	Source Shape: chr:SchemaPropertyVocabularyShape
	Focus Node: ex:measurement_sodium_serum_2951_2
	Value Node: ex:unit_mmol_L
	Result Path: <https://w3id.org/shexmap/resource/ontology-schema/d285f599-dc2e-4bd8-83f3-df21defa8821/hasUnit>
	Message: Only the 24 properties declared in the CHR schema (plus rdf:type and rdfs:label) may be used on an individual.
Constraint Violation in ClosedConstraintComponent (http://www.w3.org/ns/shacl#ClosedConstraintComponent):
	Severity: sh:Violation
	Source Shape: chr:SchemaPropertyVocabularyShape
	Focus Node: ex:measurement_specific_gravity_urine_5811_5
	Value Node: <https://loinc.org/5811-5>
	Result Path: <https://w3id.org/shexmap/resource/ontology-schema/d285f599-dc2e-4bd8-83f3-df21defa8821/hasCode>
	Message: Only the 24 properties declared in the CHR schema (plus rdf:type and rdfs:label) may be used on an individual.
Constraint Violation in ClosedConstraintComponent (http://www.w3.org/ns/shacl#ClosedConstraintComponent):
	Severity: sh:Violation
	Source Shape: chr:SchemaPropertyVocabularyShape
	Focus Node: ex:measurement_specific_gravity_urine_5811_5
	Value Node: Literal("1.0213", datatype=xsd:float)
	Result Path: <https://w3id.org/shexmap/resource/ontology-schema/d285f599-dc2e-4bd8-83f3-df21defa8821/hasQuantityValue>
	Message: Only the 24 properties declared in the CHR schema (plus rdf:type and rdfs:label) may be used on an individual.
Constraint Violation in ClosedConstraintComponent (http://www.w3.org/ns/shacl#ClosedConstraintComponent):
	Severity: sh:Violation
	Source Shape: chr:SchemaPropertyVocabularyShape
	Focus Node: ex:measurement_specific_gravity_urine_5811_5
	Value Node: Literal("2014-02-19T15:47:23+01:00" = 2014-02-19 15:47:23+01:00, datatype=xsd:dateTime)
	Result Path: <https://w3id.org/shexmap/resource/ontology-schema/d285f599-dc2e-4bd8-83f3-df21defa8821/hasMeasuredDate>
	Message: Only the 24 properties declared in the CHR schema (plus rdf:type and rdfs:label) may be used on an individual.
Constraint Violation in ClosedConstraintComponent (http://www.w3.org/ns/shacl#ClosedConstraintComponent):
	Severity: sh:Violation
	Source Shape: chr:SchemaPropertyVocabularyShape
	Focus Node: ex:measurement_specific_gravity_urine_5811_5
	Value Node: ex:unit_nominal
	Result Path: <https://w3id.org/shexmap/resource/ontology-schema/d285f599-dc2e-4bd8-83f3-df21defa8821/hasUnit>
	Message: Only the 24 properties declared in the CHR schema (plus rdf:type and rdfs:label) may be used on an individual.
Constraint Violation in ClosedConstraintComponent (http://www.w3.org/ns/shacl#ClosedConstraintComponent):
	Severity: sh:Violation
	Source Shape: chr:SchemaPropertyVocabularyShape
	Focus Node: ex:measurement_urea_nitrogen_blood_6299_2
	Value Node: <https://loinc.org/6299-2>
	Result Path: <https://w3id.org/shexmap/resource/ontology-schema/d285f599-dc2e-4bd8-83f3-df21defa8821/hasCode>
	Message: Only the 24 properties declared in the CHR schema (plus rdf:type and rdfs:label) may be used on an individual.
Constraint Violation in ClosedConstraintComponent (http://www.w3.org/ns/shacl#ClosedConstraintComponent):
	Severity: sh:Violation
	Source Shape: chr:SchemaPropertyVocabularyShape
	Focus Node: ex:measurement_urea_nitrogen_blood_6299_2
	Value Node: Literal("10.06", datatype=xsd:float)
	Result Path: <https://w3id.org/shexmap/resource/ontology-schema/d285f599-dc2e-4bd8-83f3-df21defa8821/hasQuantityValue>
	Message: Only the 24 properties declared in the CHR schema (plus rdf:type and rdfs:label) may be used on an individual.
Constraint Violation in ClosedConstraintComponent (http://www.w3.org/ns/shacl#ClosedConstraintComponent):
	Severity: sh:Violation
	Source Shape: chr:SchemaPropertyVocabularyShape
	Focus Node: ex:measurement_urea_nitrogen_blood_6299_2
	Value Node: Literal("2014-02-19T15:47:23+01:00" = 2014-02-19 15:47:23+01:00, datatype=xsd:dateTime)
	Result Path: <https://w3id.org/shexmap/resource/ontology-schema/d285f599-dc2e-4bd8-83f3-df21defa8821/hasMeasuredDate>
	Message: Only the 24 properties declared in the CHR schema (plus rdf:type and rdfs:label) may be used on an individual.
Constraint Violation in ClosedConstraintComponent (http://www.w3.org/ns/shacl#ClosedConstraintComponent):
	Severity: sh:Violation
	Source Shape: chr:SchemaPropertyVocabularyShape
	Focus Node: ex:measurement_urea_nitrogen_blood_6299_2
	Value Node: ex:unit_mg_dL
	Result Path: <https://w3id.org/shexmap/resource/ontology-schema/d285f599-dc2e-4bd8-83f3-df21defa8821/hasUnit>
	Message: Only the 24 properties declared in the CHR schema (plus rdf:type and rdfs:label) may be used on an individual.
Constraint Violation in ClosedConstraintComponent (http://www.w3.org/ns/shacl#ClosedConstraintComponent):
	Severity: sh:Violation
	Source Shape: chr:SchemaPropertyVocabularyShape
	Focus Node: ex:measurement_urea_nitrogen_serum_3094_0
	Value Node: <https://loinc.org/3094-0>
	Result Path: <https://w3id.org/shexmap/resource/ontology-schema/d285f599-dc2e-4bd8-83f3-df21defa8821/hasCode>
	Message: Only the 24 properties declared in the CHR schema (plus rdf:type and rdfs:label) may be used on an individual.
Constraint Violation in ClosedConstraintComponent (http://www.w3.org/ns/shacl#ClosedConstraintComponent):
	Severity: sh:Violation
	Source Shape: chr:SchemaPropertyVocabularyShape
	Focus Node: ex:measurement_urea_nitrogen_serum_3094_0
	Value Node: Literal("10.06", datatype=xsd:float)
	Result Path: <https://w3id.org/shexmap/resource/ontology-schema/d285f599-dc2e-4bd8-83f3-df21defa8821/hasQuantityValue>
	Message: Only the 24 properties declared in the CHR schema (plus rdf:type and rdfs:label) may be used on an individual.
Constraint Violation in ClosedConstraintComponent (http://www.w3.org/ns/shacl#ClosedConstraintComponent):
	Severity: sh:Violation
	Source Shape: chr:SchemaPropertyVocabularyShape
	Focus Node: ex:measurement_urea_nitrogen_serum_3094_0
	Value Node: Literal("2014-02-19T15:47:23+01:00" = 2014-02-19 15:47:23+01:00, datatype=xsd:dateTime)
	Result Path: <https://w3id.org/shexmap/resource/ontology-schema/d285f599-dc2e-4bd8-83f3-df21defa8821/hasMeasuredDate>
	Message: Only the 24 properties declared in the CHR schema (plus rdf:type and rdfs:label) may be used on an individual.
Constraint Violation in ClosedConstraintComponent (http://www.w3.org/ns/shacl#ClosedConstraintComponent):
	Severity: sh:Violation
	Source Shape: chr:SchemaPropertyVocabularyShape
	Focus Node: ex:measurement_urea_nitrogen_serum_3094_0
	Value Node: ex:unit_mg_dL
	Result Path: <https://w3id.org/shexmap/resource/ontology-schema/d285f599-dc2e-4bd8-83f3-df21defa8821/hasUnit>
	Message: Only the 24 properties declared in the CHR schema (plus rdf:type and rdfs:label) may be used on an individual.
Constraint Violation in ClosedConstraintComponent (http://www.w3.org/ns/shacl#ClosedConstraintComponent):
	Severity: sh:Violation
	Source Shape: chr:SchemaPropertyVocabularyShape
	Focus Node: ex:procedure_bilirubin_urine_20505_4
	Value Node: <https://loinc.org/20505-4>
	Result Path: <https://w3id.org/shexmap/resource/ontology-schema/d285f599-dc2e-4bd8-83f3-df21defa8821/hasCode>
	Message: Only the 24 properties declared in the CHR schema (plus rdf:type and rdfs:label) may be used on an individual.
Constraint Violation in ClosedConstraintComponent (http://www.w3.org/ns/shacl#ClosedConstraintComponent):
	Severity: sh:Violation
	Source Shape: chr:SchemaPropertyVocabularyShape
	Focus Node: ex:procedure_bilirubin_urine_20505_4
	Value Node: Literal("2014-02-19T15:47:23+01:00" = 2014-02-19 15:47:23+01:00, datatype=xsd:dateTime)
	Result Path: <https://w3id.org/shexmap/resource/ontology-schema/d285f599-dc2e-4bd8-83f3-df21defa8821/hasPerformedDate>
	Message: Only the 24 properties declared in the CHR schema (plus rdf:type and rdfs:label) may be used on an individual.
Constraint Violation in ClosedConstraintComponent (http://www.w3.org/ns/shacl#ClosedConstraintComponent):
	Severity: sh:Violation
	Source Shape: chr:SchemaPropertyVocabularyShape
	Focus Node: ex:procedure_bilirubin_urine_20505_4
	Value Node: ex:Bryant814_Clarence5_Grimes165
	Result Path: <https://w3id.org/shexmap/resource/ontology-schema/d285f599-dc2e-4bd8-83f3-df21defa8821/hasPatient>
	Message: Only the 24 properties declared in the CHR schema (plus rdf:type and rdfs:label) may be used on an individual.
Constraint Violation in ClosedConstraintComponent (http://www.w3.org/ns/shacl#ClosedConstraintComponent):
	Severity: sh:Violation
	Source Shape: chr:SchemaPropertyVocabularyShape
	Focus Node: ex:procedure_bilirubin_urine_20505_4
	Value Node: ex:Dr_Dana512_Wilkinson796
	Result Path: <https://w3id.org/shexmap/resource/ontology-schema/d285f599-dc2e-4bd8-83f3-df21defa8821/hasPerformer>
	Message: Only the 24 properties declared in the CHR schema (plus rdf:type and rdfs:label) may be used on an individual.
Constraint Violation in ClosedConstraintComponent (http://www.w3.org/ns/shacl#ClosedConstraintComponent):
	Severity: sh:Violation
	Source Shape: chr:SchemaPropertyVocabularyShape
	Focus Node: ex:procedure_bilirubin_urine_20505_4
	Value Node: ex:status_completed
	Result Path: <https://w3id.org/shexmap/resource/ontology-schema/d285f599-dc2e-4bd8-83f3-df21defa8821/hasStatus>
	Message: Only the 24 properties declared in the CHR schema (plus rdf:type and rdfs:label) may be used on an individual.
Constraint Violation in ClosedConstraintComponent (http://www.w3.org/ns/shacl#ClosedConstraintComponent):
	Severity: sh:Violation
	Source Shape: chr:SchemaPropertyVocabularyShape
	Focus Node: ex:procedure_bmi_39156_5
	Value Node: <https://loinc.org/39156-5>
	Result Path: <https://w3id.org/shexmap/resource/ontology-schema/d285f599-dc2e-4bd8-83f3-df21defa8821/hasCode>
	Message: Only the 24 properties declared in the CHR schema (plus rdf:type and rdfs:label) may be used on an individual.
Constraint Violation in ClosedConstraintComponent (http://www.w3.org/ns/shacl#ClosedConstraintComponent):
	Severity: sh:Violation
	Source Shape: chr:SchemaPropertyVocabularyShape
	Focus Node: ex:procedure_bmi_39156_5
	Value Node: Literal("2014-02-19T15:47:23+01:00" = 2014-02-19 15:47:23+01:00, datatype=xsd:dateTime)
	Result Path: <https://w3id.org/shexmap/resource/ontology-schema/d285f599-dc2e-4bd8-83f3-df21defa8821/hasPerformedDate>
	Message: Only the 24 properties declared in the CHR schema (plus rdf:type and rdfs:label) may be used on an individual.
Constraint Violation in ClosedConstraintComponent (http://www.w3.org/ns/shacl#ClosedConstraintComponent):
	Severity: sh:Violation
	Source Shape: chr:SchemaPropertyVocabularyShape
	Focus Node: ex:procedure_bmi_39156_5
	Value Node: ex:Bryant814_Clarence5_Grimes165
	Result Path: <https://w3id.org/shexmap/resource/ontology-schema/d285f599-dc2e-4bd8-83f3-df21defa8821/hasPatient>
	Message: Only the 24 properties declared in the CHR schema (plus rdf:type and rdfs:label) may be used on an individual.
Constraint Violation in ClosedConstraintComponent (http://www.w3.org/ns/shacl#ClosedConstraintComponent):
	Severity: sh:Violation
	Source Shape: chr:SchemaPropertyVocabularyShape
	Focus Node: ex:procedure_bmi_39156_5
	Value Node: ex:Dr_Dana512_Wilkinson796
	Result Path: <https://w3id.org/shexmap/resource/ontology-schema/d285f599-dc2e-4bd8-83f3-df21defa8821/hasPerformer>
	Message: Only the 24 properties declared in the CHR schema (plus rdf:type and rdfs:label) may be used on an individual.
Constraint Violation in ClosedConstraintComponent (http://www.w3.org/ns/shacl#ClosedConstraintComponent):
	Severity: sh:Violation
	Source Shape: chr:SchemaPropertyVocabularyShape
	Focus Node: ex:procedure_bmi_39156_5
	Value Node: ex:status_completed
	Result Path: <https://w3id.org/shexmap/resource/ontology-schema/d285f599-dc2e-4bd8-83f3-df21defa8821/hasStatus>
	Message: Only the 24 properties declared in the CHR schema (plus rdf:type and rdfs:label) may be used on an individual.
Constraint Violation in ClosedConstraintComponent (http://www.w3.org/ns/shacl#ClosedConstraintComponent):
	Severity: sh:Violation
	Source Shape: chr:SchemaPropertyVocabularyShape
	Focus Node: ex:procedure_body_height_8302_2
	Value Node: <https://loinc.org/8302-2>
	Result Path: <https://w3id.org/shexmap/resource/ontology-schema/d285f599-dc2e-4bd8-83f3-df21defa8821/hasCode>
	Message: Only the 24 properties declared in the CHR schema (plus rdf:type and rdfs:label) may be used on an individual.
Constraint Violation in ClosedConstraintComponent (http://www.w3.org/ns/shacl#ClosedConstraintComponent):
	Severity: sh:Violation
	Source Shape: chr:SchemaPropertyVocabularyShape
	Focus Node: ex:procedure_body_height_8302_2
	Value Node: Literal("2014-02-19T15:47:23+01:00" = 2014-02-19 15:47:23+01:00, datatype=xsd:dateTime)
	Result Path: <https://w3id.org/shexmap/resource/ontology-schema/d285f599-dc2e-4bd8-83f3-df21defa8821/hasPerformedDate>
	Message: Only the 24 properties declared in the CHR schema (plus rdf:type and rdfs:label) may be used on an individual.
Constraint Violation in ClosedConstraintComponent (http://www.w3.org/ns/shacl#ClosedConstraintComponent):
	Severity: sh:Violation
	Source Shape: chr:SchemaPropertyVocabularyShape
	Focus Node: ex:procedure_body_height_8302_2
	Value Node: ex:Bryant814_Clarence5_Grimes165
	Result Path: <https://w3id.org/shexmap/resource/ontology-schema/d285f599-dc2e-4bd8-83f3-df21defa8821/hasPatient>
	Message: Only the 24 properties declared in the CHR schema (plus rdf:type and rdfs:label) may be used on an individual.
Constraint Violation in ClosedConstraintComponent (http://www.w3.org/ns/shacl#ClosedConstraintComponent):
	Severity: sh:Violation
	Source Shape: chr:SchemaPropertyVocabularyShape
	Focus Node: ex:procedure_body_height_8302_2
	Value Node: ex:Dr_Dana512_Wilkinson796
	Result Path: <https://w3id.org/shexmap/resource/ontology-schema/d285f599-dc2e-4bd8-83f3-df21defa8821/hasPerformer>
	Message: Only the 24 properties declared in the CHR schema (plus rdf:type and rdfs:label) may be used on an individual.
Constraint Violation in ClosedConstraintComponent (http://www.w3.org/ns/shacl#ClosedConstraintComponent):
	Severity: sh:Violation
	Source Shape: chr:SchemaPropertyVocabularyShape
	Focus Node: ex:procedure_body_height_8302_2
	Value Node: ex:status_completed
	Result Path: <https://w3id.org/shexmap/resource/ontology-schema/d285f599-dc2e-4bd8-83f3-df21defa8821/hasStatus>
	Message: Only the 24 properties declared in the CHR schema (plus rdf:type and rdfs:label) may be used on an individual.
Constraint Violation in ClosedConstraintComponent (http://www.w3.org/ns/shacl#ClosedConstraintComponent):
	Severity: sh:Violation
	Source Shape: chr:SchemaPropertyVocabularyShape
	Focus Node: ex:procedure_body_weight_29463_7
	Value Node: <https://loinc.org/29463-7>
	Result Path: <https://w3id.org/shexmap/resource/ontology-schema/d285f599-dc2e-4bd8-83f3-df21defa8821/hasCode>
	Message: Only the 24 properties declared in the CHR schema (plus rdf:type and rdfs:label) may be used on an individual.
Constraint Violation in ClosedConstraintComponent (http://www.w3.org/ns/shacl#ClosedConstraintComponent):
	Severity: sh:Violation
	Source Shape: chr:SchemaPropertyVocabularyShape
	Focus Node: ex:procedure_body_weight_29463_7
	Value Node: Literal("2014-02-19T15:47:23+01:00" = 2014-02-19 15:47:23+01:00, datatype=xsd:dateTime)
	Result Path: <https://w3id.org/shexmap/resource/ontology-schema/d285f599-dc2e-4bd8-83f3-df21defa8821/hasPerformedDate>
	Message: Only the 24 properties declared in the CHR schema (plus rdf:type and rdfs:label) may be used on an individual.
Constraint Violation in ClosedConstraintComponent (http://www.w3.org/ns/shacl#ClosedConstraintComponent):
	Severity: sh:Violation
	Source Shape: chr:SchemaPropertyVocabularyShape
	Focus Node: ex:procedure_body_weight_29463_7
	Value Node: ex:Bryant814_Clarence5_Grimes165
	Result Path: <https://w3id.org/shexmap/resource/ontology-schema/d285f599-dc2e-4bd8-83f3-df21defa8821/hasPatient>
	Message: Only the 24 properties declared in the CHR schema (plus rdf:type and rdfs:label) may be used on an individual.
Constraint Violation in ClosedConstraintComponent (http://www.w3.org/ns/shacl#ClosedConstraintComponent):
	Severity: sh:Violation
	Source Shape: chr:SchemaPropertyVocabularyShape
	Focus Node: ex:procedure_body_weight_29463_7
	Value Node: ex:Dr_Dana512_Wilkinson796
	Result Path: <https://w3id.org/shexmap/resource/ontology-schema/d285f599-dc2e-4bd8-83f3-df21defa8821/hasPerformer>
	Message: Only the 24 properties declared in the CHR schema (plus rdf:type and rdfs:label) may be used on an individual.
Constraint Violation in ClosedConstraintComponent (http://www.w3.org/ns/shacl#ClosedConstraintComponent):
	Severity: sh:Violation
	Source Shape: chr:SchemaPropertyVocabularyShape
	Focus Node: ex:procedure_body_weight_29463_7
	Value Node: ex:status_completed
	Result Path: <https://w3id.org/shexmap/resource/ontology-schema/d285f599-dc2e-4bd8-83f3-df21defa8821/hasStatus>
	Message: Only the 24 properties declared in the CHR schema (plus rdf:type and rdfs:label) may be used on an individual.
Constraint Violation in ClosedConstraintComponent (http://www.w3.org/ns/shacl#ClosedConstraintComponent):
	Severity: sh:Violation
	Source Shape: chr:SchemaPropertyVocabularyShape
	Focus Node: ex:procedure_calcium_blood_49765_1
	Value Node: <https://loinc.org/49765-1>
	Result Path: <https://w3id.org/shexmap/resource/ontology-schema/d285f599-dc2e-4bd8-83f3-df21defa8821/hasCode>
	Message: Only the 24 properties declared in the CHR schema (plus rdf:type and rdfs:label) may be used on an individual.
Constraint Violation in ClosedConstraintComponent (http://www.w3.org/ns/shacl#ClosedConstraintComponent):
	Severity: sh:Violation
	Source Shape: chr:SchemaPropertyVocabularyShape
	Focus Node: ex:procedure_calcium_blood_49765_1
	Value Node: Literal("2014-02-19T15:47:23+01:00" = 2014-02-19 15:47:23+01:00, datatype=xsd:dateTime)
	Result Path: <https://w3id.org/shexmap/resource/ontology-schema/d285f599-dc2e-4bd8-83f3-df21defa8821/hasPerformedDate>
	Message: Only the 24 properties declared in the CHR schema (plus rdf:type and rdfs:label) may be used on an individual.
Constraint Violation in ClosedConstraintComponent (http://www.w3.org/ns/shacl#ClosedConstraintComponent):
	Severity: sh:Violation
	Source Shape: chr:SchemaPropertyVocabularyShape
	Focus Node: ex:procedure_calcium_blood_49765_1
	Value Node: ex:Bryant814_Clarence5_Grimes165
	Result Path: <https://w3id.org/shexmap/resource/ontology-schema/d285f599-dc2e-4bd8-83f3-df21defa8821/hasPatient>
	Message: Only the 24 properties declared in the CHR schema (plus rdf:type and rdfs:label) may be used on an individual.
Constraint Violation in ClosedConstraintComponent (http://www.w3.org/ns/shacl#ClosedConstraintComponent):
	Severity: sh:Violation
	Source Shape: chr:SchemaPropertyVocabularyShape
	Focus Node: ex:procedure_calcium_blood_49765_1
	Value Node: ex:Dr_Dana512_Wilkinson796
	Result Path: <https://w3id.org/shexmap/resource/ontology-schema/d285f599-dc2e-4bd8-83f3-df21defa8821/hasPerformer>
	Message: Only the 24 properties declared in the CHR schema (plus rdf:type and rdfs:label) may be used on an individual.
Constraint Violation in ClosedConstraintComponent (http://www.w3.org/ns/shacl#ClosedConstraintComponent):
	Severity: sh:Violation
	Source Shape: chr:SchemaPropertyVocabularyShape
	Focus Node: ex:procedure_calcium_blood_49765_1
	Value Node: ex:status_completed
	Result Path: <https://w3id.org/shexmap/resource/ontology-schema/d285f599-dc2e-4bd8-83f3-df21defa8821/hasStatus>
	Message: Only the 24 properties declared in the CHR schema (plus rdf:type and rdfs:label) may be used on an individual.
Constraint Violation in ClosedConstraintComponent (http://www.w3.org/ns/shacl#ClosedConstraintComponent):
	Severity: sh:Violation
	Source Shape: chr:SchemaPropertyVocabularyShape
	Focus Node: ex:procedure_calcium_serum_17861_6
	Value Node: <https://loinc.org/17861-6>
	Result Path: <https://w3id.org/shexmap/resource/ontology-schema/d285f599-dc2e-4bd8-83f3-df21defa8821/hasCode>
	Message: Only the 24 properties declared in the CHR schema (plus rdf:type and rdfs:label) may be used on an individual.
Constraint Violation in ClosedConstraintComponent (http://www.w3.org/ns/shacl#ClosedConstraintComponent):
	Severity: sh:Violation
	Source Shape: chr:SchemaPropertyVocabularyShape
	Focus Node: ex:procedure_calcium_serum_17861_6
	Value Node: Literal("2014-02-19T15:47:23+01:00" = 2014-02-19 15:47:23+01:00, datatype=xsd:dateTime)
	Result Path: <https://w3id.org/shexmap/resource/ontology-schema/d285f599-dc2e-4bd8-83f3-df21defa8821/hasPerformedDate>
	Message: Only the 24 properties declared in the CHR schema (plus rdf:type and rdfs:label) may be used on an individual.
Constraint Violation in ClosedConstraintComponent (http://www.w3.org/ns/shacl#ClosedConstraintComponent):
	Severity: sh:Violation
	Source Shape: chr:SchemaPropertyVocabularyShape
	Focus Node: ex:procedure_calcium_serum_17861_6
	Value Node: ex:Bryant814_Clarence5_Grimes165
	Result Path: <https://w3id.org/shexmap/resource/ontology-schema/d285f599-dc2e-4bd8-83f3-df21defa8821/hasPatient>
	Message: Only the 24 properties declared in the CHR schema (plus rdf:type and rdfs:label) may be used on an individual.
Constraint Violation in ClosedConstraintComponent (http://www.w3.org/ns/shacl#ClosedConstraintComponent):
	Severity: sh:Violation
	Source Shape: chr:SchemaPropertyVocabularyShape
	Focus Node: ex:procedure_calcium_serum_17861_6
	Value Node: ex:Dr_Dana512_Wilkinson796
	Result Path: <https://w3id.org/shexmap/resource/ontology-schema/d285f599-dc2e-4bd8-83f3-df21defa8821/hasPerformer>
	Message: Only the 24 properties declared in the CHR schema (plus rdf:type and rdfs:label) may be used on an individual.
Constraint Violation in ClosedConstraintComponent (http://www.w3.org/ns/shacl#ClosedConstraintComponent):
	Severity: sh:Violation
	Source Shape: chr:SchemaPropertyVocabularyShape
	Focus Node: ex:procedure_calcium_serum_17861_6
	Value Node: ex:status_completed
	Result Path: <https://w3id.org/shexmap/resource/ontology-schema/d285f599-dc2e-4bd8-83f3-df21defa8821/hasStatus>
	Message: Only the 24 properties declared in the CHR schema (plus rdf:type and rdfs:label) may be used on an individual.
Constraint Violation in ClosedConstraintComponent (http://www.w3.org/ns/shacl#ClosedConstraintComponent):
	Severity: sh:Violation
	Source Shape: chr:SchemaPropertyVocabularyShape
	Focus Node: ex:procedure_carbon_dioxide_blood_20565_8
	Value Node: <https://loinc.org/20565-8>
	Result Path: <https://w3id.org/shexmap/resource/ontology-schema/d285f599-dc2e-4bd8-83f3-df21defa8821/hasCode>
	Message: Only the 24 properties declared in the CHR schema (plus rdf:type and rdfs:label) may be used on an individual.
Constraint Violation in ClosedConstraintComponent (http://www.w3.org/ns/shacl#ClosedConstraintComponent):
	Severity: sh:Violation
	Source Shape: chr:SchemaPropertyVocabularyShape
	Focus Node: ex:procedure_carbon_dioxide_blood_20565_8
	Value Node: Literal("2014-02-19T15:47:23+01:00" = 2014-02-19 15:47:23+01:00, datatype=xsd:dateTime)
	Result Path: <https://w3id.org/shexmap/resource/ontology-schema/d285f599-dc2e-4bd8-83f3-df21defa8821/hasPerformedDate>
	Message: Only the 24 properties declared in the CHR schema (plus rdf:type and rdfs:label) may be used on an individual.
Constraint Violation in ClosedConstraintComponent (http://www.w3.org/ns/shacl#ClosedConstraintComponent):
	Severity: sh:Violation
	Source Shape: chr:SchemaPropertyVocabularyShape
	Focus Node: ex:procedure_carbon_dioxide_blood_20565_8
	Value Node: ex:Bryant814_Clarence5_Grimes165
	Result Path: <https://w3id.org/shexmap/resource/ontology-schema/d285f599-dc2e-4bd8-83f3-df21defa8821/hasPatient>
	Message: Only the 24 properties declared in the CHR schema (plus rdf:type and rdfs:label) may be used on an individual.
Constraint Violation in ClosedConstraintComponent (http://www.w3.org/ns/shacl#ClosedConstraintComponent):
	Severity: sh:Violation
	Source Shape: chr:SchemaPropertyVocabularyShape
	Focus Node: ex:procedure_carbon_dioxide_blood_20565_8
	Value Node: ex:Dr_Dana512_Wilkinson796
	Result Path: <https://w3id.org/shexmap/resource/ontology-schema/d285f599-dc2e-4bd8-83f3-df21defa8821/hasPerformer>
	Message: Only the 24 properties declared in the CHR schema (plus rdf:type and rdfs:label) may be used on an individual.
Constraint Violation in ClosedConstraintComponent (http://www.w3.org/ns/shacl#ClosedConstraintComponent):
	Severity: sh:Violation
	Source Shape: chr:SchemaPropertyVocabularyShape
	Focus Node: ex:procedure_carbon_dioxide_blood_20565_8
	Value Node: ex:status_completed
	Result Path: <https://w3id.org/shexmap/resource/ontology-schema/d285f599-dc2e-4bd8-83f3-df21defa8821/hasStatus>
	Message: Only the 24 properties declared in the CHR schema (plus rdf:type and rdfs:label) may be used on an individual.
Constraint Violation in ClosedConstraintComponent (http://www.w3.org/ns/shacl#ClosedConstraintComponent):
	Severity: sh:Violation
	Source Shape: chr:SchemaPropertyVocabularyShape
	Focus Node: ex:procedure_carbon_dioxide_serum_2028_9
	Value Node: <https://loinc.org/2028-9>
	Result Path: <https://w3id.org/shexmap/resource/ontology-schema/d285f599-dc2e-4bd8-83f3-df21defa8821/hasCode>
	Message: Only the 24 properties declared in the CHR schema (plus rdf:type and rdfs:label) may be used on an individual.
Constraint Violation in ClosedConstraintComponent (http://www.w3.org/ns/shacl#ClosedConstraintComponent):
	Severity: sh:Violation
	Source Shape: chr:SchemaPropertyVocabularyShape
	Focus Node: ex:procedure_carbon_dioxide_serum_2028_9
	Value Node: Literal("2014-02-19T15:47:23+01:00" = 2014-02-19 15:47:23+01:00, datatype=xsd:dateTime)
	Result Path: <https://w3id.org/shexmap/resource/ontology-schema/d285f599-dc2e-4bd8-83f3-df21defa8821/hasPerformedDate>
	Message: Only the 24 properties declared in the CHR schema (plus rdf:type and rdfs:label) may be used on an individual.
Constraint Violation in ClosedConstraintComponent (http://www.w3.org/ns/shacl#ClosedConstraintComponent):
	Severity: sh:Violation
	Source Shape: chr:SchemaPropertyVocabularyShape
	Focus Node: ex:procedure_carbon_dioxide_serum_2028_9
	Value Node: ex:Bryant814_Clarence5_Grimes165
	Result Path: <https://w3id.org/shexmap/resource/ontology-schema/d285f599-dc2e-4bd8-83f3-df21defa8821/hasPatient>
	Message: Only the 24 properties declared in the CHR schema (plus rdf:type and rdfs:label) may be used on an individual.
Constraint Violation in ClosedConstraintComponent (http://www.w3.org/ns/shacl#ClosedConstraintComponent):
	Severity: sh:Violation
	Source Shape: chr:SchemaPropertyVocabularyShape
	Focus Node: ex:procedure_carbon_dioxide_serum_2028_9
	Value Node: ex:Dr_Dana512_Wilkinson796
	Result Path: <https://w3id.org/shexmap/resource/ontology-schema/d285f599-dc2e-4bd8-83f3-df21defa8821/hasPerformer>
	Message: Only the 24 properties declared in the CHR schema (plus rdf:type and rdfs:label) may be used on an individual.
Constraint Violation in ClosedConstraintComponent (http://www.w3.org/ns/shacl#ClosedConstraintComponent):
	Severity: sh:Violation
	Source Shape: chr:SchemaPropertyVocabularyShape
	Focus Node: ex:procedure_carbon_dioxide_serum_2028_9
	Value Node: ex:status_completed
	Result Path: <https://w3id.org/shexmap/resource/ontology-schema/d285f599-dc2e-4bd8-83f3-df21defa8821/hasStatus>
	Message: Only the 24 properties declared in the CHR schema (plus rdf:type and rdfs:label) may be used on an individual.
Constraint Violation in ClosedConstraintComponent (http://www.w3.org/ns/shacl#ClosedConstraintComponent):
	Severity: sh:Violation
	Source Shape: chr:SchemaPropertyVocabularyShape
	Focus Node: ex:procedure_chloride_blood_2069_3
	Value Node: <https://loinc.org/2069-3>
	Result Path: <https://w3id.org/shexmap/resource/ontology-schema/d285f599-dc2e-4bd8-83f3-df21defa8821/hasCode>
	Message: Only the 24 properties declared in the CHR schema (plus rdf:type and rdfs:label) may be used on an individual.
Constraint Violation in ClosedConstraintComponent (http://www.w3.org/ns/shacl#ClosedConstraintComponent):
	Severity: sh:Violation
	Source Shape: chr:SchemaPropertyVocabularyShape
	Focus Node: ex:procedure_chloride_blood_2069_3
	Value Node: Literal("2014-02-19T15:47:23+01:00" = 2014-02-19 15:47:23+01:00, datatype=xsd:dateTime)
	Result Path: <https://w3id.org/shexmap/resource/ontology-schema/d285f599-dc2e-4bd8-83f3-df21defa8821/hasPerformedDate>
	Message: Only the 24 properties declared in the CHR schema (plus rdf:type and rdfs:label) may be used on an individual.
Constraint Violation in ClosedConstraintComponent (http://www.w3.org/ns/shacl#ClosedConstraintComponent):
	Severity: sh:Violation
	Source Shape: chr:SchemaPropertyVocabularyShape
	Focus Node: ex:procedure_chloride_blood_2069_3
	Value Node: ex:Bryant814_Clarence5_Grimes165
	Result Path: <https://w3id.org/shexmap/resource/ontology-schema/d285f599-dc2e-4bd8-83f3-df21defa8821/hasPatient>
	Message: Only the 24 properties declared in the CHR schema (plus rdf:type and rdfs:label) may be used on an individual.
Constraint Violation in ClosedConstraintComponent (http://www.w3.org/ns/shacl#ClosedConstraintComponent):
	Severity: sh:Violation
	Source Shape: chr:SchemaPropertyVocabularyShape
	Focus Node: ex:procedure_chloride_blood_2069_3
	Value Node: ex:Dr_Dana512_Wilkinson796
	Result Path: <https://w3id.org/shexmap/resource/ontology-schema/d285f599-dc2e-4bd8-83f3-df21defa8821/hasPerformer>
	Message: Only the 24 properties declared in the CHR schema (plus rdf:type and rdfs:label) may be used on an individual.
Constraint Violation in ClosedConstraintComponent (http://www.w3.org/ns/shacl#ClosedConstraintComponent):
	Severity: sh:Violation
	Source Shape: chr:SchemaPropertyVocabularyShape
	Focus Node: ex:procedure_chloride_blood_2069_3
	Value Node: ex:status_completed
	Result Path: <https://w3id.org/shexmap/resource/ontology-schema/d285f599-dc2e-4bd8-83f3-df21defa8821/hasStatus>
	Message: Only the 24 properties declared in the CHR schema (plus rdf:type and rdfs:label) may be used on an individual.
Constraint Violation in ClosedConstraintComponent (http://www.w3.org/ns/shacl#ClosedConstraintComponent):
	Severity: sh:Violation
	Source Shape: chr:SchemaPropertyVocabularyShape
	Focus Node: ex:procedure_chloride_serum_2075_0
	Value Node: <https://loinc.org/2075-0>
	Result Path: <https://w3id.org/shexmap/resource/ontology-schema/d285f599-dc2e-4bd8-83f3-df21defa8821/hasCode>
	Message: Only the 24 properties declared in the CHR schema (plus rdf:type and rdfs:label) may be used on an individual.
Constraint Violation in ClosedConstraintComponent (http://www.w3.org/ns/shacl#ClosedConstraintComponent):
	Severity: sh:Violation
	Source Shape: chr:SchemaPropertyVocabularyShape
	Focus Node: ex:procedure_chloride_serum_2075_0
	Value Node: Literal("2014-02-19T15:47:23+01:00" = 2014-02-19 15:47:23+01:00, datatype=xsd:dateTime)
	Result Path: <https://w3id.org/shexmap/resource/ontology-schema/d285f599-dc2e-4bd8-83f3-df21defa8821/hasPerformedDate>
	Message: Only the 24 properties declared in the CHR schema (plus rdf:type and rdfs:label) may be used on an individual.
Constraint Violation in ClosedConstraintComponent (http://www.w3.org/ns/shacl#ClosedConstraintComponent):
	Severity: sh:Violation
	Source Shape: chr:SchemaPropertyVocabularyShape
	Focus Node: ex:procedure_chloride_serum_2075_0
	Value Node: ex:Bryant814_Clarence5_Grimes165
	Result Path: <https://w3id.org/shexmap/resource/ontology-schema/d285f599-dc2e-4bd8-83f3-df21defa8821/hasPatient>
	Message: Only the 24 properties declared in the CHR schema (plus rdf:type and rdfs:label) may be used on an individual.
Constraint Violation in ClosedConstraintComponent (http://www.w3.org/ns/shacl#ClosedConstraintComponent):
	Severity: sh:Violation
	Source Shape: chr:SchemaPropertyVocabularyShape
	Focus Node: ex:procedure_chloride_serum_2075_0
	Value Node: ex:Dr_Dana512_Wilkinson796
	Result Path: <https://w3id.org/shexmap/resource/ontology-schema/d285f599-dc2e-4bd8-83f3-df21defa8821/hasPerformer>
	Message: Only the 24 properties declared in the CHR schema (plus rdf:type and rdfs:label) may be used on an individual.
Constraint Violation in ClosedConstraintComponent (http://www.w3.org/ns/shacl#ClosedConstraintComponent):
	Severity: sh:Violation
	Source Shape: chr:SchemaPropertyVocabularyShape
	Focus Node: ex:procedure_chloride_serum_2075_0
	Value Node: ex:status_completed
	Result Path: <https://w3id.org/shexmap/resource/ontology-schema/d285f599-dc2e-4bd8-83f3-df21defa8821/hasStatus>
	Message: Only the 24 properties declared in the CHR schema (plus rdf:type and rdfs:label) may be used on an individual.
Constraint Violation in ClosedConstraintComponent (http://www.w3.org/ns/shacl#ClosedConstraintComponent):
	Severity: sh:Violation
	Source Shape: chr:SchemaPropertyVocabularyShape
	Focus Node: ex:procedure_creatinine_blood_38483_4
	Value Node: <https://loinc.org/38483-4>
	Result Path: <https://w3id.org/shexmap/resource/ontology-schema/d285f599-dc2e-4bd8-83f3-df21defa8821/hasCode>
	Message: Only the 24 properties declared in the CHR schema (plus rdf:type and rdfs:label) may be used on an individual.
Constraint Violation in ClosedConstraintComponent (http://www.w3.org/ns/shacl#ClosedConstraintComponent):
	Severity: sh:Violation
	Source Shape: chr:SchemaPropertyVocabularyShape
	Focus Node: ex:procedure_creatinine_blood_38483_4
	Value Node: Literal("2014-02-19T15:47:23+01:00" = 2014-02-19 15:47:23+01:00, datatype=xsd:dateTime)
	Result Path: <https://w3id.org/shexmap/resource/ontology-schema/d285f599-dc2e-4bd8-83f3-df21defa8821/hasPerformedDate>
	Message: Only the 24 properties declared in the CHR schema (plus rdf:type and rdfs:label) may be used on an individual.
Constraint Violation in ClosedConstraintComponent (http://www.w3.org/ns/shacl#ClosedConstraintComponent):
	Severity: sh:Violation
	Source Shape: chr:SchemaPropertyVocabularyShape
	Focus Node: ex:procedure_creatinine_blood_38483_4
	Value Node: ex:Bryant814_Clarence5_Grimes165
	Result Path: <https://w3id.org/shexmap/resource/ontology-schema/d285f599-dc2e-4bd8-83f3-df21defa8821/hasPatient>
	Message: Only the 24 properties declared in the CHR schema (plus rdf:type and rdfs:label) may be used on an individual.
Constraint Violation in ClosedConstraintComponent (http://www.w3.org/ns/shacl#ClosedConstraintComponent):
	Severity: sh:Violation
	Source Shape: chr:SchemaPropertyVocabularyShape
	Focus Node: ex:procedure_creatinine_blood_38483_4
	Value Node: ex:Dr_Dana512_Wilkinson796
	Result Path: <https://w3id.org/shexmap/resource/ontology-schema/d285f599-dc2e-4bd8-83f3-df21defa8821/hasPerformer>
	Message: Only the 24 properties declared in the CHR schema (plus rdf:type and rdfs:label) may be used on an individual.
Constraint Violation in ClosedConstraintComponent (http://www.w3.org/ns/shacl#ClosedConstraintComponent):
	Severity: sh:Violation
	Source Shape: chr:SchemaPropertyVocabularyShape
	Focus Node: ex:procedure_creatinine_blood_38483_4
	Value Node: ex:status_completed
	Result Path: <https://w3id.org/shexmap/resource/ontology-schema/d285f599-dc2e-4bd8-83f3-df21defa8821/hasStatus>
	Message: Only the 24 properties declared in the CHR schema (plus rdf:type and rdfs:label) may be used on an individual.
Constraint Violation in ClosedConstraintComponent (http://www.w3.org/ns/shacl#ClosedConstraintComponent):
	Severity: sh:Violation
	Source Shape: chr:SchemaPropertyVocabularyShape
	Focus Node: ex:procedure_creatinine_serum_2160_0
	Value Node: <https://loinc.org/2160-0>
	Result Path: <https://w3id.org/shexmap/resource/ontology-schema/d285f599-dc2e-4bd8-83f3-df21defa8821/hasCode>
	Message: Only the 24 properties declared in the CHR schema (plus rdf:type and rdfs:label) may be used on an individual.
Constraint Violation in ClosedConstraintComponent (http://www.w3.org/ns/shacl#ClosedConstraintComponent):
	Severity: sh:Violation
	Source Shape: chr:SchemaPropertyVocabularyShape
	Focus Node: ex:procedure_creatinine_serum_2160_0
	Value Node: Literal("2014-02-19T15:47:23+01:00" = 2014-02-19 15:47:23+01:00, datatype=xsd:dateTime)
	Result Path: <https://w3id.org/shexmap/resource/ontology-schema/d285f599-dc2e-4bd8-83f3-df21defa8821/hasPerformedDate>
	Message: Only the 24 properties declared in the CHR schema (plus rdf:type and rdfs:label) may be used on an individual.
Constraint Violation in ClosedConstraintComponent (http://www.w3.org/ns/shacl#ClosedConstraintComponent):
	Severity: sh:Violation
	Source Shape: chr:SchemaPropertyVocabularyShape
	Focus Node: ex:procedure_creatinine_serum_2160_0
	Value Node: ex:Bryant814_Clarence5_Grimes165
	Result Path: <https://w3id.org/shexmap/resource/ontology-schema/d285f599-dc2e-4bd8-83f3-df21defa8821/hasPatient>
	Message: Only the 24 properties declared in the CHR schema (plus rdf:type and rdfs:label) may be used on an individual.
Constraint Violation in ClosedConstraintComponent (http://www.w3.org/ns/shacl#ClosedConstraintComponent):
	Severity: sh:Violation
	Source Shape: chr:SchemaPropertyVocabularyShape
	Focus Node: ex:procedure_creatinine_serum_2160_0
	Value Node: ex:Dr_Dana512_Wilkinson796
	Result Path: <https://w3id.org/shexmap/resource/ontology-schema/d285f599-dc2e-4bd8-83f3-df21defa8821/hasPerformer>
	Message: Only the 24 properties declared in the CHR schema (plus rdf:type and rdfs:label) may be used on an individual.
Constraint Violation in ClosedConstraintComponent (http://www.w3.org/ns/shacl#ClosedConstraintComponent):
	Severity: sh:Violation
	Source Shape: chr:SchemaPropertyVocabularyShape
	Focus Node: ex:procedure_creatinine_serum_2160_0
	Value Node: ex:status_completed
	Result Path: <https://w3id.org/shexmap/resource/ontology-schema/d285f599-dc2e-4bd8-83f3-df21defa8821/hasStatus>
	Message: Only the 24 properties declared in the CHR schema (plus rdf:type and rdfs:label) may be used on an individual.
Constraint Violation in ClosedConstraintComponent (http://www.w3.org/ns/shacl#ClosedConstraintComponent):
	Severity: sh:Violation
	Source Shape: chr:SchemaPropertyVocabularyShape
	Focus Node: ex:procedure_dast10_82667_7
	Value Node: <https://loinc.org/82667-7>
	Result Path: <https://w3id.org/shexmap/resource/ontology-schema/d285f599-dc2e-4bd8-83f3-df21defa8821/hasCode>
	Message: Only the 24 properties declared in the CHR schema (plus rdf:type and rdfs:label) may be used on an individual.
Constraint Violation in ClosedConstraintComponent (http://www.w3.org/ns/shacl#ClosedConstraintComponent):
	Severity: sh:Violation
	Source Shape: chr:SchemaPropertyVocabularyShape
	Focus Node: ex:procedure_dast10_82667_7
	Value Node: Literal("2014-02-19T17:59:38+01:00" = 2014-02-19 17:59:38+01:00, datatype=xsd:dateTime)
	Result Path: <https://w3id.org/shexmap/resource/ontology-schema/d285f599-dc2e-4bd8-83f3-df21defa8821/hasPerformedDate>
	Message: Only the 24 properties declared in the CHR schema (plus rdf:type and rdfs:label) may be used on an individual.
Constraint Violation in ClosedConstraintComponent (http://www.w3.org/ns/shacl#ClosedConstraintComponent):
	Severity: sh:Violation
	Source Shape: chr:SchemaPropertyVocabularyShape
	Focus Node: ex:procedure_dast10_82667_7
	Value Node: ex:Bryant814_Clarence5_Grimes165
	Result Path: <https://w3id.org/shexmap/resource/ontology-schema/d285f599-dc2e-4bd8-83f3-df21defa8821/hasPatient>
	Message: Only the 24 properties declared in the CHR schema (plus rdf:type and rdfs:label) may be used on an individual.
Constraint Violation in ClosedConstraintComponent (http://www.w3.org/ns/shacl#ClosedConstraintComponent):
	Severity: sh:Violation
	Source Shape: chr:SchemaPropertyVocabularyShape
	Focus Node: ex:procedure_dast10_82667_7
	Value Node: ex:Dr_Dana512_Wilkinson796
	Result Path: <https://w3id.org/shexmap/resource/ontology-schema/d285f599-dc2e-4bd8-83f3-df21defa8821/hasPerformer>
	Message: Only the 24 properties declared in the CHR schema (plus rdf:type and rdfs:label) may be used on an individual.
Constraint Violation in ClosedConstraintComponent (http://www.w3.org/ns/shacl#ClosedConstraintComponent):
	Severity: sh:Violation
	Source Shape: chr:SchemaPropertyVocabularyShape
	Focus Node: ex:procedure_dast10_82667_7
	Value Node: ex:status_completed
	Result Path: <https://w3id.org/shexmap/resource/ontology-schema/d285f599-dc2e-4bd8-83f3-df21defa8821/hasStatus>
	Message: Only the 24 properties declared in the CHR schema (plus rdf:type and rdfs:label) may be used on an individual.
Constraint Violation in ClosedConstraintComponent (http://www.w3.org/ns/shacl#ClosedConstraintComponent):
	Severity: sh:Violation
	Source Shape: chr:SchemaPropertyVocabularyShape
	Focus Node: ex:procedure_gfr_serum_33914_3
	Value Node: <https://loinc.org/33914-3>
	Result Path: <https://w3id.org/shexmap/resource/ontology-schema/d285f599-dc2e-4bd8-83f3-df21defa8821/hasCode>
	Message: Only the 24 properties declared in the CHR schema (plus rdf:type and rdfs:label) may be used on an individual.
Constraint Violation in ClosedConstraintComponent (http://www.w3.org/ns/shacl#ClosedConstraintComponent):
	Severity: sh:Violation
	Source Shape: chr:SchemaPropertyVocabularyShape
	Focus Node: ex:procedure_gfr_serum_33914_3
	Value Node: Literal("2014-02-19T15:47:23+01:00" = 2014-02-19 15:47:23+01:00, datatype=xsd:dateTime)
	Result Path: <https://w3id.org/shexmap/resource/ontology-schema/d285f599-dc2e-4bd8-83f3-df21defa8821/hasPerformedDate>
	Message: Only the 24 properties declared in the CHR schema (plus rdf:type and rdfs:label) may be used on an individual.
Constraint Violation in ClosedConstraintComponent (http://www.w3.org/ns/shacl#ClosedConstraintComponent):
	Severity: sh:Violation
	Source Shape: chr:SchemaPropertyVocabularyShape
	Focus Node: ex:procedure_gfr_serum_33914_3
	Value Node: ex:Bryant814_Clarence5_Grimes165
	Result Path: <https://w3id.org/shexmap/resource/ontology-schema/d285f599-dc2e-4bd8-83f3-df21defa8821/hasPatient>
	Message: Only the 24 properties declared in the CHR schema (plus rdf:type and rdfs:label) may be used on an individual.
Constraint Violation in ClosedConstraintComponent (http://www.w3.org/ns/shacl#ClosedConstraintComponent):
	Severity: sh:Violation
	Source Shape: chr:SchemaPropertyVocabularyShape
	Focus Node: ex:procedure_gfr_serum_33914_3
	Value Node: ex:Dr_Dana512_Wilkinson796
	Result Path: <https://w3id.org/shexmap/resource/ontology-schema/d285f599-dc2e-4bd8-83f3-df21defa8821/hasPerformer>
	Message: Only the 24 properties declared in the CHR schema (plus rdf:type and rdfs:label) may be used on an individual.
Constraint Violation in ClosedConstraintComponent (http://www.w3.org/ns/shacl#ClosedConstraintComponent):
	Severity: sh:Violation
	Source Shape: chr:SchemaPropertyVocabularyShape
	Focus Node: ex:procedure_gfr_serum_33914_3
	Value Node: ex:status_completed
	Result Path: <https://w3id.org/shexmap/resource/ontology-schema/d285f599-dc2e-4bd8-83f3-df21defa8821/hasStatus>
	Message: Only the 24 properties declared in the CHR schema (plus rdf:type and rdfs:label) may be used on an individual.
Constraint Violation in ClosedConstraintComponent (http://www.w3.org/ns/shacl#ClosedConstraintComponent):
	Severity: sh:Violation
	Source Shape: chr:SchemaPropertyVocabularyShape
	Focus Node: ex:procedure_glucose_blood_2339_0
	Value Node: <https://loinc.org/2339-0>
	Result Path: <https://w3id.org/shexmap/resource/ontology-schema/d285f599-dc2e-4bd8-83f3-df21defa8821/hasCode>
	Message: Only the 24 properties declared in the CHR schema (plus rdf:type and rdfs:label) may be used on an individual.
Constraint Violation in ClosedConstraintComponent (http://www.w3.org/ns/shacl#ClosedConstraintComponent):
	Severity: sh:Violation
	Source Shape: chr:SchemaPropertyVocabularyShape
	Focus Node: ex:procedure_glucose_blood_2339_0
	Value Node: Literal("2014-02-19T15:47:23+01:00" = 2014-02-19 15:47:23+01:00, datatype=xsd:dateTime)
	Result Path: <https://w3id.org/shexmap/resource/ontology-schema/d285f599-dc2e-4bd8-83f3-df21defa8821/hasPerformedDate>
	Message: Only the 24 properties declared in the CHR schema (plus rdf:type and rdfs:label) may be used on an individual.
Constraint Violation in ClosedConstraintComponent (http://www.w3.org/ns/shacl#ClosedConstraintComponent):
	Severity: sh:Violation
	Source Shape: chr:SchemaPropertyVocabularyShape
	Focus Node: ex:procedure_glucose_blood_2339_0
	Value Node: ex:Bryant814_Clarence5_Grimes165
	Result Path: <https://w3id.org/shexmap/resource/ontology-schema/d285f599-dc2e-4bd8-83f3-df21defa8821/hasPatient>
	Message: Only the 24 properties declared in the CHR schema (plus rdf:type and rdfs:label) may be used on an individual.
Constraint Violation in ClosedConstraintComponent (http://www.w3.org/ns/shacl#ClosedConstraintComponent):
	Severity: sh:Violation
	Source Shape: chr:SchemaPropertyVocabularyShape
	Focus Node: ex:procedure_glucose_blood_2339_0
	Value Node: ex:Dr_Dana512_Wilkinson796
	Result Path: <https://w3id.org/shexmap/resource/ontology-schema/d285f599-dc2e-4bd8-83f3-df21defa8821/hasPerformer>
	Message: Only the 24 properties declared in the CHR schema (plus rdf:type and rdfs:label) may be used on an individual.
Constraint Violation in ClosedConstraintComponent (http://www.w3.org/ns/shacl#ClosedConstraintComponent):
	Severity: sh:Violation
	Source Shape: chr:SchemaPropertyVocabularyShape
	Focus Node: ex:procedure_glucose_blood_2339_0
	Value Node: ex:status_completed
	Result Path: <https://w3id.org/shexmap/resource/ontology-schema/d285f599-dc2e-4bd8-83f3-df21defa8821/hasStatus>
	Message: Only the 24 properties declared in the CHR schema (plus rdf:type and rdfs:label) may be used on an individual.
Constraint Violation in ClosedConstraintComponent (http://www.w3.org/ns/shacl#ClosedConstraintComponent):
	Severity: sh:Violation
	Source Shape: chr:SchemaPropertyVocabularyShape
	Focus Node: ex:procedure_glucose_serum_2345_7
	Value Node: <https://loinc.org/2345-7>
	Result Path: <https://w3id.org/shexmap/resource/ontology-schema/d285f599-dc2e-4bd8-83f3-df21defa8821/hasCode>
	Message: Only the 24 properties declared in the CHR schema (plus rdf:type and rdfs:label) may be used on an individual.
Constraint Violation in ClosedConstraintComponent (http://www.w3.org/ns/shacl#ClosedConstraintComponent):
	Severity: sh:Violation
	Source Shape: chr:SchemaPropertyVocabularyShape
	Focus Node: ex:procedure_glucose_serum_2345_7
	Value Node: Literal("2014-02-19T15:47:23+01:00" = 2014-02-19 15:47:23+01:00, datatype=xsd:dateTime)
	Result Path: <https://w3id.org/shexmap/resource/ontology-schema/d285f599-dc2e-4bd8-83f3-df21defa8821/hasPerformedDate>
	Message: Only the 24 properties declared in the CHR schema (plus rdf:type and rdfs:label) may be used on an individual.
Constraint Violation in ClosedConstraintComponent (http://www.w3.org/ns/shacl#ClosedConstraintComponent):
	Severity: sh:Violation
	Source Shape: chr:SchemaPropertyVocabularyShape
	Focus Node: ex:procedure_glucose_serum_2345_7
	Value Node: ex:Bryant814_Clarence5_Grimes165
	Result Path: <https://w3id.org/shexmap/resource/ontology-schema/d285f599-dc2e-4bd8-83f3-df21defa8821/hasPatient>
	Message: Only the 24 properties declared in the CHR schema (plus rdf:type and rdfs:label) may be used on an individual.
Constraint Violation in ClosedConstraintComponent (http://www.w3.org/ns/shacl#ClosedConstraintComponent):
	Severity: sh:Violation
	Source Shape: chr:SchemaPropertyVocabularyShape
	Focus Node: ex:procedure_glucose_serum_2345_7
	Value Node: ex:Dr_Dana512_Wilkinson796
	Result Path: <https://w3id.org/shexmap/resource/ontology-schema/d285f599-dc2e-4bd8-83f3-df21defa8821/hasPerformer>
	Message: Only the 24 properties declared in the CHR schema (plus rdf:type and rdfs:label) may be used on an individual.
Constraint Violation in ClosedConstraintComponent (http://www.w3.org/ns/shacl#ClosedConstraintComponent):
	Severity: sh:Violation
	Source Shape: chr:SchemaPropertyVocabularyShape
	Focus Node: ex:procedure_glucose_serum_2345_7
	Value Node: ex:status_completed
	Result Path: <https://w3id.org/shexmap/resource/ontology-schema/d285f599-dc2e-4bd8-83f3-df21defa8821/hasStatus>
	Message: Only the 24 properties declared in the CHR schema (plus rdf:type and rdfs:label) may be used on an individual.
Constraint Violation in ClosedConstraintComponent (http://www.w3.org/ns/shacl#ClosedConstraintComponent):
	Severity: sh:Violation
	Source Shape: chr:SchemaPropertyVocabularyShape
	Focus Node: ex:procedure_glucose_urine_5792_7
	Value Node: <https://loinc.org/5792-7>
	Result Path: <https://w3id.org/shexmap/resource/ontology-schema/d285f599-dc2e-4bd8-83f3-df21defa8821/hasCode>
	Message: Only the 24 properties declared in the CHR schema (plus rdf:type and rdfs:label) may be used on an individual.
Constraint Violation in ClosedConstraintComponent (http://www.w3.org/ns/shacl#ClosedConstraintComponent):
	Severity: sh:Violation
	Source Shape: chr:SchemaPropertyVocabularyShape
	Focus Node: ex:procedure_glucose_urine_5792_7
	Value Node: Literal("2014-02-19T15:47:23+01:00" = 2014-02-19 15:47:23+01:00, datatype=xsd:dateTime)
	Result Path: <https://w3id.org/shexmap/resource/ontology-schema/d285f599-dc2e-4bd8-83f3-df21defa8821/hasPerformedDate>
	Message: Only the 24 properties declared in the CHR schema (plus rdf:type and rdfs:label) may be used on an individual.
Constraint Violation in ClosedConstraintComponent (http://www.w3.org/ns/shacl#ClosedConstraintComponent):
	Severity: sh:Violation
	Source Shape: chr:SchemaPropertyVocabularyShape
	Focus Node: ex:procedure_glucose_urine_5792_7
	Value Node: ex:Bryant814_Clarence5_Grimes165
	Result Path: <https://w3id.org/shexmap/resource/ontology-schema/d285f599-dc2e-4bd8-83f3-df21defa8821/hasPatient>
	Message: Only the 24 properties declared in the CHR schema (plus rdf:type and rdfs:label) may be used on an individual.
Constraint Violation in ClosedConstraintComponent (http://www.w3.org/ns/shacl#ClosedConstraintComponent):
	Severity: sh:Violation
	Source Shape: chr:SchemaPropertyVocabularyShape
	Focus Node: ex:procedure_glucose_urine_5792_7
	Value Node: ex:Dr_Dana512_Wilkinson796
	Result Path: <https://w3id.org/shexmap/resource/ontology-schema/d285f599-dc2e-4bd8-83f3-df21defa8821/hasPerformer>
	Message: Only the 24 properties declared in the CHR schema (plus rdf:type and rdfs:label) may be used on an individual.
Constraint Violation in ClosedConstraintComponent (http://www.w3.org/ns/shacl#ClosedConstraintComponent):
	Severity: sh:Violation
	Source Shape: chr:SchemaPropertyVocabularyShape
	Focus Node: ex:procedure_glucose_urine_5792_7
	Value Node: ex:status_completed
	Result Path: <https://w3id.org/shexmap/resource/ontology-schema/d285f599-dc2e-4bd8-83f3-df21defa8821/hasStatus>
	Message: Only the 24 properties declared in the CHR schema (plus rdf:type and rdfs:label) may be used on an individual.
Constraint Violation in ClosedConstraintComponent (http://www.w3.org/ns/shacl#ClosedConstraintComponent):
	Severity: sh:Violation
	Source Shape: chr:SchemaPropertyVocabularyShape
	Focus Node: ex:procedure_hark_76504_0
	Value Node: <https://loinc.org/76504-0>
	Result Path: <https://w3id.org/shexmap/resource/ontology-schema/d285f599-dc2e-4bd8-83f3-df21defa8821/hasCode>
	Message: Only the 24 properties declared in the CHR schema (plus rdf:type and rdfs:label) may be used on an individual.
Constraint Violation in ClosedConstraintComponent (http://www.w3.org/ns/shacl#ClosedConstraintComponent):
	Severity: sh:Violation
	Source Shape: chr:SchemaPropertyVocabularyShape
	Focus Node: ex:procedure_hark_76504_0
	Value Node: Literal("2014-02-19T17:19:20+01:00" = 2014-02-19 17:19:20+01:00, datatype=xsd:dateTime)
	Result Path: <https://w3id.org/shexmap/resource/ontology-schema/d285f599-dc2e-4bd8-83f3-df21defa8821/hasPerformedDate>
	Message: Only the 24 properties declared in the CHR schema (plus rdf:type and rdfs:label) may be used on an individual.
Constraint Violation in ClosedConstraintComponent (http://www.w3.org/ns/shacl#ClosedConstraintComponent):
	Severity: sh:Violation
	Source Shape: chr:SchemaPropertyVocabularyShape
	Focus Node: ex:procedure_hark_76504_0
	Value Node: ex:Bryant814_Clarence5_Grimes165
	Result Path: <https://w3id.org/shexmap/resource/ontology-schema/d285f599-dc2e-4bd8-83f3-df21defa8821/hasPatient>
	Message: Only the 24 properties declared in the CHR schema (plus rdf:type and rdfs:label) may be used on an individual.
Constraint Violation in ClosedConstraintComponent (http://www.w3.org/ns/shacl#ClosedConstraintComponent):
	Severity: sh:Violation
	Source Shape: chr:SchemaPropertyVocabularyShape
	Focus Node: ex:procedure_hark_76504_0
	Value Node: ex:Dr_Dana512_Wilkinson796
	Result Path: <https://w3id.org/shexmap/resource/ontology-schema/d285f599-dc2e-4bd8-83f3-df21defa8821/hasPerformer>
	Message: Only the 24 properties declared in the CHR schema (plus rdf:type and rdfs:label) may be used on an individual.
Constraint Violation in ClosedConstraintComponent (http://www.w3.org/ns/shacl#ClosedConstraintComponent):
	Severity: sh:Violation
	Source Shape: chr:SchemaPropertyVocabularyShape
	Focus Node: ex:procedure_hark_76504_0
	Value Node: ex:status_completed
	Result Path: <https://w3id.org/shexmap/resource/ontology-schema/d285f599-dc2e-4bd8-83f3-df21defa8821/hasStatus>
	Message: Only the 24 properties declared in the CHR schema (plus rdf:type and rdfs:label) may be used on an individual.
Constraint Violation in ClosedConstraintComponent (http://www.w3.org/ns/shacl#ClosedConstraintComponent):
	Severity: sh:Violation
	Source Shape: chr:SchemaPropertyVocabularyShape
	Focus Node: ex:procedure_heart_rate_8867_4
	Value Node: <https://loinc.org/8867-4>
	Result Path: <https://w3id.org/shexmap/resource/ontology-schema/d285f599-dc2e-4bd8-83f3-df21defa8821/hasCode>
	Message: Only the 24 properties declared in the CHR schema (plus rdf:type and rdfs:label) may be used on an individual.
Constraint Violation in ClosedConstraintComponent (http://www.w3.org/ns/shacl#ClosedConstraintComponent):
	Severity: sh:Violation
	Source Shape: chr:SchemaPropertyVocabularyShape
	Focus Node: ex:procedure_heart_rate_8867_4
	Value Node: Literal("2014-02-19T15:47:23+01:00" = 2014-02-19 15:47:23+01:00, datatype=xsd:dateTime)
	Result Path: <https://w3id.org/shexmap/resource/ontology-schema/d285f599-dc2e-4bd8-83f3-df21defa8821/hasPerformedDate>
	Message: Only the 24 properties declared in the CHR schema (plus rdf:type and rdfs:label) may be used on an individual.
Constraint Violation in ClosedConstraintComponent (http://www.w3.org/ns/shacl#ClosedConstraintComponent):
	Severity: sh:Violation
	Source Shape: chr:SchemaPropertyVocabularyShape
	Focus Node: ex:procedure_heart_rate_8867_4
	Value Node: ex:Bryant814_Clarence5_Grimes165
	Result Path: <https://w3id.org/shexmap/resource/ontology-schema/d285f599-dc2e-4bd8-83f3-df21defa8821/hasPatient>
	Message: Only the 24 properties declared in the CHR schema (plus rdf:type and rdfs:label) may be used on an individual.
Constraint Violation in ClosedConstraintComponent (http://www.w3.org/ns/shacl#ClosedConstraintComponent):
	Severity: sh:Violation
	Source Shape: chr:SchemaPropertyVocabularyShape
	Focus Node: ex:procedure_heart_rate_8867_4
	Value Node: ex:Dr_Dana512_Wilkinson796
	Result Path: <https://w3id.org/shexmap/resource/ontology-schema/d285f599-dc2e-4bd8-83f3-df21defa8821/hasPerformer>
	Message: Only the 24 properties declared in the CHR schema (plus rdf:type and rdfs:label) may be used on an individual.
Constraint Violation in ClosedConstraintComponent (http://www.w3.org/ns/shacl#ClosedConstraintComponent):
	Severity: sh:Violation
	Source Shape: chr:SchemaPropertyVocabularyShape
	Focus Node: ex:procedure_heart_rate_8867_4
	Value Node: ex:status_completed
	Result Path: <https://w3id.org/shexmap/resource/ontology-schema/d285f599-dc2e-4bd8-83f3-df21defa8821/hasStatus>
	Message: Only the 24 properties declared in the CHR schema (plus rdf:type and rdfs:label) may be used on an individual.
Constraint Violation in ClosedConstraintComponent (http://www.w3.org/ns/shacl#ClosedConstraintComponent):
	Severity: sh:Violation
	Source Shape: chr:SchemaPropertyVocabularyShape
	Focus Node: ex:procedure_hemoglobin_a1c_4548_4
	Value Node: <https://loinc.org/4548-4>
	Result Path: <https://w3id.org/shexmap/resource/ontology-schema/d285f599-dc2e-4bd8-83f3-df21defa8821/hasCode>
	Message: Only the 24 properties declared in the CHR schema (plus rdf:type and rdfs:label) may be used on an individual.
Constraint Violation in ClosedConstraintComponent (http://www.w3.org/ns/shacl#ClosedConstraintComponent):
	Severity: sh:Violation
	Source Shape: chr:SchemaPropertyVocabularyShape
	Focus Node: ex:procedure_hemoglobin_a1c_4548_4
	Value Node: Literal("2014-02-19T15:47:23+01:00" = 2014-02-19 15:47:23+01:00, datatype=xsd:dateTime)
	Result Path: <https://w3id.org/shexmap/resource/ontology-schema/d285f599-dc2e-4bd8-83f3-df21defa8821/hasPerformedDate>
	Message: Only the 24 properties declared in the CHR schema (plus rdf:type and rdfs:label) may be used on an individual.
Constraint Violation in ClosedConstraintComponent (http://www.w3.org/ns/shacl#ClosedConstraintComponent):
	Severity: sh:Violation
	Source Shape: chr:SchemaPropertyVocabularyShape
	Focus Node: ex:procedure_hemoglobin_a1c_4548_4
	Value Node: ex:Bryant814_Clarence5_Grimes165
	Result Path: <https://w3id.org/shexmap/resource/ontology-schema/d285f599-dc2e-4bd8-83f3-df21defa8821/hasPatient>
	Message: Only the 24 properties declared in the CHR schema (plus rdf:type and rdfs:label) may be used on an individual.
Constraint Violation in ClosedConstraintComponent (http://www.w3.org/ns/shacl#ClosedConstraintComponent):
	Severity: sh:Violation
	Source Shape: chr:SchemaPropertyVocabularyShape
	Focus Node: ex:procedure_hemoglobin_a1c_4548_4
	Value Node: ex:Dr_Dana512_Wilkinson796
	Result Path: <https://w3id.org/shexmap/resource/ontology-schema/d285f599-dc2e-4bd8-83f3-df21defa8821/hasPerformer>
	Message: Only the 24 properties declared in the CHR schema (plus rdf:type and rdfs:label) may be used on an individual.
Constraint Violation in ClosedConstraintComponent (http://www.w3.org/ns/shacl#ClosedConstraintComponent):
	Severity: sh:Violation
	Source Shape: chr:SchemaPropertyVocabularyShape
	Focus Node: ex:procedure_hemoglobin_a1c_4548_4
	Value Node: ex:status_completed
	Result Path: <https://w3id.org/shexmap/resource/ontology-schema/d285f599-dc2e-4bd8-83f3-df21defa8821/hasStatus>
	Message: Only the 24 properties declared in the CHR schema (plus rdf:type and rdfs:label) may be used on an individual.
Constraint Violation in ClosedConstraintComponent (http://www.w3.org/ns/shacl#ClosedConstraintComponent):
	Severity: sh:Violation
	Source Shape: chr:SchemaPropertyVocabularyShape
	Focus Node: ex:procedure_ketones_urine_5797_6
	Value Node: <https://loinc.org/5797-6>
	Result Path: <https://w3id.org/shexmap/resource/ontology-schema/d285f599-dc2e-4bd8-83f3-df21defa8821/hasCode>
	Message: Only the 24 properties declared in the CHR schema (plus rdf:type and rdfs:label) may be used on an individual.
Constraint Violation in ClosedConstraintComponent (http://www.w3.org/ns/shacl#ClosedConstraintComponent):
	Severity: sh:Violation
	Source Shape: chr:SchemaPropertyVocabularyShape
	Focus Node: ex:procedure_ketones_urine_5797_6
	Value Node: Literal("2014-02-19T15:47:23+01:00" = 2014-02-19 15:47:23+01:00, datatype=xsd:dateTime)
	Result Path: <https://w3id.org/shexmap/resource/ontology-schema/d285f599-dc2e-4bd8-83f3-df21defa8821/hasPerformedDate>
	Message: Only the 24 properties declared in the CHR schema (plus rdf:type and rdfs:label) may be used on an individual.
Constraint Violation in ClosedConstraintComponent (http://www.w3.org/ns/shacl#ClosedConstraintComponent):
	Severity: sh:Violation
	Source Shape: chr:SchemaPropertyVocabularyShape
	Focus Node: ex:procedure_ketones_urine_5797_6
	Value Node: ex:Bryant814_Clarence5_Grimes165
	Result Path: <https://w3id.org/shexmap/resource/ontology-schema/d285f599-dc2e-4bd8-83f3-df21defa8821/hasPatient>
	Message: Only the 24 properties declared in the CHR schema (plus rdf:type and rdfs:label) may be used on an individual.
Constraint Violation in ClosedConstraintComponent (http://www.w3.org/ns/shacl#ClosedConstraintComponent):
	Severity: sh:Violation
	Source Shape: chr:SchemaPropertyVocabularyShape
	Focus Node: ex:procedure_ketones_urine_5797_6
	Value Node: ex:Dr_Dana512_Wilkinson796
	Result Path: <https://w3id.org/shexmap/resource/ontology-schema/d285f599-dc2e-4bd8-83f3-df21defa8821/hasPerformer>
	Message: Only the 24 properties declared in the CHR schema (plus rdf:type and rdfs:label) may be used on an individual.
Constraint Violation in ClosedConstraintComponent (http://www.w3.org/ns/shacl#ClosedConstraintComponent):
	Severity: sh:Violation
	Source Shape: chr:SchemaPropertyVocabularyShape
	Focus Node: ex:procedure_ketones_urine_5797_6
	Value Node: ex:status_completed
	Result Path: <https://w3id.org/shexmap/resource/ontology-schema/d285f599-dc2e-4bd8-83f3-df21defa8821/hasStatus>
	Message: Only the 24 properties declared in the CHR schema (plus rdf:type and rdfs:label) may be used on an individual.
Constraint Violation in ClosedConstraintComponent (http://www.w3.org/ns/shacl#ClosedConstraintComponent):
	Severity: sh:Violation
	Source Shape: chr:SchemaPropertyVocabularyShape
	Focus Node: ex:procedure_pain_severity_72514_3
	Value Node: <https://loinc.org/72514-3>
	Result Path: <https://w3id.org/shexmap/resource/ontology-schema/d285f599-dc2e-4bd8-83f3-df21defa8821/hasCode>
	Message: Only the 24 properties declared in the CHR schema (plus rdf:type and rdfs:label) may be used on an individual.
Constraint Violation in ClosedConstraintComponent (http://www.w3.org/ns/shacl#ClosedConstraintComponent):
	Severity: sh:Violation
	Source Shape: chr:SchemaPropertyVocabularyShape
	Focus Node: ex:procedure_pain_severity_72514_3
	Value Node: Literal("2014-02-19T15:47:23+01:00" = 2014-02-19 15:47:23+01:00, datatype=xsd:dateTime)
	Result Path: <https://w3id.org/shexmap/resource/ontology-schema/d285f599-dc2e-4bd8-83f3-df21defa8821/hasPerformedDate>
	Message: Only the 24 properties declared in the CHR schema (plus rdf:type and rdfs:label) may be used on an individual.
Constraint Violation in ClosedConstraintComponent (http://www.w3.org/ns/shacl#ClosedConstraintComponent):
	Severity: sh:Violation
	Source Shape: chr:SchemaPropertyVocabularyShape
	Focus Node: ex:procedure_pain_severity_72514_3
	Value Node: ex:Bryant814_Clarence5_Grimes165
	Result Path: <https://w3id.org/shexmap/resource/ontology-schema/d285f599-dc2e-4bd8-83f3-df21defa8821/hasPatient>
	Message: Only the 24 properties declared in the CHR schema (plus rdf:type and rdfs:label) may be used on an individual.
Constraint Violation in ClosedConstraintComponent (http://www.w3.org/ns/shacl#ClosedConstraintComponent):
	Severity: sh:Violation
	Source Shape: chr:SchemaPropertyVocabularyShape
	Focus Node: ex:procedure_pain_severity_72514_3
	Value Node: ex:Dr_Dana512_Wilkinson796
	Result Path: <https://w3id.org/shexmap/resource/ontology-schema/d285f599-dc2e-4bd8-83f3-df21defa8821/hasPerformer>
	Message: Only the 24 properties declared in the CHR schema (plus rdf:type and rdfs:label) may be used on an individual.
Constraint Violation in ClosedConstraintComponent (http://www.w3.org/ns/shacl#ClosedConstraintComponent):
	Severity: sh:Violation
	Source Shape: chr:SchemaPropertyVocabularyShape
	Focus Node: ex:procedure_pain_severity_72514_3
	Value Node: ex:status_completed
	Result Path: <https://w3id.org/shexmap/resource/ontology-schema/d285f599-dc2e-4bd8-83f3-df21defa8821/hasStatus>
	Message: Only the 24 properties declared in the CHR schema (plus rdf:type and rdfs:label) may be used on an individual.
Constraint Violation in ClosedConstraintComponent (http://www.w3.org/ns/shacl#ClosedConstraintComponent):
	Severity: sh:Violation
	Source Shape: chr:SchemaPropertyVocabularyShape
	Focus Node: ex:procedure_ph_urine_5803_2
	Value Node: <https://loinc.org/5803-2>
	Result Path: <https://w3id.org/shexmap/resource/ontology-schema/d285f599-dc2e-4bd8-83f3-df21defa8821/hasCode>
	Message: Only the 24 properties declared in the CHR schema (plus rdf:type and rdfs:label) may be used on an individual.
Constraint Violation in ClosedConstraintComponent (http://www.w3.org/ns/shacl#ClosedConstraintComponent):
	Severity: sh:Violation
	Source Shape: chr:SchemaPropertyVocabularyShape
	Focus Node: ex:procedure_ph_urine_5803_2
	Value Node: Literal("2014-02-19T15:47:23+01:00" = 2014-02-19 15:47:23+01:00, datatype=xsd:dateTime)
	Result Path: <https://w3id.org/shexmap/resource/ontology-schema/d285f599-dc2e-4bd8-83f3-df21defa8821/hasPerformedDate>
	Message: Only the 24 properties declared in the CHR schema (plus rdf:type and rdfs:label) may be used on an individual.
Constraint Violation in ClosedConstraintComponent (http://www.w3.org/ns/shacl#ClosedConstraintComponent):
	Severity: sh:Violation
	Source Shape: chr:SchemaPropertyVocabularyShape
	Focus Node: ex:procedure_ph_urine_5803_2
	Value Node: ex:Bryant814_Clarence5_Grimes165
	Result Path: <https://w3id.org/shexmap/resource/ontology-schema/d285f599-dc2e-4bd8-83f3-df21defa8821/hasPatient>
	Message: Only the 24 properties declared in the CHR schema (plus rdf:type and rdfs:label) may be used on an individual.
Constraint Violation in ClosedConstraintComponent (http://www.w3.org/ns/shacl#ClosedConstraintComponent):
	Severity: sh:Violation
	Source Shape: chr:SchemaPropertyVocabularyShape
	Focus Node: ex:procedure_ph_urine_5803_2
	Value Node: ex:Dr_Dana512_Wilkinson796
	Result Path: <https://w3id.org/shexmap/resource/ontology-schema/d285f599-dc2e-4bd8-83f3-df21defa8821/hasPerformer>
	Message: Only the 24 properties declared in the CHR schema (plus rdf:type and rdfs:label) may be used on an individual.
Constraint Violation in ClosedConstraintComponent (http://www.w3.org/ns/shacl#ClosedConstraintComponent):
	Severity: sh:Violation
	Source Shape: chr:SchemaPropertyVocabularyShape
	Focus Node: ex:procedure_ph_urine_5803_2
	Value Node: ex:status_completed
	Result Path: <https://w3id.org/shexmap/resource/ontology-schema/d285f599-dc2e-4bd8-83f3-df21defa8821/hasStatus>
	Message: Only the 24 properties declared in the CHR schema (plus rdf:type and rdfs:label) may be used on an individual.
Constraint Violation in ClosedConstraintComponent (http://www.w3.org/ns/shacl#ClosedConstraintComponent):
	Severity: sh:Violation
	Source Shape: chr:SchemaPropertyVocabularyShape
	Focus Node: ex:procedure_potassium_blood_6298_4
	Value Node: <https://loinc.org/6298-4>
	Result Path: <https://w3id.org/shexmap/resource/ontology-schema/d285f599-dc2e-4bd8-83f3-df21defa8821/hasCode>
	Message: Only the 24 properties declared in the CHR schema (plus rdf:type and rdfs:label) may be used on an individual.
Constraint Violation in ClosedConstraintComponent (http://www.w3.org/ns/shacl#ClosedConstraintComponent):
	Severity: sh:Violation
	Source Shape: chr:SchemaPropertyVocabularyShape
	Focus Node: ex:procedure_potassium_blood_6298_4
	Value Node: Literal("2014-02-19T15:47:23+01:00" = 2014-02-19 15:47:23+01:00, datatype=xsd:dateTime)
	Result Path: <https://w3id.org/shexmap/resource/ontology-schema/d285f599-dc2e-4bd8-83f3-df21defa8821/hasPerformedDate>
	Message: Only the 24 properties declared in the CHR schema (plus rdf:type and rdfs:label) may be used on an individual.
Constraint Violation in ClosedConstraintComponent (http://www.w3.org/ns/shacl#ClosedConstraintComponent):
	Severity: sh:Violation
	Source Shape: chr:SchemaPropertyVocabularyShape
	Focus Node: ex:procedure_potassium_blood_6298_4
	Value Node: ex:Bryant814_Clarence5_Grimes165
	Result Path: <https://w3id.org/shexmap/resource/ontology-schema/d285f599-dc2e-4bd8-83f3-df21defa8821/hasPatient>
	Message: Only the 24 properties declared in the CHR schema (plus rdf:type and rdfs:label) may be used on an individual.
Constraint Violation in ClosedConstraintComponent (http://www.w3.org/ns/shacl#ClosedConstraintComponent):
	Severity: sh:Violation
	Source Shape: chr:SchemaPropertyVocabularyShape
	Focus Node: ex:procedure_potassium_blood_6298_4
	Value Node: ex:Dr_Dana512_Wilkinson796
	Result Path: <https://w3id.org/shexmap/resource/ontology-schema/d285f599-dc2e-4bd8-83f3-df21defa8821/hasPerformer>
	Message: Only the 24 properties declared in the CHR schema (plus rdf:type and rdfs:label) may be used on an individual.
Constraint Violation in ClosedConstraintComponent (http://www.w3.org/ns/shacl#ClosedConstraintComponent):
	Severity: sh:Violation
	Source Shape: chr:SchemaPropertyVocabularyShape
	Focus Node: ex:procedure_potassium_blood_6298_4
	Value Node: ex:status_completed
	Result Path: <https://w3id.org/shexmap/resource/ontology-schema/d285f599-dc2e-4bd8-83f3-df21defa8821/hasStatus>
	Message: Only the 24 properties declared in the CHR schema (plus rdf:type and rdfs:label) may be used on an individual.
Constraint Violation in ClosedConstraintComponent (http://www.w3.org/ns/shacl#ClosedConstraintComponent):
	Severity: sh:Violation
	Source Shape: chr:SchemaPropertyVocabularyShape
	Focus Node: ex:procedure_potassium_serum_2823_3
	Value Node: <https://loinc.org/2823-3>
	Result Path: <https://w3id.org/shexmap/resource/ontology-schema/d285f599-dc2e-4bd8-83f3-df21defa8821/hasCode>
	Message: Only the 24 properties declared in the CHR schema (plus rdf:type and rdfs:label) may be used on an individual.
Constraint Violation in ClosedConstraintComponent (http://www.w3.org/ns/shacl#ClosedConstraintComponent):
	Severity: sh:Violation
	Source Shape: chr:SchemaPropertyVocabularyShape
	Focus Node: ex:procedure_potassium_serum_2823_3
	Value Node: Literal("2014-02-19T15:47:23+01:00" = 2014-02-19 15:47:23+01:00, datatype=xsd:dateTime)
	Result Path: <https://w3id.org/shexmap/resource/ontology-schema/d285f599-dc2e-4bd8-83f3-df21defa8821/hasPerformedDate>
	Message: Only the 24 properties declared in the CHR schema (plus rdf:type and rdfs:label) may be used on an individual.
Constraint Violation in ClosedConstraintComponent (http://www.w3.org/ns/shacl#ClosedConstraintComponent):
	Severity: sh:Violation
	Source Shape: chr:SchemaPropertyVocabularyShape
	Focus Node: ex:procedure_potassium_serum_2823_3
	Value Node: ex:Bryant814_Clarence5_Grimes165
	Result Path: <https://w3id.org/shexmap/resource/ontology-schema/d285f599-dc2e-4bd8-83f3-df21defa8821/hasPatient>
	Message: Only the 24 properties declared in the CHR schema (plus rdf:type and rdfs:label) may be used on an individual.
Constraint Violation in ClosedConstraintComponent (http://www.w3.org/ns/shacl#ClosedConstraintComponent):
	Severity: sh:Violation
	Source Shape: chr:SchemaPropertyVocabularyShape
	Focus Node: ex:procedure_potassium_serum_2823_3
	Value Node: ex:Dr_Dana512_Wilkinson796
	Result Path: <https://w3id.org/shexmap/resource/ontology-schema/d285f599-dc2e-4bd8-83f3-df21defa8821/hasPerformer>
	Message: Only the 24 properties declared in the CHR schema (plus rdf:type and rdfs:label) may be used on an individual.
Constraint Violation in ClosedConstraintComponent (http://www.w3.org/ns/shacl#ClosedConstraintComponent):
	Severity: sh:Violation
	Source Shape: chr:SchemaPropertyVocabularyShape
	Focus Node: ex:procedure_potassium_serum_2823_3
	Value Node: ex:status_completed
	Result Path: <https://w3id.org/shexmap/resource/ontology-schema/d285f599-dc2e-4bd8-83f3-df21defa8821/hasStatus>
	Message: Only the 24 properties declared in the CHR schema (plus rdf:type and rdfs:label) may be used on an individual.
Constraint Violation in ClosedConstraintComponent (http://www.w3.org/ns/shacl#ClosedConstraintComponent):
	Severity: sh:Violation
	Source Shape: chr:SchemaPropertyVocabularyShape
	Focus Node: ex:procedure_protein_urine_5804_0
	Value Node: <https://loinc.org/5804-0>
	Result Path: <https://w3id.org/shexmap/resource/ontology-schema/d285f599-dc2e-4bd8-83f3-df21defa8821/hasCode>
	Message: Only the 24 properties declared in the CHR schema (plus rdf:type and rdfs:label) may be used on an individual.
Constraint Violation in ClosedConstraintComponent (http://www.w3.org/ns/shacl#ClosedConstraintComponent):
	Severity: sh:Violation
	Source Shape: chr:SchemaPropertyVocabularyShape
	Focus Node: ex:procedure_protein_urine_5804_0
	Value Node: Literal("2014-02-19T15:47:23+01:00" = 2014-02-19 15:47:23+01:00, datatype=xsd:dateTime)
	Result Path: <https://w3id.org/shexmap/resource/ontology-schema/d285f599-dc2e-4bd8-83f3-df21defa8821/hasPerformedDate>
	Message: Only the 24 properties declared in the CHR schema (plus rdf:type and rdfs:label) may be used on an individual.
Constraint Violation in ClosedConstraintComponent (http://www.w3.org/ns/shacl#ClosedConstraintComponent):
	Severity: sh:Violation
	Source Shape: chr:SchemaPropertyVocabularyShape
	Focus Node: ex:procedure_protein_urine_5804_0
	Value Node: ex:Bryant814_Clarence5_Grimes165
	Result Path: <https://w3id.org/shexmap/resource/ontology-schema/d285f599-dc2e-4bd8-83f3-df21defa8821/hasPatient>
	Message: Only the 24 properties declared in the CHR schema (plus rdf:type and rdfs:label) may be used on an individual.
Constraint Violation in ClosedConstraintComponent (http://www.w3.org/ns/shacl#ClosedConstraintComponent):
	Severity: sh:Violation
	Source Shape: chr:SchemaPropertyVocabularyShape
	Focus Node: ex:procedure_protein_urine_5804_0
	Value Node: ex:Dr_Dana512_Wilkinson796
	Result Path: <https://w3id.org/shexmap/resource/ontology-schema/d285f599-dc2e-4bd8-83f3-df21defa8821/hasPerformer>
	Message: Only the 24 properties declared in the CHR schema (plus rdf:type and rdfs:label) may be used on an individual.
Constraint Violation in ClosedConstraintComponent (http://www.w3.org/ns/shacl#ClosedConstraintComponent):
	Severity: sh:Violation
	Source Shape: chr:SchemaPropertyVocabularyShape
	Focus Node: ex:procedure_protein_urine_5804_0
	Value Node: ex:status_completed
	Result Path: <https://w3id.org/shexmap/resource/ontology-schema/d285f599-dc2e-4bd8-83f3-df21defa8821/hasStatus>
	Message: Only the 24 properties declared in the CHR schema (plus rdf:type and rdfs:label) may be used on an individual.
Constraint Violation in ClosedConstraintComponent (http://www.w3.org/ns/shacl#ClosedConstraintComponent):
	Severity: sh:Violation
	Source Shape: chr:SchemaPropertyVocabularyShape
	Focus Node: ex:procedure_respiratory_rate_9279_1
	Value Node: <https://loinc.org/9279-1>
	Result Path: <https://w3id.org/shexmap/resource/ontology-schema/d285f599-dc2e-4bd8-83f3-df21defa8821/hasCode>
	Message: Only the 24 properties declared in the CHR schema (plus rdf:type and rdfs:label) may be used on an individual.
Constraint Violation in ClosedConstraintComponent (http://www.w3.org/ns/shacl#ClosedConstraintComponent):
	Severity: sh:Violation
	Source Shape: chr:SchemaPropertyVocabularyShape
	Focus Node: ex:procedure_respiratory_rate_9279_1
	Value Node: Literal("2014-02-19T15:47:23+01:00" = 2014-02-19 15:47:23+01:00, datatype=xsd:dateTime)
	Result Path: <https://w3id.org/shexmap/resource/ontology-schema/d285f599-dc2e-4bd8-83f3-df21defa8821/hasPerformedDate>
	Message: Only the 24 properties declared in the CHR schema (plus rdf:type and rdfs:label) may be used on an individual.
Constraint Violation in ClosedConstraintComponent (http://www.w3.org/ns/shacl#ClosedConstraintComponent):
	Severity: sh:Violation
	Source Shape: chr:SchemaPropertyVocabularyShape
	Focus Node: ex:procedure_respiratory_rate_9279_1
	Value Node: ex:Bryant814_Clarence5_Grimes165
	Result Path: <https://w3id.org/shexmap/resource/ontology-schema/d285f599-dc2e-4bd8-83f3-df21defa8821/hasPatient>
	Message: Only the 24 properties declared in the CHR schema (plus rdf:type and rdfs:label) may be used on an individual.
Constraint Violation in ClosedConstraintComponent (http://www.w3.org/ns/shacl#ClosedConstraintComponent):
	Severity: sh:Violation
	Source Shape: chr:SchemaPropertyVocabularyShape
	Focus Node: ex:procedure_respiratory_rate_9279_1
	Value Node: ex:Dr_Dana512_Wilkinson796
	Result Path: <https://w3id.org/shexmap/resource/ontology-schema/d285f599-dc2e-4bd8-83f3-df21defa8821/hasPerformer>
	Message: Only the 24 properties declared in the CHR schema (plus rdf:type and rdfs:label) may be used on an individual.
Constraint Violation in ClosedConstraintComponent (http://www.w3.org/ns/shacl#ClosedConstraintComponent):
	Severity: sh:Violation
	Source Shape: chr:SchemaPropertyVocabularyShape
	Focus Node: ex:procedure_respiratory_rate_9279_1
	Value Node: ex:status_completed
	Result Path: <https://w3id.org/shexmap/resource/ontology-schema/d285f599-dc2e-4bd8-83f3-df21defa8821/hasStatus>
	Message: Only the 24 properties declared in the CHR schema (plus rdf:type and rdfs:label) may be used on an individual.
Constraint Violation in ClosedConstraintComponent (http://www.w3.org/ns/shacl#ClosedConstraintComponent):
	Severity: sh:Violation
	Source Shape: chr:SchemaPropertyVocabularyShape
	Focus Node: ex:procedure_sodium_blood_2947_0
	Value Node: <https://loinc.org/2947-0>
	Result Path: <https://w3id.org/shexmap/resource/ontology-schema/d285f599-dc2e-4bd8-83f3-df21defa8821/hasCode>
	Message: Only the 24 properties declared in the CHR schema (plus rdf:type and rdfs:label) may be used on an individual.
Constraint Violation in ClosedConstraintComponent (http://www.w3.org/ns/shacl#ClosedConstraintComponent):
	Severity: sh:Violation
	Source Shape: chr:SchemaPropertyVocabularyShape
	Focus Node: ex:procedure_sodium_blood_2947_0
	Value Node: Literal("2014-02-19T15:47:23+01:00" = 2014-02-19 15:47:23+01:00, datatype=xsd:dateTime)
	Result Path: <https://w3id.org/shexmap/resource/ontology-schema/d285f599-dc2e-4bd8-83f3-df21defa8821/hasPerformedDate>
	Message: Only the 24 properties declared in the CHR schema (plus rdf:type and rdfs:label) may be used on an individual.
Constraint Violation in ClosedConstraintComponent (http://www.w3.org/ns/shacl#ClosedConstraintComponent):
	Severity: sh:Violation
	Source Shape: chr:SchemaPropertyVocabularyShape
	Focus Node: ex:procedure_sodium_blood_2947_0
	Value Node: ex:Bryant814_Clarence5_Grimes165
	Result Path: <https://w3id.org/shexmap/resource/ontology-schema/d285f599-dc2e-4bd8-83f3-df21defa8821/hasPatient>
	Message: Only the 24 properties declared in the CHR schema (plus rdf:type and rdfs:label) may be used on an individual.
Constraint Violation in ClosedConstraintComponent (http://www.w3.org/ns/shacl#ClosedConstraintComponent):
	Severity: sh:Violation
	Source Shape: chr:SchemaPropertyVocabularyShape
	Focus Node: ex:procedure_sodium_blood_2947_0
	Value Node: ex:Dr_Dana512_Wilkinson796
	Result Path: <https://w3id.org/shexmap/resource/ontology-schema/d285f599-dc2e-4bd8-83f3-df21defa8821/hasPerformer>
	Message: Only the 24 properties declared in the CHR schema (plus rdf:type and rdfs:label) may be used on an individual.
Constraint Violation in ClosedConstraintComponent (http://www.w3.org/ns/shacl#ClosedConstraintComponent):
	Severity: sh:Violation
	Source Shape: chr:SchemaPropertyVocabularyShape
	Focus Node: ex:procedure_sodium_blood_2947_0
	Value Node: ex:status_completed
	Result Path: <https://w3id.org/shexmap/resource/ontology-schema/d285f599-dc2e-4bd8-83f3-df21defa8821/hasStatus>
	Message: Only the 24 properties declared in the CHR schema (plus rdf:type and rdfs:label) may be used on an individual.
Constraint Violation in ClosedConstraintComponent (http://www.w3.org/ns/shacl#ClosedConstraintComponent):
	Severity: sh:Violation
	Source Shape: chr:SchemaPropertyVocabularyShape
	Focus Node: ex:procedure_sodium_serum_2951_2
	Value Node: <https://loinc.org/2951-2>
	Result Path: <https://w3id.org/shexmap/resource/ontology-schema/d285f599-dc2e-4bd8-83f3-df21defa8821/hasCode>
	Message: Only the 24 properties declared in the CHR schema (plus rdf:type and rdfs:label) may be used on an individual.
Constraint Violation in ClosedConstraintComponent (http://www.w3.org/ns/shacl#ClosedConstraintComponent):
	Severity: sh:Violation
	Source Shape: chr:SchemaPropertyVocabularyShape
	Focus Node: ex:procedure_sodium_serum_2951_2
	Value Node: Literal("2014-02-19T15:47:23+01:00" = 2014-02-19 15:47:23+01:00, datatype=xsd:dateTime)
	Result Path: <https://w3id.org/shexmap/resource/ontology-schema/d285f599-dc2e-4bd8-83f3-df21defa8821/hasPerformedDate>
	Message: Only the 24 properties declared in the CHR schema (plus rdf:type and rdfs:label) may be used on an individual.
Constraint Violation in ClosedConstraintComponent (http://www.w3.org/ns/shacl#ClosedConstraintComponent):
	Severity: sh:Violation
	Source Shape: chr:SchemaPropertyVocabularyShape
	Focus Node: ex:procedure_sodium_serum_2951_2
	Value Node: ex:Bryant814_Clarence5_Grimes165
	Result Path: <https://w3id.org/shexmap/resource/ontology-schema/d285f599-dc2e-4bd8-83f3-df21defa8821/hasPatient>
	Message: Only the 24 properties declared in the CHR schema (plus rdf:type and rdfs:label) may be used on an individual.
Constraint Violation in ClosedConstraintComponent (http://www.w3.org/ns/shacl#ClosedConstraintComponent):
	Severity: sh:Violation
	Source Shape: chr:SchemaPropertyVocabularyShape
	Focus Node: ex:procedure_sodium_serum_2951_2
	Value Node: ex:Dr_Dana512_Wilkinson796
	Result Path: <https://w3id.org/shexmap/resource/ontology-schema/d285f599-dc2e-4bd8-83f3-df21defa8821/hasPerformer>
	Message: Only the 24 properties declared in the CHR schema (plus rdf:type and rdfs:label) may be used on an individual.
Constraint Violation in ClosedConstraintComponent (http://www.w3.org/ns/shacl#ClosedConstraintComponent):
	Severity: sh:Violation
	Source Shape: chr:SchemaPropertyVocabularyShape
	Focus Node: ex:procedure_sodium_serum_2951_2
	Value Node: ex:status_completed
	Result Path: <https://w3id.org/shexmap/resource/ontology-schema/d285f599-dc2e-4bd8-83f3-df21defa8821/hasStatus>
	Message: Only the 24 properties declared in the CHR schema (plus rdf:type and rdfs:label) may be used on an individual.
Constraint Violation in ClosedConstraintComponent (http://www.w3.org/ns/shacl#ClosedConstraintComponent):
	Severity: sh:Violation
	Source Shape: chr:SchemaPropertyVocabularyShape
	Focus Node: ex:procedure_specific_gravity_urine_5811_5
	Value Node: <https://loinc.org/5811-5>
	Result Path: <https://w3id.org/shexmap/resource/ontology-schema/d285f599-dc2e-4bd8-83f3-df21defa8821/hasCode>
	Message: Only the 24 properties declared in the CHR schema (plus rdf:type and rdfs:label) may be used on an individual.
Constraint Violation in ClosedConstraintComponent (http://www.w3.org/ns/shacl#ClosedConstraintComponent):
	Severity: sh:Violation
	Source Shape: chr:SchemaPropertyVocabularyShape
	Focus Node: ex:procedure_specific_gravity_urine_5811_5
	Value Node: Literal("2014-02-19T15:47:23+01:00" = 2014-02-19 15:47:23+01:00, datatype=xsd:dateTime)
	Result Path: <https://w3id.org/shexmap/resource/ontology-schema/d285f599-dc2e-4bd8-83f3-df21defa8821/hasPerformedDate>
	Message: Only the 24 properties declared in the CHR schema (plus rdf:type and rdfs:label) may be used on an individual.
Constraint Violation in ClosedConstraintComponent (http://www.w3.org/ns/shacl#ClosedConstraintComponent):
	Severity: sh:Violation
	Source Shape: chr:SchemaPropertyVocabularyShape
	Focus Node: ex:procedure_specific_gravity_urine_5811_5
	Value Node: ex:Bryant814_Clarence5_Grimes165
	Result Path: <https://w3id.org/shexmap/resource/ontology-schema/d285f599-dc2e-4bd8-83f3-df21defa8821/hasPatient>
	Message: Only the 24 properties declared in the CHR schema (plus rdf:type and rdfs:label) may be used on an individual.
Constraint Violation in ClosedConstraintComponent (http://www.w3.org/ns/shacl#ClosedConstraintComponent):
	Severity: sh:Violation
	Source Shape: chr:SchemaPropertyVocabularyShape
	Focus Node: ex:procedure_specific_gravity_urine_5811_5
	Value Node: ex:Dr_Dana512_Wilkinson796
	Result Path: <https://w3id.org/shexmap/resource/ontology-schema/d285f599-dc2e-4bd8-83f3-df21defa8821/hasPerformer>
	Message: Only the 24 properties declared in the CHR schema (plus rdf:type and rdfs:label) may be used on an individual.
Constraint Violation in ClosedConstraintComponent (http://www.w3.org/ns/shacl#ClosedConstraintComponent):
	Severity: sh:Violation
	Source Shape: chr:SchemaPropertyVocabularyShape
	Focus Node: ex:procedure_specific_gravity_urine_5811_5
	Value Node: ex:status_completed
	Result Path: <https://w3id.org/shexmap/resource/ontology-schema/d285f599-dc2e-4bd8-83f3-df21defa8821/hasStatus>
	Message: Only the 24 properties declared in the CHR schema (plus rdf:type and rdfs:label) may be used on an individual.
Constraint Violation in ClosedConstraintComponent (http://www.w3.org/ns/shacl#ClosedConstraintComponent):
	Severity: sh:Violation
	Source Shape: chr:SchemaPropertyVocabularyShape
	Focus Node: ex:procedure_urea_nitrogen_blood_6299_2
	Value Node: <https://loinc.org/6299-2>
	Result Path: <https://w3id.org/shexmap/resource/ontology-schema/d285f599-dc2e-4bd8-83f3-df21defa8821/hasCode>
	Message: Only the 24 properties declared in the CHR schema (plus rdf:type and rdfs:label) may be used on an individual.
Constraint Violation in ClosedConstraintComponent (http://www.w3.org/ns/shacl#ClosedConstraintComponent):
	Severity: sh:Violation
	Source Shape: chr:SchemaPropertyVocabularyShape
	Focus Node: ex:procedure_urea_nitrogen_blood_6299_2
	Value Node: Literal("2014-02-19T15:47:23+01:00" = 2014-02-19 15:47:23+01:00, datatype=xsd:dateTime)
	Result Path: <https://w3id.org/shexmap/resource/ontology-schema/d285f599-dc2e-4bd8-83f3-df21defa8821/hasPerformedDate>
	Message: Only the 24 properties declared in the CHR schema (plus rdf:type and rdfs:label) may be used on an individual.
Constraint Violation in ClosedConstraintComponent (http://www.w3.org/ns/shacl#ClosedConstraintComponent):
	Severity: sh:Violation
	Source Shape: chr:SchemaPropertyVocabularyShape
	Focus Node: ex:procedure_urea_nitrogen_blood_6299_2
	Value Node: ex:Bryant814_Clarence5_Grimes165
	Result Path: <https://w3id.org/shexmap/resource/ontology-schema/d285f599-dc2e-4bd8-83f3-df21defa8821/hasPatient>
	Message: Only the 24 properties declared in the CHR schema (plus rdf:type and rdfs:label) may be used on an individual.
Constraint Violation in ClosedConstraintComponent (http://www.w3.org/ns/shacl#ClosedConstraintComponent):
	Severity: sh:Violation
	Source Shape: chr:SchemaPropertyVocabularyShape
	Focus Node: ex:procedure_urea_nitrogen_blood_6299_2
	Value Node: ex:Dr_Dana512_Wilkinson796
	Result Path: <https://w3id.org/shexmap/resource/ontology-schema/d285f599-dc2e-4bd8-83f3-df21defa8821/hasPerformer>
	Message: Only the 24 properties declared in the CHR schema (plus rdf:type and rdfs:label) may be used on an individual.
Constraint Violation in ClosedConstraintComponent (http://www.w3.org/ns/shacl#ClosedConstraintComponent):
	Severity: sh:Violation
	Source Shape: chr:SchemaPropertyVocabularyShape
	Focus Node: ex:procedure_urea_nitrogen_blood_6299_2
	Value Node: ex:status_completed
	Result Path: <https://w3id.org/shexmap/resource/ontology-schema/d285f599-dc2e-4bd8-83f3-df21defa8821/hasStatus>
	Message: Only the 24 properties declared in the CHR schema (plus rdf:type and rdfs:label) may be used on an individual.
Constraint Violation in ClosedConstraintComponent (http://www.w3.org/ns/shacl#ClosedConstraintComponent):
	Severity: sh:Violation
	Source Shape: chr:SchemaPropertyVocabularyShape
	Focus Node: ex:procedure_urea_nitrogen_serum_3094_0
	Value Node: <https://loinc.org/3094-0>
	Result Path: <https://w3id.org/shexmap/resource/ontology-schema/d285f599-dc2e-4bd8-83f3-df21defa8821/hasCode>
	Message: Only the 24 properties declared in the CHR schema (plus rdf:type and rdfs:label) may be used on an individual.
Constraint Violation in ClosedConstraintComponent (http://www.w3.org/ns/shacl#ClosedConstraintComponent):
	Severity: sh:Violation
	Source Shape: chr:SchemaPropertyVocabularyShape
	Focus Node: ex:procedure_urea_nitrogen_serum_3094_0
	Value Node: Literal("2014-02-19T15:47:23+01:00" = 2014-02-19 15:47:23+01:00, datatype=xsd:dateTime)
	Result Path: <https://w3id.org/shexmap/resource/ontology-schema/d285f599-dc2e-4bd8-83f3-df21defa8821/hasPerformedDate>
	Message: Only the 24 properties declared in the CHR schema (plus rdf:type and rdfs:label) may be used on an individual.
Constraint Violation in ClosedConstraintComponent (http://www.w3.org/ns/shacl#ClosedConstraintComponent):
	Severity: sh:Violation
	Source Shape: chr:SchemaPropertyVocabularyShape
	Focus Node: ex:procedure_urea_nitrogen_serum_3094_0
	Value Node: ex:Bryant814_Clarence5_Grimes165
	Result Path: <https://w3id.org/shexmap/resource/ontology-schema/d285f599-dc2e-4bd8-83f3-df21defa8821/hasPatient>
	Message: Only the 24 properties declared in the CHR schema (plus rdf:type and rdfs:label) may be used on an individual.
Constraint Violation in ClosedConstraintComponent (http://www.w3.org/ns/shacl#ClosedConstraintComponent):
	Severity: sh:Violation
	Source Shape: chr:SchemaPropertyVocabularyShape
	Focus Node: ex:procedure_urea_nitrogen_serum_3094_0
	Value Node: ex:Dr_Dana512_Wilkinson796
	Result Path: <https://w3id.org/shexmap/resource/ontology-schema/d285f599-dc2e-4bd8-83f3-df21defa8821/hasPerformer>
	Message: Only the 24 properties declared in the CHR schema (plus rdf:type and rdfs:label) may be used on an individual.
Constraint Violation in ClosedConstraintComponent (http://www.w3.org/ns/shacl#ClosedConstraintComponent):
	Severity: sh:Violation
	Source Shape: chr:SchemaPropertyVocabularyShape
	Focus Node: ex:procedure_urea_nitrogen_serum_3094_0
	Value Node: ex:status_completed
	Result Path: <https://w3id.org/shexmap/resource/ontology-schema/d285f599-dc2e-4bd8-83f3-df21defa8821/hasStatus>
	Message: Only the 24 properties declared in the CHR schema (plus rdf:type and rdfs:label) may be used on an individual.
Constraint Violation in ClosedConstraintComponent (http://www.w3.org/ns/shacl#ClosedConstraintComponent):
	Severity: sh:Violation
	Source Shape: chr:SchemaPropertyVocabularyShape
	Focus Node: ex:process_bilirubin_urine_20505_4
	Value Node: <https://loinc.org/20505-4>
	Result Path: <https://w3id.org/shexmap/resource/ontology-schema/d285f599-dc2e-4bd83f3-df21defa8821/hasCode>
	Message: Only the 24 properties declared in the CHR schema (plus rdf:type and rdfs:label) may be used on an individual.
Constraint Violation in ClosedConstraintComponent (http://www.w3.org/ns/shacl#ClosedConstraintComponent):
	Severity: sh:Violation
	Source Shape: chr:SchemaPropertyVocabularyShape
	Focus Node: ex:process_bilirubin_urine_20505_4
	Value Node: Literal("2014-02-19T15:47:23+01:00" = 2014-02-19 15:47:23+01:00, datatype=xsd:dateTime)
	Result Path: <https://w3id.org/shexmap/resource/ontology-schema/d285f599-dc2e-4bd8-83f3-df21defa8821/hasPerformedDate>
	Message: Only the 24 properties declared in the CHR schema (plus rdf:type and rdfs:label) may be used on an individual.
Constraint Violation in ClosedConstraintComponent (http://www.w3.org/ns/shacl#ClosedConstraintComponent):
	Severity: sh:Violation
	Source Shape: chr:SchemaPropertyVocabularyShape
	Focus Node: ex:process_bilirubin_urine_20505_4
	Value Node: ex:Bryant814_Clarence5_Grimes165
	Result Path: <https://w3id.org/shexmap/resource/ontology-schema/d285f599-dc2e-4bd8-83f3-df21defa8821/hasPatient>
	Message: Only the 24 properties declared in the CHR schema (plus rdf:type and rdfs:label) may be used on an individual.
Constraint Violation in ClosedConstraintComponent (http://www.w3.org/ns/shacl#ClosedConstraintComponent):
	Severity: sh:Violation
	Source Shape: chr:SchemaPropertyVocabularyShape
	Focus Node: ex:process_bilirubin_urine_20505_4
	Value Node: ex:Dr_Dana512_Wilkinson796
	Result Path: <https://w3id.org/shexmap/resource/ontology-schema/d285f599-dc2e-4bd8-83f3-df21defa8821/hasPerformer>
	Message: Only the 24 properties declared in the CHR schema (plus rdf:type and rdfs:label) may be used on an individual.
Constraint Violation in ClosedConstraintComponent (http://www.w3.org/ns/shacl#ClosedConstraintComponent):
	Severity: sh:Violation
	Source Shape: chr:SchemaPropertyVocabularyShape
	Focus Node: ex:process_bilirubin_urine_20505_4
	Value Node: ex:measurement_bilirubin_urine_20505_4
	Result Path: <https://w3id.org/shexmap/resource/ontology-schema/d285f599-dc2e-4bd8-83f3-df21defa8821/hasResult>
	Message: Only the 24 properties declared in the CHR schema (plus rdf:type and rdfs:label) may be used on an individual.
Constraint Violation in ClosedConstraintComponent (http://www.w3.org/ns/shacl#ClosedConstraintComponent):
	Severity: sh:Violation
	Source Shape: chr:SchemaPropertyVocabularyShape
	Focus Node: ex:process_bilirubin_urine_20505_4
	Value Node: ex:status_completed
	Result Path: <https://w3id.org/shexmap/resource/ontology-schema/d285f599-dc2e-4bd8-83f3-df21defa8821/hasStatus>
	Message: Only the 24 properties declared in the CHR schema (plus rdf:type and rdfs:label) may be used on an individual.
Constraint Violation in ClosedConstraintComponent (http://www.w3.org/ns/shacl#ClosedConstraintComponent):
	Severity: sh:Violation
	Source Shape: chr:SchemaPropertyVocabularyShape
	Focus Node: ex:process_bilirubin_urine_20505_4
	Value Node: ex:status_completed
	Result Path: sulo:hasStatus
	Message: Only the 24 properties declared in the CHR schema (plus rdf:type and rdfs:label) may be used on an individual.
Constraint Violation in ClosedConstraintComponent (http://www.w3.org/ns/shacl#ClosedConstraintComponent):
	Severity: sh:Violation
	Source Shape: chr:SchemaPropertyVocabularyShape
	Focus Node: ex:process_bmi_39156_5
	Value Node: <https://loinc.org/39156-5>
	Result Path: <https://w3id.org/shexmap/resource/ontology-schema/d285f599-dc2e-4bd83f3-df21defa8821/hasCode>
	Message: Only the 24 properties declared in the CHR schema (plus rdf:type and rdfs:label) may be used on an individual.
Constraint Violation in ClosedConstraintComponent (http://www.w3.org/ns/shacl#ClosedConstraintComponent):
	Severity: sh:Violation
	Source Shape: chr:SchemaPropertyVocabularyShape
	Focus Node: ex:process_bmi_39156_5
	Value Node: Literal("2014-02-19T15:47:23+01:00" = 2014-02-19 15:47:23+01:00, datatype=xsd:dateTime)
	Result Path: <https://w3id.org/shexmap/resource/ontology-schema/d285f599-dc2e-4bd8-83f3-df21defa8821/hasPerformedDate>
	Message: Only the 24 properties declared in the CHR schema (plus rdf:type and rdfs:label) may be used on an individual.
Constraint Violation in ClosedConstraintComponent (http://www.w3.org/ns/shacl#ClosedConstraintComponent):
	Severity: sh:Violation
	Source Shape: chr:SchemaPropertyVocabularyShape
	Focus Node: ex:process_bmi_39156_5
	Value Node: ex:Bryant814_Clarence5_Grimes165
	Result Path: <https://w3id.org/shexmap/resource/ontology-schema/d285f599-dc2e-4bd8-83f3-df21defa8821/hasPatient>
	Message: Only the 24 properties declared in the CHR schema (plus rdf:type and rdfs:label) may be used on an individual.
Constraint Violation in ClosedConstraintComponent (http://www.w3.org/ns/shacl#ClosedConstraintComponent):
	Severity: sh:Violation
	Source Shape: chr:SchemaPropertyVocabularyShape
	Focus Node: ex:process_bmi_39156_5
	Value Node: ex:Dr_Dana512_Wilkinson796
	Result Path: <https://w3id.org/shexmap/resource/ontology-schema/d285f599-dc2e-4bd8-83f3-df21defa8821/hasPerformer>
	Message: Only the 24 properties declared in the CHR schema (plus rdf:type and rdfs:label) may be used on an individual.
Constraint Violation in ClosedConstraintComponent (http://www.w3.org/ns/shacl#ClosedConstraintComponent):
	Severity: sh:Violation
	Source Shape: chr:SchemaPropertyVocabularyShape
	Focus Node: ex:process_bmi_39156_5
	Value Node: ex:measurement_bmi_39156_5
	Result Path: <https://w3id.org/shexmap/resource/ontology-schema/d285f599-dc2e-4bd8-83f3-df21defa8821/hasResult>
	Message: Only the 24 properties declared in the CHR schema (plus rdf:type and rdfs:label) may be used on an individual.
Constraint Violation in ClosedConstraintComponent (http://www.w3.org/ns/shacl#ClosedConstraintComponent):
	Severity: sh:Violation
	Source Shape: chr:SchemaPropertyVocabularyShape
	Focus Node: ex:process_bmi_39156_5
	Value Node: ex:status_completed
	Result Path: <https://w3id.org/shexmap/resource/ontology-schema/d285f599-dc2e-4bd8-83f3-df21defa8821/hasStatus>
	Message: Only the 24 properties declared in the CHR schema (plus rdf:type and rdfs:label) may be used on an individual.
Constraint Violation in ClosedConstraintComponent (http://www.w3.org/ns/shacl#ClosedConstraintComponent):
	Severity: sh:Violation
	Source Shape: chr:SchemaPropertyVocabularyShape
	Focus Node: ex:process_bmi_39156_5
	Value Node: ex:status_completed
	Result Path: sulo:hasStatus
	Message: Only the 24 properties declared in the CHR schema (plus rdf:type and rdfs:label) may be used on an individual.
Constraint Violation in ClosedConstraintComponent (http://www.w3.org/ns/shacl#ClosedConstraintComponent):
	Severity: sh:Violation
	Source Shape: chr:SchemaPropertyVocabularyShape
	Focus Node: ex:process_body_height_8302_2
	Value Node: <https://loinc.org/8302-2>
	Result Path: <https://w3id.org/shexmap/resource/ontology-schema/d285f599-dc2e-4bd83f3-df21defa8821/hasCode>
	Message: Only the 24 properties declared in the CHR schema (plus rdf:type and rdfs:label) may be used on an individual.
Constraint Violation in ClosedConstraintComponent (http://www.w3.org/ns/shacl#ClosedConstraintComponent):
	Severity: sh:Violation
	Source Shape: chr:SchemaPropertyVocabularyShape
	Focus Node: ex:process_body_height_8302_2
	Value Node: Literal("2014-02-19T15:47:23+01:00" = 2014-02-19 15:47:23+01:00, datatype=xsd:dateTime)
	Result Path: <https://w3id.org/shexmap/resource/ontology-schema/d285f599-dc2e-4bd8-83f3-df21defa8821/hasPerformedDate>
	Message: Only the 24 properties declared in the CHR schema (plus rdf:type and rdfs:label) may be used on an individual.
Constraint Violation in ClosedConstraintComponent (http://www.w3.org/ns/shacl#ClosedConstraintComponent):
	Severity: sh:Violation
	Source Shape: chr:SchemaPropertyVocabularyShape
	Focus Node: ex:process_body_height_8302_2
	Value Node: ex:Bryant814_Clarence5_Grimes165
	Result Path: <https://w3id.org/shexmap/resource/ontology-schema/d285f599-dc2e-4bd8-83f3-df21defa8821/hasPatient>
	Message: Only the 24 properties declared in the CHR schema (plus rdf:type and rdfs:label) may be used on an individual.
Constraint Violation in ClosedConstraintComponent (http://www.w3.org/ns/shacl#ClosedConstraintComponent):
	Severity: sh:Violation
	Source Shape: chr:SchemaPropertyVocabularyShape
	Focus Node: ex:process_body_height_8302_2
	Value Node: ex:Dr_Dana512_Wilkinson796
	Result Path: <https://w3id.org/shexmap/resource/ontology-schema/d285f599-dc2e-4bd8-83f3-df21defa8821/hasPerformer>
	Message: Only the 24 properties declared in the CHR schema (plus rdf:type and rdfs:label) may be used on an individual.
Constraint Violation in ClosedConstraintComponent (http://www.w3.org/ns/shacl#ClosedConstraintComponent):
	Severity: sh:Violation
	Source Shape: chr:SchemaPropertyVocabularyShape
	Focus Node: ex:process_body_height_8302_2
	Value Node: ex:measurement_body_height_8302_2
	Result Path: <https://w3id.org/shexmap/resource/ontology-schema/d285f599-dc2e-4bd8-83f3-df21defa8821/hasResult>
	Message: Only the 24 properties declared in the CHR schema (plus rdf:type and rdfs:label) may be used on an individual.
Constraint Violation in ClosedConstraintComponent (http://www.w3.org/ns/shacl#ClosedConstraintComponent):
	Severity: sh:Violation
	Source Shape: chr:SchemaPropertyVocabularyShape
	Focus Node: ex:process_body_height_8302_2
	Value Node: ex:status_completed
	Result Path: <https://w3id.org/shexmap/resource/ontology-schema/d285f599-dc2e-4bd8-83f3-df21defa8821/hasStatus>
	Message: Only the 24 properties declared in the CHR schema (plus rdf:type and rdfs:label) may be used on an individual.
Constraint Violation in ClosedConstraintComponent (http://www.w3.org/ns/shacl#ClosedConstraintComponent):
	Severity: sh:Violation
	Source Shape: chr:SchemaPropertyVocabularyShape
	Focus Node: ex:process_body_height_8302_2
	Value Node: ex:status_completed
	Result Path: sulo:hasStatus
	Message: Only the 24 properties declared in the CHR schema (plus rdf:type and rdfs:label) may be used on an individual.
Constraint Violation in ClosedConstraintComponent (http://www.w3.org/ns/shacl#ClosedConstraintComponent):
	Severity: sh:Violation
	Source Shape: chr:SchemaPropertyVocabularyShape
	Focus Node: ex:process_body_weight_29463_7
	Value Node: <https://loinc.org/29463-7>
	Result Path: <https://w3id.org/shexmap/resource/ontology-schema/d285f599-dc2e-4bd83f3-df21defa8821/hasCode>
	Message: Only the 24 properties declared in the CHR schema (plus rdf:type and rdfs:label) may be used on an individual.
Constraint Violation in ClosedConstraintComponent (http://www.w3.org/ns/shacl#ClosedConstraintComponent):
	Severity: sh:Violation
	Source Shape: chr:SchemaPropertyVocabularyShape
	Focus Node: ex:process_body_weight_29463_7
	Value Node: Literal("2014-02-19T15:47:23+01:00" = 2014-02-19 15:47:23+01:00, datatype=xsd:dateTime)
	Result Path: <https://w3id.org/shexmap/resource/ontology-schema/d285f599-dc2e-4bd8-83f3-df21defa8821/hasPerformedDate>
	Message: Only the 24 properties declared in the CHR schema (plus rdf:type and rdfs:label) may be used on an individual.
Constraint Violation in ClosedConstraintComponent (http://www.w3.org/ns/shacl#ClosedConstraintComponent):
	Severity: sh:Violation
	Source Shape: chr:SchemaPropertyVocabularyShape
	Focus Node: ex:process_body_weight_29463_7
	Value Node: ex:Bryant814_Clarence5_Grimes165
	Result Path: <https://w3id.org/shexmap/resource/ontology-schema/d285f599-dc2e-4bd8-83f3-df21defa8821/hasPatient>
	Message: Only the 24 properties declared in the CHR schema (plus rdf:type and rdfs:label) may be used on an individual.
Constraint Violation in ClosedConstraintComponent (http://www.w3.org/ns/shacl#ClosedConstraintComponent):
	Severity: sh:Violation
	Source Shape: chr:SchemaPropertyVocabularyShape
	Focus Node: ex:process_body_weight_29463_7
	Value Node: ex:Dr_Dana512_Wilkinson796
	Result Path: <https://w3id.org/shexmap/resource/ontology-schema/d285f599-dc2e-4bd8-83f3-df21defa8821/hasPerformer>
	Message: Only the 24 properties declared in the CHR schema (plus rdf:type and rdfs:label) may be used on an individual.
Constraint Violation in ClosedConstraintComponent (http://www.w3.org/ns/shacl#ClosedConstraintComponent):
	Severity: sh:Violation
	Source Shape: chr:SchemaPropertyVocabularyShape
	Focus Node: ex:process_body_weight_29463_7
	Value Node: ex:measurement_body_weight_29463_7
	Result Path: <https://w3id.org/shexmap/resource/ontology-schema/d285f599-dc2e-4bd8-83f3-df21defa8821/hasResult>
	Message: Only the 24 properties declared in the CHR schema (plus rdf:type and rdfs:label) may be used on an individual.
Constraint Violation in ClosedConstraintComponent (http://www.w3.org/ns/shacl#ClosedConstraintComponent):
	Severity: sh:Violation
	Source Shape: chr:SchemaPropertyVocabularyShape
	Focus Node: ex:process_body_weight_29463_7
	Value Node: ex:status_completed
	Result Path: <https://w3id.org/shexmap/resource/ontology-schema/d285f599-dc2e-4bd8-83f3-df21defa8821/hasStatus>
	Message: Only the 24 properties declared in the CHR schema (plus rdf:type and rdfs:label) may be used on an individual.
Constraint Violation in ClosedConstraintComponent (http://www.w3.org/ns/shacl#ClosedConstraintComponent):
	Severity: sh:Violation
	Source Shape: chr:SchemaPropertyVocabularyShape
	Focus Node: ex:process_body_weight_29463_7
	Value Node: ex:status_completed
	Result Path: sulo:hasStatus
	Message: Only the 24 properties declared in the CHR schema (plus rdf:type and rdfs:label) may be used on an individual.
Constraint Violation in ClosedConstraintComponent (http://www.w3.org/ns/shacl#ClosedConstraintComponent):
	Severity: sh:Violation
	Source Shape: chr:SchemaPropertyVocabularyShape
	Focus Node: ex:process_calcium_blood_49765_1
	Value Node: <https://loinc.org/49765-1>
	Result Path: <https://w3id.org/shexmap/resource/ontology-schema/d285f599-dc2e-4bd83f3-df21defa8821/hasCode>
	Message: Only the 24 properties declared in the CHR schema (plus rdf:type and rdfs:label) may be used on an individual.
Constraint Violation in ClosedConstraintComponent (http://www.w3.org/ns/shacl#ClosedConstraintComponent):
	Severity: sh:Violation
	Source Shape: chr:SchemaPropertyVocabularyShape
	Focus Node: ex:process_calcium_blood_49765_1
	Value Node: Literal("2014-02-19T15:47:23+01:00" = 2014-02-19 15:47:23+01:00, datatype=xsd:dateTime)
	Result Path: <https://w3id.org/shexmap/resource/ontology-schema/d285f599-dc2e-4bd8-83f3-df21defa8821/hasPerformedDate>
	Message: Only the 24 properties declared in the CHR schema (plus rdf:type and rdfs:label) may be used on an individual.
Constraint Violation in ClosedConstraintComponent (http://www.w3.org/ns/shacl#ClosedConstraintComponent):
	Severity: sh:Violation
	Source Shape: chr:SchemaPropertyVocabularyShape
	Focus Node: ex:process_calcium_blood_49765_1
	Value Node: ex:Bryant814_Clarence5_Grimes165
	Result Path: <https://w3id.org/shexmap/resource/ontology-schema/d285f599-dc2e-4bd8-83f3-df21defa8821/hasPatient>
	Message: Only the 24 properties declared in the CHR schema (plus rdf:type and rdfs:label) may be used on an individual.
Constraint Violation in ClosedConstraintComponent (http://www.w3.org/ns/shacl#ClosedConstraintComponent):
	Severity: sh:Violation
	Source Shape: chr:SchemaPropertyVocabularyShape
	Focus Node: ex:process_calcium_blood_49765_1
	Value Node: ex:Dr_Dana512_Wilkinson796
	Result Path: <https://w3id.org/shexmap/resource/ontology-schema/d285f599-dc2e-4bd8-83f3-df21defa8821/hasPerformer>
	Message: Only the 24 properties declared in the CHR schema (plus rdf:type and rdfs:label) may be used on an individual.
Constraint Violation in ClosedConstraintComponent (http://www.w3.org/ns/shacl#ClosedConstraintComponent):
	Severity: sh:Violation
	Source Shape: chr:SchemaPropertyVocabularyShape
	Focus Node: ex:process_calcium_blood_49765_1
	Value Node: ex:measurement_calcium_blood_49765_1
	Result Path: <https://w3id.org/shexmap/resource/ontology-schema/d285f599-dc2e-4bd8-83f3-df21defa8821/hasResult>
	Message: Only the 24 properties declared in the CHR schema (plus rdf:type and rdfs:label) may be used on an individual.
Constraint Violation in ClosedConstraintComponent (http://www.w3.org/ns/shacl#ClosedConstraintComponent):
	Severity: sh:Violation
	Source Shape: chr:SchemaPropertyVocabularyShape
	Focus Node: ex:process_calcium_blood_49765_1
	Value Node: ex:status_completed
	Result Path: <https://w3id.org/shexmap/resource/ontology-schema/d285f599-dc2e-4bd8-83f3-df21defa8821/hasStatus>
	Message: Only the 24 properties declared in the CHR schema (plus rdf:type and rdfs:label) may be used on an individual.
Constraint Violation in ClosedConstraintComponent (http://www.w3.org/ns/shacl#ClosedConstraintComponent):
	Severity: sh:Violation
	Source Shape: chr:SchemaPropertyVocabularyShape
	Focus Node: ex:process_calcium_blood_49765_1
	Value Node: ex:status_completed
	Result Path: sulo:hasStatus
	Message: Only the 24 properties declared in the CHR schema (plus rdf:type and rdfs:label) may be used on an individual.
Constraint Violation in ClosedConstraintComponent (http://www.w3.org/ns/shacl#ClosedConstraintComponent):
	Severity: sh:Violation
	Source Shape: chr:SchemaPropertyVocabularyShape
	Focus Node: ex:process_calcium_serum_17861_6
	Value Node: <https://loinc.org/17861-6>
	Result Path: <https://w3id.org/shexmap/resource/ontology-schema/d285f599-dc2e-4bd83f3-df21defa8821/hasCode>
	Message: Only the 24 properties declared in the CHR schema (plus rdf:type and rdfs:label) may be used on an individual.
Constraint Violation in ClosedConstraintComponent (http://www.w3.org/ns/shacl#ClosedConstraintComponent):
	Severity: sh:Violation
	Source Shape: chr:SchemaPropertyVocabularyShape
	Focus Node: ex:process_calcium_serum_17861_6
	Value Node: Literal("2014-02-19T15:47:23+01:00" = 2014-02-19 15:47:23+01:00, datatype=xsd:dateTime)
	Result Path: <https://w3id.org/shexmap/resource/ontology-schema/d285f599-dc2e-4bd8-83f3-df21defa8821/hasPerformedDate>
	Message: Only the 24 properties declared in the CHR schema (plus rdf:type and rdfs:label) may be used on an individual.
Constraint Violation in ClosedConstraintComponent (http://www.w3.org/ns/shacl#ClosedConstraintComponent):
	Severity: sh:Violation
	Source Shape: chr:SchemaPropertyVocabularyShape
	Focus Node: ex:process_calcium_serum_17861_6
	Value Node: ex:Bryant814_Clarence5_Grimes165
	Result Path: <https://w3id.org/shexmap/resource/ontology-schema/d285f599-dc2e-4bd8-83f3-df21defa8821/hasPatient>
	Message: Only the 24 properties declared in the CHR schema (plus rdf:type and rdfs:label) may be used on an individual.
Constraint Violation in ClosedConstraintComponent (http://www.w3.org/ns/shacl#ClosedConstraintComponent):
	Severity: sh:Violation
	Source Shape: chr:SchemaPropertyVocabularyShape
	Focus Node: ex:process_calcium_serum_17861_6
	Value Node: ex:Dr_Dana512_Wilkinson796
	Result Path: <https://w3id.org/shexmap/resource/ontology-schema/d285f599-dc2e-4bd8-83f3-df21defa8821/hasPerformer>
	Message: Only the 24 properties declared in the CHR schema (plus rdf:type and rdfs:label) may be used on an individual.
Constraint Violation in ClosedConstraintComponent (http://www.w3.org/ns/shacl#ClosedConstraintComponent):
	Severity: sh:Violation
	Source Shape: chr:SchemaPropertyVocabularyShape
	Focus Node: ex:process_calcium_serum_17861_6
	Value Node: ex:measurement_calcium_serum_17861_6
	Result Path: <https://w3id.org/shexmap/resource/ontology-schema/d285f599-dc2e-4bd8-83f3-df21defa8821/hasResult>
	Message: Only the 24 properties declared in the CHR schema (plus rdf:type and rdfs:label) may be used on an individual.
Constraint Violation in ClosedConstraintComponent (http://www.w3.org/ns/shacl#ClosedConstraintComponent):
	Severity: sh:Violation
	Source Shape: chr:SchemaPropertyVocabularyShape
	Focus Node: ex:process_calcium_serum_17861_6
	Value Node: ex:status_completed
	Result Path: <https://w3id.org/shexmap/resource/ontology-schema/d285f599-dc2e-4bd8-83f3-df21defa8821/hasStatus>
	Message: Only the 24 properties declared in the CHR schema (plus rdf:type and rdfs:label) may be used on an individual.
Constraint Violation in ClosedConstraintComponent (http://www.w3.org/ns/shacl#ClosedConstraintComponent):
	Severity: sh:Violation
	Source Shape: chr:SchemaPropertyVocabularyShape
	Focus Node: ex:process_calcium_serum_17861_6
	Value Node: ex:status_completed
	Result Path: sulo:hasStatus
	Message: Only the 24 properties declared in the CHR schema (plus rdf:type and rdfs:label) may be used on an individual.
Constraint Violation in ClosedConstraintComponent (http://www.w3.org/ns/shacl#ClosedConstraintComponent):
	Severity: sh:Violation
	Source Shape: chr:SchemaPropertyVocabularyShape
	Focus Node: ex:process_carbon_dioxide_blood_20565_8
	Value Node: <https://loinc.org/20565-8>
	Result Path: <https://w3id.org/shexmap/resource/ontology-schema/d285f599-dc2e-4bd83f3-df21defa8821/hasCode>
	Message: Only the 24 properties declared in the CHR schema (plus rdf:type and rdfs:label) may be used on an individual.
Constraint Violation in ClosedConstraintComponent (http://www.w3.org/ns/shacl#ClosedConstraintComponent):
	Severity: sh:Violation
	Source Shape: chr:SchemaPropertyVocabularyShape
	Focus Node: ex:process_carbon_dioxide_blood_20565_8
	Value Node: Literal("2014-02-19T15:47:23+01:00" = 2014-02-19 15:47:23+01:00, datatype=xsd:dateTime)
	Result Path: <https://w3id.org/shexmap/resource/ontology-schema/d285f599-dc2e-4bd8-83f3-df21defa8821/hasPerformedDate>
	Message: Only the 24 properties declared in the CHR schema (plus rdf:type and rdfs:label) may be used on an individual.
Constraint Violation in ClosedConstraintComponent (http://www.w3.org/ns/shacl#ClosedConstraintComponent):
	Severity: sh:Violation
	Source Shape: chr:SchemaPropertyVocabularyShape
	Focus Node: ex:process_carbon_dioxide_blood_20565_8
	Value Node: ex:Bryant814_Clarence5_Grimes165
	Result Path: <https://w3id.org/shexmap/resource/ontology-schema/d285f599-dc2e-4bd8-83f3-df21defa8821/hasPatient>
	Message: Only the 24 properties declared in the CHR schema (plus rdf:type and rdfs:label) may be used on an individual.
Constraint Violation in ClosedConstraintComponent (http://www.w3.org/ns/shacl#ClosedConstraintComponent):
	Severity: sh:Violation
	Source Shape: chr:SchemaPropertyVocabularyShape
	Focus Node: ex:process_carbon_dioxide_blood_20565_8
	Value Node: ex:Dr_Dana512_Wilkinson796
	Result Path: <https://w3id.org/shexmap/resource/ontology-schema/d285f599-dc2e-4bd8-83f3-df21defa8821/hasPerformer>
	Message: Only the 24 properties declared in the CHR schema (plus rdf:type and rdfs:label) may be used on an individual.
Constraint Violation in ClosedConstraintComponent (http://www.w3.org/ns/shacl#ClosedConstraintComponent):
	Severity: sh:Violation
	Source Shape: chr:SchemaPropertyVocabularyShape
	Focus Node: ex:process_carbon_dioxide_blood_20565_8
	Value Node: ex:measurement_carbon_dioxide_blood_20565_8
	Result Path: <https://w3id.org/shexmap/resource/ontology-schema/d285f599-dc2e-4bd8-83f3-df21defa8821/hasResult>
	Message: Only the 24 properties declared in the CHR schema (plus rdf:type and rdfs:label) may be used on an individual.
Constraint Violation in ClosedConstraintComponent (http://www.w3.org/ns/shacl#ClosedConstraintComponent):
	Severity: sh:Violation
	Source Shape: chr:SchemaPropertyVocabularyShape
	Focus Node: ex:process_carbon_dioxide_blood_20565_8
	Value Node: ex:status_completed
	Result Path: <https://w3id.org/shexmap/resource/ontology-schema/d285f599-dc2e-4bd8-83f3-df21defa8821/hasStatus>
	Message: Only the 24 properties declared in the CHR schema (plus rdf:type and rdfs:label) may be used on an individual.
Constraint Violation in ClosedConstraintComponent (http://www.w3.org/ns/shacl#ClosedConstraintComponent):
	Severity: sh:Violation
	Source Shape: chr:SchemaPropertyVocabularyShape
	Focus Node: ex:process_carbon_dioxide_blood_20565_8
	Value Node: ex:status_completed
	Result Path: sulo:hasStatus
	Message: Only the 24 properties declared in the CHR schema (plus rdf:type and rdfs:label) may be used on an individual.
Constraint Violation in ClosedConstraintComponent (http://www.w3.org/ns/shacl#ClosedConstraintComponent):
	Severity: sh:Violation
	Source Shape: chr:SchemaPropertyVocabularyShape
	Focus Node: ex:process_carbon_dioxide_serum_2028_9
	Value Node: <https://loinc.org/2028-9>
	Result Path: <https://w3id.org/shexmap/resource/ontology-schema/d285f599-dc2e-4bd83f3-df21defa8821/hasCode>
	Message: Only the 24 properties declared in the CHR schema (plus rdf:type and rdfs:label) may be used on an individual.
Constraint Violation in ClosedConstraintComponent (http://www.w3.org/ns/shacl#ClosedConstraintComponent):
	Severity: sh:Violation
	Source Shape: chr:SchemaPropertyVocabularyShape
	Focus Node: ex:process_carbon_dioxide_serum_2028_9
	Value Node: Literal("2014-02-19T15:47:23+01:00" = 2014-02-19 15:47:23+01:00, datatype=xsd:dateTime)
	Result Path: <https://w3id.org/shexmap/resource/ontology-schema/d285f599-dc2e-4bd8-83f3-df21defa8821/hasPerformedDate>
	Message: Only the 24 properties declared in the CHR schema (plus rdf:type and rdfs:label) may be used on an individual.
Constraint Violation in ClosedConstraintComponent (http://www.w3.org/ns/shacl#ClosedConstraintComponent):
	Severity: sh:Violation
	Source Shape: chr:SchemaPropertyVocabularyShape
	Focus Node: ex:process_carbon_dioxide_serum_2028_9
	Value Node: ex:Bryant814_Clarence5_Grimes165
	Result Path: <https://w3id.org/shexmap/resource/ontology-schema/d285f599-dc2e-4bd8-83f3-df21defa8821/hasPatient>
	Message: Only the 24 properties declared in the CHR schema (plus rdf:type and rdfs:label) may be used on an individual.
Constraint Violation in ClosedConstraintComponent (http://www.w3.org/ns/shacl#ClosedConstraintComponent):
	Severity: sh:Violation
	Source Shape: chr:SchemaPropertyVocabularyShape
	Focus Node: ex:process_carbon_dioxide_serum_2028_9
	Value Node: ex:Dr_Dana512_Wilkinson796
	Result Path: <https://w3id.org/shexmap/resource/ontology-schema/d285f599-dc2e-4bd8-83f3-df21defa8821/hasPerformer>
	Message: Only the 24 properties declared in the CHR schema (plus rdf:type and rdfs:label) may be used on an individual.
Constraint Violation in ClosedConstraintComponent (http://www.w3.org/ns/shacl#ClosedConstraintComponent):
	Severity: sh:Violation
	Source Shape: chr:SchemaPropertyVocabularyShape
	Focus Node: ex:process_carbon_dioxide_serum_2028_9
	Value Node: ex:measurement_carbon_dioxide_serum_2028_9
	Result Path: <https://w3id.org/shexmap/resource/ontology-schema/d285f599-dc2e-4bd8-83f3-df21defa8821/hasResult>
	Message: Only the 24 properties declared in the CHR schema (plus rdf:type and rdfs:label) may be used on an individual.
Constraint Violation in ClosedConstraintComponent (http://www.w3.org/ns/shacl#ClosedConstraintComponent):
	Severity: sh:Violation
	Source Shape: chr:SchemaPropertyVocabularyShape
	Focus Node: ex:process_carbon_dioxide_serum_2028_9
	Value Node: ex:status_completed
	Result Path: <https://w3id.org/shexmap/resource/ontology-schema/d285f599-dc2e-4bd8-83f3-df21defa8821/hasStatus>
	Message: Only the 24 properties declared in the CHR schema (plus rdf:type and rdfs:label) may be used on an individual.
Constraint Violation in ClosedConstraintComponent (http://www.w3.org/ns/shacl#ClosedConstraintComponent):
	Severity: sh:Violation
	Source Shape: chr:SchemaPropertyVocabularyShape
	Focus Node: ex:process_carbon_dioxide_serum_2028_9
	Value Node: ex:status_completed
	Result Path: sulo:hasStatus
	Message: Only the 24 properties declared in the CHR schema (plus rdf:type and rdfs:label) may be used on an individual.
Constraint Violation in ClosedConstraintComponent (http://www.w3.org/ns/shacl#ClosedConstraintComponent):
	Severity: sh:Violation
	Source Shape: chr:SchemaPropertyVocabularyShape
	Focus Node: ex:process_chloride_blood_2069_3
	Value Node: <https://loinc.org/2069-3>
	Result Path: <https://w3id.org/shexmap/resource/ontology-schema/d285f599-dc2e-4bd83f3-df21defa8821/hasCode>
	Message: Only the 24 properties declared in the CHR schema (plus rdf:type and rdfs:label) may be used on an individual.
Constraint Violation in ClosedConstraintComponent (http://www.w3.org/ns/shacl#ClosedConstraintComponent):
	Severity: sh:Violation
	Source Shape: chr:SchemaPropertyVocabularyShape
	Focus Node: ex:process_chloride_blood_2069_3
	Value Node: Literal("2014-02-19T15:47:23+01:00" = 2014-02-19 15:47:23+01:00, datatype=xsd:dateTime)
	Result Path: <https://w3id.org/shexmap/resource/ontology-schema/d285f599-dc2e-4bd8-83f3-df21defa8821/hasPerformedDate>
	Message: Only the 24 properties declared in the CHR schema (plus rdf:type and rdfs:label) may be used on an individual.
Constraint Violation in ClosedConstraintComponent (http://www.w3.org/ns/shacl#ClosedConstraintComponent):
	Severity: sh:Violation
	Source Shape: chr:SchemaPropertyVocabularyShape
	Focus Node: ex:process_chloride_blood_2069_3
	Value Node: ex:Bryant814_Clarence5_Grimes165
	Result Path: <https://w3id.org/shexmap/resource/ontology-schema/d285f599-dc2e-4bd8-83f3-df21defa8821/hasPatient>
	Message: Only the 24 properties declared in the CHR schema (plus rdf:type and rdfs:label) may be used on an individual.
Constraint Violation in ClosedConstraintComponent (http://www.w3.org/ns/shacl#ClosedConstraintComponent):
	Severity: sh:Violation
	Source Shape: chr:SchemaPropertyVocabularyShape
	Focus Node: ex:process_chloride_blood_2069_3
	Value Node: ex:Dr_Dana512_Wilkinson796
	Result Path: <https://w3id.org/shexmap/resource/ontology-schema/d285f599-dc2e-4bd8-83f3-df21defa8821/hasPerformer>
	Message: Only the 24 properties declared in the CHR schema (plus rdf:type and rdfs:label) may be used on an individual.
Constraint Violation in ClosedConstraintComponent (http://www.w3.org/ns/shacl#ClosedConstraintComponent):
	Severity: sh:Violation
	Source Shape: chr:SchemaPropertyVocabularyShape
	Focus Node: ex:process_chloride_blood_2069_3
	Value Node: ex:measurement_chloride_blood_2069_3
	Result Path: <https://w3id.org/shexmap/resource/ontology-schema/d285f599-dc2e-4bd8-83f3-df21defa8821/hasResult>
	Message: Only the 24 properties declared in the CHR schema (plus rdf:type and rdfs:label) may be used on an individual.
Constraint Violation in ClosedConstraintComponent (http://www.w3.org/ns/shacl#ClosedConstraintComponent):
	Severity: sh:Violation
	Source Shape: chr:SchemaPropertyVocabularyShape
	Focus Node: ex:process_chloride_blood_2069_3
	Value Node: ex:status_completed
	Result Path: <https://w3id.org/shexmap/resource/ontology-schema/d285f599-dc2e-4bd8-83f3-df21defa8821/hasStatus>
	Message: Only the 24 properties declared in the CHR schema (plus rdf:type and rdfs:label) may be used on an individual.
Constraint Violation in ClosedConstraintComponent (http://www.w3.org/ns/shacl#ClosedConstraintComponent):
	Severity: sh:Violation
	Source Shape: chr:SchemaPropertyVocabularyShape
	Focus Node: ex:process_chloride_blood_2069_3
	Value Node: ex:status_completed
	Result Path: sulo:hasStatus
	Message: Only the 24 properties declared in the CHR schema (plus rdf:type and rdfs:label) may be used on an individual.
Constraint Violation in ClosedConstraintComponent (http://www.w3.org/ns/shacl#ClosedConstraintComponent):
	Severity: sh:Violation
	Source Shape: chr:SchemaPropertyVocabularyShape
	Focus Node: ex:process_chloride_serum_2075_0
	Value Node: <https://loinc.org/2075-0>
	Result Path: <https://w3id.org/shexmap/resource/ontology-schema/d285f599-dc2e-4bd83f3-df21defa8821/hasCode>
	Message: Only the 24 properties declared in the CHR schema (plus rdf:type and rdfs:label) may be used on an individual.
Constraint Violation in ClosedConstraintComponent (http://www.w3.org/ns/shacl#ClosedConstraintComponent):
	Severity: sh:Violation
	Source Shape: chr:SchemaPropertyVocabularyShape
	Focus Node: ex:process_chloride_serum_2075_0
	Value Node: Literal("2014-02-19T15:47:23+01:00" = 2014-02-19 15:47:23+01:00, datatype=xsd:dateTime)
	Result Path: <https://w3id.org/shexmap/resource/ontology-schema/d285f599-dc2e-4bd8-83f3-df21defa8821/hasPerformedDate>
	Message: Only the 24 properties declared in the CHR schema (plus rdf:type and rdfs:label) may be used on an individual.
Constraint Violation in ClosedConstraintComponent (http://www.w3.org/ns/shacl#ClosedConstraintComponent):
	Severity: sh:Violation
	Source Shape: chr:SchemaPropertyVocabularyShape
	Focus Node: ex:process_chloride_serum_2075_0
	Value Node: ex:Bryant814_Clarence5_Grimes165
	Result Path: <https://w3id.org/shexmap/resource/ontology-schema/d285f599-dc2e-4bd8-83f3-df21defa8821/hasPatient>
	Message: Only the 24 properties declared in the CHR schema (plus rdf:type and rdfs:label) may be used on an individual.
Constraint Violation in ClosedConstraintComponent (http://www.w3.org/ns/shacl#ClosedConstraintComponent):
	Severity: sh:Violation
	Source Shape: chr:SchemaPropertyVocabularyShape
	Focus Node: ex:process_chloride_serum_2075_0
	Value Node: ex:Dr_Dana512_Wilkinson796
	Result Path: <https://w3id.org/shexmap/resource/ontology-schema/d285f599-dc2e-4bd8-83f3-df21defa8821/hasPerformer>
	Message: Only the 24 properties declared in the CHR schema (plus rdf:type and rdfs:label) may be used on an individual.
Constraint Violation in ClosedConstraintComponent (http://www.w3.org/ns/shacl#ClosedConstraintComponent):
	Severity: sh:Violation
	Source Shape: chr:SchemaPropertyVocabularyShape
	Focus Node: ex:process_chloride_serum_2075_0
	Value Node: ex:measurement_chloride_serum_2075_0
	Result Path: <https://w3id.org/shexmap/resource/ontology-schema/d285f599-dc2e-4bd8-83f3-df21defa8821/hasResult>
	Message: Only the 24 properties declared in the CHR schema (plus rdf:type and rdfs:label) may be used on an individual.
Constraint Violation in ClosedConstraintComponent (http://www.w3.org/ns/shacl#ClosedConstraintComponent):
	Severity: sh:Violation
	Source Shape: chr:SchemaPropertyVocabularyShape
	Focus Node: ex:process_chloride_serum_2075_0
	Value Node: ex:status_completed
	Result Path: <https://w3id.org/shexmap/resource/ontology-schema/d285f599-dc2e-4bd8-83f3-df21defa8821/hasStatus>
	Message: Only the 24 properties declared in the CHR schema (plus rdf:type and rdfs:label) may be used on an individual.
Constraint Violation in ClosedConstraintComponent (http://www.w3.org/ns/shacl#ClosedConstraintComponent):
	Severity: sh:Violation
	Source Shape: chr:SchemaPropertyVocabularyShape
	Focus Node: ex:process_chloride_serum_2075_0
	Value Node: ex:status_completed
	Result Path: sulo:hasStatus
	Message: Only the 24 properties declared in the CHR schema (plus rdf:type and rdfs:label) may be used on an individual.
Constraint Violation in ClosedConstraintComponent (http://www.w3.org/ns/shacl#ClosedConstraintComponent):
	Severity: sh:Violation
	Source Shape: chr:SchemaPropertyVocabularyShape
	Focus Node: ex:process_creatinine_blood_38483_4
	Value Node: <https://loinc.org/38483-4>
	Result Path: <https://w3id.org/shexmap/resource/ontology-schema/d285f599-dc2e-4bd83f3-df21defa8821/hasCode>
	Message: Only the 24 properties declared in the CHR schema (plus rdf:type and rdfs:label) may be used on an individual.
Constraint Violation in ClosedConstraintComponent (http://www.w3.org/ns/shacl#ClosedConstraintComponent):
	Severity: sh:Violation
	Source Shape: chr:SchemaPropertyVocabularyShape
	Focus Node: ex:process_creatinine_blood_38483_4
	Value Node: Literal("2014-02-19T15:47:23+01:00" = 2014-02-19 15:47:23+01:00, datatype=xsd:dateTime)
	Result Path: <https://w3id.org/shexmap/resource/ontology-schema/d285f599-dc2e-4bd8-83f3-df21defa8821/hasPerformedDate>
	Message: Only the 24 properties declared in the CHR schema (plus rdf:type and rdfs:label) may be used on an individual.
Constraint Violation in ClosedConstraintComponent (http://www.w3.org/ns/shacl#ClosedConstraintComponent):
	Severity: sh:Violation
	Source Shape: chr:SchemaPropertyVocabularyShape
	Focus Node: ex:process_creatinine_blood_38483_4
	Value Node: ex:Bryant814_Clarence5_Grimes165
	Result Path: <https://w3id.org/shexmap/resource/ontology-schema/d285f599-dc2e-4bd8-83f3-df21defa8821/hasPatient>
	Message: Only the 24 properties declared in the CHR schema (plus rdf:type and rdfs:label) may be used on an individual.
Constraint Violation in ClosedConstraintComponent (http://www.w3.org/ns/shacl#ClosedConstraintComponent):
	Severity: sh:Violation
	Source Shape: chr:SchemaPropertyVocabularyShape
	Focus Node: ex:process_creatinine_blood_38483_4
	Value Node: ex:Dr_Dana512_Wilkinson796
	Result Path: <https://w3id.org/shexmap/resource/ontology-schema/d285f599-dc2e-4bd8-83f3-df21defa8821/hasPerformer>
	Message: Only the 24 properties declared in the CHR schema (plus rdf:type and rdfs:label) may be used on an individual.
Constraint Violation in ClosedConstraintComponent (http://www.w3.org/ns/shacl#ClosedConstraintComponent):
	Severity: sh:Violation
	Source Shape: chr:SchemaPropertyVocabularyShape
	Focus Node: ex:process_creatinine_blood_38483_4
	Value Node: ex:measurement_creatinine_blood_38483_4
	Result Path: <https://w3id.org/shexmap/resource/ontology-schema/d285f599-dc2e-4bd8-83f3-df21defa8821/hasResult>
	Message: Only the 24 properties declared in the CHR schema (plus rdf:type and rdfs:label) may be used on an individual.
Constraint Violation in ClosedConstraintComponent (http://www.w3.org/ns/shacl#ClosedConstraintComponent):
	Severity: sh:Violation
	Source Shape: chr:SchemaPropertyVocabularyShape
	Focus Node: ex:process_creatinine_blood_38483_4
	Value Node: ex:status_completed
	Result Path: <https://w3id.org/shexmap/resource/ontology-schema/d285f599-dc2e-4bd8-83f3-df21defa8821/hasStatus>
	Message: Only the 24 properties declared in the CHR schema (plus rdf:type and rdfs:label) may be used on an individual.
Constraint Violation in ClosedConstraintComponent (http://www.w3.org/ns/shacl#ClosedConstraintComponent):
	Severity: sh:Violation
	Source Shape: chr:SchemaPropertyVocabularyShape
	Focus Node: ex:process_creatinine_blood_38483_4
	Value Node: ex:status_completed
	Result Path: sulo:hasStatus
	Message: Only the 24 properties declared in the CHR schema (plus rdf:type and rdfs:label) may be used on an individual.
Constraint Violation in ClosedConstraintComponent (http://www.w3.org/ns/shacl#ClosedConstraintComponent):
	Severity: sh:Violation
	Source Shape: chr:SchemaPropertyVocabularyShape
	Focus Node: ex:process_creatinine_serum_2160_0
	Value Node: <https://loinc.org/2160-0>
	Result Path: <https://w3id.org/shexmap/resource/ontology-schema/d285f599-dc2e-4bd83f3-df21defa8821/hasCode>
	Message: Only the 24 properties declared in the CHR schema (plus rdf:type and rdfs:label) may be used on an individual.
Constraint Violation in ClosedConstraintComponent (http://www.w3.org/ns/shacl#ClosedConstraintComponent):
	Severity: sh:Violation
	Source Shape: chr:SchemaPropertyVocabularyShape
	Focus Node: ex:process_creatinine_serum_2160_0
	Value Node: Literal("2014-02-19T15:47:23+01:00" = 2014-02-19 15:47:23+01:00, datatype=xsd:dateTime)
	Result Path: <https://w3id.org/shexmap/resource/ontology-schema/d285f599-dc2e-4bd8-83f3-df21defa8821/hasPerformedDate>
	Message: Only the 24 properties declared in the CHR schema (plus rdf:type and rdfs:label) may be used on an individual.
Constraint Violation in ClosedConstraintComponent (http://www.w3.org/ns/shacl#ClosedConstraintComponent):
	Severity: sh:Violation
	Source Shape: chr:SchemaPropertyVocabularyShape
	Focus Node: ex:process_creatinine_serum_2160_0
	Value Node: ex:Bryant814_Clarence5_Grimes165
	Result Path: <https://w3id.org/shexmap/resource/ontology-schema/d285f599-dc2e-4bd8-83f3-df21defa8821/hasPatient>
	Message: Only the 24 properties declared in the CHR schema (plus rdf:type and rdfs:label) may be used on an individual.
Constraint Violation in ClosedConstraintComponent (http://www.w3.org/ns/shacl#ClosedConstraintComponent):
	Severity: sh:Violation
	Source Shape: chr:SchemaPropertyVocabularyShape
	Focus Node: ex:process_creatinine_serum_2160_0
	Value Node: ex:Dr_Dana512_Wilkinson796
	Result Path: <https://w3id.org/shexmap/resource/ontology-schema/d285f599-dc2e-4bd8-83f3-df21defa8821/hasPerformer>
	Message: Only the 24 properties declared in the CHR schema (plus rdf:type and rdfs:label) may be used on an individual.
Constraint Violation in ClosedConstraintComponent (http://www.w3.org/ns/shacl#ClosedConstraintComponent):
	Severity: sh:Violation
	Source Shape: chr:SchemaPropertyVocabularyShape
	Focus Node: ex:process_creatinine_serum_2160_0
	Value Node: ex:measurement_creatinine_serum_2160_0
	Result Path: <https://w3id.org/shexmap/resource/ontology-schema/d285f599-dc2e-4bd8-83f3-df21defa8821/hasResult>
	Message: Only the 24 properties declared in the CHR schema (plus rdf:type and rdfs:label) may be used on an individual.
Constraint Violation in ClosedConstraintComponent (http://www.w3.org/ns/shacl#ClosedConstraintComponent):
	Severity: sh:Violation
	Source Shape: chr:SchemaPropertyVocabularyShape
	Focus Node: ex:process_creatinine_serum_2160_0
	Value Node: ex:status_completed
	Result Path: <https://w3id.org/shexmap/resource/ontology-schema/d285f599-dc2e-4bd8-83f3-df21defa8821/hasStatus>
	Message: Only the 24 properties declared in the CHR schema (plus rdf:type and rdfs:label) may be used on an individual.
Constraint Violation in ClosedConstraintComponent (http://www.w3.org/ns/shacl#ClosedConstraintComponent):
	Severity: sh:Violation
	Source Shape: chr:SchemaPropertyVocabularyShape
	Focus Node: ex:process_creatinine_serum_2160_0
	Value Node: ex:status_completed
	Result Path: sulo:hasStatus
	Message: Only the 24 properties declared in the CHR schema (plus rdf:type and rdfs:label) may be used on an individual.
Constraint Violation in ClosedConstraintComponent (http://www.w3.org/ns/shacl#ClosedConstraintComponent):
	Severity: sh:Violation
	Source Shape: chr:SchemaPropertyVocabularyShape
	Focus Node: ex:process_dast10_82667_7
	Value Node: Literal("2014-02-19T17:59:38+01:00" = 2014-02-19 17:59:38+01:00, datatype=xsd:dateTime)
	Result Path: <https://w3id.org/shexmap/resource/ontology-schema/d285f599-dc2e-4bd8-83f3-df21defa8821/hasPerformedDate>
	Message: Only the 24 properties declared in the CHR schema (plus rdf:type and rdfs:label) may be used on an individual.
Constraint Violation in ClosedConstraintComponent (http://www.w3.org/ns/shacl#ClosedConstraintComponent):
	Severity: sh:Violation
	Source Shape: chr:SchemaPropertyVocabularyShape
	Focus Node: ex:process_dast10_82667_7
	Value Node: ex:Bryant814_Clarence5_Grimes165
	Result Path: <https://w3id.org/shexmap/resource/ontology-schema/d285f599-dc2e-4bd8-83f3-df21defa8821/hasPatient>
	Message: Only the 24 properties declared in the CHR schema (plus rdf:type and rdfs:label) may be used on an individual.
Constraint Violation in ClosedConstraintComponent (http://www.w3.org/ns/shacl#ClosedConstraintComponent):
	Severity: sh:Violation
	Source Shape: chr:SchemaPropertyVocabularyShape
	Focus Node: ex:process_dast10_82667_7
	Value Node: ex:Dr_Dana512_Wilkinson796
	Result Path: <https://w3id.org/shexmap/resource/ontology-schema/d285f599-dc2e-4bd8-83f3-df21defa8821/hasPerformer>
	Message: Only the 24 properties declared in the CHR schema (plus rdf:type and rdfs:label) may be used on an individual.
Constraint Violation in ClosedConstraintComponent (http://www.w3.org/ns/shacl#ClosedConstraintComponent):
	Severity: sh:Violation
	Source Shape: chr:SchemaPropertyVocabularyShape
	Focus Node: ex:process_dast10_82667_7
	Value Node: ex:measurement_dast10_82667_7
	Result Path: <https://w3id.org/shexmap/resource/ontology-schema/d285f599-dc2e-4bd8-83f3-df21defa8821/hasResult>
	Message: Only the 24 properties declared in the CHR schema (plus rdf:type and rdfs:label) may be used on an individual.
Constraint Violation in ClosedConstraintComponent (http://www.w3.org/ns/shacl#ClosedConstraintComponent):
	Severity: sh:Violation
	Source Shape: chr:SchemaPropertyVocabularyShape
	Focus Node: ex:process_dast10_82667_7
	Value Node: ex:status_completed
	Result Path: <https://w3id.org/shexmap/resource/ontology-schema/d285f599-dc2e-4bd8-83f3-df21defa8821/hasStatus>
	Message: Only the 24 properties declared in the CHR schema (plus rdf:type and rdfs:label) may be used on an individual.
Constraint Violation in ClosedConstraintComponent (http://www.w3.org/ns/shacl#ClosedConstraintComponent):
	Severity: sh:Violation
	Source Shape: chr:SchemaPropertyVocabularyShape
	Focus Node: ex:process_gfr_serum_33914_3
	Value Node: <https://loinc.org/33914-3>
	Result Path: <https://w3id.org/shexmap/resource/ontology-schema/d285f599-dc2e-4bd83f3-df21defa8821/hasCode>
	Message: Only the 24 properties declared in the CHR schema (plus rdf:type and rdfs:label) may be used on an individual.
Constraint Violation in ClosedConstraintComponent (http://www.w3.org/ns/shacl#ClosedConstraintComponent):
	Severity: sh:Violation
	Source Shape: chr:SchemaPropertyVocabularyShape
	Focus Node: ex:process_gfr_serum_33914_3
	Value Node: Literal("2014-02-19T15:47:23+01:00" = 2014-02-19 15:47:23+01:00, datatype=xsd:dateTime)
	Result Path: <https://w3id.org/shexmap/resource/ontology-schema/d285f599-dc2e-4bd8-83f3-df21defa8821/hasPerformedDate>
	Message: Only the 24 properties declared in the CHR schema (plus rdf:type and rdfs:label) may be used on an individual.
Constraint Violation in ClosedConstraintComponent (http://www.w3.org/ns/shacl#ClosedConstraintComponent):
	Severity: sh:Violation
	Source Shape: chr:SchemaPropertyVocabularyShape
	Focus Node: ex:process_gfr_serum_33914_3
	Value Node: ex:Bryant814_Clarence5_Grimes165
	Result Path: <https://w3id.org/shexmap/resource/ontology-schema/d285f599-dc2e-4bd8-83f3-df21defa8821/hasPatient>
	Message: Only the 24 properties declared in the CHR schema (plus rdf:type and rdfs:label) may be used on an individual.
Constraint Violation in ClosedConstraintComponent (http://www.w3.org/ns/shacl#ClosedConstraintComponent):
	Severity: sh:Violation
	Source Shape: chr:SchemaPropertyVocabularyShape
	Focus Node: ex:process_gfr_serum_33914_3
	Value Node: ex:Dr_Dana512_Wilkinson796
	Result Path: <https://w3id.org/shexmap/resource/ontology-schema/d285f599-dc2e-4bd8-83f3-df21defa8821/hasPerformer>
	Message: Only the 24 properties declared in the CHR schema (plus rdf:type and rdfs:label) may be used on an individual.
Constraint Violation in ClosedConstraintComponent (http://www.w3.org/ns/shacl#ClosedConstraintComponent):
	Severity: sh:Violation
	Source Shape: chr:SchemaPropertyVocabularyShape
	Focus Node: ex:process_gfr_serum_33914_3
	Value Node: ex:measurement_gfr_serum_33914_3
	Result Path: <https://w3id.org/shexmap/resource/ontology-schema/d285f599-dc2e-4bd8-83f3-df21defa8821/hasResult>
	Message: Only the 24 properties declared in the CHR schema (plus rdf:type and rdfs:label) may be used on an individual.
Constraint Violation in ClosedConstraintComponent (http://www.w3.org/ns/shacl#ClosedConstraintComponent):
	Severity: sh:Violation
	Source Shape: chr:SchemaPropertyVocabularyShape
	Focus Node: ex:process_gfr_serum_33914_3
	Value Node: ex:status_completed
	Result Path: <https://w3id.org/shexmap/resource/ontology-schema/d285f599-dc2e-4bd8-83f3-df21defa8821/hasStatus>
	Message: Only the 24 properties declared in the CHR schema (plus rdf:type and rdfs:label) may be used on an individual.
Constraint Violation in ClosedConstraintComponent (http://www.w3.org/ns/shacl#ClosedConstraintComponent):
	Severity: sh:Violation
	Source Shape: chr:SchemaPropertyVocabularyShape
	Focus Node: ex:process_gfr_serum_33914_3
	Value Node: ex:status_completed
	Result Path: sulo:hasStatus
	Message: Only the 24 properties declared in the CHR schema (plus rdf:type and rdfs:label) may be used on an individual.
Constraint Violation in ClosedConstraintComponent (http://www.w3.org/ns/shacl#ClosedConstraintComponent):
	Severity: sh:Violation
	Source Shape: chr:SchemaPropertyVocabularyShape
	Focus Node: ex:process_glucose_blood_2339_0
	Value Node: <https://loinc.org/2339-0>
	Result Path: <https://w3id.org/shexmap/resource/ontology-schema/d285f599-dc2e-4bd83f3-df21defa8821/hasCode>
	Message: Only the 24 properties declared in the CHR schema (plus rdf:type and rdfs:label) may be used on an individual.
Constraint Violation in ClosedConstraintComponent (http://www.w3.org/ns/shacl#ClosedConstraintComponent):
	Severity: sh:Violation
	Source Shape: chr:SchemaPropertyVocabularyShape
	Focus Node: ex:process_glucose_blood_2339_0
	Value Node: Literal("2014-02-19T15:47:23+01:00" = 2014-02-19 15:47:23+01:00, datatype=xsd:dateTime)
	Result Path: <https://w3id.org/shexmap/resource/ontology-schema/d285f599-dc2e-4bd8-83f3-df21defa8821/hasPerformedDate>
	Message: Only the 24 properties declared in the CHR schema (plus rdf:type and rdfs:label) may be used on an individual.
Constraint Violation in ClosedConstraintComponent (http://www.w3.org/ns/shacl#ClosedConstraintComponent):
	Severity: sh:Violation
	Source Shape: chr:SchemaPropertyVocabularyShape
	Focus Node: ex:process_glucose_blood_2339_0
	Value Node: ex:Bryant814_Clarence5_Grimes165
	Result Path: <https://w3id.org/shexmap/resource/ontology-schema/d285f599-dc2e-4bd8-83f3-df21defa8821/hasPatient>
	Message: Only the 24 properties declared in the CHR schema (plus rdf:type and rdfs:label) may be used on an individual.
Constraint Violation in ClosedConstraintComponent (http://www.w3.org/ns/shacl#ClosedConstraintComponent):
	Severity: sh:Violation
	Source Shape: chr:SchemaPropertyVocabularyShape
	Focus Node: ex:process_glucose_blood_2339_0
	Value Node: ex:Dr_Dana512_Wilkinson796
	Result Path: <https://w3id.org/shexmap/resource/ontology-schema/d285f599-dc2e-4bd8-83f3-df21defa8821/hasPerformer>
	Message: Only the 24 properties declared in the CHR schema (plus rdf:type and rdfs:label) may be used on an individual.
Constraint Violation in ClosedConstraintComponent (http://www.w3.org/ns/shacl#ClosedConstraintComponent):
	Severity: sh:Violation
	Source Shape: chr:SchemaPropertyVocabularyShape
	Focus Node: ex:process_glucose_blood_2339_0
	Value Node: ex:measurement_glucose_blood_2339_0
	Result Path: <https://w3id.org/shexmap/resource/ontology-schema/d285f599-dc2e-4bd8-83f3-df21defa8821/hasResult>
	Message: Only the 24 properties declared in the CHR schema (plus rdf:type and rdfs:label) may be used on an individual.
Constraint Violation in ClosedConstraintComponent (http://www.w3.org/ns/shacl#ClosedConstraintComponent):
	Severity: sh:Violation
	Source Shape: chr:SchemaPropertyVocabularyShape
	Focus Node: ex:process_glucose_blood_2339_0
	Value Node: ex:status_completed
	Result Path: <https://w3id.org/shexmap/resource/ontology-schema/d285f599-dc2e-4bd8-83f3-df21defa8821/hasStatus>
	Message: Only the 24 properties declared in the CHR schema (plus rdf:type and rdfs:label) may be used on an individual.
Constraint Violation in ClosedConstraintComponent (http://www.w3.org/ns/shacl#ClosedConstraintComponent):
	Severity: sh:Violation
	Source Shape: chr:SchemaPropertyVocabularyShape
	Focus Node: ex:process_glucose_blood_2339_0
	Value Node: ex:status_completed
	Result Path: sulo:hasStatus
	Message: Only the 24 properties declared in the CHR schema (plus rdf:type and rdfs:label) may be used on an individual.
Constraint Violation in ClosedConstraintComponent (http://www.w3.org/ns/shacl#ClosedConstraintComponent):
	Severity: sh:Violation
	Source Shape: chr:SchemaPropertyVocabularyShape
	Focus Node: ex:process_glucose_serum_2345_7
	Value Node: <https://loinc.org/2345-7>
	Result Path: <https://w3id.org/shexmap/resource/ontology-schema/d285f599-dc2e-4bd83f3-df21defa8821/hasCode>
	Message: Only the 24 properties declared in the CHR schema (plus rdf:type and rdfs:label) may be used on an individual.
Constraint Violation in ClosedConstraintComponent (http://www.w3.org/ns/shacl#ClosedConstraintComponent):
	Severity: sh:Violation
	Source Shape: chr:SchemaPropertyVocabularyShape
	Focus Node: ex:process_glucose_serum_2345_7
	Value Node: Literal("2014-02-19T15:47:23+01:00" = 2014-02-19 15:47:23+01:00, datatype=xsd:dateTime)
	Result Path: <https://w3id.org/shexmap/resource/ontology-schema/d285f599-dc2e-4bd8-83f3-df21defa8821/hasPerformedDate>
	Message: Only the 24 properties declared in the CHR schema (plus rdf:type and rdfs:label) may be used on an individual.
Constraint Violation in ClosedConstraintComponent (http://www.w3.org/ns/shacl#ClosedConstraintComponent):
	Severity: sh:Violation
	Source Shape: chr:SchemaPropertyVocabularyShape
	Focus Node: ex:process_glucose_serum_2345_7
	Value Node: ex:Bryant814_Clarence5_Grimes165
	Result Path: <https://w3id.org/shexmap/resource/ontology-schema/d285f599-dc2e-4bd8-83f3-df21defa8821/hasPatient>
	Message: Only the 24 properties declared in the CHR schema (plus rdf:type and rdfs:label) may be used on an individual.
Constraint Violation in ClosedConstraintComponent (http://www.w3.org/ns/shacl#ClosedConstraintComponent):
	Severity: sh:Violation
	Source Shape: chr:SchemaPropertyVocabularyShape
	Focus Node: ex:process_glucose_serum_2345_7
	Value Node: ex:Dr_Dana512_Wilkinson796
	Result Path: <https://w3id.org/shexmap/resource/ontology-schema/d285f599-dc2e-4bd8-83f3-df21defa8821/hasPerformer>
	Message: Only the 24 properties declared in the CHR schema (plus rdf:type and rdfs:label) may be used on an individual.
Constraint Violation in ClosedConstraintComponent (http://www.w3.org/ns/shacl#ClosedConstraintComponent):
	Severity: sh:Violation
	Source Shape: chr:SchemaPropertyVocabularyShape
	Focus Node: ex:process_glucose_serum_2345_7
	Value Node: ex:measurement_glucose_serum_2345_7
	Result Path: <https://w3id.org/shexmap/resource/ontology-schema/d285f599-dc2e-4bd8-83f3-df21defa8821/hasResult>
	Message: Only the 24 properties declared in the CHR schema (plus rdf:type and rdfs:label) may be used on an individual.
Constraint Violation in ClosedConstraintComponent (http://www.w3.org/ns/shacl#ClosedConstraintComponent):
	Severity: sh:Violation
	Source Shape: chr:SchemaPropertyVocabularyShape
	Focus Node: ex:process_glucose_serum_2345_7
	Value Node: ex:status_completed
	Result Path: <https://w3id.org/shexmap/resource/ontology-schema/d285f599-dc2e-4bd8-83f3-df21defa8821/hasStatus>
	Message: Only the 24 properties declared in the CHR schema (plus rdf:type and rdfs:label) may be used on an individual.
Constraint Violation in ClosedConstraintComponent (http://www.w3.org/ns/shacl#ClosedConstraintComponent):
	Severity: sh:Violation
	Source Shape: chr:SchemaPropertyVocabularyShape
	Focus Node: ex:process_glucose_serum_2345_7
	Value Node: ex:status_completed
	Result Path: sulo:hasStatus
	Message: Only the 24 properties declared in the CHR schema (plus rdf:type and rdfs:label) may be used on an individual.
Constraint Violation in ClosedConstraintComponent (http://www.w3.org/ns/shacl#ClosedConstraintComponent):
	Severity: sh:Violation
	Source Shape: chr:SchemaPropertyVocabularyShape
	Focus Node: ex:process_glucose_urine_5792_7
	Value Node: <https://loinc.org/5792-7>
	Result Path: <https://w3id.org/shexmap/resource/ontology-schema/d285f599-dc2e-4bd83f3-df21defa8821/hasCode>
	Message: Only the 24 properties declared in the CHR schema (plus rdf:type and rdfs:label) may be used on an individual.
Constraint Violation in ClosedConstraintComponent (http://www.w3.org/ns/shacl#ClosedConstraintComponent):
	Severity: sh:Violation
	Source Shape: chr:SchemaPropertyVocabularyShape
	Focus Node: ex:process_glucose_urine_5792_7
	Value Node: Literal("2014-02-19T15:47:23+01:00" = 2014-02-19 15:47:23+01:00, datatype=xsd:dateTime)
	Result Path: <https://w3id.org/shexmap/resource/ontology-schema/d285f599-dc2e-4bd8-83f3-df21defa8821/hasPerformedDate>
	Message: Only the 24 properties declared in the CHR schema (plus rdf:type and rdfs:label) may be used on an individual.
Constraint Violation in ClosedConstraintComponent (http://www.w3.org/ns/shacl#ClosedConstraintComponent):
	Severity: sh:Violation
	Source Shape: chr:SchemaPropertyVocabularyShape
	Focus Node: ex:process_glucose_urine_5792_7
	Value Node: ex:Bryant814_Clarence5_Grimes165
	Result Path: <https://w3id.org/shexmap/resource/ontology-schema/d285f599-dc2e-4bd8-83f3-df21defa8821/hasPatient>
	Message: Only the 24 properties declared in the CHR schema (plus rdf:type and rdfs:label) may be used on an individual.
Constraint Violation in ClosedConstraintComponent (http://www.w3.org/ns/shacl#ClosedConstraintComponent):
	Severity: sh:Violation
	Source Shape: chr:SchemaPropertyVocabularyShape
	Focus Node: ex:process_glucose_urine_5792_7
	Value Node: ex:Dr_Dana512_Wilkinson796
	Result Path: <https://w3id.org/shexmap/resource/ontology-schema/d285f599-dc2e-4bd8-83f3-df21defa8821/hasPerformer>
	Message: Only the 24 properties declared in the CHR schema (plus rdf:type and rdfs:label) may be used on an individual.
Constraint Violation in ClosedConstraintComponent (http://www.w3.org/ns/shacl#ClosedConstraintComponent):
	Severity: sh:Violation
	Source Shape: chr:SchemaPropertyVocabularyShape
	Focus Node: ex:process_glucose_urine_5792_7
	Value Node: ex:measurement_glucose_urine_5792_7
	Result Path: <https://w3id.org/shexmap/resource/ontology-schema/d285f599-dc2e-4bd8-83f3-df21defa8821/hasResult>
	Message: Only the 24 properties declared in the CHR schema (plus rdf:type and rdfs:label) may be used on an individual.
Constraint Violation in ClosedConstraintComponent (http://www.w3.org/ns/shacl#ClosedConstraintComponent):
	Severity: sh:Violation
	Source Shape: chr:SchemaPropertyVocabularyShape
	Focus Node: ex:process_glucose_urine_5792_7
	Value Node: ex:status_completed
	Result Path: <https://w3id.org/shexmap/resource/ontology-schema/d285f599-dc2e-4bd8-83f3-df21defa8821/hasStatus>
	Message: Only the 24 properties declared in the CHR schema (plus rdf:type and rdfs:label) may be used on an individual.
Constraint Violation in ClosedConstraintComponent (http://www.w3.org/ns/shacl#ClosedConstraintComponent):
	Severity: sh:Violation
	Source Shape: chr:SchemaPropertyVocabularyShape
	Focus Node: ex:process_glucose_urine_5792_7
	Value Node: ex:status_completed
	Result Path: sulo:hasStatus
	Message: Only the 24 properties declared in the CHR schema (plus rdf:type and rdfs:label) may be used on an individual.
Constraint Violation in ClosedConstraintComponent (http://www.w3.org/ns/shacl#ClosedConstraintComponent):
	Severity: sh:Violation
	Source Shape: chr:SchemaPropertyVocabularyShape
	Focus Node: ex:process_hark_76504_0
	Value Node: Literal("2014-02-19T17:19:20+01:00" = 2014-02-19 17:19:20+01:00, datatype=xsd:dateTime)
	Result Path: <https://w3id.org/shexmap/resource/ontology-schema/d285f599-dc2e-4bd8-83f3-df21defa8821/hasPerformedDate>
	Message: Only the 24 properties declared in the CHR schema (plus rdf:type and rdfs:label) may be used on an individual.
Constraint Violation in ClosedConstraintComponent (http://www.w3.org/ns/shacl#ClosedConstraintComponent):
	Severity: sh:Violation
	Source Shape: chr:SchemaPropertyVocabularyShape
	Focus Node: ex:process_hark_76504_0
	Value Node: ex:Bryant814_Clarence5_Grimes165
	Result Path: <https://w3id.org/shexmap/resource/ontology-schema/d285f599-dc2e-4bd8-83f3-df21defa8821/hasPatient>
	Message: Only the 24 properties declared in the CHR schema (plus rdf:type and rdfs:label) may be used on an individual.
Constraint Violation in ClosedConstraintComponent (http://www.w3.org/ns/shacl#ClosedConstraintComponent):
	Severity: sh:Violation
	Source Shape: chr:SchemaPropertyVocabularyShape
	Focus Node: ex:process_hark_76504_0
	Value Node: ex:Dr_Dana512_Wilkinson796
	Result Path: <https://w3id.org/shexmap/resource/ontology-schema/d285f599-dc2e-4bd8-83f3-df21defa8821/hasPerformer>
	Message: Only the 24 properties declared in the CHR schema (plus rdf:type and rdfs:label) may be used on an individual.
Constraint Violation in ClosedConstraintComponent (http://www.w3.org/ns/shacl#ClosedConstraintComponent):
	Severity: sh:Violation
	Source Shape: chr:SchemaPropertyVocabularyShape
	Focus Node: ex:process_hark_76504_0
	Value Node: ex:measurement_hark_76504_0
	Result Path: <https://w3id.org/shexmap/resource/ontology-schema/d285f599-dc2e-4bd8-83f3-df21defa8821/hasResult>
	Message: Only the 24 properties declared in the CHR schema (plus rdf:type and rdfs:label) may be used on an individual.
Constraint Violation in ClosedConstraintComponent (http://www.w3.org/ns/shacl#ClosedConstraintComponent):
	Severity: sh:Violation
	Source Shape: chr:SchemaPropertyVocabularyShape
	Focus Node: ex:process_hark_76504_0
	Value Node: ex:status_completed
	Result Path: <https://w3id.org/shexmap/resource/ontology-schema/d285f599-dc2e-4bd8-83f3-df21defa8821/hasStatus>
	Message: Only the 24 properties declared in the CHR schema (plus rdf:type and rdfs:label) may be used on an individual.
Constraint Violation in ClosedConstraintComponent (http://www.w3.org/ns/shacl#ClosedConstraintComponent):
	Severity: sh:Violation
	Source Shape: chr:SchemaPropertyVocabularyShape
	Focus Node: ex:process_heart_rate_8867_4
	Value Node: <https://loinc.org/8867-4>
	Result Path: <https://w3id.org/shexmap/resource/ontology-schema/d285f599-dc2e-4bd83f3-df21defa8821/hasCode>
	Message: Only the 24 properties declared in the CHR schema (plus rdf:type and rdfs:label) may be used on an individual.
Constraint Violation in ClosedConstraintComponent (http://www.w3.org/ns/shacl#ClosedConstraintComponent):
	Severity: sh:Violation
	Source Shape: chr:SchemaPropertyVocabularyShape
	Focus Node: ex:process_heart_rate_8867_4
	Value Node: Literal("2014-02-19T15:47:23+01:00" = 2014-02-19 15:47:23+01:00, datatype=xsd:dateTime)
	Result Path: <https://w3id.org/shexmap/resource/ontology-schema/d285f599-dc2e-4bd8-83f3-df21defa8821/hasPerformedDate>
	Message: Only the 24 properties declared in the CHR schema (plus rdf:type and rdfs:label) may be used on an individual.
Constraint Violation in ClosedConstraintComponent (http://www.w3.org/ns/shacl#ClosedConstraintComponent):
	Severity: sh:Violation
	Source Shape: chr:SchemaPropertyVocabularyShape
	Focus Node: ex:process_heart_rate_8867_4
	Value Node: ex:Bryant814_Clarence5_Grimes165
	Result Path: <https://w3id.org/shexmap/resource/ontology-schema/d285f599-dc2e-4bd8-83f3-df21defa8821/hasPatient>
	Message: Only the 24 properties declared in the CHR schema (plus rdf:type and rdfs:label) may be used on an individual.
Constraint Violation in ClosedConstraintComponent (http://www.w3.org/ns/shacl#ClosedConstraintComponent):
	Severity: sh:Violation
	Source Shape: chr:SchemaPropertyVocabularyShape
	Focus Node: ex:process_heart_rate_8867_4
	Value Node: ex:Dr_Dana512_Wilkinson796
	Result Path: <https://w3id.org/shexmap/resource/ontology-schema/d285f599-dc2e-4bd8-83f3-df21defa8821/hasPerformer>
	Message: Only the 24 properties declared in the CHR schema (plus rdf:type and rdfs:label) may be used on an individual.
Constraint Violation in ClosedConstraintComponent (http://www.w3.org/ns/shacl#ClosedConstraintComponent):
	Severity: sh:Violation
	Source Shape: chr:SchemaPropertyVocabularyShape
	Focus Node: ex:process_heart_rate_8867_4
	Value Node: ex:measurement_heart_rate_8867_4
	Result Path: <https://w3id.org/shexmap/resource/ontology-schema/d285f599-dc2e-4bd8-83f3-df21defa8821/hasResult>
	Message: Only the 24 properties declared in the CHR schema (plus rdf:type and rdfs:label) may be used on an individual.
Constraint Violation in ClosedConstraintComponent (http://www.w3.org/ns/shacl#ClosedConstraintComponent):
	Severity: sh:Violation
	Source Shape: chr:SchemaPropertyVocabularyShape
	Focus Node: ex:process_heart_rate_8867_4
	Value Node: ex:status_completed
	Result Path: <https://w3id.org/shexmap/resource/ontology-schema/d285f599-dc2e-4bd8-83f3-df21defa8821/hasStatus>
	Message: Only the 24 properties declared in the CHR schema (plus rdf:type and rdfs:label) may be used on an individual.
Constraint Violation in ClosedConstraintComponent (http://www.w3.org/ns/shacl#ClosedConstraintComponent):
	Severity: sh:Violation
	Source Shape: chr:SchemaPropertyVocabularyShape
	Focus Node: ex:process_heart_rate_8867_4
	Value Node: ex:status_completed
	Result Path: sulo:hasStatus
	Message: Only the 24 properties declared in the CHR schema (plus rdf:type and rdfs:label) may be used on an individual.
Constraint Violation in ClosedConstraintComponent (http://www.w3.org/ns/shacl#ClosedConstraintComponent):
	Severity: sh:Violation
	Source Shape: chr:SchemaPropertyVocabularyShape
	Focus Node: ex:process_hemoglobin_a1c_4548_4
	Value Node: <https://loinc.org/4548-4>
	Result Path: <https://w3id.org/shexmap/resource/ontology-schema/d285f599-dc2e-4bd83f3-df21defa8821/hasCode>
	Message: Only the 24 properties declared in the CHR schema (plus rdf:type and rdfs:label) may be used on an individual.
Constraint Violation in ClosedConstraintComponent (http://www.w3.org/ns/shacl#ClosedConstraintComponent):
	Severity: sh:Violation
	Source Shape: chr:SchemaPropertyVocabularyShape
	Focus Node: ex:process_hemoglobin_a1c_4548_4
	Value Node: Literal("2014-02-19T15:47:23+01:00" = 2014-02-19 15:47:23+01:00, datatype=xsd:dateTime)
	Result Path: <https://w3id.org/shexmap/resource/ontology-schema/d285f599-dc2e-4bd8-83f3-df21defa8821/hasPerformedDate>
	Message: Only the 24 properties declared in the CHR schema (plus rdf:type and rdfs:label) may be used on an individual.
Constraint Violation in ClosedConstraintComponent (http://www.w3.org/ns/shacl#ClosedConstraintComponent):
	Severity: sh:Violation
	Source Shape: chr:SchemaPropertyVocabularyShape
	Focus Node: ex:process_hemoglobin_a1c_4548_4
	Value Node: ex:Bryant814_Clarence5_Grimes165
	Result Path: <https://w3id.org/shexmap/resource/ontology-schema/d285f599-dc2e-4bd8-83f3-df21defa8821/hasPatient>
	Message: Only the 24 properties declared in the CHR schema (plus rdf:type and rdfs:label) may be used on an individual.
Constraint Violation in ClosedConstraintComponent (http://www.w3.org/ns/shacl#ClosedConstraintComponent):
	Severity: sh:Violation
	Source Shape: chr:SchemaPropertyVocabularyShape
	Focus Node: ex:process_hemoglobin_a1c_4548_4
	Value Node: ex:Dr_Dana512_Wilkinson796
	Result Path: <https://w3id.org/shexmap/resource/ontology-schema/d285f599-dc2e-4bd8-83f3-df21defa8821/hasPerformer>
	Message: Only the 24 properties declared in the CHR schema (plus rdf:type and rdfs:label) may be used on an individual.
Constraint Violation in ClosedConstraintComponent (http://www.w3.org/ns/shacl#ClosedConstraintComponent):
	Severity: sh:Violation
	Source Shape: chr:SchemaPropertyVocabularyShape
	Focus Node: ex:process_hemoglobin_a1c_4548_4
	Value Node: ex:measurement_hemoglobin_a1c_4548_4
	Result Path: <https://w3id.org/shexmap/resource/ontology-schema/d285f599-dc2e-4bd8-83f3-df21defa8821/hasResult>
	Message: Only the 24 properties declared in the CHR schema (plus rdf:type and rdfs:label) may be used on an individual.
Constraint Violation in ClosedConstraintComponent (http://www.w3.org/ns/shacl#ClosedConstraintComponent):
	Severity: sh:Violation
	Source Shape: chr:SchemaPropertyVocabularyShape
	Focus Node: ex:process_hemoglobin_a1c_4548_4
	Value Node: ex:status_completed
	Result Path: <https://w3id.org/shexmap/resource/ontology-schema/d285f599-dc2e-4bd8-83f3-df21defa8821/hasStatus>
	Message: Only the 24 properties declared in the CHR schema (plus rdf:type and rdfs:label) may be used on an individual.
Constraint Violation in ClosedConstraintComponent (http://www.w3.org/ns/shacl#ClosedConstraintComponent):
	Severity: sh:Violation
	Source Shape: chr:SchemaPropertyVocabularyShape
	Focus Node: ex:process_hemoglobin_a1c_4548_4
	Value Node: ex:status_completed
	Result Path: sulo:hasStatus
	Message: Only the 24 properties declared in the CHR schema (plus rdf:type and rdfs:label) may be used on an individual.
Constraint Violation in ClosedConstraintComponent (http://www.w3.org/ns/shacl#ClosedConstraintComponent):
	Severity: sh:Violation
	Source Shape: chr:SchemaPropertyVocabularyShape
	Focus Node: ex:process_ketones_urine_5797_6
	Value Node: <https://loinc.org/5797-6>
	Result Path: <https://w3id.org/shexmap/resource/ontology-schema/d285f599-dc2e-4bd83f3-df21defa8821/hasCode>
	Message: Only the 24 properties declared in the CHR schema (plus rdf:type and rdfs:label) may be used on an individual.
Constraint Violation in ClosedConstraintComponent (http://www.w3.org/ns/shacl#ClosedConstraintComponent):
	Severity: sh:Violation
	Source Shape: chr:SchemaPropertyVocabularyShape
	Focus Node: ex:process_ketones_urine_5797_6
	Value Node: Literal("2014-02-19T15:47:23+01:00" = 2014-02-19 15:47:23+01:00, datatype=xsd:dateTime)
	Result Path: <https://w3id.org/shexmap/resource/ontology-schema/d285f599-dc2e-4bd8-83f3-df21defa8821/hasPerformedDate>
	Message: Only the 24 properties declared in the CHR schema (plus rdf:type and rdfs:label) may be used on an individual.
Constraint Violation in ClosedConstraintComponent (http://www.w3.org/ns/shacl#ClosedConstraintComponent):
	Severity: sh:Violation
	Source Shape: chr:SchemaPropertyVocabularyShape
	Focus Node: ex:process_ketones_urine_5797_6
	Value Node: ex:Bryant814_Clarence5_Grimes165
	Result Path: <https://w3id.org/shexmap/resource/ontology-schema/d285f599-dc2e-4bd8-83f3-df21defa8821/hasPatient>
	Message: Only the 24 properties declared in the CHR schema (plus rdf:type and rdfs:label) may be used on an individual.
Constraint Violation in ClosedConstraintComponent (http://www.w3.org/ns/shacl#ClosedConstraintComponent):
	Severity: sh:Violation
	Source Shape: chr:SchemaPropertyVocabularyShape
	Focus Node: ex:process_ketones_urine_5797_6
	Value Node: ex:Dr_Dana512_Wilkinson796
	Result Path: <https://w3id.org/shexmap/resource/ontology-schema/d285f599-dc2e-4bd8-83f3-df21defa8821/hasPerformer>
	Message: Only the 24 properties declared in the CHR schema (plus rdf:type and rdfs:label) may be used on an individual.
Constraint Violation in ClosedConstraintComponent (http://www.w3.org/ns/shacl#ClosedConstraintComponent):
	Severity: sh:Violation
	Source Shape: chr:SchemaPropertyVocabularyShape
	Focus Node: ex:process_ketones_urine_5797_6
	Value Node: ex:measurement_ketones_urine_5797_6
	Result Path: <https://w3id.org/shexmap/resource/ontology-schema/d285f599-dc2e-4bd8-83f3-df21defa8821/hasResult>
	Message: Only the 24 properties declared in the CHR schema (plus rdf:type and rdfs:label) may be used on an individual.
Constraint Violation in ClosedConstraintComponent (http://www.w3.org/ns/shacl#ClosedConstraintComponent):
	Severity: sh:Violation
	Source Shape: chr:SchemaPropertyVocabularyShape
	Focus Node: ex:process_ketones_urine_5797_6
	Value Node: ex:status_completed
	Result Path: <https://w3id.org/shexmap/resource/ontology-schema/d285f599-dc2e-4bd8-83f3-df21defa8821/hasStatus>
	Message: Only the 24 properties declared in the CHR schema (plus rdf:type and rdfs:label) may be used on an individual.
Constraint Violation in ClosedConstraintComponent (http://www.w3.org/ns/shacl#ClosedConstraintComponent):
	Severity: sh:Violation
	Source Shape: chr:SchemaPropertyVocabularyShape
	Focus Node: ex:process_ketones_urine_5797_6
	Value Node: ex:status_completed
	Result Path: sulo:hasStatus
	Message: Only the 24 properties declared in the CHR schema (plus rdf:type and rdfs:label) may be used on an individual.
Constraint Violation in ClosedConstraintComponent (http://www.w3.org/ns/shacl#ClosedConstraintComponent):
	Severity: sh:Violation
	Source Shape: chr:SchemaPropertyVocabularyShape
	Focus Node: ex:process_pain_severity_72514_3
	Value Node: <https://loinc.org/72514-3>
	Result Path: <https://w3id.org/shexmap/resource/ontology-schema/d285f599-dc2e-4bd83f3-df21defa8821/hasCode>
	Message: Only the 24 properties declared in the CHR schema (plus rdf:type and rdfs:label) may be used on an individual.
Constraint Violation in ClosedConstraintComponent (http://www.w3.org/ns/shacl#ClosedConstraintComponent):
	Severity: sh:Violation
	Source Shape: chr:SchemaPropertyVocabularyShape
	Focus Node: ex:process_pain_severity_72514_3
	Value Node: Literal("2014-02-19T15:47:23+01:00" = 2014-02-19 15:47:23+01:00, datatype=xsd:dateTime)
	Result Path: <https://w3id.org/shexmap/resource/ontology-schema/d285f599-dc2e-4bd8-83f3-df21defa8821/hasPerformedDate>
	Message: Only the 24 properties declared in the CHR schema (plus rdf:type and rdfs:label) may be used on an individual.
Constraint Violation in ClosedConstraintComponent (http://www.w3.org/ns/shacl#ClosedConstraintComponent):
	Severity: sh:Violation
	Source Shape: chr:SchemaPropertyVocabularyShape
	Focus Node: ex:process_pain_severity_72514_3
	Value Node: ex:Bryant814_Clarence5_Grimes165
	Result Path: <https://w3id.org/shexmap/resource/ontology-schema/d285f599-dc2e-4bd8-83f3-df21defa8821/hasPatient>
	Message: Only the 24 properties declared in the CHR schema (plus rdf:type and rdfs:label) may be used on an individual.
Constraint Violation in ClosedConstraintComponent (http://www.w3.org/ns/shacl#ClosedConstraintComponent):
	Severity: sh:Violation
	Source Shape: chr:SchemaPropertyVocabularyShape
	Focus Node: ex:process_pain_severity_72514_3
	Value Node: ex:Dr_Dana512_Wilkinson796
	Result Path: <https://w3id.org/shexmap/resource/ontology-schema/d285f599-dc2e-4bd8-83f3-df21defa8821/hasPerformer>
	Message: Only the 24 properties declared in the CHR schema (plus rdf:type and rdfs:label) may be used on an individual.
Constraint Violation in ClosedConstraintComponent (http://www.w3.org/ns/shacl#ClosedConstraintComponent):
	Severity: sh:Violation
	Source Shape: chr:SchemaPropertyVocabularyShape
	Focus Node: ex:process_pain_severity_72514_3
	Value Node: ex:measurement_pain_severity_72514_3
	Result Path: <https://w3id.org/shexmap/resource/ontology-schema/d285f599-dc2e-4bd8-83f3-df21defa8821/hasResult>
	Message: Only the 24 properties declared in the CHR schema (plus rdf:type and rdfs:label) may be used on an individual.
Constraint Violation in ClosedConstraintComponent (http://www.w3.org/ns/shacl#ClosedConstraintComponent):
	Severity: sh:Violation
	Source Shape: chr:SchemaPropertyVocabularyShape
	Focus Node: ex:process_pain_severity_72514_3
	Value Node: ex:status_completed
	Result Path: <https://w3id.org/shexmap/resource/ontology-schema/d285f599-dc2e-4bd8-83f3-df21defa8821/hasStatus>
	Message: Only the 24 properties declared in the CHR schema (plus rdf:type and rdfs:label) may be used on an individual.
Constraint Violation in ClosedConstraintComponent (http://www.w3.org/ns/shacl#ClosedConstraintComponent):
	Severity: sh:Violation
	Source Shape: chr:SchemaPropertyVocabularyShape
	Focus Node: ex:process_pain_severity_72514_3
	Value Node: ex:status_completed
	Result Path: sulo:hasStatus
	Message: Only the 24 properties declared in the CHR schema (plus rdf:type and rdfs:label) may be used on an individual.
Constraint Violation in ClosedConstraintComponent (http://www.w3.org/ns/shacl#ClosedConstraintComponent):
	Severity: sh:Violation
	Source Shape: chr:SchemaPropertyVocabularyShape
	Focus Node: ex:process_ph_urine_5803_2
	Value Node: <https://loinc.org/5803-2>
	Result Path: <https://w3id.org/shexmap/resource/ontology-schema/d285f599-dc2e-4bd83f3-df21defa8821/hasCode>
	Message: Only the 24 properties declared in the CHR schema (plus rdf:type and rdfs:label) may be used on an individual.
Constraint Violation in ClosedConstraintComponent (http://www.w3.org/ns/shacl#ClosedConstraintComponent):
	Severity: sh:Violation
	Source Shape: chr:SchemaPropertyVocabularyShape
	Focus Node: ex:process_ph_urine_5803_2
	Value Node: Literal("2014-02-19T15:47:23+01:00" = 2014-02-19 15:47:23+01:00, datatype=xsd:dateTime)
	Result Path: <https://w3id.org/shexmap/resource/ontology-schema/d285f599-dc2e-4bd8-83f3-df21defa8821/hasPerformedDate>
	Message: Only the 24 properties declared in the CHR schema (plus rdf:type and rdfs:label) may be used on an individual.
Constraint Violation in ClosedConstraintComponent (http://www.w3.org/ns/shacl#ClosedConstraintComponent):
	Severity: sh:Violation
	Source Shape: chr:SchemaPropertyVocabularyShape
	Focus Node: ex:process_ph_urine_5803_2
	Value Node: ex:Bryant814_Clarence5_Grimes165
	Result Path: <https://w3id.org/shexmap/resource/ontology-schema/d285f599-dc2e-4bd8-83f3-df21defa8821/hasPatient>
	Message: Only the 24 properties declared in the CHR schema (plus rdf:type and rdfs:label) may be used on an individual.
Constraint Violation in ClosedConstraintComponent (http://www.w3.org/ns/shacl#ClosedConstraintComponent):
	Severity: sh:Violation
	Source Shape: chr:SchemaPropertyVocabularyShape
	Focus Node: ex:process_ph_urine_5803_2
	Value Node: ex:Dr_Dana512_Wilkinson796
	Result Path: <https://w3id.org/shexmap/resource/ontology-schema/d285f599-dc2e-4bd8-83f3-df21defa8821/hasPerformer>
	Message: Only the 24 properties declared in the CHR schema (plus rdf:type and rdfs:label) may be used on an individual.
Constraint Violation in ClosedConstraintComponent (http://www.w3.org/ns/shacl#ClosedConstraintComponent):
	Severity: sh:Violation
	Source Shape: chr:SchemaPropertyVocabularyShape
	Focus Node: ex:process_ph_urine_5803_2
	Value Node: ex:measurement_ph_urine_5803_2
	Result Path: <https://w3id.org/shexmap/resource/ontology-schema/d285f599-dc2e-4bd8-83f3-df21defa8821/hasResult>
	Message: Only the 24 properties declared in the CHR schema (plus rdf:type and rdfs:label) may be used on an individual.
Constraint Violation in ClosedConstraintComponent (http://www.w3.org/ns/shacl#ClosedConstraintComponent):
	Severity: sh:Violation
	Source Shape: chr:SchemaPropertyVocabularyShape
	Focus Node: ex:process_ph_urine_5803_2
	Value Node: ex:status_completed
	Result Path: <https://w3id.org/shexmap/resource/ontology-schema/d285f599-dc2e-4bd8-83f3-df21defa8821/hasStatus>
	Message: Only the 24 properties declared in the CHR schema (plus rdf:type and rdfs:label) may be used on an individual.
Constraint Violation in ClosedConstraintComponent (http://www.w3.org/ns/shacl#ClosedConstraintComponent):
	Severity: sh:Violation
	Source Shape: chr:SchemaPropertyVocabularyShape
	Focus Node: ex:process_ph_urine_5803_2
	Value Node: ex:status_completed
	Result Path: sulo:hasStatus
	Message: Only the 24 properties declared in the CHR schema (plus rdf:type and rdfs:label) may be used on an individual.
Constraint Violation in ClosedConstraintComponent (http://www.w3.org/ns/shacl#ClosedConstraintComponent):
	Severity: sh:Violation
	Source Shape: chr:SchemaPropertyVocabularyShape
	Focus Node: ex:process_potassium_blood_6298_4
	Value Node: <https://loinc.org/6298-4>
	Result Path: <https://w3id.org/shexmap/resource/ontology-schema/d285f599-dc2e-4bd83f3-df21defa8821/hasCode>
	Message: Only the 24 properties declared in the CHR schema (plus rdf:type and rdfs:label) may be used on an individual.
Constraint Violation in ClosedConstraintComponent (http://www.w3.org/ns/shacl#ClosedConstraintComponent):
	Severity: sh:Violation
	Source Shape: chr:SchemaPropertyVocabularyShape
	Focus Node: ex:process_potassium_blood_6298_4
	Value Node: Literal("2014-02-19T15:47:23+01:00" = 2014-02-19 15:47:23+01:00, datatype=xsd:dateTime)
	Result Path: <https://w3id.org/shexmap/resource/ontology-schema/d285f599-dc2e-4bd8-83f3-df21defa8821/hasPerformedDate>
	Message: Only the 24 properties declared in the CHR schema (plus rdf:type and rdfs:label) may be used on an individual.
Constraint Violation in ClosedConstraintComponent (http://www.w3.org/ns/shacl#ClosedConstraintComponent):
	Severity: sh:Violation
	Source Shape: chr:SchemaPropertyVocabularyShape
	Focus Node: ex:process_potassium_blood_6298_4
	Value Node: ex:Bryant814_Clarence5_Grimes165
	Result Path: <https://w3id.org/shexmap/resource/ontology-schema/d285f599-dc2e-4bd8-83f3-df21defa8821/hasPatient>
	Message: Only the 24 properties declared in the CHR schema (plus rdf:type and rdfs:label) may be used on an individual.
Constraint Violation in ClosedConstraintComponent (http://www.w3.org/ns/shacl#ClosedConstraintComponent):
	Severity: sh:Violation
	Source Shape: chr:SchemaPropertyVocabularyShape
	Focus Node: ex:process_potassium_blood_6298_4
	Value Node: ex:Dr_Dana512_Wilkinson796
	Result Path: <https://w3id.org/shexmap/resource/ontology-schema/d285f599-dc2e-4bd8-83f3-df21defa8821/hasPerformer>
	Message: Only the 24 properties declared in the CHR schema (plus rdf:type and rdfs:label) may be used on an individual.
Constraint Violation in ClosedConstraintComponent (http://www.w3.org/ns/shacl#ClosedConstraintComponent):
	Severity: sh:Violation
	Source Shape: chr:SchemaPropertyVocabularyShape
	Focus Node: ex:process_potassium_blood_6298_4
	Value Node: ex:measurement_potassium_blood_6298_4
	Result Path: <https://w3id.org/shexmap/resource/ontology-schema/d285f599-dc2e-4bd8-83f3-df21defa8821/hasResult>
	Message: Only the 24 properties declared in the CHR schema (plus rdf:type and rdfs:label) may be used on an individual.
Constraint Violation in ClosedConstraintComponent (http://www.w3.org/ns/shacl#ClosedConstraintComponent):
	Severity: sh:Violation
	Source Shape: chr:SchemaPropertyVocabularyShape
	Focus Node: ex:process_potassium_blood_6298_4
	Value Node: ex:status_completed
	Result Path: <https://w3id.org/shexmap/resource/ontology-schema/d285f599-dc2e-4bd8-83f3-df21defa8821/hasStatus>
	Message: Only the 24 properties declared in the CHR schema (plus rdf:type and rdfs:label) may be used on an individual.
Constraint Violation in ClosedConstraintComponent (http://www.w3.org/ns/shacl#ClosedConstraintComponent):
	Severity: sh:Violation
	Source Shape: chr:SchemaPropertyVocabularyShape
	Focus Node: ex:process_potassium_blood_6298_4
	Value Node: ex:status_completed
	Result Path: sulo:hasStatus
	Message: Only the 24 properties declared in the CHR schema (plus rdf:type and rdfs:label) may be used on an individual.
Constraint Violation in ClosedConstraintComponent (http://www.w3.org/ns/shacl#ClosedConstraintComponent):
	Severity: sh:Violation
	Source Shape: chr:SchemaPropertyVocabularyShape
	Focus Node: ex:process_potassium_serum_2823_3
	Value Node: <https://loinc.org/2823-3>
	Result Path: <https://w3id.org/shexmap/resource/ontology-schema/d285f599-dc2e-4bd83f3-df21defa8821/hasCode>
	Message: Only the 24 properties declared in the CHR schema (plus rdf:type and rdfs:label) may be used on an individual.
Constraint Violation in ClosedConstraintComponent (http://www.w3.org/ns/shacl#ClosedConstraintComponent):
	Severity: sh:Violation
	Source Shape: chr:SchemaPropertyVocabularyShape
	Focus Node: ex:process_potassium_serum_2823_3
	Value Node: Literal("2014-02-19T15:47:23+01:00" = 2014-02-19 15:47:23+01:00, datatype=xsd:dateTime)
	Result Path: <https://w3id.org/shexmap/resource/ontology-schema/d285f599-dc2e-4bd8-83f3-df21defa8821/hasPerformedDate>
	Message: Only the 24 properties declared in the CHR schema (plus rdf:type and rdfs:label) may be used on an individual.
Constraint Violation in ClosedConstraintComponent (http://www.w3.org/ns/shacl#ClosedConstraintComponent):
	Severity: sh:Violation
	Source Shape: chr:SchemaPropertyVocabularyShape
	Focus Node: ex:process_potassium_serum_2823_3
	Value Node: ex:Bryant814_Clarence5_Grimes165
	Result Path: <https://w3id.org/shexmap/resource/ontology-schema/d285f599-dc2e-4bd8-83f3-df21defa8821/hasPatient>
	Message: Only the 24 properties declared in the CHR schema (plus rdf:type and rdfs:label) may be used on an individual.
Constraint Violation in ClosedConstraintComponent (http://www.w3.org/ns/shacl#ClosedConstraintComponent):
	Severity: sh:Violation
	Source Shape: chr:SchemaPropertyVocabularyShape
	Focus Node: ex:process_potassium_serum_2823_3
	Value Node: ex:Dr_Dana512_Wilkinson796
	Result Path: <https://w3id.org/shexmap/resource/ontology-schema/d285f599-dc2e-4bd8-83f3-df21defa8821/hasPerformer>
	Message: Only the 24 properties declared in the CHR schema (plus rdf:type and rdfs:label) may be used on an individual.
Constraint Violation in ClosedConstraintComponent (http://www.w3.org/ns/shacl#ClosedConstraintComponent):
	Severity: sh:Violation
	Source Shape: chr:SchemaPropertyVocabularyShape
	Focus Node: ex:process_potassium_serum_2823_3
	Value Node: ex:measurement_potassium_serum_2823_3
	Result Path: <https://w3id.org/shexmap/resource/ontology-schema/d285f599-dc2e-4bd8-83f3-df21defa8821/hasResult>
	Message: Only the 24 properties declared in the CHR schema (plus rdf:type and rdfs:label) may be used on an individual.
Constraint Violation in ClosedConstraintComponent (http://www.w3.org/ns/shacl#ClosedConstraintComponent):
	Severity: sh:Violation
	Source Shape: chr:SchemaPropertyVocabularyShape
	Focus Node: ex:process_potassium_serum_2823_3
	Value Node: ex:status_completed
	Result Path: <https://w3id.org/shexmap/resource/ontology-schema/d285f599-dc2e-4bd8-83f3-df21defa8821/hasStatus>
	Message: Only the 24 properties declared in the CHR schema (plus rdf:type and rdfs:label) may be used on an individual.
Constraint Violation in ClosedConstraintComponent (http://www.w3.org/ns/shacl#ClosedConstraintComponent):
	Severity: sh:Violation
	Source Shape: chr:SchemaPropertyVocabularyShape
	Focus Node: ex:process_potassium_serum_2823_3
	Value Node: ex:status_completed
	Result Path: sulo:hasStatus
	Message: Only the 24 properties declared in the CHR schema (plus rdf:type and rdfs:label) may be used on an individual.
Constraint Violation in ClosedConstraintComponent (http://www.w3.org/ns/shacl#ClosedConstraintComponent):
	Severity: sh:Violation
	Source Shape: chr:SchemaPropertyVocabularyShape
	Focus Node: ex:process_protein_urine_5804_0
	Value Node: <https://loinc.org/5804-0>
	Result Path: <https://w3id.org/shexmap/resource/ontology-schema/d285f599-dc2e-4bd83f3-df21defa8821/hasCode>
	Message: Only the 24 properties declared in the CHR schema (plus rdf:type and rdfs:label) may be used on an individual.
Constraint Violation in ClosedConstraintComponent (http://www.w3.org/ns/shacl#ClosedConstraintComponent):
	Severity: sh:Violation
	Source Shape: chr:SchemaPropertyVocabularyShape
	Focus Node: ex:process_protein_urine_5804_0
	Value Node: Literal("2014-02-19T15:47:23+01:00" = 2014-02-19 15:47:23+01:00, datatype=xsd:dateTime)
	Result Path: <https://w3id.org/shexmap/resource/ontology-schema/d285f599-dc2e-4bd8-83f3-df21defa8821/hasPerformedDate>
	Message: Only the 24 properties declared in the CHR schema (plus rdf:type and rdfs:label) may be used on an individual.
Constraint Violation in ClosedConstraintComponent (http://www.w3.org/ns/shacl#ClosedConstraintComponent):
	Severity: sh:Violation
	Source Shape: chr:SchemaPropertyVocabularyShape
	Focus Node: ex:process_protein_urine_5804_0
	Value Node: ex:Bryant814_Clarence5_Grimes165
	Result Path: <https://w3id.org/shexmap/resource/ontology-schema/d285f599-dc2e-4bd8-83f3-df21defa8821/hasPatient>
	Message: Only the 24 properties declared in the CHR schema (plus rdf:type and rdfs:label) may be used on an individual.
Constraint Violation in ClosedConstraintComponent (http://www.w3.org/ns/shacl#ClosedConstraintComponent):
	Severity: sh:Violation
	Source Shape: chr:SchemaPropertyVocabularyShape
	Focus Node: ex:process_protein_urine_5804_0
	Value Node: ex:Dr_Dana512_Wilkinson796
	Result Path: <https://w3id.org/shexmap/resource/ontology-schema/d285f599-dc2e-4bd8-83f3-df21defa8821/hasPerformer>
	Message: Only the 24 properties declared in the CHR schema (plus rdf:type and rdfs:label) may be used on an individual.
Constraint Violation in ClosedConstraintComponent (http://www.w3.org/ns/shacl#ClosedConstraintComponent):
	Severity: sh:Violation
	Source Shape: chr:SchemaPropertyVocabularyShape
	Focus Node: ex:process_protein_urine_5804_0
	Value Node: ex:measurement_protein_urine_5804_0
	Result Path: <https://w3id.org/shexmap/resource/ontology-schema/d285f599-dc2e-4bd8-83f3-df21defa8821/hasResult>
	Message: Only the 24 properties declared in the CHR schema (plus rdf:type and rdfs:label) may be used on an individual.
Constraint Violation in ClosedConstraintComponent (http://www.w3.org/ns/shacl#ClosedConstraintComponent):
	Severity: sh:Violation
	Source Shape: chr:SchemaPropertyVocabularyShape
	Focus Node: ex:process_protein_urine_5804_0
	Value Node: ex:status_completed
	Result Path: <https://w3id.org/shexmap/resource/ontology-schema/d285f599-dc2e-4bd8-83f3-df21defa8821/hasStatus>
	Message: Only the 24 properties declared in the CHR schema (plus rdf:type and rdfs:label) may be used on an individual.
Constraint Violation in ClosedConstraintComponent (http://www.w3.org/ns/shacl#ClosedConstraintComponent):
	Severity: sh:Violation
	Source Shape: chr:SchemaPropertyVocabularyShape
	Focus Node: ex:process_protein_urine_5804_0
	Value Node: ex:status_completed
	Result Path: sulo:hasStatus
	Message: Only the 24 properties declared in the CHR schema (plus rdf:type and rdfs:label) may be used on an individual.
Constraint Violation in ClosedConstraintComponent (http://www.w3.org/ns/shacl#ClosedConstraintComponent):
	Severity: sh:Violation
	Source Shape: chr:SchemaPropertyVocabularyShape
	Focus Node: ex:process_respiratory_rate_9279_1
	Value Node: <https://loinc.org/9279-1>
	Result Path: <https://w3id.org/shexmap/resource/ontology-schema/d285f599-dc2e-4bd83f3-df21defa8821/hasCode>
	Message: Only the 24 properties declared in the CHR schema (plus rdf:type and rdfs:label) may be used on an individual.
Constraint Violation in ClosedConstraintComponent (http://www.w3.org/ns/shacl#ClosedConstraintComponent):
	Severity: sh:Violation
	Source Shape: chr:SchemaPropertyVocabularyShape
	Focus Node: ex:process_respiratory_rate_9279_1
	Value Node: Literal("2014-02-19T15:47:23+01:00" = 2014-02-19 15:47:23+01:00, datatype=xsd:dateTime)
	Result Path: <https://w3id.org/shexmap/resource/ontology-schema/d285f599-dc2e-4bd8-83f3-df21defa8821/hasPerformedDate>
	Message: Only the 24 properties declared in the CHR schema (plus rdf:type and rdfs:label) may be used on an individual.
Constraint Violation in ClosedConstraintComponent (http://www.w3.org/ns/shacl#ClosedConstraintComponent):
	Severity: sh:Violation
	Source Shape: chr:SchemaPropertyVocabularyShape
	Focus Node: ex:process_respiratory_rate_9279_1
	Value Node: ex:Bryant814_Clarence5_Grimes165
	Result Path: <https://w3id.org/shexmap/resource/ontology-schema/d285f599-dc2e-4bd8-83f3-df21defa8821/hasPatient>
	Message: Only the 24 properties declared in the CHR schema (plus rdf:type and rdfs:label) may be used on an individual.
Constraint Violation in ClosedConstraintComponent (http://www.w3.org/ns/shacl#ClosedConstraintComponent):
	Severity: sh:Violation
	Source Shape: chr:SchemaPropertyVocabularyShape
	Focus Node: ex:process_respiratory_rate_9279_1
	Value Node: ex:Dr_Dana512_Wilkinson796
	Result Path: <https://w3id.org/shexmap/resource/ontology-schema/d285f599-dc2e-4bd8-83f3-df21defa8821/hasPerformer>
	Message: Only the 24 properties declared in the CHR schema (plus rdf:type and rdfs:label) may be used on an individual.
Constraint Violation in ClosedConstraintComponent (http://www.w3.org/ns/shacl#ClosedConstraintComponent):
	Severity: sh:Violation
	Source Shape: chr:SchemaPropertyVocabularyShape
	Focus Node: ex:process_respiratory_rate_9279_1
	Value Node: ex:measurement_respiratory_rate_9279_1
	Result Path: <https://w3id.org/shexmap/resource/ontology-schema/d285f599-dc2e-4bd8-83f3-df21defa8821/hasResult>
	Message: Only the 24 properties declared in the CHR schema (plus rdf:type and rdfs:label) may be used on an individual.
Constraint Violation in ClosedConstraintComponent (http://www.w3.org/ns/shacl#ClosedConstraintComponent):
	Severity: sh:Violation
	Source Shape: chr:SchemaPropertyVocabularyShape
	Focus Node: ex:process_respiratory_rate_9279_1
	Value Node: ex:status_completed
	Result Path: <https://w3id.org/shexmap/resource/ontology-schema/d285f599-dc2e-4bd8-83f3-df21defa8821/hasStatus>
	Message: Only the 24 properties declared in the CHR schema (plus rdf:type and rdfs:label) may be used on an individual.
Constraint Violation in ClosedConstraintComponent (http://www.w3.org/ns/shacl#ClosedConstraintComponent):
	Severity: sh:Violation
	Source Shape: chr:SchemaPropertyVocabularyShape
	Focus Node: ex:process_respiratory_rate_9279_1
	Value Node: ex:status_completed
	Result Path: sulo:hasStatus
	Message: Only the 24 properties declared in the CHR schema (plus rdf:type and rdfs:label) may be used on an individual.
Constraint Violation in ClosedConstraintComponent (http://www.w3.org/ns/shacl#ClosedConstraintComponent):
	Severity: sh:Violation
	Source Shape: chr:SchemaPropertyVocabularyShape
	Focus Node: ex:process_sodium_blood_2947_0
	Value Node: <https://loinc.org/2947-0>
	Result Path: <https://w3id.org/shexmap/resource/ontology-schema/d285f599-dc2e-4bd83f3-df21defa8821/hasCode>
	Message: Only the 24 properties declared in the CHR schema (plus rdf:type and rdfs:label) may be used on an individual.
Constraint Violation in ClosedConstraintComponent (http://www.w3.org/ns/shacl#ClosedConstraintComponent):
	Severity: sh:Violation
	Source Shape: chr:SchemaPropertyVocabularyShape
	Focus Node: ex:process_sodium_blood_2947_0
	Value Node: Literal("2014-02-19T15:47:23+01:00" = 2014-02-19 15:47:23+01:00, datatype=xsd:dateTime)
	Result Path: <https://w3id.org/shexmap/resource/ontology-schema/d285f599-dc2e-4bd8-83f3-df21defa8821/hasPerformedDate>
	Message: Only the 24 properties declared in the CHR schema (plus rdf:type and rdfs:label) may be used on an individual.
Constraint Violation in ClosedConstraintComponent (http://www.w3.org/ns/shacl#ClosedConstraintComponent):
	Severity: sh:Violation
	Source Shape: chr:SchemaPropertyVocabularyShape
	Focus Node: ex:process_sodium_blood_2947_0
	Value Node: ex:Bryant814_Clarence5_Grimes165
	Result Path: <https://w3id.org/shexmap/resource/ontology-schema/d285f599-dc2e-4bd8-83f3-df21defa8821/hasPatient>
	Message: Only the 24 properties declared in the CHR schema (plus rdf:type and rdfs:label) may be used on an individual.
Constraint Violation in ClosedConstraintComponent (http://www.w3.org/ns/shacl#ClosedConstraintComponent):
	Severity: sh:Violation
	Source Shape: chr:SchemaPropertyVocabularyShape
	Focus Node: ex:process_sodium_blood_2947_0
	Value Node: ex:Dr_Dana512_Wilkinson796
	Result Path: <https://w3id.org/shexmap/resource/ontology-schema/d285f599-dc2e-4bd8-83f3-df21defa8821/hasPerformer>
	Message: Only the 24 properties declared in the CHR schema (plus rdf:type and rdfs:label) may be used on an individual.
Constraint Violation in ClosedConstraintComponent (http://www.w3.org/ns/shacl#ClosedConstraintComponent):
	Severity: sh:Violation
	Source Shape: chr:SchemaPropertyVocabularyShape
	Focus Node: ex:process_sodium_blood_2947_0
	Value Node: ex:measurement_sodium_blood_2947_0
	Result Path: <https://w3id.org/shexmap/resource/ontology-schema/d285f599-dc2e-4bd8-83f3-df21defa8821/hasResult>
	Message: Only the 24 properties declared in the CHR schema (plus rdf:type and rdfs:label) may be used on an individual.
Constraint Violation in ClosedConstraintComponent (http://www.w3.org/ns/shacl#ClosedConstraintComponent):
	Severity: sh:Violation
	Source Shape: chr:SchemaPropertyVocabularyShape
	Focus Node: ex:process_sodium_blood_2947_0
	Value Node: ex:status_completed
	Result Path: <https://w3id.org/shexmap/resource/ontology-schema/d285f599-dc2e-4bd8-83f3-df21defa8821/hasStatus>
	Message: Only the 24 properties declared in the CHR schema (plus rdf:type and rdfs:label) may be used on an individual.
Constraint Violation in ClosedConstraintComponent (http://www.w3.org/ns/shacl#ClosedConstraintComponent):
	Severity: sh:Violation
	Source Shape: chr:SchemaPropertyVocabularyShape
	Focus Node: ex:process_sodium_blood_2947_0
	Value Node: ex:status_completed
	Result Path: sulo:hasStatus
	Message: Only the 24 properties declared in the CHR schema (plus rdf:type and rdfs:label) may be used on an individual.
Constraint Violation in ClosedConstraintComponent (http://www.w3.org/ns/shacl#ClosedConstraintComponent):
	Severity: sh:Violation
	Source Shape: chr:SchemaPropertyVocabularyShape
	Focus Node: ex:process_sodium_serum_2951_2
	Value Node: <https://loinc.org/2951-2>
	Result Path: <https://w3id.org/shexmap/resource/ontology-schema/d285f599-dc2e-4bd83f3-df21defa8821/hasCode>
	Message: Only the 24 properties declared in the CHR schema (plus rdf:type and rdfs:label) may be used on an individual.
Constraint Violation in ClosedConstraintComponent (http://www.w3.org/ns/shacl#ClosedConstraintComponent):
	Severity: sh:Violation
	Source Shape: chr:SchemaPropertyVocabularyShape
	Focus Node: ex:process_sodium_serum_2951_2
	Value Node: Literal("2014-02-19T15:47:23+01:00" = 2014-02-19 15:47:23+01:00, datatype=xsd:dateTime)
	Result Path: <https://w3id.org/shexmap/resource/ontology-schema/d285f599-dc2e-4bd8-83f3-df21defa8821/hasPerformedDate>
	Message: Only the 24 properties declared in the CHR schema (plus rdf:type and rdfs:label) may be used on an individual.
Constraint Violation in ClosedConstraintComponent (http://www.w3.org/ns/shacl#ClosedConstraintComponent):
	Severity: sh:Violation
	Source Shape: chr:SchemaPropertyVocabularyShape
	Focus Node: ex:process_sodium_serum_2951_2
	Value Node: ex:Bryant814_Clarence5_Grimes165
	Result Path: <https://w3id.org/shexmap/resource/ontology-schema/d285f599-dc2e-4bd8-83f3-df21defa8821/hasPatient>
	Message: Only the 24 properties declared in the CHR schema (plus rdf:type and rdfs:label) may be used on an individual.
Constraint Violation in ClosedConstraintComponent (http://www.w3.org/ns/shacl#ClosedConstraintComponent):
	Severity: sh:Violation
	Source Shape: chr:SchemaPropertyVocabularyShape
	Focus Node: ex:process_sodium_serum_2951_2
	Value Node: ex:Dr_Dana512_Wilkinson796
	Result Path: <https://w3id.org/shexmap/resource/ontology-schema/d285f599-dc2e-4bd8-83f3-df21defa8821/hasPerformer>
	Message: Only the 24 properties declared in the CHR schema (plus rdf:type and rdfs:label) may be used on an individual.
Constraint Violation in ClosedConstraintComponent (http://www.w3.org/ns/shacl#ClosedConstraintComponent):
	Severity: sh:Violation
	Source Shape: chr:SchemaPropertyVocabularyShape
	Focus Node: ex:process_sodium_serum_2951_2
	Value Node: ex:measurement_sodium_serum_2951_2
	Result Path: <https://w3id.org/shexmap/resource/ontology-schema/d285f599-dc2e-4bd8-83f3-df21defa8821/hasResult>
	Message: Only the 24 properties declared in the CHR schema (plus rdf:type and rdfs:label) may be used on an individual.
Constraint Violation in ClosedConstraintComponent (http://www.w3.org/ns/shacl#ClosedConstraintComponent):
	Severity: sh:Violation
	Source Shape: chr:SchemaPropertyVocabularyShape
	Focus Node: ex:process_sodium_serum_2951_2
	Value Node: ex:status_completed
	Result Path: <https://w3id.org/shexmap/resource/ontology-schema/d285f599-dc2e-4bd8-83f3-df21defa8821/hasStatus>
	Message: Only the 24 properties declared in the CHR schema (plus rdf:type and rdfs:label) may be used on an individual.
Constraint Violation in ClosedConstraintComponent (http://www.w3.org/ns/shacl#ClosedConstraintComponent):
	Severity: sh:Violation
	Source Shape: chr:SchemaPropertyVocabularyShape
	Focus Node: ex:process_sodium_serum_2951_2
	Value Node: ex:status_completed
	Result Path: sulo:hasStatus
	Message: Only the 24 properties declared in the CHR schema (plus rdf:type and rdfs:label) may be used on an individual.
Constraint Violation in ClosedConstraintComponent (http://www.w3.org/ns/shacl#ClosedConstraintComponent):
	Severity: sh:Violation
	Source Shape: chr:SchemaPropertyVocabularyShape
	Focus Node: ex:process_specific_gravity_urine_5811_5
	Value Node: <https://loinc.org/5811-5>
	Result Path: <https://w3id.org/shexmap/resource/ontology-schema/d285f599-dc2e-4bd83f3-df21defa8821/hasCode>
	Message: Only the 24 properties declared in the CHR schema (plus rdf:type and rdfs:label) may be used on an individual.
Constraint Violation in ClosedConstraintComponent (http://www.w3.org/ns/shacl#ClosedConstraintComponent):
	Severity: sh:Violation
	Source Shape: chr:SchemaPropertyVocabularyShape
	Focus Node: ex:process_specific_gravity_urine_5811_5
	Value Node: Literal("2014-02-19T15:47:23+01:00" = 2014-02-19 15:47:23+01:00, datatype=xsd:dateTime)
	Result Path: <https://w3id.org/shexmap/resource/ontology-schema/d285f599-dc2e-4bd8-83f3-df21defa8821/hasPerformedDate>
	Message: Only the 24 properties declared in the CHR schema (plus rdf:type and rdfs:label) may be used on an individual.
Constraint Violation in ClosedConstraintComponent (http://www.w3.org/ns/shacl#ClosedConstraintComponent):
	Severity: sh:Violation
	Source Shape: chr:SchemaPropertyVocabularyShape
	Focus Node: ex:process_specific_gravity_urine_5811_5
	Value Node: ex:Bryant814_Clarence5_Grimes165
	Result Path: <https://w3id.org/shexmap/resource/ontology-schema/d285f599-dc2e-4bd8-83f3-df21defa8821/hasPatient>
	Message: Only the 24 properties declared in the CHR schema (plus rdf:type and rdfs:label) may be used on an individual.
Constraint Violation in ClosedConstraintComponent (http://www.w3.org/ns/shacl#ClosedConstraintComponent):
	Severity: sh:Violation
	Source Shape: chr:SchemaPropertyVocabularyShape
	Focus Node: ex:process_specific_gravity_urine_5811_5
	Value Node: ex:Dr_Dana512_Wilkinson796
	Result Path: <https://w3id.org/shexmap/resource/ontology-schema/d285f599-dc2e-4bd8-83f3-df21defa8821/hasPerformer>
	Message: Only the 24 properties declared in the CHR schema (plus rdf:type and rdfs:label) may be used on an individual.
Constraint Violation in ClosedConstraintComponent (http://www.w3.org/ns/shacl#ClosedConstraintComponent):
	Severity: sh:Violation
	Source Shape: chr:SchemaPropertyVocabularyShape
	Focus Node: ex:process_specific_gravity_urine_5811_5
	Value Node: ex:measurement_specific_gravity_urine_5811_5
	Result Path: <https://w3id.org/shexmap/resource/ontology-schema/d285f599-dc2e-4bd8-83f3-df21defa8821/hasResult>
	Message: Only the 24 properties declared in the CHR schema (plus rdf:type and rdfs:label) may be used on an individual.
Constraint Violation in ClosedConstraintComponent (http://www.w3.org/ns/shacl#ClosedConstraintComponent):
	Severity: sh:Violation
	Source Shape: chr:SchemaPropertyVocabularyShape
	Focus Node: ex:process_specific_gravity_urine_5811_5
	Value Node: ex:status_completed
	Result Path: <https://w3id.org/shexmap/resource/ontology-schema/d285f599-dc2e-4bd8-83f3-df21defa8821/hasStatus>
	Message: Only the 24 properties declared in the CHR schema (plus rdf:type and rdfs:label) may be used on an individual.
Constraint Violation in ClosedConstraintComponent (http://www.w3.org/ns/shacl#ClosedConstraintComponent):
	Severity: sh:Violation
	Source Shape: chr:SchemaPropertyVocabularyShape
	Focus Node: ex:process_specific_gravity_urine_5811_5
	Value Node: ex:status_completed
	Result Path: sulo:hasStatus
	Message: Only the 24 properties declared in the CHR schema (plus rdf:type and rdfs:label) may be used on an individual.
Constraint Violation in ClosedConstraintComponent (http://www.w3.org/ns/shacl#ClosedConstraintComponent):
	Severity: sh:Violation
	Source Shape: chr:SchemaPropertyVocabularyShape
	Focus Node: ex:process_total_score_dast10_82667_7
	Value Node: <https://loinc.org/82667-7>
	Result Path: <https://w3id.org/shexmap/resource/ontology-schema/d285f599-dc2e-4bd83f3-df21defa8821/hasCode>
	Message: Only the 24 properties declared in the CHR schema (plus rdf:type and rdfs:label) may be used on an individual.
Constraint Violation in ClosedConstraintComponent (http://www.w3.org/ns/shacl#ClosedConstraintComponent):
	Severity: sh:Violation
	Source Shape: chr:SchemaPropertyVocabularyShape
	Focus Node: ex:process_total_score_dast10_82667_7
	Value Node: ex:status_completed
	Result Path: sulo:hasStatus
	Message: Only the 24 properties declared in the CHR schema (plus rdf:type and rdfs:label) may be used on an individual.
Constraint Violation in ClosedConstraintComponent (http://www.w3.org/ns/shacl#ClosedConstraintComponent):
	Severity: sh:Violation
	Source Shape: chr:SchemaPropertyVocabularyShape
	Focus Node: ex:process_total_score_hark_76504_0
	Value Node: <https://loinc.org/76504-0>
	Result Path: <https://w3id.org/shexmap/resource/ontology-schema/d285f599-dc2e-4bd83f3-df21defa8821/hasCode>
	Message: Only the 24 properties declared in the CHR schema (plus rdf:type and rdfs:label) may be used on an individual.
Constraint Violation in ClosedConstraintComponent (http://www.w3.org/ns/shacl#ClosedConstraintComponent):
	Severity: sh:Violation
	Source Shape: chr:SchemaPropertyVocabularyShape
	Focus Node: ex:process_total_score_hark_76504_0
	Value Node: ex:status_completed
	Result Path: sulo:hasStatus
	Message: Only the 24 properties declared in the CHR schema (plus rdf:type and rdfs:label) may be used on an individual.
Constraint Violation in ClosedConstraintComponent (http://www.w3.org/ns/shacl#ClosedConstraintComponent):
	Severity: sh:Violation
	Source Shape: chr:SchemaPropertyVocabularyShape
	Focus Node: ex:process_urea_nitrogen_blood_6299_2
	Value Node: <https://loinc.org/6299-2>
	Result Path: <https://w3id.org/shexmap/resource/ontology-schema/d285f599-dc2e-4bd83f3-df21defa8821/hasCode>
	Message: Only the 24 properties declared in the CHR schema (plus rdf:type and rdfs:label) may be used on an individual.
Constraint Violation in ClosedConstraintComponent (http://www.w3.org/ns/shacl#ClosedConstraintComponent):
	Severity: sh:Violation
	Source Shape: chr:SchemaPropertyVocabularyShape
	Focus Node: ex:process_urea_nitrogen_blood_6299_2
	Value Node: Literal("2014-02-19T15:47:23+01:00" = 2014-02-19 15:47:23+01:00, datatype=xsd:dateTime)
	Result Path: <https://w3id.org/shexmap/resource/ontology-schema/d285f599-dc2e-4bd8-83f3-df21defa8821/hasPerformedDate>
	Message: Only the 24 properties declared in the CHR schema (plus rdf:type and rdfs:label) may be used on an individual.
Constraint Violation in ClosedConstraintComponent (http://www.w3.org/ns/shacl#ClosedConstraintComponent):
	Severity: sh:Violation
	Source Shape: chr:SchemaPropertyVocabularyShape
	Focus Node: ex:process_urea_nitrogen_blood_6299_2
	Value Node: ex:Bryant814_Clarence5_Grimes165
	Result Path: <https://w3id.org/shexmap/resource/ontology-schema/d285f599-dc2e-4bd8-83f3-df21defa8821/hasPatient>
	Message: Only the 24 properties declared in the CHR schema (plus rdf:type and rdfs:label) may be used on an individual.
Constraint Violation in ClosedConstraintComponent (http://www.w3.org/ns/shacl#ClosedConstraintComponent):
	Severity: sh:Violation
	Source Shape: chr:SchemaPropertyVocabularyShape
	Focus Node: ex:process_urea_nitrogen_blood_6299_2
	Value Node: ex:Dr_Dana512_Wilkinson796
	Result Path: <https://w3id.org/shexmap/resource/ontology-schema/d285f599-dc2e-4bd8-83f3-df21defa8821/hasPerformer>
	Message: Only the 24 properties declared in the CHR schema (plus rdf:type and rdfs:label) may be used on an individual.
Constraint Violation in ClosedConstraintComponent (http://www.w3.org/ns/shacl#ClosedConstraintComponent):
	Severity: sh:Violation
	Source Shape: chr:SchemaPropertyVocabularyShape
	Focus Node: ex:process_urea_nitrogen_blood_6299_2
	Value Node: ex:measurement_urea_nitrogen_blood_6299_2
	Result Path: <https://w3id.org/shexmap/resource/ontology-schema/d285f599-dc2e-4bd8-83f3-df21defa8821/hasResult>
	Message: Only the 24 properties declared in the CHR schema (plus rdf:type and rdfs:label) may be used on an individual.
Constraint Violation in ClosedConstraintComponent (http://www.w3.org/ns/shacl#ClosedConstraintComponent):
	Severity: sh:Violation
	Source Shape: chr:SchemaPropertyVocabularyShape
	Focus Node: ex:process_urea_nitrogen_blood_6299_2
	Value Node: ex:status_completed
	Result Path: <https://w3id.org/shexmap/resource/ontology-schema/d285f599-dc2e-4bd8-83f3-df21defa8821/hasStatus>
	Message: Only the 24 properties declared in the CHR schema (plus rdf:type and rdfs:label) may be used on an individual.
Constraint Violation in ClosedConstraintComponent (http://www.w3.org/ns/shacl#ClosedConstraintComponent):
	Severity: sh:Violation
	Source Shape: chr:SchemaPropertyVocabularyShape
	Focus Node: ex:process_urea_nitrogen_blood_6299_2
	Value Node: ex:status_completed
	Result Path: sulo:hasStatus
	Message: Only the 24 properties declared in the CHR schema (plus rdf:type and rdfs:label) may be used on an individual.
Constraint Violation in ClosedConstraintComponent (http://www.w3.org/ns/shacl#ClosedConstraintComponent):
	Severity: sh:Violation
	Source Shape: chr:SchemaPropertyVocabularyShape
	Focus Node: ex:process_urea_nitrogen_serum_3094_0
	Value Node: <https://loinc.org/3094-0>
	Result Path: <https://w3id.org/shexmap/resource/ontology-schema/d285f599-dc2e-4bd83f3-df21defa8821/hasCode>
	Message: Only the 24 properties declared in the CHR schema (plus rdf:type and rdfs:label) may be used on an individual.
Constraint Violation in ClosedConstraintComponent (http://www.w3.org/ns/shacl#ClosedConstraintComponent):
	Severity: sh:Violation
	Source Shape: chr:SchemaPropertyVocabularyShape
	Focus Node: ex:process_urea_nitrogen_serum_3094_0
	Value Node: Literal("2014-02-19T15:47:23+01:00" = 2014-02-19 15:47:23+01:00, datatype=xsd:dateTime)
	Result Path: <https://w3id.org/shexmap/resource/ontology-schema/d285f599-dc2e-4bd8-83f3-df21defa8821/hasPerformedDate>
	Message: Only the 24 properties declared in the CHR schema (plus rdf:type and rdfs:label) may be used on an individual.
Constraint Violation in ClosedConstraintComponent (http://www.w3.org/ns/shacl#ClosedConstraintComponent):
	Severity: sh:Violation
	Source Shape: chr:SchemaPropertyVocabularyShape
	Focus Node: ex:process_urea_nitrogen_serum_3094_0
	Value Node: ex:Bryant814_Clarence5_Grimes165
	Result Path: <https://w3id.org/shexmap/resource/ontology-schema/d285f599-dc2e-4bd8-83f3-df21defa8821/hasPatient>
	Message: Only the 24 properties declared in the CHR schema (plus rdf:type and rdfs:label) may be used on an individual.
Constraint Violation in ClosedConstraintComponent (http://www.w3.org/ns/shacl#ClosedConstraintComponent):
	Severity: sh:Violation
	Source Shape: chr:SchemaPropertyVocabularyShape
	Focus Node: ex:process_urea_nitrogen_serum_3094_0
	Value Node: ex:Dr_Dana512_Wilkinson796
	Result Path: <https://w3id.org/shexmap/resource/ontology-schema/d285f599-dc2e-4bd8-83f3-df21defa8821/hasPerformer>
	Message: Only the 24 properties declared in the CHR schema (plus rdf:type and rdfs:label) may be used on an individual.
Constraint Violation in ClosedConstraintComponent (http://www.w3.org/ns/shacl#ClosedConstraintComponent):
	Severity: sh:Violation
	Source Shape: chr:SchemaPropertyVocabularyShape
	Focus Node: ex:process_urea_nitrogen_serum_3094_0
	Value Node: ex:measurement_urea_nitrogen_serum_3094_0
	Result Path: <https://w3id.org/shexmap/resource/ontology-schema/d285f599-dc2e-4bd8-83f3-df21defa8821/hasResult>
	Message: Only the 24 properties declared in the CHR schema (plus rdf:type and rdfs:label) may be used on an individual.
Constraint Violation in ClosedConstraintComponent (http://www.w3.org/ns/shacl#ClosedConstraintComponent):
	Severity: sh:Violation
	Source Shape: chr:SchemaPropertyVocabularyShape
	Focus Node: ex:process_urea_nitrogen_serum_3094_0
	Value Node: ex:status_completed
	Result Path: <https://w3id.org/shexmap/resource/ontology-schema/d285f599-dc2e-4bd8-83f3-df21defa8821/hasStatus>
	Message: Only the 24 properties declared in the CHR schema (plus rdf:type and rdfs:label) may be used on an individual.
Constraint Violation in ClosedConstraintComponent (http://www.w3.org/ns/shacl#ClosedConstraintComponent):
	Severity: sh:Violation
	Source Shape: chr:SchemaPropertyVocabularyShape
	Focus Node: ex:process_urea_nitrogen_serum_3094_0
	Value Node: ex:status_completed
	Result Path: sulo:hasStatus
	Message: Only the 24 properties declared in the CHR schema (plus rdf:type and rdfs:label) may be used on an individual.
Constraint Violation in ClosedConstraintComponent (http://www.w3.org/ns/shacl#ClosedConstraintComponent):
	Severity: sh:Violation
	Source Shape: chr:SchemaPropertyVocabularyShape
	Focus Node: ex:unit_cm
	Value Node: <https://biomedit.ch/rdf/sphn-resource/ucum/cm>
	Result Path: <https://w3id.org/shexmap/resource/ontology-schema/d285f599-dc2e-4bd8-83f3-df21defa8821/hasCode>
	Message: Only the 24 properties declared in the CHR schema (plus rdf:type and rdfs:label) may be used on an individual.
Constraint Violation in ClosedConstraintComponent (http://www.w3.org/ns/shacl#ClosedConstraintComponent):
	Severity: sh:Violation
	Source Shape: chr:SchemaPropertyVocabularyShape
	Focus Node: ex:unit_kg
	Value Node: <https://biomedit.ch/rdf/sphn-resource/ucum/kg>
	Result Path: <https://w3id.org/shexmap/resource/ontology-schema/d285f599-dc2e-4bd8-83f3-df21defa8821/hasCode>
	Message: Only the 24 properties declared in the CHR schema (plus rdf:type and rdfs:label) may be used on an individual.
Constraint Violation in ClosedConstraintComponent (http://www.w3.org/ns/shacl#ClosedConstraintComponent):
	Severity: sh:Violation
	Source Shape: chr:SchemaPropertyVocabularyShape
	Focus Node: ex:unit_kg_per_m2
	Value Node: <https://biomedit.ch/rdf/sphn-resource/ucum/kgperm2>
	Result Path: <https://w3id.org/shexmap/resource/ontology-schema/d285f599-dc2e-4bd8-83f3-df21defa8821/hasCode>
	Message: Only the 24 properties declared in the CHR schema (plus rdf:type and rdfs:label) may be used on an individual.
Constraint Violation in ClosedConstraintComponent (http://www.w3.org/ns/shacl#ClosedConstraintComponent):
	Severity: sh:Violation
	Source Shape: chr:SchemaPropertyVocabularyShape
	Focus Node: ex:unit_mg_dL
	Value Node: <https://biomedit.ch/rdf/sphn-resource/ucum/mgperdL>
	Result Path: <https://w3id.org/shexmap/resource/ontology-schema/d285f599-dc2e-4bd8-83f3-df21defa8821/hasCode>
	Message: Only the 24 properties declared in the CHR schema (plus rdf:type and rdfs:label) may be used on an individual.
Constraint Violation in ClosedConstraintComponent (http://www.w3.org/ns/shacl#ClosedConstraintComponent):
	Severity: sh:Violation
	Source Shape: chr:SchemaPropertyVocabularyShape
	Focus Node: ex:unit_ml_per_min_per_1.73_m2
	Value Node: <https://biomedit.ch/rdf/sphn-resource/ucum/mLperminper1.73m2>
	Result Path: <https://w3id.org/shexmap/resource/ontology-schema/d285f599-dc2e-4bd8-83f3-df21defa8821/hasCode>
	Message: Only the 24 properties declared in the CHR schema (plus rdf:type and rdfs:label) may be used on an individual.
Constraint Violation in ClosedConstraintComponent (http://www.w3.org/ns/shacl#ClosedConstraintComponent):
	Severity: sh:Violation
	Source Shape: chr:SchemaPropertyVocabularyShape
	Focus Node: ex:unit_mmol_L
	Value Node: <https://biomedit.ch/rdf/sphn-resource/ucum/mmolperL>
	Result Path: <https://w3id.org/shexmap/resource/ontology-schema/d285f599-dc2e-4bd8-83f3-df21defa8821/hasCode>
	Message: Only the 24 properties declared in the CHR schema (plus rdf:type and rdfs:label) may be used on an individual.
Constraint Violation in ClosedConstraintComponent (http://www.w3.org/ns/shacl#ClosedConstraintComponent):
	Severity: sh:Violation
	Source Shape: chr:SchemaPropertyVocabularyShape
	Focus Node: ex:unit_nominal
	Value Node: <https://biomedit.ch/rdf/sphn-resource/ucum/cblnominalcbr>
	Result Path: <https://w3id.org/shexmap/resource/ontology-schema/d285f599-dc2e-4bd8-83f3-df21defa8821/hasCode>
	Message: Only the 24 properties declared in the CHR schema (plus rdf:type and rdfs:label) may be used on an individual.
Constraint Violation in ClosedConstraintComponent (http://www.w3.org/ns/shacl#ClosedConstraintComponent):
	Severity: sh:Violation
	Source Shape: chr:SchemaPropertyVocabularyShape
	Focus Node: ex:unit_per_min
	Value Node: <https://biomedit.ch/rdf/sphn-resource/ucum/permin>
	Result Path: <https://w3id.org/shexmap/resource/ontology-schema/d285f599-dc2e-4bd8-83f3-df21defa8821/hasCode>
	Message: Only the 24 properties declared in the CHR schema (plus rdf:type and rdfs:label) may be used on an individual.
Constraint Violation in ClosedConstraintComponent (http://www.w3.org/ns/shacl#ClosedConstraintComponent):
	Severity: sh:Violation
	Source Shape: chr:SchemaPropertyVocabularyShape
	Focus Node: ex:unit_percent
	Value Node: <https://biomedit.ch/rdf/sphn-resource/ucum/percent>
	Result Path: <https://w3id.org/shexmap/resource/ontology-schema/d285f599-dc2e-4bd8-83f3-df21defa8821/hasCode>
	Message: Only the 24 properties declared in the CHR schema (plus rdf:type and rdfs:label) may be used on an individual.
Constraint Violation in ClosedConstraintComponent (http://www.w3.org/ns/shacl#ClosedConstraintComponent):
	Severity: sh:Violation
	Source Shape: chr:SchemaPropertyVocabularyShape
	Focus Node: ex:unit_score
	Value Node: <https://biomedit.ch/rdf/sphn-resource/ucum/cblscorecbr>
	Result Path: <https://w3id.org/shexmap/resource/ontology-schema/d285f599-dc2e-4bd8-83f3-df21defa8821/hasCode>
	Message: Only the 24 properties declared in the CHR schema (plus rdf:type and rdfs:label) may be used on an individual.
Constraint Violation in ClosedConstraintComponent (http://www.w3.org/ns/shacl#ClosedConstraintComponent):
	Severity: sh:Violation
	Source Shape: chr:SchemaPropertyVocabularyShape
	Focus Node: ex:visit_20140219T154723
	Value Node: Literal("2014-02-19T15:47:23+01:00" = 2014-02-19 15:47:23+01:00, datatype=xsd:dateTime)
	Result Path: <https://w3id.org/shexmap/resource/ontology-schema/d285f599-dc2e-4bd8-83f3-df21defa8821/hasDate>
	Message: Only the 24 properties declared in the CHR schema (plus rdf:type and rdfs:label) may be used on an individual.
Constraint Violation in ClosedConstraintComponent (http://www.w3.org/ns/shacl#ClosedConstraintComponent):
	Severity: sh:Violation
	Source Shape: chr:SchemaPropertyVocabularyShape
	Focus Node: ex:visit_20140219T154723
	Value Node: ex:Bryant814_Clarence5_Grimes165
	Result Path: <https://w3id.org/shexmap/resource/ontology-schema/d285f599-dc2e-4bd8-83f3-df21defa8821/hasPatient>
	Message: Only the 24 properties declared in the CHR schema (plus rdf:type and rdfs:label) may be used on an individual.
Constraint Violation in ClosedConstraintComponent (http://www.w3.org/ns/shacl#ClosedConstraintComponent):
	Severity: sh:Violation
	Source Shape: chr:SchemaPropertyVocabularyShape
	Focus Node: ex:visit_20140219T154723
	Value Node: ex:Dr_Dana512_Wilkinson796
	Result Path: <https://w3id.org/shexmap/resource/ontology-schema/d285f599-dc2e-4bd8-83f3-df21defa8821/hasCareProvider>
	Message: Only the 24 properties declared in the CHR schema (plus rdf:type and rdfs:label) may be used on an individual.
Constraint Violation in ClosedConstraintComponent (http://www.w3.org/ns/shacl#ClosedConstraintComponent):
	Severity: sh:Violation
	Source Shape: chr:SchemaPropertyVocabularyShape
	Focus Node: ex:visit_20140219T154723
	Value Node: ex:URGENT_CARE_PHYSICIANS_PC
	Result Path: <https://w3id.org/shexmap/resource/ontology-schema/d285f599-dc2e-4bd8-83f3-df21defa8821/hasCareUnit>
	Message: Only the 24 properties declared in the CHR schema (plus rdf:type and rdfs:label) may be used on an individual.
Constraint Violation in ClosedConstraintComponent (http://www.w3.org/ns/shacl#ClosedConstraintComponent):
	Severity: sh:Violation
	Source Shape: chr:SchemaPropertyVocabularyShape
	Focus Node: ex:visit_20140219T154723
	Value Node: ex:evaluation_medication_review_20140219T154723
	Result Path: <https://w3id.org/shexmap/resource/ontology-schema/d285f599-dc2e-4bd8-83f3-df21defa8821/hasProcedure>
	Message: Only the 24 properties declared in the CHR schema (plus rdf:type and rdfs:label) may be used on an individual.
Constraint Violation in ClosedConstraintComponent (http://www.w3.org/ns/shacl#ClosedConstraintComponent):
	Severity: sh:Violation
	Source Shape: chr:SchemaPropertyVocabularyShape
	Focus Node: ex:visit_20140219T154723
	Value Node: ex:evaluation_social_isolation_20140219T163549
	Result Path: <https://w3id.org/shexmap/resource/ontology-schema/d285f599-dc2e-4bd8-83f3-df21defa8821/hasProcedure>
	Message: Only the 24 properties declared in the CHR schema (plus rdf:type and rdfs:label) may be used on an individual.
Constraint Violation in ClosedConstraintComponent (http://www.w3.org/ns/shacl#ClosedConstraintComponent):
	Severity: sh:Violation
	Source Shape: chr:SchemaPropertyVocabularyShape
	Focus Node: ex:visit_20140219T154723
	Value Node: ex:procedure_bilirubin_urine_20505_4
	Result Path: <https://w3id.org/shexmap/resource/ontology-schema/d285f599-dc2e-4bd8-83f3-df21defa8821/hasProcedure>
	Message: Only the 24 properties declared in the CHR schema (plus rdf:type and rdfs:label) may be used on an individual.
Constraint Violation in ClosedConstraintComponent (http://www.w3.org/ns/shacl#ClosedConstraintComponent):
	Severity: sh:Violation
	Source Shape: chr:SchemaPropertyVocabularyShape
	Focus Node: ex:visit_20140219T154723
	Value Node: ex:procedure_bmi_39156_5
	Result Path: <https://w3id.org/shexmap/resource/ontology-schema/d285f599-dc2e-4bd8-83f3-df21defa8821/hasProcedure>
	Message: Only the 24 properties declared in the CHR schema (plus rdf:type and rdfs:label) may be used on an individual.
Constraint Violation in ClosedConstraintComponent (http://www.w3.org/ns/shacl#ClosedConstraintComponent):
	Severity: sh:Violation
	Source Shape: chr:SchemaPropertyVocabularyShape
	Focus Node: ex:visit_20140219T154723
	Value Node: ex:procedure_body_height_8302_2
	Result Path: <https://w3id.org/shexmap/resource/ontology-schema/d285f599-dc2e-4bd8-83f3-df21defa8821/hasProcedure>
	Message: Only the 24 properties declared in the CHR schema (plus rdf:type and rdfs:label) may be used on an individual.
Constraint Violation in ClosedConstraintComponent (http://www.w3.org/ns/shacl#ClosedConstraintComponent):
	Severity: sh:Violation
	Source Shape: chr:SchemaPropertyVocabularyShape
	Focus Node: ex:visit_20140219T154723
	Value Node: ex:procedure_body_weight_29463_7
	Result Path: <https://w3id.org/shexmap/resource/ontology-schema/d285f599-dc2e-4bd8-83f3-df21defa8821/hasProcedure>
	Message: Only the 24 properties declared in the CHR schema (plus rdf:type and rdfs:label) may be used on an individual.
Constraint Violation in ClosedConstraintComponent (http://www.w3.org/ns/shacl#ClosedConstraintComponent):
	Severity: sh:Violation
	Source Shape: chr:SchemaPropertyVocabularyShape
	Focus Node: ex:visit_20140219T154723
	Value Node: ex:procedure_calcium_blood_49765_1
	Result Path: <https://w3id.org/shexmap/resource/ontology-schema/d285f599-dc2e-4bd8-83f3-df21defa8821/hasProcedure>
	Message: Only the 24 properties declared in the CHR schema (plus rdf:type and rdfs:label) may be used on an individual.
Constraint Violation in ClosedConstraintComponent (http://www.w3.org/ns/shacl#ClosedConstraintComponent):
	Severity: sh:Violation
	Source Shape: chr:SchemaPropertyVocabularyShape
	Focus Node: ex:visit_20140219T154723
	Value Node: ex:procedure_calcium_serum_17861_6
	Result Path: <https://w3id.org/shexmap/resource/ontology-schema/d285f599-dc2e-4bd8-83f3-df21defa8821/hasProcedure>
	Message: Only the 24 properties declared in the CHR schema (plus rdf:type and rdfs:label) may be used on an individual.
Constraint Violation in ClosedConstraintComponent (http://www.w3.org/ns/shacl#ClosedConstraintComponent):
	Severity: sh:Violation
	Source Shape: chr:SchemaPropertyVocabularyShape
	Focus Node: ex:visit_20140219T154723
	Value Node: ex:procedure_carbon_dioxide_blood_20565_8
	Result Path: <https://w3id.org/shexmap/resource/ontology-schema/d285f599-dc2e-4bd8-83f3-df21defa8821/hasProcedure>
	Message: Only the 24 properties declared in the CHR schema (plus rdf:type and rdfs:label) may be used on an individual.
Constraint Violation in ClosedConstraintComponent (http://www.w3.org/ns/shacl#ClosedConstraintComponent):
	Severity: sh:Violation
	Source Shape: chr:SchemaPropertyVocabularyShape
	Focus Node: ex:visit_20140219T154723
	Value Node: ex:procedure_carbon_dioxide_serum_2028_9
	Result Path: <https://w3id.org/shexmap/resource/ontology-schema/d285f599-dc2e-4bd8-83f3-df21defa8821/hasProcedure>
	Message: Only the 24 properties declared in the CHR schema (plus rdf:type and rdfs:label) may be used on an individual.
Constraint Violation in ClosedConstraintComponent (http://www.w3.org/ns/shacl#ClosedConstraintComponent):
	Severity: sh:Violation
	Source Shape: chr:SchemaPropertyVocabularyShape
	Focus Node: ex:visit_20140219T154723
	Value Node: ex:procedure_chloride_blood_2069_3
	Result Path: <https://w3id.org/shexmap/resource/ontology-schema/d285f599-dc2e-4bd8-83f3-df21defa8821/hasProcedure>
	Message: Only the 24 properties declared in the CHR schema (plus rdf:type and rdfs:label) may be used on an individual.
Constraint Violation in ClosedConstraintComponent (http://www.w3.org/ns/shacl#ClosedConstraintComponent):
	Severity: sh:Violation
	Source Shape: chr:SchemaPropertyVocabularyShape
	Focus Node: ex:visit_20140219T154723
	Value Node: ex:procedure_chloride_serum_2075_0
	Result Path: <https://w3id.org/shexmap/resource/ontology-schema/d285f599-dc2e-4bd8-83f3-df21defa8821/hasProcedure>
	Message: Only the 24 properties declared in the CHR schema (plus rdf:type and rdfs:label) may be used on an individual.
Constraint Violation in ClosedConstraintComponent (http://www.w3.org/ns/shacl#ClosedConstraintComponent):
	Severity: sh:Violation
	Source Shape: chr:SchemaPropertyVocabularyShape
	Focus Node: ex:visit_20140219T154723
	Value Node: ex:procedure_creatinine_blood_38483_4
	Result Path: <https://w3id.org/shexmap/resource/ontology-schema/d285f599-dc2e-4bd8-83f3-df21defa8821/hasProcedure>
	Message: Only the 24 properties declared in the CHR schema (plus rdf:type and rdfs:label) may be used on an individual.
Constraint Violation in ClosedConstraintComponent (http://www.w3.org/ns/shacl#ClosedConstraintComponent):
	Severity: sh:Violation
	Source Shape: chr:SchemaPropertyVocabularyShape
	Focus Node: ex:visit_20140219T154723
	Value Node: ex:procedure_creatinine_serum_2160_0
	Result Path: <https://w3id.org/shexmap/resource/ontology-schema/d285f599-dc2e-4bd8-83f3-df21defa8821/hasProcedure>
	Message: Only the 24 properties declared in the CHR schema (plus rdf:type and rdfs:label) may be used on an individual.
Constraint Violation in ClosedConstraintComponent (http://www.w3.org/ns/shacl#ClosedConstraintComponent):
	Severity: sh:Violation
	Source Shape: chr:SchemaPropertyVocabularyShape
	Focus Node: ex:visit_20140219T154723
	Value Node: ex:procedure_gfr_serum_33914_3
	Result Path: <https://w3id.org/shexmap/resource/ontology-schema/d285f599-dc2e-4bd8-83f3-df21defa8821/hasProcedure>
	Message: Only the 24 properties declared in the CHR schema (plus rdf:type and rdfs:label) may be used on an individual.
Constraint Violation in ClosedConstraintComponent (http://www.w3.org/ns/shacl#ClosedConstraintComponent):
	Severity: sh:Violation
	Source Shape: chr:SchemaPropertyVocabularyShape
	Focus Node: ex:visit_20140219T154723
	Value Node: ex:procedure_glucose_blood_2339_0
	Result Path: <https://w3id.org/shexmap/resource/ontology-schema/d285f599-dc2e-4bd8-83f3-df21defa8821/hasProcedure>
	Message: Only the 24 properties declared in the CHR schema (plus rdf:type and rdfs:label) may be used on an individual.
Constraint Violation in ClosedConstraintComponent (http://www.w3.org/ns/shacl#ClosedConstraintComponent):
	Severity: sh:Violation
	Source Shape: chr:SchemaPropertyVocabularyShape
	Focus Node: ex:visit_20140219T154723
	Value Node: ex:procedure_glucose_serum_2345_7
	Result Path: <https://w3id.org/shexmap/resource/ontology-schema/d285f599-dc2e-4bd8-83f3-df21defa8821/hasProcedure>
	Message: Only the 24 properties declared in the CHR schema (plus rdf:type and rdfs:label) may be used on an individual.
Constraint Violation in ClosedConstraintComponent (http://www.w3.org/ns/shacl#ClosedConstraintComponent):
	Severity: sh:Violation
	Source Shape: chr:SchemaPropertyVocabularyShape
	Focus Node: ex:visit_20140219T154723
	Value Node: ex:procedure_glucose_urine_5792_7
	Result Path: <https://w3id.org/shexmap/resource/ontology-schema/d285f599-dc2e-4bd8-83f3-df21defa8821/hasProcedure>
	Message: Only the 24 properties declared in the CHR schema (plus rdf:type and rdfs:label) may be used on an individual.
Constraint Violation in ClosedConstraintComponent (http://www.w3.org/ns/shacl#ClosedConstraintComponent):
	Severity: sh:Violation
	Source Shape: chr:SchemaPropertyVocabularyShape
	Focus Node: ex:visit_20140219T154723
	Value Node: ex:procedure_heart_rate_8867_4
	Result Path: <https://w3id.org/shexmap/resource/ontology-schema/d285f599-dc2e-4bd8-83f3-df21defa8821/hasProcedure>
	Message: Only the 24 properties declared in the CHR schema (plus rdf:type and rdfs:label) may be used on an individual.
Constraint Violation in ClosedConstraintComponent (http://www.w3.org/ns/shacl#ClosedConstraintComponent):
	Severity: sh:Violation
	Source Shape: chr:SchemaPropertyVocabularyShape
	Focus Node: ex:visit_20140219T154723
	Value Node: ex:procedure_hemoglobin_a1c_4548_4
	Result Path: <https://w3id.org/shexmap/resource/ontology-schema/d285f599-dc2e-4bd8-83f3-df21defa8821/hasProcedure>
	Message: Only the 24 properties declared in the CHR schema (plus rdf:type and rdfs:label) may be used on an individual.
Constraint Violation in ClosedConstraintComponent (http://www.w3.org/ns/shacl#ClosedConstraintComponent):
	Severity: sh:Violation
	Source Shape: chr:SchemaPropertyVocabularyShape
	Focus Node: ex:visit_20140219T154723
	Value Node: ex:procedure_ketones_urine_5797_6
	Result Path: <https://w3id.org/shexmap/resource/ontology-schema/d285f599-dc2e-4bd8-83f3-df21defa8821/hasProcedure>
	Message: Only the 24 properties declared in the CHR schema (plus rdf:type and rdfs:label) may be used on an individual.
Constraint Violation in ClosedConstraintComponent (http://www.w3.org/ns/shacl#ClosedConstraintComponent):
	Severity: sh:Violation
	Source Shape: chr:SchemaPropertyVocabularyShape
	Focus Node: ex:visit_20140219T154723
	Value Node: ex:procedure_pain_severity_72514_3
	Result Path: <https://w3id.org/shexmap/resource/ontology-schema/d285f599-dc2e-4bd8-83f3-df21defa8821/hasProcedure>
	Message: Only the 24 properties declared in the CHR schema (plus rdf:type and rdfs:label) may be used on an individual.
Constraint Violation in ClosedConstraintComponent (http://www.w3.org/ns/shacl#ClosedConstraintComponent):
	Severity: sh:Violation
	Source Shape: chr:SchemaPropertyVocabularyShape
	Focus Node: ex:visit_20140219T154723
	Value Node: ex:procedure_ph_urine_5803_2
	Result Path: <https://w3id.org/shexmap/resource/ontology-schema/d285f599-dc2e-4bd8-83f3-df21defa8821/hasProcedure>
	Message: Only the 24 properties declared in the CHR schema (plus rdf:type and rdfs:label) may be used on an individual.
Constraint Violation in ClosedConstraintComponent (http://www.w3.org/ns/shacl#ClosedConstraintComponent):
	Severity: sh:Violation
	Source Shape: chr:SchemaPropertyVocabularyShape
	Focus Node: ex:visit_20140219T154723
	Value Node: ex:procedure_potassium_blood_6298_4
	Result Path: <https://w3id.org/shexmap/resource/ontology-schema/d285f599-dc2e-4bd8-83f3-df21defa8821/hasProcedure>
	Message: Only the 24 properties declared in the CHR schema (plus rdf:type and rdfs:label) may be used on an individual.
Constraint Violation in ClosedConstraintComponent (http://www.w3.org/ns/shacl#ClosedConstraintComponent):
	Severity: sh:Violation
	Source Shape: chr:SchemaPropertyVocabularyShape
	Focus Node: ex:visit_20140219T154723
	Value Node: ex:procedure_potassium_serum_2823_3
	Result Path: <https://w3id.org/shexmap/resource/ontology-schema/d285f599-dc2e-4bd8-83f3-df21defa8821/hasProcedure>
	Message: Only the 24 properties declared in the CHR schema (plus rdf:type and rdfs:label) may be used on an individual.
Constraint Violation in ClosedConstraintComponent (http://www.w3.org/ns/shacl#ClosedConstraintComponent):
	Severity: sh:Violation
	Source Shape: chr:SchemaPropertyVocabularyShape
	Focus Node: ex:visit_20140219T154723
	Value Node: ex:procedure_protein_urine_5804_0
	Result Path: <https://w3id.org/shexmap/resource/ontology-schema/d285f599-dc2e-4bd8-83f3-df21defa8821/hasProcedure>
	Message: Only the 24 properties declared in the CHR schema (plus rdf:type and rdfs:label) may be used on an individual.
Constraint Violation in ClosedConstraintComponent (http://www.w3.org/ns/shacl#ClosedConstraintComponent):
	Severity: sh:Violation
	Source Shape: chr:SchemaPropertyVocabularyShape
	Focus Node: ex:visit_20140219T154723
	Value Node: ex:procedure_respiratory_rate_9279_1
	Result Path: <https://w3id.org/shexmap/resource/ontology-schema/d285f599-dc2e-4bd8-83f3-df21defa8821/hasProcedure>
	Message: Only the 24 properties declared in the CHR schema (plus rdf:type and rdfs:label) may be used on an individual.
Constraint Violation in ClosedConstraintComponent (http://www.w3.org/ns/shacl#ClosedConstraintComponent):
	Severity: sh:Violation
	Source Shape: chr:SchemaPropertyVocabularyShape
	Focus Node: ex:visit_20140219T154723
	Value Node: ex:procedure_sodium_blood_2947_0
	Result Path: <https://w3id.org/shexmap/resource/ontology-schema/d285f599-dc2e-4bd8-83f3-df21defa8821/hasProcedure>
	Message: Only the 24 properties declared in the CHR schema (plus rdf:type and rdfs:label) may be used on an individual.
Constraint Violation in ClosedConstraintComponent (http://www.w3.org/ns/shacl#ClosedConstraintComponent):
	Severity: sh:Violation
	Source Shape: chr:SchemaPropertyVocabularyShape
	Focus Node: ex:visit_20140219T154723
	Value Node: ex:procedure_sodium_serum_2951_2
	Result Path: <https://w3id.org/shexmap/resource/ontology-schema/d285f599-dc2e-4bd8-83f3-df21defa8821/hasProcedure>
	Message: Only the 24 properties declared in the CHR schema (plus rdf:type and rdfs:label) may be used on an individual.
Constraint Violation in ClosedConstraintComponent (http://www.w3.org/ns/shacl#ClosedConstraintComponent):
	Severity: sh:Violation
	Source Shape: chr:SchemaPropertyVocabularyShape
	Focus Node: ex:visit_20140219T154723
	Value Node: ex:procedure_specific_gravity_urine_5811_5
	Result Path: <https://w3id.org/shexmap/resource/ontology-schema/d285f599-dc2e-4bd8-83f3-df21defa8821/hasProcedure>
	Message: Only the 24 properties declared in the CHR schema (plus rdf:type and rdfs:label) may be used on an individual.
Constraint Violation in ClosedConstraintComponent (http://www.w3.org/ns/shacl#ClosedConstraintComponent):
	Severity: sh:Violation
	Source Shape: chr:SchemaPropertyVocabularyShape
	Focus Node: ex:visit_20140219T154723
	Value Node: ex:procedure_urea_nitrogen_blood_6299_2
	Result Path: <https://w3id.org/shexmap/resource/ontology-schema/d285f599-dc2e-4bd8-83f3-df21defa8821/hasProcedure>
	Message: Only the 24 properties declared in the CHR schema (plus rdf:type and rdfs:label) may be used on an individual.
Constraint Violation in ClosedConstraintComponent (http://www.w3.org/ns/shacl#ClosedConstraintComponent):
	Severity: sh:Violation
	Source Shape: chr:SchemaPropertyVocabularyShape
	Focus Node: ex:visit_20140219T154723
	Value Node: ex:procedure_urea_nitrogen_serum_3094_0
	Result Path: <https://w3id.org/shexmap/resource/ontology-schema/d285f599-dc2e-4bd8-83f3-df21defa8821/hasProcedure>
	Message: Only the 24 properties declared in the CHR schema (plus rdf:type and rdfs:label) may be used on an individual.
Constraint Violation in HasValueConstraintComponent (http://www.w3.org/ns/shacl#HasValueConstraintComponent):
	Severity: sh:Violation
	Source Shape: [ sh:hasValue chr:CHRConcept ; sh:message Literal("rdf:type must be a class declared in the CHR schema (a subclass of chr:CHRConcept); this class is not in the schema.") ; sh:path [ sh:zeroOrMorePath rdfs:subClassOf ] ]
	Focus Node: ns1:MeasurementProcess
	Result Path: [ sh:zeroOrMorePath rdfs:subClassOf ]
	Message: rdf:type must be a class declared in the CHR schema (a subclass of chr:CHRConcept); this class is not in the schema.
Constraint Violation in HasValueConstraintComponent (http://www.w3.org/ns/shacl#HasValueConstraintComponent):
	Severity: sh:Violation
	Source Shape: [ sh:hasValue chr:CHRConcept ; sh:message Literal("rdf:type must be a class declared in the CHR schema (a subclass of chr:CHRConcept); this class is not in the schema.") ; sh:path [ sh:zeroOrMorePath rdfs:subClassOf ] ]
	Focus Node: ns1:ProcessStatus
	Result Path: [ sh:zeroOrMorePath rdfs:subClassOf ]
	Message: rdf:type must be a class declared in the CHR schema (a subclass of chr:CHRConcept); this class is not in the schema.
Constraint Violation in HasValueConstraintComponent (http://www.w3.org/ns/shacl#HasValueConstraintComponent):
	Severity: sh:Violation
	Source Shape: [ sh:hasValue chr:CHRConcept ; sh:message Literal("rdf:type must be a class declared in the CHR schema (a subclass of chr:CHRConcept); this class is not in the schema.") ; sh:path [ sh:zeroOrMorePath rdfs:subClassOf ] ]
	Focus Node: ns2:CarePlan
	Result Path: [ sh:zeroOrMorePath rdfs:subClassOf ]
	Message: rdf:type must be a class declared in the CHR schema (a subclass of chr:CHRConcept); this class is not in the schema.
Constraint Violation in HasValueConstraintComponent (http://www.w3.org/ns/shacl#HasValueConstraintComponent):
	Severity: sh:Violation
	Source Shape: [ sh:hasValue chr:CHRConcept ; sh:message Literal("rdf:type must be a class declared in the CHR schema (a subclass of chr:CHRConcept); this class is not in the schema.") ; sh:path [ sh:zeroOrMorePath rdfs:subClassOf ] ]
	Focus Node: ns2:ClinicalVisit
	Result Path: [ sh:zeroOrMorePath rdfs:subClassOf ]
	Message: rdf:type must be a class declared in the CHR schema (a subclass of chr:CHRConcept); this class is not in the schema.
Constraint Violation in HasValueConstraintComponent (http://www.w3.org/ns/shacl#HasValueConstraintComponent):
	Severity: sh:Violation
	Source Shape: [ sh:hasValue chr:CHRConcept ; sh:message Literal("rdf:type must be a class declared in the CHR schema (a subclass of chr:CHRConcept); this class is not in the schema.") ; sh:path [ sh:zeroOrMorePath rdfs:subClassOf ] ]
	Focus Node: ns2:Measurement
	Result Path: [ sh:zeroOrMorePath rdfs:subClassOf ]
	Message: rdf:type must be a class declared in the CHR schema (a subclass of chr:CHRConcept); this class is not in the schema.
Constraint Violation in HasValueConstraintComponent (http://www.w3.org/ns/shacl#HasValueConstraintComponent):
	Severity: sh:Violation
	Source Shape: [ sh:hasValue chr:CHRConcept ; sh:message Literal("rdf:type must be a class declared in the CHR schema (a subclass of chr:CHRConcept); this class is not in the schema.") ; sh:path [ sh:zeroOrMorePath rdfs:subClassOf ] ]
	Focus Node: ns2:MeasurementProcess
	Result Path: [ sh:zeroOrMorePath rdfs:subClassOf ]
	Message: rdf:type must be a class declared in the CHR schema (a subclass of chr:CHRConcept); this class is not in the schema.
Constraint Violation in HasValueConstraintComponent (http://www.w3.org/ns/shacl#HasValueConstraintComponent):
	Severity: sh:Violation
	Source Shape: [ sh:hasValue chr:CHRConcept ; sh:message Literal("rdf:type must be a class declared in the CHR schema (a subclass of chr:CHRConcept); this class is not in the schema.") ; sh:path [ sh:zeroOrMorePath rdfs:subClassOf ] ]
	Focus Node: ns2:MedicalProcedure
	Result Path: [ sh:zeroOrMorePath rdfs:subClassOf ]
	Message: rdf:type must be a class declared in the CHR schema (a subclass of chr:CHRConcept); this class is not in the schema.
Constraint Violation in HasValueConstraintComponent (http://www.w3.org/ns/shacl#HasValueConstraintComponent):
	Severity: sh:Violation
	Source Shape: [ sh:hasValue chr:CHRConcept ; sh:message Literal("rdf:type must be a class declared in the CHR schema (a subclass of chr:CHRConcept); this class is not in the schema.") ; sh:path [ sh:zeroOrMorePath rdfs:subClassOf ] ]
	Focus Node: ns2:ProcessStatus
	Result Path: [ sh:zeroOrMorePath rdfs:subClassOf ]
	Message: rdf:type must be a class declared in the CHR schema (a subclass of chr:CHRConcept); this class is not in the schema.
Constraint Violation in HasValueConstraintComponent (http://www.w3.org/ns/shacl#HasValueConstraintComponent):
	Severity: sh:Violation
	Source Shape: [ sh:hasValue chr:CHRConcept ; sh:message Literal("rdf:type must be a class declared in the CHR schema (a subclass of chr:CHRConcept); this class is not in the schema.") ; sh:path [ sh:zeroOrMorePath rdfs:subClassOf ] ]
	Focus Node: ns2:Unit
	Result Path: [ sh:zeroOrMorePath rdfs:subClassOf ]
	Message: rdf:type must be a class declared in the CHR schema (a subclass of chr:CHRConcept); this class is not in the schema.
Constraint Violation in PatternConstraintComponent (http://www.w3.org/ns/shacl#PatternConstraintComponent):
	Severity: sh:Violation
	Source Shape: chr:SchemaClassVocabularyShape
	Focus Node: ns1:MeasurementProcess
	Value Node: ns1:MeasurementProcess
	Message: rdf:type must be a class declared in the CHR schema; this class is not in the schema.
Constraint Violation in PatternConstraintComponent (http://www.w3.org/ns/shacl#PatternConstraintComponent):
	Severity: sh:Violation
	Source Shape: chr:SchemaClassVocabularyShape
	Focus Node: ns1:ProcessStatus
	Value Node: ns1:ProcessStatus
	Message: rdf:type must be a class declared in the CHR schema; this class is not in the schema.
Constraint Violation in PatternConstraintComponent (http://www.w3.org/ns/shacl#PatternConstraintComponent):
	Severity: sh:Violation
	Source Shape: chr:SchemaClassVocabularyShape
	Focus Node: ns2:CarePlan
	Value Node: ns2:CarePlan
	Message: rdf:type must be a class declared in the CHR schema; this class is not in the schema.
Constraint Violation in PatternConstraintComponent (http://www.w3.org/ns/shacl#PatternConstraintComponent):
	Severity: sh:Violation
	Source Shape: chr:SchemaClassVocabularyShape
	Focus Node: ns2:ClinicalVisit
	Value Node: ns2:ClinicalVisit
	Message: rdf:type must be a class declared in the CHR schema; this class is not in the schema.
Constraint Violation in PatternConstraintComponent (http://www.w3.org/ns/shacl#PatternConstraintComponent):
	Severity: sh:Violation
	Source Shape: chr:SchemaClassVocabularyShape
	Focus Node: ns2:Measurement
	Value Node: ns2:Measurement
	Message: rdf:type must be a class declared in the CHR schema; this class is not in the schema.
Constraint Violation in PatternConstraintComponent (http://www.w3.org/ns/shacl#PatternConstraintComponent):
	Severity: sh:Violation
	Source Shape: chr:SchemaClassVocabularyShape
	Focus Node: ns2:MeasurementProcess
	Value Node: ns2:MeasurementProcess
	Message: rdf:type must be a class declared in the CHR schema; this class is not in the schema.
Constraint Violation in PatternConstraintComponent (http://www.w3.org/ns/shacl#PatternConstraintComponent):
	Severity: sh:Violation
	Source Shape: chr:SchemaClassVocabularyShape
	Focus Node: ns2:MedicalProcedure
	Value Node: ns2:MedicalProcedure
	Message: rdf:type must be a class declared in the CHR schema; this class is not in the schema.
Constraint Violation in PatternConstraintComponent (http://www.w3.org/ns/shacl#PatternConstraintComponent):
	Severity: sh:Violation
	Source Shape: chr:SchemaClassVocabularyShape
	Focus Node: ns2:ProcessStatus
	Value Node: ns2:ProcessStatus
	Message: rdf:type must be a class declared in the CHR schema; this class is not in the schema.
Constraint Violation in PatternConstraintComponent (http://www.w3.org/ns/shacl#PatternConstraintComponent):
	Severity: sh:Violation
	Source Shape: chr:SchemaClassVocabularyShape
	Focus Node: ns2:Unit
	Value Node: ns2:Unit
	Message: rdf:type must be a class declared in the CHR schema; this class is not in the schema.

exit=1
