[   0.1s] segmenting (orchestrator) ...
[ 114.5s] 44 segments: s1[ClinicalVisit,Person,CareUnit,Person], s2[MeasurementProcess,Measurement,ProcessStatus], s3[MeasurementProcess,Measurement,ProcessStatus], s4[MeasurementProcess,Measurement,ProcessStatus], s5[MeasurementProcess,Measurement,ProcessStatus], s6[MeasurementProcess,Measurement,ProcessStatus], s7[MeasurementProcess,Measurement,ProcessStatus], s8[MeasurementProcess,Measurement,ProcessStatus], s9[MeasurementProcess,Measurement,ProcessStatus], s10[MeasurementProcess,Measurement,ProcessStatus], s11[MeasurementProcess,Measurement,ProcessStatus], s12[MeasurementProcess,Measurement,ProcessStatus], s13[MeasurementProcess,Measurement,ProcessStatus], s14[MeasurementProcess,Measurement,ProcessStatus], s15[MeasurementProcess,Measurement,ProcessStatus], s16[MeasurementProcess,Measurement,ProcessStatus], s17[MeasurementProcess,Measurement,ProcessStatus], s18[MeasurementProcess,Measurement,ProcessStatus], s19[MeasurementProcess,Measurement,ProcessStatus], s20[MeasurementProcess,Measurement,ProcessStatus], s21[MeasurementProcess,Measurement,ProcessStatus], s22[MeasurementProcess,Measurement,ProcessStatus], s23[MeasurementProcess,Measurement,ProcessStatus], s24[MeasurementProcess,Measurement,ProcessStatus], s25[MeasurementProcess,Measurement,ProcessStatus], s26[MeasurementProcess,Measurement,ProcessStatus], s27[MeasurementProcess,Measurement,ProcessStatus], s28[MeasurementProcess,Measurement,ProcessStatus], s29[MeasurementProcess,Measurement,ProcessStatus], s30[MeasurementProcess,Measurement,ProcessStatus], s31[MeasurementProcess,Measurement,ProcessStatus], s32[MeasurementProcess,Measurement,ProcessStatus], s33[MeasurementProcess,Measurement,ProcessStatus], s34[MeasurementProcess,Measurement,ProcessStatus], s35[MeasurementProcess,Measurement,ProcessStatus], s36[MeasurementProcess,Measurement,ProcessStatus], s37[MeasurementProcess,Measurement,ProcessStatus], s38[MeasurementProcess,Measurement,ProcessStatus], s39[MeasurementProcess,Measurement,ProcessStatus], s40[MeasurementProcess,Measurement,ProcessStatus], s41[EvaluationProcess,DiagnosticStatement,ClinicalCondition], s42[EvaluationProcess,DiagnosticStatement,ClinicalCondition], s43[EvaluationProcess,DiagnosticStatement,ClinicalCondition], s44[CarePlan]
[ 114.5s] build order: [CareUnit, ClinicalCondition, DiagnosticStatement, Measurement, Person, ProcessStatus] -> [EvaluationProcess, MeasurementProcess] -> [CarePlan, ClinicalVisit]
[ 114.5s] level 0: 6 agent(s), 0 known entities
[ 114.5s]   CareUnit: extracting (238 chars, 1 classes in view)
[ 114.5s]   ClinicalCondition: extracting (692 chars, 3 classes in view)
[ 114.5s]   DiagnosticStatement: extracting (692 chars, 1 classes in view)
[ 114.5s]   Measurement: extracting (9414 chars, 2 classes in view)
[ 121.1s]   CareUnit: cycle 0 -> conforms
[ 121.1s]   Person: extracting (238 chars, 1 classes in view)
[ 124.5s]   DiagnosticStatement: cycle 0 -> conforms
[ 124.5s]   ProcessStatus: extracting (9414 chars, 1 classes in view)
[ 127.0s]   ClinicalCondition: cycle 0 -> conforms
[ 127.6s]   Person: cycle 0 -> conforms
[ 129.6s]   ProcessStatus: cycle 0 -> conforms
[ 244.6s]   Measurement: cycle 0 -> 391 violation(s)
[ 244.6s]   Measurement: fixing ...
[ 371.9s]   Measurement: cycle 1 -> 391 violation(s)
[ 371.9s]   Measurement: stopping (plateau)
[ 372.0s] level 1: 2 agent(s), 61 known entities
[ 372.0s]   EvaluationProcess: extracting (692 chars, 7 classes in view)
[ 372.0s]   MeasurementProcess: extracting (9414 chars, 6 classes in view)
[ 397.0s]   EvaluationProcess: cycle 0 -> 443 violation(s)
[ 397.0s]   EvaluationProcess: fixing ...
[ 421.2s]   EvaluationProcess: cycle 1 -> 391 violation(s)
[ 421.2s]   EvaluationProcess: fixing ...
[ 445.6s]   EvaluationProcess: cycle 2 -> 391 violation(s)
[ 445.6s]   EvaluationProcess: stopping (fix budget spent)
[ 625.1s]   MeasurementProcess: cycle 0 -> 1173 violation(s)
[ 625.1s]   MeasurementProcess: fixing ...
[ 774.3s]   MeasurementProcess: cycle 1 -> 1 violation(s)
[ 774.3s]   MeasurementProcess: fixing ...
[1013.1s]   MeasurementProcess: cycle 2 -> 403 violation(s)
[1013.1s]   MeasurementProcess: stopping (fix budget spent)
[1013.2s] level 2: 2 agent(s), 145 known entities
[1013.2s]   CarePlan: extracting (10605 chars, 4 classes in view)
[1013.2s]   ClinicalVisit: extracting (10605 chars, 5 classes in view)
[1022.3s]   CarePlan: cycle 0 -> 404 violation(s)
[1022.3s]   CarePlan: fixing ...
[1030.1s]   CarePlan: cycle 1 -> 404 violation(s)
[1030.1s]   CarePlan: stopping (plateau)
[1030.1s]   CarePlan: 1 unresolved (honest gaps)
[1140.5s]   ClinicalVisit: cycle 0 -> 403 violation(s)
[1140.5s]   ClinicalVisit: fixing ...
[1309.4s]   ClinicalVisit: cycle 1 -> 1 violation(s)
[1309.4s]   ClinicalVisit: fixing ...
[1528.7s]   ClinicalVisit: cycle 2 -> 1 violation(s)
[1528.7s]   ClinicalVisit: stopping (fix budget spent)
[1529.0s] merging (orchestrator): 404 violation(s), 1 unresolved, 1 unparsed
[1529.3s] merge FAILED (Error code: 400 - {'error': {'message': "litellm.ContextWindowExceededError: lit...) - returning the un-merged union
[1529.6s] final: 404 violation(s)
conforms=False segments=10 llm_calls=20 unresolved=0
  orchestrator   1 calls     5383 in    6416 out  cost n/a  gemma4-g1
  total         19 calls   217913 in   83254 out  cost n/a  
  worker        18 calls   212530 in   76838 out  cost n/a  gemma4-g1
Constraint Violation in UndeclaredClass:
	Severity: sh:Violation
	Focus Node: http://example.org/data/measurement_AUDIT-C_75626-2
	Message: https://w3id.org/shexmap/resource/ontology-schema/d285f599-dc2e-4bd0-83f1-df21defa8821/Measurement is not a class of the vocabulary
Constraint Violation in UndeclaredClass:
	Severity: sh:Violation
	Focus Node: http://example.org/data/measurement_BMI_39156-5
	Message: https://w3id.org/shexmap/resource/ontology-schema/d285f599-dc2e-4bd0-83f1-df21defa8821/Measurement is not a class of the vocabulary
Constraint Violation in UndeclaredClass:
	Severity: sh:Violation
	Focus Node: http://example.org/data/measurement_Bilirubin_total_20505-4
	Message: https://w3id.org/shexmap/resource/ontology-schema/d285f599-dc2e-4bd0-83f1-df21defa8821/Measurement is not a class of the vocabulary
Constraint Violation in UndeclaredClass:
	Severity: sh:Violation
	Focus Node: http://example.org/data/measurement_Body_Height_8302-2
	Message: https://w3id.org/shexmap/resource/ontology-schema/d285f599-dc2e-4bd0-83f1-df21defa8821/Measurement is not a class of the vocabulary
Constraint Violation in UndeclaredClass:
	Severity: sh:Violation
	Focus Node: http://example.org/data/measurement_Body_Weight_29463-7
	Message: https://w3id.org/shexmap/resource/ontology-schema/d285f599-dc2e-4bd0-83f1-df21defa8821/Measurement is not a class of the vocabulary
Constraint Violation in UndeclaredClass:
	Severity: sh:Violation
	Focus Node: http://example.org/data/measurement_Calcium_17861-6
	Message: https://w3id.org/shexmap/resource/ontology-schema/d285f599-dc2e-4bd0-83f1-df21defa8821/Measurement is not a class of the vocabulary
Constraint Violation in UndeclaredClass:
	Severity: sh:Violation
	Focus Node: http://example.org/data/measurement_Calcium_Blood_49765-1
	Message: https://w3id.org/shexmap/resource/ontology-schema/d285f599-dc2e-4bd0-83f1-df21defa8821/Measurement is not a class of the vocabulary
Constraint Violation in UndeclaredClass:
	Severity: sh:Violation
	Focus Node: http://example.org/data/measurement_Carbon_dioxide_total_2028-9
	Message: https://w3id.org/shexmap/resource/ontology-schema/d285f599-dc2e-4bd0-83f1-df21defa8821/Measurement is not a class of the vocabulary
Constraint Violation in UndeclaredClass:
	Severity: sh:Violation
	Focus Node: http://example.org/data/measurement_Carbon_dioxide_total_Blood_20565-8
	Message: https://w3id.org/shexmap/resource/ontology-schema/d285f599-dc2e-4bd0-83f1-df21defa8821/Measurement is not a class of the vocabulary
Constraint Violation in UndeclaredClass:
	Severity: sh:Violation
	Focus Node: http://example.org/data/measurement_Chloride_2075-0
	Message: https://w3id.org/shexmap/resource/ontology-schema/d285f599-dc2e-4bd0-83f1-df21defa8821/Measurement is not a class of the vocabulary
Constraint Violation in UndeclaredClass:
	Severity: sh:Violation
	Focus Node: http://example.org/data/measurement_Chloride_Blood_2069-3
	Message: https://w3id.org/shexmap/resource/ontology-schema/d285f599-dc2e-4bd0-83f1-df21defa8821/Measurement is not a class of the vocabulary
Constraint Violation in UndeclaredClass:
	Severity: sh:Violation
	Focus Node: http://example.org/data/measurement_Cholesterol_2093-3
	Message: https://w3id.org/shexmap/resource/ontology-schema/d285f599-dc2e-4bd0-83f1-df21defa8821/Measurement is not a class of the vocabulary
Constraint Violation in UndeclaredClass:
	Severity: sh:Violation
	Focus Node: http://example.org/data/measurement_Cholesterol_HDL_2085-9
	Message: https://w3id.org/shexmap/resource/ontology-schema/d285f599-dc2e-4bd0-83f1-df21defa8821/Measurement is not a class of the vocabulary
Constraint Violation in UndeclaredClass:
	Severity: sh:Violation
	Focus Node: http://example.org/data/measurement_Cholesterol_LDL_18262-6
	Message: https://w3id.org/shexmap/resource/ontology-schema/d285f599-dc2e-4bd0-83f1-df21defa8821/Measurement is not a class of the vocabulary
Constraint Violation in UndeclaredClass:
	Severity: sh:Violation
	Focus Node: http://example.org/data/measurement_Creatinine_2160-0
	Message: https://w3id.org/shexmap/resource/ontology-schema/d285f599-dc2e-4bd0-83f1-df21defa8821/Measurement is not a class of the vocabulary
Constraint Violation in UndeclaredClass:
	Severity: sh:Violation
	Focus Node: http://example.org/data/measurement_Creatinine_Blood_38483-4
	Message: https://w3id.org/shexmap/resource/ontology-schema/d285f599-dc2e-4bd0-83f1-df21defa8821/Measurement is not a class of the vocabulary
Constraint Violation in UndeclaredClass:
	Severity: sh:Violation
	Focus Node: http://example.org/data/measurement_Fall_risk_59460-6
	Message: https://w3id.org/shexmap/resource/ontology-schema/d285f599-dc2e-4bd0-83f1-df21defa8821/Measurement is not a class of the vocabulary
Constraint Violation in UndeclaredClass:
	Severity: sh:Violation
	Focus Node: http://example.org/data/measurement_GFR_33914-3_1
	Message: https://w3id.org/shexmap/resource/ontology-schema/d285f599-dc2e-4bd0-83f1-df21defa8821/Measurement is not a class of the vocabulary
Constraint Violation in UndeclaredClass:
	Severity: sh:Violation
	Focus Node: http://example.org/data/measurement_GFR_33914-3_2
	Message: https://w3id.org/shexmap/resource/ontology-schema/d285f599-dc2e-4bd0-83f1-df21defa8821/Measurement is not a class of the vocabulary
Constraint Violation in UndeclaredClass:
	Severity: sh:Violation
	Focus Node: http://example.org/data/measurement_Glucose_2345-7
	Message: https://w3id.org/shexmap/resource/ontology-schema/d285f599-dc2e-4bd0-83f1-df21defa8821/Measurement is not a class of the vocabulary
Constraint Violation in UndeclaredClass:
	Severity: sh:Violation
	Focus Node: http://example.org/data/measurement_Glucose_5792-7
	Message: https://w3id.org/shexmap/resource/ontology-schema/d285f599-dc2e-4bd0-83f1-df21defa8821/Measurement is not a class of the vocabulary
Constraint Violation in UndeclaredClass:
	Severity: sh:Violation
	Focus Node: http://example.org/data/measurement_Glucose_Blood_2339-0
	Message: https://w3id.org/shexmap/resource/ontology-schema/d285f599-dc2e-4bd0-83f1-df21defa8821/Measurement is not a class of the vocabulary
Constraint Violation in UndeclaredClass:
	Severity: sh:Violation
	Focus Node: http://example.org/data/measurement_Heart_rate_8867-4
	Message: https://w3id.org/shexmap/resource/ontology-schema/d285f599-dc2e-4bd0-83f1-df21defa8821/Measurement is not a class of the vocabulary
Constraint Violation in UndeclaredClass:
	Severity: sh:Violation
	Focus Node: http://example.org/data/measurement_Hemoglobin_A1c_4548-4
	Message: https://w3id.org/shexmap/resource/ontology-schema/d285f599-dc2e-4bd0-83f1-df21defa8821/Measurement is not a class of the vocabulary
Constraint Violation in UndeclaredClass:
	Severity: sh:Violation
	Focus Node: http://example.org/data/measurement_Ketones_5797-6
	Message: https://w3id.org/shexmap/resource/ontology-schema/d285f599-dc2e-4bd0-83f1-df21defa8821/Measurement is not a class of the vocabulary
Constraint Violation in UndeclaredClass:
	Severity: sh:Violation
	Focus Node: http://example.org/data/measurement_Microalbumin_Creatinine_14959-1
	Message: https://w3id.org/shexmap/resource/ontology-schema/d285f599-dc2e-4bd0-83f1-df21defa8821/Measurement is not a class of the vocabulary
Constraint Violation in UndeclaredClass:
	Severity: sh:Violation
	Focus Node: http://example.org/data/measurement_PHQ2_55758-7
	Message: https://w3id.org/shexmap/resource/ontology-schema/d285f599-dc2e-4bd0-83f1-df21defa8821/Measurement is not a class of the vocabulary
Constraint Violation in UndeclaredClass:
	Severity: sh:Violation
	Focus Node: http://example.org/data/measurement_Pain_severity_72514-3
	Message: https://w3id.org/shexmap/resource/ontology-schema/d285f599-dc2e-4bd0-83f1-df21defa8821/Measurement is not a class of the vocabulary
Constraint Violation in UndeclaredClass:
	Severity: sh:Violation
	Focus Node: http://example.org/data/measurement_Potassium_2823-3
	Message: https://w3id.org/shexmap/resource/ontology-schema/d285f599-dc2e-4bd0-83f1-df21defa8821/Measurement is not a class of the vocabulary
Constraint Violation in UndeclaredClass:
	Severity: sh:Violation
	Focus Node: http://example.org/data/measurement_Potassium_Blood_6298-4
	Message: https://w3id.org/shexmap/resource/ontology-schema/d285f599-dc2e-4bd0-83f1-df21defa8821/Measurement is not a class of the vocabulary
Constraint Violation in UndeclaredClass:
	Severity: sh:Violation
	Focus Node: http://example.org/data/measurement_Protein_5804-0
	Message: https://w3id.org/shexmap/resource/ontology-schema/d285f599-dc2e-4bd0-83f1-df21defa8821/Measurement is not a class of the vocabulary
Constraint Violation in UndeclaredClass:
	Severity: sh:Violation
	Focus Node: http://example.org/data/measurement_Respiratory_rate_9279-1
	Message: https://w3id.org/shexmap/resource/ontology-schema/d285f599-dc2e-4bd0-83f1-df21defa8821/Measurement is not a class of the vocabulary
Constraint Violation in UndeclaredClass:
	Severity: sh:Violation
	Focus Node: http://example.org/data/measurement_Sodium_2951-2
	Message: https://w3id.org/shexmap/resource/ontology-schema/d285f599-dc2e-4bd0-83f1-df21defa8821/Measurement is not a class of the vocabulary
Constraint Violation in UndeclaredClass:
	Severity: sh:Violation
	Focus Node: http://example.org/data/measurement_Sodium_Blood_2947-0
	Message: https://w3id.org/shexmap/resource/ontology-schema/d285f599-dc2e-4bd0-83f1-df21defa8821/Measurement is not a class of the vocabulary
Constraint Violation in UndeclaredClass:
	Severity: sh:Violation
	Focus Node: http://example.org/data/measurement_Specific_gravity_5811-5
	Message: https://w3id.org/shexmap/resource/ontology-schema/d285f599-dc2e-4bd0-83f1-df21defa8821/Measurement is not a class of the vocabulary
Constraint Violation in UndeclaredClass:
	Severity: sh:Violation
	Focus Node: http://example.org/data/measurement_Triglyceride_2571-8
	Message: https://w3id.org/shexmap/resource/ontology-schema/d285f599-dc2e-4bd0-83f1-df21defa8821/Measurement is not a class of the vocabulary
Constraint Violation in UndeclaredClass:
	Severity: sh:Violation
	Focus Node: http://example.org/data/measurement_Urea_nitrogen_3094-0
	Message: https://w3id.org/shexmap/resource/ontology-schema/d285f599-dc2e-4bd0-83f1-df21defa8821/Measurement is not a class of the vocabulary
Constraint Violation in UndeclaredClass:
	Severity: sh:Violation
	Focus Node: http://example.org/data/measurement_Urea_nitrogen_Blood_6299-2
	Message: https://w3id.org/shexmap/resource/ontology-schema/d285f599-dc2e-4bd0-83f1-df21defa8821/Measurement is not a class of the vocabulary
Constraint Violation in UndeclaredClass:
	Severity: sh:Violation
	Focus Node: http://example.org/data/measurement_pH_5803-2
	Message: https://w3id.org/shexmap/resource/ontology-schema/d285f599-dc2e-4bd0-83f1-df21defa8821/Measurement is not a class of the vocabulary
Constraint Violation in UndeclaredClass:
	Severity: sh:Violation
	Focus Node: http://example.org/data/unit_cm
	Message: https://w3id.org/shexmap/resource/ontology-schema/d285f599-dc2e-4bd0-83f1-df21defa8821/Unit is not a class of the vocabulary
Constraint Violation in UndeclaredClass:
	Severity: sh:Violation
	Focus Node: http://example.org/data/unit_kg
	Message: https://w3id.org/shexmap/resource/ontology-schema/d285f599-dc2e-4bd0-83f1-df21defa8821/Unit is not a class of the vocabulary
Constraint Violation in UndeclaredClass:
	Severity: sh:Violation
	Focus Node: http://example.org/data/unit_kgperm2
	Message: https://w3id.org/shexmap/resource/ontology-schema/d285f599-dc2e-4bd0-83f1-df21defa8821/Unit is not a class of the vocabulary
Constraint Violation in UndeclaredClass:
	Severity: sh:Violation
	Focus Node: http://example.org/data/unit_mLpermincbl1dot73sbr
	Message: https://w3id.org/shexmap/resource/ontology-schema/d285f599-dc2e-4bd0-83f1-df21defa8821/Unit is not a class of the vocabulary
Constraint Violation in UndeclaredClass:
	Severity: sh:Violation
	Focus Node: http://example.org/data/unit_mgperdL
	Message: https://w3id.org/shexmap/resource/ontology-schema/d285f599-dc2e-4bd0-83f1-df21defa8821/Unit is not a class of the vocabulary
Constraint Violation in UndeclaredClass:
	Severity: sh:Violation
	Focus Node: http://example.org/data/unit_mgperg
	Message: https://w3id.org/shexmap/resource/ontology-schema/d285f599-dc2e-4bd0-83f1-df21defa8821/Unit is not a class of the vocabulary
Constraint Violation in UndeclaredClass:
	Severity: sh:Violation
	Focus Node: http://example.org/data/unit_mmolperL
	Message: https://w3id.org/shexmap/resource/ontology-schema/d285f599-dc2e-4bd0-83f1-df21defa8821/Unit is not a class of the vocabulary
Constraint Violation in UndeclaredClass:
	Severity: sh:Violation
	Focus Node: http://example.org/data/unit_nominal
	Message: https://w3id.org/shexmap/resource/ontology-schema/d285f599-dc2e-4bd0-83f1-df21defa8821/Unit is not a class of the vocabulary
Constraint Violation in UndeclaredClass:
	Severity: sh:Violation
	Focus Node: http://example.org/data/unit_pH
	Message: https://w3id.org/shexmap/resource/ontology-schema/d285f599-dc2e-4bd0-83f1-df21defa8821/Unit is not a class of the vocabulary
Constraint Violation in UndeclaredClass:
	Severity: sh:Violation
	Focus Node: http://example.org/data/unit_percent
	Message: https://w3id.org/shexmap/resource/ontology-schema/d285f599-dc2e-4bd0-83f1-df21defa8821/Unit is not a class of the vocabulary
Constraint Violation in UndeclaredClass:
	Severity: sh:Violation
	Focus Node: http://example.org/data/unit_permin
	Message: https://w3id.org/shexmap/resource/ontology-schema/d285f599-dc2e-4bd0-83f1-df21defa8821/Unit is not a class of the vocabulary
Constraint Violation in UndeclaredClass:
	Severity: sh:Violation
	Focus Node: http://example.org/data/unit_score
	Message: https://w3id.org/shexmap/resource/ontology-schema/d285f599-dc2e-4bd0-83f1-df21defa8821/Unit is not a class of the vocabulary
Constraint Violation in UndeclaredProperty:
	Severity: sh:Violation
	Focus Node: http://example.org/data/measurement_AUDIT-C_75626-2
	Message: https://w3id.org/shexmap/resource/ontology-schema/d285f599-dc2e-4bd0-83f1-df21defa8821/hasCode is not a property of the vocabulary
Constraint Violation in UndeclaredProperty:
	Severity: sh:Violation
	Focus Node: http://example.org/data/measurement_AUDIT-C_75626-2
	Message: https://w3id.org/shexmap/resource/ontology-schema/d285f599-dc2e-4bd0-83f1-df21defa8821/hasMeasuredDate is not a property of the vocabulary
Constraint Violation in UndeclaredProperty:
	Severity: sh:Violation
	Focus Node: http://example.org/data/measurement_AUDIT-C_75626-2
	Message: https://w3id.org/shexmap/resource/ontology-schema/d285f599-dc2e-4bd0-83f1-df21defa8821/hasQuantityValue is not a property of the vocabulary
Constraint Violation in UndeclaredProperty:
	Severity: sh:Violation
	Focus Node: http://example.org/data/measurement_AUDIT-C_75626-2
	Message: https://w3id.org/shexmap/resource/ontology-schema/d285f599-dc2e-4bd0-83f1-df21defa8821/hasUnit is not a property of the vocabulary
Constraint Violation in UndeclaredProperty:
	Severity: sh:Violation
	Focus Node: http://example.org/data/measurement_BMI_39156-5
	Message: https://w3id.org/shexmap/resource/ontology-schema/d285f599-dc2e-4bd0-83f1-df21defa8821/hasCode is not a property of the vocabulary
Constraint Violation in UndeclaredProperty:
	Severity: sh:Violation
	Focus Node: http://example.org/data/measurement_BMI_39156-5
	Message: https://w3id.org/shexmap/resource/ontology-schema/d285f599-dc2e-4bd0-83f1-df21defa8821/hasMeasuredDate is not a property of the vocabulary
Constraint Violation in UndeclaredProperty:
	Severity: sh:Violation
	Focus Node: http://example.org/data/measurement_BMI_39156-5
	Message: https://w3id.org/shexmap/resource/ontology-schema/d285f599-dc2e-4bd0-83f1-df21defa8821/hasQuantityValue is not a property of the vocabulary
Constraint Violation in UndeclaredProperty:
	Severity: sh:Violation
	Focus Node: http://example.org/data/measurement_BMI_39156-5
	Message: https://w3id.org/shexmap/resource/ontology-schema/d285f599-dc2e-4bd0-83f1-df21defa8821/hasUnit is not a property of the vocabulary
Constraint Violation in UndeclaredProperty:
	Severity: sh:Violation
	Focus Node: http://example.org/data/measurement_Bilirubin_total_20505-4
	Message: https://w3id.org/shexmap/resource/ontology-schema/d285f599-dc2e-4bd0-83f1-df21defa8821/hasCode is not a property of the vocabulary
Constraint Violation in UndeclaredProperty:
	Severity: sh:Violation
	Focus Node: http://example.org/data/measurement_Bilirubin_total_20505-4
	Message: https://w3id.org/shexmap/resource/ontology-schema/d285f599-dc2e-4bd0-83f1-df21defa8821/hasMeasuredDate is not a property of the vocabulary
Constraint Violation in UndeclaredProperty:
	Severity: sh:Violation
	Focus Node: http://example.org/data/measurement_Bilirubin_total_20505-4
	Message: https://w3id.org/shexmap/resource/ontology-schema/d285f599-dc2e-4bd0-83f1-df21defa8821/hasQuantityValue is not a property of the vocabulary
Constraint Violation in UndeclaredProperty:
	Severity: sh:Violation
	Focus Node: http://example.org/data/measurement_Bilirubin_total_20505-4
	Message: https://w3id.org/shexmap/resource/ontology-schema/d285f599-dc2e-4bd0-83f1-df21defa8821/hasUnit is not a property of the vocabulary
Constraint Violation in UndeclaredProperty:
	Severity: sh:Violation
	Focus Node: http://example.org/data/measurement_Body_Height_8302-2
	Message: https://w3id.org/shexmap/resource/ontology-schema/d285f599-dc2e-4bd0-83f1-df21defa8821/hasCode is not a property of the vocabulary
Constraint Violation in UndeclaredProperty:
	Severity: sh:Violation
	Focus Node: http://example.org/data/measurement_Body_Height_8302-2
	Message: https://w3id.org/shexmap/resource/ontology-schema/d285f599-dc2e-4bd0-83f1-df21defa8821/hasMeasuredDate is not a property of the vocabulary
Constraint Violation in UndeclaredProperty:
	Severity: sh:Violation
	Focus Node: http://example.org/data/measurement_Body_Height_8302-2
	Message: https://w3id.org/shexmap/resource/ontology-schema/d285f599-dc2e-4bd0-83f1-df21defa8821/hasQuantityValue is not a property of the vocabulary
Constraint Violation in UndeclaredProperty:
	Severity: sh:Violation
	Focus Node: http://example.org/data/measurement_Body_Height_8302-2
	Message: https://w3id.org/shexmap/resource/ontology-schema/d285f599-dc2e-4bd0-83f1-df21defa8821/hasUnit is not a property of the vocabulary
Constraint Violation in UndeclaredProperty:
	Severity: sh:Violation
	Focus Node: http://example.org/data/measurement_Body_Weight_29463-7
	Message: https://w3id.org/shexmap/resource/ontology-schema/d285f599-dc2e-4bd0-83f1-df21defa8821/hasCode is not a property of the vocabulary
Constraint Violation in UndeclaredProperty:
	Severity: sh:Violation
	Focus Node: http://example.org/data/measurement_Body_Weight_29463-7
	Message: https://w3id.org/shexmap/resource/ontology-schema/d285f599-dc2e-4bd0-83f1-df21defa8821/hasMeasuredDate is not a property of the vocabulary
Constraint Violation in UndeclaredProperty:
	Severity: sh:Violation
	Focus Node: http://example.org/data/measurement_Body_Weight_29463-7
	Message: https://w3id.org/shexmap/resource/ontology-schema/d285f599-dc2e-4bd0-83f1-df21defa8821/hasQuantityValue is not a property of the vocabulary
Constraint Violation in UndeclaredProperty:
	Severity: sh:Violation
	Focus Node: http://example.org/data/measurement_Body_Weight_29463-7
	Message: https://w3id.org/shexmap/resource/ontology-schema/d285f599-dc2e-4bd0-83f1-df21defa8821/hasUnit is not a property of the vocabulary
Constraint Violation in UndeclaredProperty:
	Severity: sh:Violation
	Focus Node: http://example.org/data/measurement_Calcium_17861-6
	Message: https://w3id.org/shexmap/resource/ontology-schema/d285f599-dc2e-4bd0-83f1-df21defa8821/hasCode is not a property of the vocabulary
Constraint Violation in UndeclaredProperty:
	Severity: sh:Violation
	Focus Node: http://example.org/data/measurement_Calcium_17861-6
	Message: https://w3id.org/shexmap/resource/ontology-schema/d285f599-dc2e-4bd0-83f1-df21defa8821/hasMeasuredDate is not a property of the vocabulary
Constraint Violation in UndeclaredProperty:
	Severity: sh:Violation
	Focus Node: http://example.org/data/measurement_Calcium_17861-6
	Message: https://w3id.org/shexmap/resource/ontology-schema/d285f599-dc2e-4bd0-83f1-df21defa8821/hasQuantityValue is not a property of the vocabulary
Constraint Violation in UndeclaredProperty:
	Severity: sh:Violation
	Focus Node: http://example.org/data/measurement_Calcium_17861-6
	Message: https://w3id.org/shexmap/resource/ontology-schema/d285f599-dc2e-4bd0-83f1-df21defa8821/hasUnit is not a property of the vocabulary
Constraint Violation in UndeclaredProperty:
	Severity: sh:Violation
	Focus Node: http://example.org/data/measurement_Calcium_Blood_49765-1
	Message: https://w3id.org/shexmap/resource/ontology-schema/d285f599-dc2e-4bd0-83f1-df21defa8821/hasCode is not a property of the vocabulary
Constraint Violation in UndeclaredProperty:
	Severity: sh:Violation
	Focus Node: http://example.org/data/measurement_Calcium_Blood_49765-1
	Message: https://w3id.org/shexmap/resource/ontology-schema/d285f599-dc2e-4bd0-83f1-df21defa8821/hasMeasuredDate is not a property of the vocabulary
Constraint Violation in UndeclaredProperty:
	Severity: sh:Violation
	Focus Node: http://example.org/data/measurement_Calcium_Blood_49765-1
	Message: https://w3id.org/shexmap/resource/ontology-schema/d285f599-dc2e-4bd0-83f1-df21defa8821/hasQuantityValue is not a property of the vocabulary
Constraint Violation in UndeclaredProperty:
	Severity: sh:Violation
	Focus Node: http://example.org/data/measurement_Calcium_Blood_49765-1
	Message: https://w3id.org/shexmap/resource/ontology-schema/d285f599-dc2e-4bd0-83f1-df21defa8821/hasUnit is not a property of the vocabulary
Constraint Violation in UndeclaredProperty:
	Severity: sh:Violation
	Focus Node: http://example.org/data/measurement_Carbon_dioxide_total_2028-9
	Message: https://w3id.org/shexmap/resource/ontology-schema/d285f599-dc2e-4bd0-83f1-df21defa8821/hasCode is not a property of the vocabulary
Constraint Violation in UndeclaredProperty:
	Severity: sh:Violation
	Focus Node: http://example.org/data/measurement_Carbon_dioxide_total_2028-9
	Message: https://w3id.org/shexmap/resource/ontology-schema/d285f599-dc2e-4bd0-83f1-df21defa8821/hasMeasuredDate is not a property of the vocabulary
Constraint Violation in UndeclaredProperty:
	Severity: sh:Violation
	Focus Node: http://example.org/data/measurement_Carbon_dioxide_total_2028-9
	Message: https://w3id.org/shexmap/resource/ontology-schema/d285f599-dc2e-4bd0-83f1-df21defa8821/hasQuantityValue is not a property of the vocabulary
Constraint Violation in UndeclaredProperty:
	Severity: sh:Violation
	Focus Node: http://example.org/data/measurement_Carbon_dioxide_total_2028-9
	Message: https://w3id.org/shexmap/resource/ontology-schema/d285f599-dc2e-4bd0-83f1-df21defa8821/hasUnit is not a property of the vocabulary
Constraint Violation in UndeclaredProperty:
	Severity: sh:Violation
	Focus Node: http://example.org/data/measurement_Carbon_dioxide_total_Blood_20565-8
	Message: https://w3id.org/shexmap/resource/ontology-schema/d285f599-dc2e-4bd0-83f1-df21defa8821/hasCode is not a property of the vocabulary
Constraint Violation in UndeclaredProperty:
	Severity: sh:Violation
	Focus Node: http://example.org/data/measurement_Carbon_dioxide_total_Blood_20565-8
	Message: https://w3id.org/shexmap/resource/ontology-schema/d285f599-dc2e-4bd0-83f1-df21defa8821/hasMeasuredDate is not a property of the vocabulary
Constraint Violation in UndeclaredProperty:
	Severity: sh:Violation
	Focus Node: http://example.org/data/measurement_Carbon_dioxide_total_Blood_20565-8
	Message: https://w3id.org/shexmap/resource/ontology-schema/d285f599-dc2e-4bd0-83f1-df21defa8821/hasQuantityValue is not a property of the vocabulary
Constraint Violation in UndeclaredProperty:
	Severity: sh:Violation
	Focus Node: http://example.org/data/measurement_Carbon_dioxide_total_Blood_20565-8
	Message: https://w3id.org/shexmap/resource/ontology-schema/d285f599-dc2e-4bd0-83f1-df21defa8821/hasUnit is not a property of the vocabulary
Constraint Violation in UndeclaredProperty:
	Severity: sh:Violation
	Focus Node: http://example.org/data/measurement_Chloride_2075-0
	Message: https://w3id.org/shexmap/resource/ontology-schema/d285f599-dc2e-4bd0-83f1-df21defa8821/hasCode is not a property of the vocabulary
Constraint Violation in UndeclaredProperty:
	Severity: sh:Violation
	Focus Node: http://example.org/data/measurement_Chloride_2075-0
	Message: https://w3id.org/shexmap/resource/ontology-schema/d285f599-dc2e-4bd0-83f1-df21defa8821/hasMeasuredDate is not a property of the vocabulary
Constraint Violation in UndeclaredProperty:
	Severity: sh:Violation
	Focus Node: http://example.org/data/measurement_Chloride_2075-0
	Message: https://w3id.org/shexmap/resource/ontology-schema/d285f599-dc2e-4bd0-83f1-df21defa8821/hasQuantityValue is not a property of the vocabulary
Constraint Violation in UndeclaredProperty:
	Severity: sh:Violation
	Focus Node: http://example.org/data/measurement_Chloride_2075-0
	Message: https://w3id.org/shexmap/resource/ontology-schema/d285f599-dc2e-4bd0-83f1-df21defa8821/hasUnit is not a property of the vocabulary
Constraint Violation in UndeclaredProperty:
	Severity: sh:Violation
	Focus Node: http://example.org/data/measurement_Chloride_Blood_2069-3
	Message: https://w3id.org/shexmap/resource/ontology-schema/d285f599-dc2e-4bd0-83f1-df21defa8821/hasCode is not a property of the vocabulary
Constraint Violation in UndeclaredProperty:
	Severity: sh:Violation
	Focus Node: http://example.org/data/measurement_Chloride_Blood_2069-3
	Message: https://w3id.org/shexmap/resource/ontology-schema/d285f599-dc2e-4bd0-83f1-df21defa8821/hasMeasuredDate is not a property of the vocabulary
Constraint Violation in UndeclaredProperty:
	Severity: sh:Violation
	Focus Node: http://example.org/data/measurement_Chloride_Blood_2069-3
	Message: https://w3id.org/shexmap/resource/ontology-schema/d285f599-dc2e-4bd0-83f1-df21defa8821/hasQuantityValue is not a property of the vocabulary
Constraint Violation in UndeclaredProperty:
	Severity: sh:Violation
	Focus Node: http://example.org/data/measurement_Chloride_Blood_2069-3
	Message: https://w3id.org/shexmap/resource/ontology-schema/d285f599-dc2e-4bd0-83f1-df21defa8821/hasUnit is not a property of the vocabulary
Constraint Violation in UndeclaredProperty:
	Severity: sh:Violation
	Focus Node: http://example.org/data/measurement_Cholesterol_2093-3
	Message: https://w3id.org/shexmap/resource/ontology-schema/d285f599-dc2e-4bd0-83f1-df21defa8821/hasCode is not a property of the vocabulary
Constraint Violation in UndeclaredProperty:
	Severity: sh:Violation
	Focus Node: http://example.org/data/measurement_Cholesterol_2093-3
	Message: https://w3id.org/shexmap/resource/ontology-schema/d285f599-dc2e-4bd0-83f1-df21defa8821/hasMeasuredDate is not a property of the vocabulary
Constraint Violation in UndeclaredProperty:
	Severity: sh:Violation
	Focus Node: http://example.org/data/measurement_Cholesterol_2093-3
	Message: https://w3id.org/shexmap/resource/ontology-schema/d285f599-dc2e-4bd0-83f1-df21defa8821/hasQuantityValue is not a property of the vocabulary
Constraint Violation in UndeclaredProperty:
	Severity: sh:Violation
	Focus Node: http://example.org/data/measurement_Cholesterol_2093-3
	Message: https://w3id.org/shexmap/resource/ontology-schema/d285f599-dc2e-4bd0-83f1-df21defa8821/hasUnit is not a property of the vocabulary
Constraint Violation in UndeclaredProperty:
	Severity: sh:Violation
	Focus Node: http://example.org/data/measurement_Cholesterol_HDL_2085-9
	Message: https://w3id.org/shexmap/resource/ontology-schema/d285f599-dc2e-4bd0-83f1-df21defa8821/hasCode is not a property of the vocabulary
Constraint Violation in UndeclaredProperty:
	Severity: sh:Violation
	Focus Node: http://example.org/data/measurement_Cholesterol_HDL_2085-9
	Message: https://w3id.org/shexmap/resource/ontology-schema/d285f599-dc2e-4bd0-83f1-df21defa8821/hasMeasuredDate is not a property of the vocabulary
Constraint Violation in UndeclaredProperty:
	Severity: sh:Violation
	Focus Node: http://example.org/data/measurement_Cholesterol_HDL_2085-9
	Message: https://w3id.org/shexmap/resource/ontology-schema/d285f599-dc2e-4bd0-83f1-df21defa8821/hasQuantityValue is not a property of the vocabulary
Constraint Violation in UndeclaredProperty:
	Severity: sh:Violation
	Focus Node: http://example.org/data/measurement_Cholesterol_HDL_2085-9
	Message: https://w3id.org/shexmap/resource/ontology-schema/d285f599-dc2e-4bd0-83f1-df21defa8821/hasUnit is not a property of the vocabulary
Constraint Violation in UndeclaredProperty:
	Severity: sh:Violation
	Focus Node: http://example.org/data/measurement_Cholesterol_LDL_18262-6
	Message: https://w3id.org/shexmap/resource/ontology-schema/d285f599-dc2e-4bd0-83f1-df21defa8821/hasCode is not a property of the vocabulary
Constraint Violation in UndeclaredProperty:
	Severity: sh:Violation
	Focus Node: http://example.org/data/measurement_Cholesterol_LDL_18262-6
	Message: https://w3id.org/shexmap/resource/ontology-schema/d285f599-dc2e-4bd0-83f1-df21defa8821/hasMeasuredDate is not a property of the vocabulary
Constraint Violation in UndeclaredProperty:
	Severity: sh:Violation
	Focus Node: http://example.org/data/measurement_Cholesterol_LDL_18262-6
	Message: https://w3id.org/shexmap/resource/ontology-schema/d285f599-dc2e-4bd0-83f1-df21defa8821/hasQuantityValue is not a property of the vocabulary
Constraint Violation in UndeclaredProperty:
	Severity: sh:Violation
	Focus Node: http://example.org/data/measurement_Cholesterol_LDL_18262-6
	Message: https://w3id.org/shexmap/resource/ontology-schema/d285f599-dc2e-4bd0-83f1-df21defa8821/hasUnit is not a property of the vocabulary
Constraint Violation in UndeclaredProperty:
	Severity: sh:Violation
	Focus Node: http://example.org/data/measurement_Creatinine_2160-0
	Message: https://w3id.org/shexmap/resource/ontology-schema/d285f599-dc2e-4bd0-83f1-df21defa8821/hasCode is not a property of the vocabulary
Constraint Violation in UndeclaredProperty:
	Severity: sh:Violation
	Focus Node: http://example.org/data/measurement_Creatinine_2160-0
	Message: https://w3id.org/shexmap/resource/ontology-schema/d285f599-dc2e-4bd0-83f1-df21defa8821/hasMeasuredDate is not a property of the vocabulary
Constraint Violation in UndeclaredProperty:
	Severity: sh:Violation
	Focus Node: http://example.org/data/measurement_Creatinine_2160-0
	Message: https://w3id.org/shexmap/resource/ontology-schema/d285f599-dc2e-4bd0-83f1-df21defa8821/hasQuantityValue is not a property of the vocabulary
Constraint Violation in UndeclaredProperty:
	Severity: sh:Violation
	Focus Node: http://example.org/data/measurement_Creatinine_2160-0
	Message: https://w3id.org/shexmap/resource/ontology-schema/d285f599-dc2e-4bd0-83f1-df21defa8821/hasUnit is not a property of the vocabulary
Constraint Violation in UndeclaredProperty:
	Severity: sh:Violation
	Focus Node: http://example.org/data/measurement_Creatinine_Blood_38483-4
	Message: https://w3id.org/shexmap/resource/ontology-schema/d285f599-dc2e-4bd0-83f1-df21defa8821/hasCode is not a property of the vocabulary
Constraint Violation in UndeclaredProperty:
	Severity: sh:Violation
	Focus Node: http://example.org/data/measurement_Creatinine_Blood_38483-4
	Message: https://w3id.org/shexmap/resource/ontology-schema/d285f599-dc2e-4bd0-83f1-df21defa8821/hasMeasuredDate is not a property of the vocabulary
Constraint Violation in UndeclaredProperty:
	Severity: sh:Violation
	Focus Node: http://example.org/data/measurement_Creatinine_Blood_38483-4
	Message: https://w3id.org/shexmap/resource/ontology-schema/d285f599-dc2e-4bd0-83f1-df21defa8821/hasQuantityValue is not a property of the vocabulary
Constraint Violation in UndeclaredProperty:
	Severity: sh:Violation
	Focus Node: http://example.org/data/measurement_Creatinine_Blood_38483-4
	Message: https://w3id.org/shexmap/resource/ontology-schema/d285f599-dc2e-4bd0-83f1-df21defa8821/hasUnit is not a property of the vocabulary
Constraint Violation in UndeclaredProperty:
	Severity: sh:Violation
	Focus Node: http://example.org/data/measurement_Fall_risk_59460-6
	Message: https://w3id.org/shexmap/resource/ontology-schema/d285f599-dc2e-4bd0-83f1-df21defa8821/hasCode is not a property of the vocabulary
Constraint Violation in UndeclaredProperty:
	Severity: sh:Violation
	Focus Node: http://example.org/data/measurement_Fall_risk_59460-6
	Message: https://w3id.org/shexmap/resource/ontology-schema/d285f599-dc2e-4bd0-83f1-df21defa8821/hasMeasuredDate is not a property of the vocabulary
Constraint Violation in UndeclaredProperty:
	Severity: sh:Violation
	Focus Node: http://example.org/data/measurement_Fall_risk_59460-6
	Message: https://w3id.org/shexmap/resource/ontology-schema/d285f599-dc2e-4bd0-83f1-df21defa8821/hasQuantityValue is not a property of the vocabulary
Constraint Violation in UndeclaredProperty:
	Severity: sh:Violation
	Focus Node: http://example.org/data/measurement_Fall_risk_59460-6
	Message: https://w3id.org/shexmap/resource/ontology-schema/d285f599-dc2e-4bd0-83f1-df21defa8821/hasUnit is not a property of the vocabulary
Constraint Violation in UndeclaredProperty:
	Severity: sh:Violation
	Focus Node: http://example.org/data/measurement_GFR_33914-3_1
	Message: https://w3id.org/shexmap/resource/ontology-schema/d285f599-dc2e-4bd0-83f1-df21defa8821/hasCode is not a property of the vocabulary
Constraint Violation in UndeclaredProperty:
	Severity: sh:Violation
	Focus Node: http://example.org/data/measurement_GFR_33914-3_1
	Message: https://w3id.org/shexmap/resource/ontology-schema/d285f599-dc2e-4bd0-83f1-df21defa8821/hasMeasuredDate is not a property of the vocabulary
Constraint Violation in UndeclaredProperty:
	Severity: sh:Violation
	Focus Node: http://example.org/data/measurement_GFR_33914-3_1
	Message: https://w3id.org/shexmap/resource/ontology-schema/d285f599-dc2e-4bd0-83f1-df21defa8821/hasQuantityValue is not a property of the vocabulary
Constraint Violation in UndeclaredProperty:
	Severity: sh:Violation
	Focus Node: http://example.org/data/measurement_GFR_33914-3_1
	Message: https://w3id.org/shexmap/resource/ontology-schema/d285f599-dc2e-4bd0-83f1-df21defa8821/hasUnit is not a property of the vocabulary
Constraint Violation in UndeclaredProperty:
	Severity: sh:Violation
	Focus Node: http://example.org/data/measurement_GFR_33914-3_2
	Message: https://w3id.org/shexmap/resource/ontology-schema/d285f599-dc2e-4bd0-83f1-df21defa8821/hasCode is not a property of the vocabulary
Constraint Violation in UndeclaredProperty:
	Severity: sh:Violation
	Focus Node: http://example.org/data/measurement_GFR_33914-3_2
	Message: https://w3id.org/shexmap/resource/ontology-schema/d285f599-dc2e-4bd0-83f1-df21defa8821/hasMeasuredDate is not a property of the vocabulary
Constraint Violation in UndeclaredProperty:
	Severity: sh:Violation
	Focus Node: http://example.org/data/measurement_GFR_33914-3_2
	Message: https://w3id.org/shexmap/resource/ontology-schema/d285f599-dc2e-4bd0-83f1-df21defa8821/hasQuantityValue is not a property of the vocabulary
Constraint Violation in UndeclaredProperty:
	Severity: sh:Violation
	Focus Node: http://example.org/data/measurement_GFR_33914-3_2
	Message: https://w3id.org/shexmap/resource/ontology-schema/d285f599-dc2e-4bd0-83f1-df21defa8821/hasUnit is not a property of the vocabulary
Constraint Violation in UndeclaredProperty:
	Severity: sh:Violation
	Focus Node: http://example.org/data/measurement_Glucose_2345-7
	Message: https://w3id.org/shexmap/resource/ontology-schema/d285f599-dc2e-4bd0-83f1-df21defa8821/hasCode is not a property of the vocabulary
Constraint Violation in UndeclaredProperty:
	Severity: sh:Violation
	Focus Node: http://example.org/data/measurement_Glucose_2345-7
	Message: https://w3id.org/shexmap/resource/ontology-schema/d285f599-dc2e-4bd0-83f1-df21defa8821/hasMeasuredDate is not a property of the vocabulary
Constraint Violation in UndeclaredProperty:
	Severity: sh:Violation
	Focus Node: http://example.org/data/measurement_Glucose_2345-7
	Message: https://w3id.org/shexmap/resource/ontology-schema/d285f599-dc2e-4bd0-83f1-df21defa8821/hasQuantityValue is not a property of the vocabulary
Constraint Violation in UndeclaredProperty:
	Severity: sh:Violation
	Focus Node: http://example.org/data/measurement_Glucose_2345-7
	Message: https://w3id.org/shexmap/resource/ontology-schema/d285f599-dc2e-4bd0-83f1-df21defa8821/hasUnit is not a property of the vocabulary
Constraint Violation in UndeclaredProperty:
	Severity: sh:Violation
	Focus Node: http://example.org/data/measurement_Glucose_5792-7
	Message: https://w3id.org/shexmap/resource/ontology-schema/d285f599-dc2e-4bd0-83f1-df21defa8821/hasCode is not a property of the vocabulary
Constraint Violation in UndeclaredProperty:
	Severity: sh:Violation
	Focus Node: http://example.org/data/measurement_Glucose_5792-7
	Message: https://w3id.org/shexmap/resource/ontology-schema/d285f599-dc2e-4bd0-83f1-df21defa8821/hasMeasuredDate is not a property of the vocabulary
Constraint Violation in UndeclaredProperty:
	Severity: sh:Violation
	Focus Node: http://example.org/data/measurement_Glucose_5792-7
	Message: https://w3id.org/shexmap/resource/ontology-schema/d285f599-dc2e-4bd0-83f1-df21defa8821/hasQuantityValue is not a property of the vocabulary
Constraint Violation in UndeclaredProperty:
	Severity: sh:Violation
	Focus Node: http://example.org/data/measurement_Glucose_5792-7
	Message: https://w3id.org/shexmap/resource/ontology-schema/d285f599-dc2e-4bd0-83f1-df21defa8821/hasUnit is not a property of the vocabulary
Constraint Violation in UndeclaredProperty:
	Severity: sh:Violation
	Focus Node: http://example.org/data/measurement_Glucose_Blood_2339-0
	Message: https://w3id.org/shexmap/resource/ontology-schema/d285f599-dc2e-4bd0-83f1-df21defa8821/hasCode is not a property of the vocabulary
Constraint Violation in UndeclaredProperty:
	Severity: sh:Violation
	Focus Node: http://example.org/data/measurement_Glucose_Blood_2339-0
	Message: https://w3id.org/shexmap/resource/ontology-schema/d285f599-dc2e-4bd0-83f1-df21defa8821/hasMeasuredDate is not a property of the vocabulary
Constraint Violation in UndeclaredProperty:
	Severity: sh:Violation
	Focus Node: http://example.org/data/measurement_Glucose_Blood_2339-0
	Message: https://w3id.org/shexmap/resource/ontology-schema/d285f599-dc2e-4bd0-83f1-df21defa8821/hasQuantityValue is not a property of the vocabulary
Constraint Violation in UndeclaredProperty:
	Severity: sh:Violation
	Focus Node: http://example.org/data/measurement_Glucose_Blood_2339-0
	Message: https://w3id.org/shexmap/resource/ontology-schema/d285f599-dc2e-4bd0-83f1-df21defa8821/hasUnit is not a property of the vocabulary
Constraint Violation in UndeclaredProperty:
	Severity: sh:Violation
	Focus Node: http://example.org/data/measurement_Heart_rate_8867-4
	Message: https://w3id.org/shexmap/resource/ontology-schema/d285f599-dc2e-4bd0-83f1-df21defa8821/hasCode is not a property of the vocabulary
Constraint Violation in UndeclaredProperty:
	Severity: sh:Violation
	Focus Node: http://example.org/data/measurement_Heart_rate_8867-4
	Message: https://w3id.org/shexmap/resource/ontology-schema/d285f599-dc2e-4bd0-83f1-df21defa8821/hasMeasuredDate is not a property of the vocabulary
Constraint Violation in UndeclaredProperty:
	Severity: sh:Violation
	Focus Node: http://example.org/data/measurement_Heart_rate_8867-4
	Message: https://w3id.org/shexmap/resource/ontology-schema/d285f599-dc2e-4bd0-83f1-df21defa8821/hasQuantityValue is not a property of the vocabulary
Constraint Violation in UndeclaredProperty:
	Severity: sh:Violation
	Focus Node: http://example.org/data/measurement_Heart_rate_8867-4
	Message: https://w3id.org/shexmap/resource/ontology-schema/d285f599-dc2e-4bd0-83f1-df21defa8821/hasUnit is not a property of the vocabulary
Constraint Violation in UndeclaredProperty:
	Severity: sh:Violation
	Focus Node: http://example.org/data/measurement_Hemoglobin_A1c_4548-4
	Message: https://w3id.org/shexmap/resource/ontology-schema/d285f599-dc2e-4bd0-83f1-df21defa8821/hasCode is not a property of the vocabulary
Constraint Violation in UndeclaredProperty:
	Severity: sh:Violation
	Focus Node: http://example.org/data/measurement_Hemoglobin_A1c_4548-4
	Message: https://w3id.org/shexmap/resource/ontology-schema/d285f599-dc2e-4bd0-83f1-df21defa8821/hasMeasuredDate is not a property of the vocabulary
Constraint Violation in UndeclaredProperty:
	Severity: sh:Violation
	Focus Node: http://example.org/data/measurement_Hemoglobin_A1c_4548-4
	Message: https://w3id.org/shexmap/resource/ontology-schema/d285f599-dc2e-4bd0-83f1-df21defa8821/hasQuantityValue is not a property of the vocabulary
Constraint Violation in UndeclaredProperty:
	Severity: sh:Violation
	Focus Node: http://example.org/data/measurement_Hemoglobin_A1c_4548-4
	Message: https://w3id.org/shexmap/resource/ontology-schema/d285f599-dc2e-4bd0-83f1-df21defa8821/hasUnit is not a property of the vocabulary
Constraint Violation in UndeclaredProperty:
	Severity: sh:Violation
	Focus Node: http://example.org/data/measurement_Ketones_5797-6
	Message: https://w3id.org/shexmap/resource/ontology-schema/d285f599-dc2e-4bd0-83f1-df21defa8821/hasCode is not a property of the vocabulary
Constraint Violation in UndeclaredProperty:
	Severity: sh:Violation
	Focus Node: http://example.org/data/measurement_Ketones_5797-6
	Message: https://w3id.org/shexmap/resource/ontology-schema/d285f599-dc2e-4bd0-83f1-df21defa8821/hasMeasuredDate is not a property of the vocabulary
Constraint Violation in UndeclaredProperty:
	Severity: sh:Violation
	Focus Node: http://example.org/data/measurement_Ketones_5797-6
	Message: https://w3id.org/shexmap/resource/ontology-schema/d285f599-dc2e-4bd0-83f1-df21defa8821/hasQuantityValue is not a property of the vocabulary
Constraint Violation in UndeclaredProperty:
	Severity: sh:Violation
	Focus Node: http://example.org/data/measurement_Ketones_5797-6
	Message: https://w3id.org/shexmap/resource/ontology-schema/d285f599-dc2e-4bd0-83f1-df21defa8821/hasUnit is not a property of the vocabulary
Constraint Violation in UndeclaredProperty:
	Severity: sh:Violation
	Focus Node: http://example.org/data/measurement_Microalbumin_Creatinine_14959-1
	Message: https://w3id.org/shexmap/resource/ontology-schema/d285f599-dc2e-4bd0-83f1-df21defa8821/hasCode is not a property of the vocabulary
Constraint Violation in UndeclaredProperty:
	Severity: sh:Violation
	Focus Node: http://example.org/data/measurement_Microalbumin_Creatinine_14959-1
	Message: https://w3id.org/shexmap/resource/ontology-schema/d285f599-dc2e-4bd0-83f1-df21defa8821/hasMeasuredDate is not a property of the vocabulary
Constraint Violation in UndeclaredProperty:
	Severity: sh:Violation
	Focus Node: http://example.org/data/measurement_Microalbumin_Creatinine_14959-1
	Message: https://w3id.org/shexmap/resource/ontology-schema/d285f599-dc2e-4bd0-83f1-df21defa8821/hasQuantityValue is not a property of the vocabulary
Constraint Violation in UndeclaredProperty:
	Severity: sh:Violation
	Focus Node: http://example.org/data/measurement_Microalbumin_Creatinine_14959-1
	Message: https://w3id.org/shexmap/resource/ontology-schema/d285f599-dc2e-4bd0-83f1-df21defa8821/hasUnit is not a property of the vocabulary
Constraint Violation in UndeclaredProperty:
	Severity: sh:Violation
	Focus Node: http://example.org/data/measurement_PHQ2_55758-7
	Message: https://w3id.org/shexmap/resource/ontology-schema/d285f599-dc2e-4bd0-83f1-df21defa8821/hasCode is not a property of the vocabulary
Constraint Violation in UndeclaredProperty:
	Severity: sh:Violation
	Focus Node: http://example.org/data/measurement_PHQ2_55758-7
	Message: https://w3id.org/shexmap/resource/ontology-schema/d285f599-dc2e-4bd0-83f1-df21defa8821/hasMeasuredDate is not a property of the vocabulary
Constraint Violation in UndeclaredProperty:
	Severity: sh:Violation
	Focus Node: http://example.org/data/measurement_PHQ2_55758-7
	Message: https://w3id.org/shexmap/resource/ontology-schema/d285f599-dc2e-4bd0-83f1-df21defa8821/hasQuantityValue is not a property of the vocabulary
Constraint Violation in UndeclaredProperty:
	Severity: sh:Violation
	Focus Node: http://example.org/data/measurement_PHQ2_55758-7
	Message: https://w3id.org/shexmap/resource/ontology-schema/d285f599-dc2e-4bd0-83f1-df21defa8821/hasUnit is not a property of the vocabulary
Constraint Violation in UndeclaredProperty:
	Severity: sh:Violation
	Focus Node: http://example.org/data/measurement_Pain_severity_72514-3
	Message: https://w3id.org/shexmap/resource/ontology-schema/d285f599-dc2e-4bd0-83f1-df21defa8821/hasCode is not a property of the vocabulary
Constraint Violation in UndeclaredProperty:
	Severity: sh:Violation
	Focus Node: http://example.org/data/measurement_Pain_severity_72514-3
	Message: https://w3id.org/shexmap/resource/ontology-schema/d285f599-dc2e-4bd0-83f1-df21defa8821/hasMeasuredDate is not a property of the vocabulary
Constraint Violation in UndeclaredProperty:
	Severity: sh:Violation
	Focus Node: http://example.org/data/measurement_Pain_severity_72514-3
	Message: https://w3id.org/shexmap/resource/ontology-schema/d285f599-dc2e-4bd0-83f1-df21defa8821/hasQuantityValue is not a property of the vocabulary
Constraint Violation in UndeclaredProperty:
	Severity: sh:Violation
	Focus Node: http://example.org/data/measurement_Pain_severity_72514-3
	Message: https://w3id.org/shexmap/resource/ontology-schema/d285f599-dc2e-4bd0-83f1-df21defa8821/hasUnit is not a property of the vocabulary
Constraint Violation in UndeclaredProperty:
	Severity: sh:Violation
	Focus Node: http://example.org/data/measurement_Potassium_2823-3
	Message: https://w3id.org/shexmap/resource/ontology-schema/d285f599-dc2e-4bd0-83f1-df21defa8821/hasCode is not a property of the vocabulary
Constraint Violation in UndeclaredProperty:
	Severity: sh:Violation
	Focus Node: http://example.org/data/measurement_Potassium_2823-3
	Message: https://w3id.org/shexmap/resource/ontology-schema/d285f599-dc2e-4bd0-83f1-df21defa8821/hasMeasuredDate is not a property of the vocabulary
Constraint Violation in UndeclaredProperty:
	Severity: sh:Violation
	Focus Node: http://example.org/data/measurement_Potassium_2823-3
	Message: https://w3id.org/shexmap/resource/ontology-schema/d285f599-dc2e-4bd0-83f1-df21defa8821/hasQuantityValue is not a property of the vocabulary
Constraint Violation in UndeclaredProperty:
	Severity: sh:Violation
	Focus Node: http://example.org/data/measurement_Potassium_2823-3
	Message: https://w3id.org/shexmap/resource/ontology-schema/d285f599-dc2e-4bd0-83f1-df21defa8821/hasUnit is not a property of the vocabulary
Constraint Violation in UndeclaredProperty:
	Severity: sh:Violation
	Focus Node: http://example.org/data/measurement_Potassium_Blood_6298-4
	Message: https://w3id.org/shexmap/resource/ontology-schema/d285f599-dc2e-4bd0-83f1-df21defa8821/hasCode is not a property of the vocabulary
Constraint Violation in UndeclaredProperty:
	Severity: sh:Violation
	Focus Node: http://example.org/data/measurement_Potassium_Blood_6298-4
	Message: https://w3id.org/shexmap/resource/ontology-schema/d285f599-dc2e-4bd0-83f1-df21defa8821/hasMeasuredDate is not a property of the vocabulary
Constraint Violation in UndeclaredProperty:
	Severity: sh:Violation
	Focus Node: http://example.org/data/measurement_Potassium_Blood_6298-4
	Message: https://w3id.org/shexmap/resource/ontology-schema/d285f599-dc2e-4bd0-83f1-df21defa8821/hasQuantityValue is not a property of the vocabulary
Constraint Violation in UndeclaredProperty:
	Severity: sh:Violation
	Focus Node: http://example.org/data/measurement_Potassium_Blood_6298-4
	Message: https://w3id.org/shexmap/resource/ontology-schema/d285f599-dc2e-4bd0-83f1-df21defa8821/hasUnit is not a property of the vocabulary
Constraint Violation in UndeclaredProperty:
	Severity: sh:Violation
	Focus Node: http://example.org/data/measurement_Protein_5804-0
	Message: https://w3id.org/shexmap/resource/ontology-schema/d285f599-dc2e-4bd0-83f1-df21defa8821/hasCode is not a property of the vocabulary
Constraint Violation in UndeclaredProperty:
	Severity: sh:Violation
	Focus Node: http://example.org/data/measurement_Protein_5804-0
	Message: https://w3id.org/shexmap/resource/ontology-schema/d285f599-dc2e-4bd0-83f1-df21defa8821/hasMeasuredDate is not a property of the vocabulary
Constraint Violation in UndeclaredProperty:
	Severity: sh:Violation
	Focus Node: http://example.org/data/measurement_Protein_5804-0
	Message: https://w3id.org/shexmap/resource/ontology-schema/d285f599-dc2e-4bd0-83f1-df21defa8821/hasQuantityValue is not a property of the vocabulary
Constraint Violation in UndeclaredProperty:
	Severity: sh:Violation
	Focus Node: http://example.org/data/measurement_Protein_5804-0
	Message: https://w3id.org/shexmap/resource/ontology-schema/d285f599-dc2e-4bd0-83f1-df21defa8821/hasUnit is not a property of the vocabulary
Constraint Violation in UndeclaredProperty:
	Severity: sh:Violation
	Focus Node: http://example.org/data/measurement_Respiratory_rate_9279-1
	Message: https://w3id.org/shexmap/resource/ontology-schema/d285f599-dc2e-4bd0-83f1-df21defa8821/hasCode is not a property of the vocabulary
Constraint Violation in UndeclaredProperty:
	Severity: sh:Violation
	Focus Node: http://example.org/data/measurement_Respiratory_rate_9279-1
	Message: https://w3id.org/shexmap/resource/ontology-schema/d285f599-dc2e-4bd0-83f1-df21defa8821/hasMeasuredDate is not a property of the vocabulary
Constraint Violation in UndeclaredProperty:
	Severity: sh:Violation
	Focus Node: http://example.org/data/measurement_Respiratory_rate_9279-1
	Message: https://w3id.org/shexmap/resource/ontology-schema/d285f599-dc2e-4bd0-83f1-df21defa8821/hasQuantityValue is not a property of the vocabulary
Constraint Violation in UndeclaredProperty:
	Severity: sh:Violation
	Focus Node: http://example.org/data/measurement_Respiratory_rate_9279-1
	Message: https://w3id.org/shexmap/resource/ontology-schema/d285f599-dc2e-4bd0-83f1-df21defa8821/hasUnit is not a property of the vocabulary
Constraint Violation in UndeclaredProperty:
	Severity: sh:Violation
	Focus Node: http://example.org/data/measurement_Sodium_2951-2
	Message: https://w3id.org/shexmap/resource/ontology-schema/d285f599-dc2e-4bd0-83f1-df21defa8821/hasCode is not a property of the vocabulary
Constraint Violation in UndeclaredProperty:
	Severity: sh:Violation
	Focus Node: http://example.org/data/measurement_Sodium_2951-2
	Message: https://w3id.org/shexmap/resource/ontology-schema/d285f599-dc2e-4bd0-83f1-df21defa8821/hasMeasuredDate is not a property of the vocabulary
Constraint Violation in UndeclaredProperty:
	Severity: sh:Violation
	Focus Node: http://example.org/data/measurement_Sodium_2951-2
	Message: https://w3id.org/shexmap/resource/ontology-schema/d285f599-dc2e-4bd0-83f1-df21defa8821/hasQuantityValue is not a property of the vocabulary
Constraint Violation in UndeclaredProperty:
	Severity: sh:Violation
	Focus Node: http://example.org/data/measurement_Sodium_2951-2
	Message: https://w3id.org/shexmap/resource/ontology-schema/d285f599-dc2e-4bd0-83f1-df21defa8821/hasUnit is not a property of the vocabulary
Constraint Violation in UndeclaredProperty:
	Severity: sh:Violation
	Focus Node: http://example.org/data/measurement_Sodium_Blood_2947-0
	Message: https://w3id.org/shexmap/resource/ontology-schema/d285f599-dc2e-4bd0-83f1-df21defa8821/hasCode is not a property of the vocabulary
Constraint Violation in UndeclaredProperty:
	Severity: sh:Violation
	Focus Node: http://example.org/data/measurement_Sodium_Blood_2947-0
	Message: https://w3id.org/shexmap/resource/ontology-schema/d285f599-dc2e-4bd0-83f1-df21defa8821/hasMeasuredDate is not a property of the vocabulary
Constraint Violation in UndeclaredProperty:
	Severity: sh:Violation
	Focus Node: http://example.org/data/measurement_Sodium_Blood_2947-0
	Message: https://w3id.org/shexmap/resource/ontology-schema/d285f599-dc2e-4bd0-83f1-df21defa8821/hasQuantityValue is not a property of the vocabulary
Constraint Violation in UndeclaredProperty:
	Severity: sh:Violation
	Focus Node: http://example.org/data/measurement_Sodium_Blood_2947-0
	Message: https://w3id.org/shexmap/resource/ontology-schema/d285f599-dc2e-4bd0-83f1-df21defa8821/hasUnit is not a property of the vocabulary
Constraint Violation in UndeclaredProperty:
	Severity: sh:Violation
	Focus Node: http://example.org/data/measurement_Specific_gravity_5811-5
	Message: https://w3id.org/shexmap/resource/ontology-schema/d285f599-dc2e-4bd0-83f1-df21defa8821/hasCode is not a property of the vocabulary
Constraint Violation in UndeclaredProperty:
	Severity: sh:Violation
	Focus Node: http://example.org/data/measurement_Specific_gravity_5811-5
	Message: https://w3id.org/shexmap/resource/ontology-schema/d285f599-dc2e-4bd0-83f1-df21defa8821/hasMeasuredDate is not a property of the vocabulary
Constraint Violation in UndeclaredProperty:
	Severity: sh:Violation
	Focus Node: http://example.org/data/measurement_Specific_gravity_5811-5
	Message: https://w3id.org/shexmap/resource/ontology-schema/d285f599-dc2e-4bd0-83f1-df21defa8821/hasQuantityValue is not a property of the vocabulary
Constraint Violation in UndeclaredProperty:
	Severity: sh:Violation
	Focus Node: http://example.org/data/measurement_Specific_gravity_5811-5
	Message: https://w3id.org/shexmap/resource/ontology-schema/d285f599-dc2e-4bd0-83f1-df21defa8821/hasUnit is not a property of the vocabulary
Constraint Violation in UndeclaredProperty:
	Severity: sh:Violation
	Focus Node: http://example.org/data/measurement_Triglyceride_2571-8
	Message: https://w3id.org/shexmap/resource/ontology-schema/d285f599-dc2e-4bd0-83f1-df21defa8821/hasCode is not a property of the vocabulary
Constraint Violation in UndeclaredProperty:
	Severity: sh:Violation
	Focus Node: http://example.org/data/measurement_Triglyceride_2571-8
	Message: https://w3id.org/shexmap/resource/ontology-schema/d285f599-dc2e-4bd0-83f1-df21defa8821/hasMeasuredDate is not a property of the vocabulary
Constraint Violation in UndeclaredProperty:
	Severity: sh:Violation
	Focus Node: http://example.org/data/measurement_Triglyceride_2571-8
	Message: https://w3id.org/shexmap/resource/ontology-schema/d285f599-dc2e-4bd0-83f1-df21defa8821/hasQuantityValue is not a property of the vocabulary
Constraint Violation in UndeclaredProperty:
	Severity: sh:Violation
	Focus Node: http://example.org/data/measurement_Triglyceride_2571-8
	Message: https://w3id.org/shexmap/resource/ontology-schema/d285f599-dc2e-4bd0-83f1-df21defa8821/hasUnit is not a property of the vocabulary
Constraint Violation in UndeclaredProperty:
	Severity: sh:Violation
	Focus Node: http://example.org/data/measurement_Urea_nitrogen_3094-0
	Message: https://w3id.org/shexmap/resource/ontology-schema/d285f599-dc2e-4bd0-83f1-df21defa8821/hasCode is not a property of the vocabulary
Constraint Violation in UndeclaredProperty:
	Severity: sh:Violation
	Focus Node: http://example.org/data/measurement_Urea_nitrogen_3094-0
	Message: https://w3id.org/shexmap/resource/ontology-schema/d285f599-dc2e-4bd0-83f1-df21defa8821/hasMeasuredDate is not a property of the vocabulary
Constraint Violation in UndeclaredProperty:
	Severity: sh:Violation
	Focus Node: http://example.org/data/measurement_Urea_nitrogen_3094-0
	Message: https://w3id.org/shexmap/resource/ontology-schema/d285f599-dc2e-4bd0-83f1-df21defa8821/hasQuantityValue is not a property of the vocabulary
Constraint Violation in UndeclaredProperty:
	Severity: sh:Violation
	Focus Node: http://example.org/data/measurement_Urea_nitrogen_3094-0
	Message: https://w3id.org/shexmap/resource/ontology-schema/d285f599-dc2e-4bd0-83f1-df21defa8821/hasUnit is not a property of the vocabulary
Constraint Violation in UndeclaredProperty:
	Severity: sh:Violation
	Focus Node: http://example.org/data/measurement_Urea_nitrogen_Blood_6299-2
	Message: https://w3id.org/shexmap/resource/ontology-schema/d285f599-dc2e-4bd0-83f1-df21defa8821/hasCode is not a property of the vocabulary
Constraint Violation in UndeclaredProperty:
	Severity: sh:Violation
	Focus Node: http://example.org/data/measurement_Urea_nitrogen_Blood_6299-2
	Message: https://w3id.org/shexmap/resource/ontology-schema/d285f599-dc2e-4bd0-83f1-df21defa8821/hasMeasuredDate is not a property of the vocabulary
Constraint Violation in UndeclaredProperty:
	Severity: sh:Violation
	Focus Node: http://example.org/data/measurement_Urea_nitrogen_Blood_6299-2
	Message: https://w3id.org/shexmap/resource/ontology-schema/d285f599-dc2e-4bd0-83f1-df21defa8821/hasQuantityValue is not a property of the vocabulary
Constraint Violation in UndeclaredProperty:
	Severity: sh:Violation
	Focus Node: http://example.org/data/measurement_Urea_nitrogen_Blood_6299-2
	Message: https://w3id.org/shexmap/resource/ontology-schema/d285f599-dc2e-4bd0-83f1-df21defa8821/hasUnit is not a property of the vocabulary
Constraint Violation in UndeclaredProperty:
	Severity: sh:Violation
	Focus Node: http://example.org/data/measurement_pH_5803-2
	Message: https://w3id.org/shexmap/resource/ontology-schema/d285f599-dc2e-4bd0-83f1-df21defa8821/hasCode is not a property of the vocabulary
Constraint Violation in UndeclaredProperty:
	Severity: sh:Violation
	Focus Node: http://example.org/data/measurement_pH_5803-2
	Message: https://w3id.org/shexmap/resource/ontology-schema/d285f599-dc2e-4bd0-83f1-df21defa8821/hasMeasuredDate is not a property of the vocabulary
Constraint Violation in UndeclaredProperty:
	Severity: sh:Violation
	Focus Node: http://example.org/data/measurement_pH_5803-2
	Message: https://w3id.org/shexmap/resource/ontology-schema/d285f599-dc2e-4bd0-83f1-df21defa8821/hasQuantityValue is not a property of the vocabulary
Constraint Violation in UndeclaredProperty:
	Severity: sh:Violation
	Focus Node: http://example.org/data/measurement_pH_5803-2
	Message: https://w3id.org/shexmap/resource/ontology-schema/d285f599-dc2e-4bd0-83f1-df21defa8821/hasUnit is not a property of the vocabulary
Constraint Violation in UndeclaredProperty:
	Severity: sh:Violation
	Focus Node: http://example.org/data/unit_cm
	Message: https://w3id.org/shexmap/resource/ontology-schema/d285f599-dc2e-4bd0-83f1-df21defa8821/hasCode is not a property of the vocabulary
Constraint Violation in UndeclaredProperty:
	Severity: sh:Violation
	Focus Node: http://example.org/data/unit_kg
	Message: https://w3id.org/shexmap/resource/ontology-schema/d285f599-dc2e-4bd0-83f1-df21defa8821/hasCode is not a property of the vocabulary
Constraint Violation in UndeclaredProperty:
	Severity: sh:Violation
	Focus Node: http://example.org/data/unit_kgperm2
	Message: https://w3id.org/shexmap/resource/ontology-schema/d285f599-dc2e-4bd0-83f1-df21defa8821/hasCode is not a property of the vocabulary
Constraint Violation in UndeclaredProperty:
	Severity: sh:Violation
	Focus Node: http://example.org/data/unit_mLpermincbl1dot73sbr
	Message: https://w3id.org/shexmap/resource/ontology-schema/d285f599-dc2e-4bd0-83f1-df21defa8821/hasCode is not a property of the vocabulary
Constraint Violation in UndeclaredProperty:
	Severity: sh:Violation
	Focus Node: http://example.org/data/unit_mgperdL
	Message: https://w3id.org/shexmap/resource/ontology-schema/d285f599-dc2e-4bd0-83f1-df21defa8821/hasCode is not a property of the vocabulary
Constraint Violation in UndeclaredProperty:
	Severity: sh:Violation
	Focus Node: http://example.org/data/unit_mgperg
	Message: https://w3id.org/shexmap/resource/ontology-schema/d285f599-dc2e-4bd0-83f1-df21defa8821/hasCode is not a property of the vocabulary
Constraint Violation in UndeclaredProperty:
	Severity: sh:Violation
	Focus Node: http://example.org/data/unit_mmolperL
	Message: https://w3id.org/shexmap/resource/ontology-schema/d285f599-dc2e-4bd0-83f1-df21defa8821/hasCode is not a property of the vocabulary
Constraint Violation in UndeclaredProperty:
	Severity: sh:Violation
	Focus Node: http://example.org/data/unit_nominal
	Message: https://w3id.org/shexmap/resource/ontology-schema/d285f599-dc2e-4bd0-83f1-df21defa8821/hasCode is not a property of the vocabulary
Constraint Violation in UndeclaredProperty:
	Severity: sh:Violation
	Focus Node: http://example.org/data/unit_pH
	Message: https://w3id.org/shexmap/resource/ontology-schema/d285f599-dc2e-4bd0-83f1-df21defa8821/hasCode is not a property of the vocabulary
Constraint Violation in UndeclaredProperty:
	Severity: sh:Violation
	Focus Node: http://example.org/data/unit_percent
	Message: https://w3id.org/shexmap/resource/ontology-schema/d285f599-dc2e-4bd0-83f1-df21defa8821/hasCode is not a property of the vocabulary
Constraint Violation in UndeclaredProperty:
	Severity: sh:Violation
	Focus Node: http://example.org/data/unit_permin
	Message: https://w3id.org/shexmap/resource/ontology-schema/d285f599-dc2e-4bd0-83f1-df21defa8821/hasCode is not a property of the vocabulary
Constraint Violation in UndeclaredProperty:
	Severity: sh:Violation
	Focus Node: http://example.org/data/unit_score
	Message: https://w3id.org/shexmap/resource/ontology-schema/d285f599-dc2e-4bd0-83f1-df21defa8821/hasCode is not a property of the vocabulary
Constraint Violation in ClassConstraintComponent (http://www.w3.org/ns/shacl#ClassConstraintComponent):
	Severity: sh:Violation
	Source Shape: chr:HasUnitRangeShape
	Focus Node: ex:unit_cm
	Value Node: ex:unit_cm
	Message: Object of chr:hasUnit must be a chr:Unit individual.
Constraint Violation in ClassConstraintComponent (http://www.w3.org/ns/shacl#ClassConstraintComponent):
	Severity: sh:Violation
	Source Shape: chr:HasUnitRangeShape
	Focus Node: ex:unit_kg
	Value Node: ex:unit_kg
	Message: Object of chr:hasUnit must be a chr:Unit individual.
Constraint Violation in ClassConstraintComponent (http://www.w3.org/ns/shacl#ClassConstraintComponent):
	Severity: sh:Violation
	Source Shape: chr:HasUnitRangeShape
	Focus Node: ex:unit_kgperm2
	Value Node: ex:unit_kgperm2
	Message: Object of chr:hasUnit must be a chr:Unit individual.
Constraint Violation in ClassConstraintComponent (http://www.w3.org/ns/shacl#ClassConstraintComponent):
	Severity: sh:Violation
	Source Shape: chr:HasUnitRangeShape
	Focus Node: ex:unit_mLpermincbl1dot73sbr
	Value Node: ex:unit_mLpermincbl1dot73sbr
	Message: Object of chr:hasUnit must be a chr:Unit individual.
Constraint Violation in ClassConstraintComponent (http://www.w3.org/ns/shacl#ClassConstraintComponent):
	Severity: sh:Violation
	Source Shape: chr:HasUnitRangeShape
	Focus Node: ex:unit_mgperdL
	Value Node: ex:unit_mgperdL
	Message: Object of chr:hasUnit must be a chr:Unit individual.
Constraint Violation in ClassConstraintComponent (http://www.w3.org/ns/shacl#ClassConstraintComponent):
	Severity: sh:Violation
	Source Shape: chr:HasUnitRangeShape
	Focus Node: ex:unit_mgperg
	Value Node: ex:unit_mgperg
	Message: Object of chr:hasUnit must be a chr:Unit individual.
Constraint Violation in ClassConstraintComponent (http://www.w3.org/ns/shacl#ClassConstraintComponent):
	Severity: sh:Violation
	Source Shape: chr:HasUnitRangeShape
	Focus Node: ex:unit_mmolperL
	Value Node: ex:unit_mmolperL
	Message: Object of chr:hasUnit must be a chr:Unit individual.
Constraint Violation in ClassConstraintComponent (http://www.w3.org/ns/shacl#ClassConstraintComponent):
	Severity: sh:Violation
	Source Shape: chr:HasUnitRangeShape
	Focus Node: ex:unit_nominal
	Value Node: ex:unit_nominal
	Message: Object of chr:hasUnit must be a chr:Unit individual.
Constraint Violation in ClassConstraintComponent (http://www.w3.org/ns/shacl#ClassConstraintComponent):
	Severity: sh:Violation
	Source Shape: chr:HasUnitRangeShape
	Focus Node: ex:unit_pH
	Value Node: ex:unit_pH
	Message: Object of chr:hasUnit must be a chr:Unit individual.
Constraint Violation in ClassConstraintComponent (http://www.w3.org/ns/shacl#ClassConstraintComponent):
	Severity: sh:Violation
	Source Shape: chr:HasUnitRangeShape
	Focus Node: ex:unit_percent
	Value Node: ex:unit_percent
	Message: Object of chr:hasUnit must be a chr:Unit individual.
Constraint Violation in ClassConstraintComponent (http://www.w3.org/ns/shacl#ClassConstraintComponent):
	Severity: sh:Violation
	Source Shape: chr:HasUnitRangeShape
	Focus Node: ex:unit_permin
	Value Node: ex:unit_permin
	Message: Object of chr:hasUnit must be a chr:Unit individual.
Constraint Violation in ClassConstraintComponent (http://www.w3.org/ns/shacl#ClassConstraintComponent):
	Severity: sh:Violation
	Source Shape: chr:HasUnitRangeShape
	Focus Node: ex:unit_score
	Value Node: ex:unit_score
	Message: Object of chr:hasUnit must be a chr:Unit individual.
Constraint Violation in ClosedConstraintComponent (http://www.w3.org/ns/shacl#ClosedConstraintComponent):
	Severity: sh:Violation
	Source Shape: chr:SchemaPropertyVocabularyShape
	Focus Node: ex:measurement_AUDIT-C_75626-2
	Value Node: <https://loinc.org/75626-2>
	Result Path: <https://w3id.org/shexmap/resource/ontology-schema/d285f599-dc2e-4bd0-83f1-df21defa8821/hasCode>
	Message: Only the 24 properties declared in the CHR schema (plus rdf:type and rdfs:label) may be used on an individual.
Constraint Violation in ClosedConstraintComponent (http://www.w3.org/ns/shacl#ClosedConstraintComponent):
	Severity: sh:Violation
	Source Shape: chr:SchemaPropertyVocabularyShape
	Focus Node: ex:measurement_AUDIT-C_75626-2
	Value Node: Literal("2.0", datatype=xsd:float)
	Result Path: <https://w3id.org/shexmap/resource/ontology-schema/d285f599-dc2e-4bd0-83f1-df21defa8821/hasQuantityValue>
	Message: Only the 24 properties declared in the CHR schema (plus rdf:type and rdfs:label) may be used on an individual.
Constraint Violation in ClosedConstraintComponent (http://www.w3.org/ns/shacl#ClosedConstraintComponent):
	Severity: sh:Violation
	Source Shape: chr:SchemaPropertyVocabularyShape
	Focus Node: ex:measurement_AUDIT-C_75626-2
	Value Node: Literal("2025-04-23T19:11:09+02:00" = 2025-04-23 19:11:09+02:00, datatype=xsd:dateTime)
	Result Path: <https://w3id.org/shexmap/resource/ontology-schema/d285f599-dc2e-4bd0-83f1-df21defa8821/hasMeasuredDate>
	Message: Only the 24 properties declared in the CHR schema (plus rdf:type and rdfs:label) may be used on an individual.
Constraint Violation in ClosedConstraintComponent (http://www.w3.org/ns/shacl#ClosedConstraintComponent):
	Severity: sh:Violation
	Source Shape: chr:SchemaPropertyVocabularyShape
	Focus Node: ex:measurement_AUDIT-C_75626-2
	Value Node: ex:unit_score
	Result Path: <https://w3id.org/shexmap/resource/ontology-schema/d285f599-dc2e-4bd0-83f1-df21defa8821/hasUnit>
	Message: Only the 24 properties declared in the CHR schema (plus rdf:type and rdfs:label) may be used on an individual.
Constraint Violation in ClosedConstraintComponent (http://www.w3.org/ns/shacl#ClosedConstraintComponent):
	Severity: sh:Violation
	Source Shape: chr:SchemaPropertyVocabularyShape
	Focus Node: ex:measurement_BMI_39156-5
	Value Node: <https://loinc.org/39156-5>
	Result Path: <https://w3id.org/shexmap/resource/ontology-schema/d285f599-dc2e-4bd0-83f1-df21defa8821/hasCode>
	Message: Only the 24 properties declared in the CHR schema (plus rdf:type and rdfs:label) may be used on an individual.
Constraint Violation in ClosedConstraintComponent (http://www.w3.org/ns/shacl#ClosedConstraintComponent):
	Severity: sh:Violation
	Source Shape: chr:SchemaPropertyVocabularyShape
	Focus Node: ex:measurement_BMI_39156-5
	Value Node: Literal("2025-04-23T16:47:23+02:00" = 2025-04-23 16:47:23+02:00, datatype=xsd:dateTime)
	Result Path: <https://w3id.org/shexmap/resource/ontology-schema/d285f599-dc2e-4bd0-83f1-df21defa8821/hasMeasuredDate>
	Message: Only the 24 properties declared in the CHR schema (plus rdf:type and rdfs:label) may be used on an individual.
Constraint Violation in ClosedConstraintComponent (http://www.w3.org/ns/shacl#ClosedConstraintComponent):
	Severity: sh:Violation
	Source Shape: chr:SchemaPropertyVocabularyShape
	Focus Node: ex:measurement_BMI_39156-5
	Value Node: Literal("27.45", datatype=xsd:float)
	Result Path: <https://w3id.org/shexmap/resource/ontology-schema/d285f599-dc2e-4bd0-83f1-df21defa8821/hasQuantityValue>
	Message: Only the 24 properties declared in the CHR schema (plus rdf:type and rdfs:label) may be used on an individual.
Constraint Violation in ClosedConstraintComponent (http://www.w3.org/ns/shacl#ClosedConstraintComponent):
	Severity: sh:Violation
	Source Shape: chr:SchemaPropertyVocabularyShape
	Focus Node: ex:measurement_BMI_39156-5
	Value Node: ex:unit_kgperm2
	Result Path: <https://w3id.org/shexmap/resource/ontology-schema/d285f599-dc2e-4bd0-83f1-df21defa8821/hasUnit>
	Message: Only the 24 properties declared in the CHR schema (plus rdf:type and rdfs:label) may be used on an individual.
Constraint Violation in ClosedConstraintComponent (http://www.w3.org/ns/shacl#ClosedConstraintComponent):
	Severity: sh:Violation
	Source Shape: chr:SchemaPropertyVocabularyShape
	Focus Node: ex:measurement_Bilirubin_total_20505-4
	Value Node: <https://loinc.org/20505-4>
	Result Path: <https://w3id.org/shexmap/resource/ontology-schema/d285f599-dc2e-4bd0-83f1-df21defa8821/hasCode>
	Message: Only the 24 properties declared in the CHR schema (plus rdf:type and rdfs:label) may be used on an individual.
Constraint Violation in ClosedConstraintComponent (http://www.w3.org/ns/shacl#ClosedConstraintComponent):
	Severity: sh:Violation
	Source Shape: chr:SchemaPropertyVocabularyShape
	Focus Node: ex:measurement_Bilirubin_total_20505-4
	Value Node: Literal("0.59745", datatype=xsd:float)
	Result Path: <https://w3id.org/shexmap/resource/ontology-schema/d285f599-dc2e-4bd0-83f1-df21defa8821/hasQuantityValue>
	Message: Only the 24 properties declared in the CHR schema (plus rdf:type and rdfs:label) may be used on an individual.
Constraint Violation in ClosedConstraintComponent (http://www.w3.org/ns/shacl#ClosedConstraintComponent):
	Severity: sh:Violation
	Source Shape: chr:SchemaPropertyVocabularyShape
	Focus Node: ex:measurement_Bilirubin_total_20505-4
	Value Node: Literal("2025-04-23T16:47:23+02:00" = 2025-04-23 16:47:23+02:00, datatype=xsd:dateTime)
	Result Path: <https://w3id.org/shexmap/resource/ontology-schema/d285f599-dc2e-4bd0-83f1-df21defa8821/hasMeasuredDate>
	Message: Only the 24 properties declared in the CHR schema (plus rdf:type and rdfs:label) may be used on an individual.
Constraint Violation in ClosedConstraintComponent (http://www.w3.org/ns/shacl#ClosedConstraintComponent):
	Severity: sh:Violation
	Source Shape: chr:SchemaPropertyVocabularyShape
	Focus Node: ex:measurement_Bilirubin_total_20505-4
	Value Node: ex:unit_mgperdL
	Result Path: <https://w3id.org/shexmap/resource/ontology-schema/d285f599-dc2e-4bd0-83f1-df21defa8821/hasUnit>
	Message: Only the 24 properties declared in the CHR schema (plus rdf:type and rdfs:label) may be used on an individual.
Constraint Violation in ClosedConstraintComponent (http://www.w3.org/ns/shacl#ClosedConstraintComponent):
	Severity: sh:Violation
	Source Shape: chr:SchemaPropertyVocabularyShape
	Focus Node: ex:measurement_Body_Height_8302-2
	Value Node: <https://loinc.org/8302-2>
	Result Path: <https://w3id.org/shexmap/resource/ontology-schema/d285f599-dc2e-4bd0-83f1-df21defa8821/hasCode>
	Message: Only the 24 properties declared in the CHR schema (plus rdf:type and rdfs:label) may be used on an individual.
Constraint Violation in ClosedConstraintComponent (http://www.w3.org/ns/shacl#ClosedConstraintComponent):
	Severity: sh:Violation
	Source Shape: chr:SchemaPropertyVocabularyShape
	Focus Node: ex:measurement_Body_Height_8302-2
	Value Node: Literal("177.0", datatype=xsd:float)
	Result Path: <https://w3id.org/shexmap/resource/ontology-schema/d285f599-dc2e-4bd0-83f1-df21defa8821/hasQuantityValue>
	Message: Only the 24 properties declared in the CHR schema (plus rdf:type and rdfs:label) may be used on an individual.
Constraint Violation in ClosedConstraintComponent (http://www.w3.org/ns/shacl#ClosedConstraintComponent):
	Severity: sh:Violation
	Source Shape: chr:SchemaPropertyVocabularyShape
	Focus Node: ex:measurement_Body_Height_8302-2
	Value Node: Literal("2025-04-23T16:47:23+02:00" = 2025-04-23 16:47:23+02:00, datatype=xsd:dateTime)
	Result Path: <https://w3id.org/shexmap/resource/ontology-schema/d285f599-dc2e-4bd0-83f1-df21defa8821/hasMeasuredDate>
	Message: Only the 24 properties declared in the CHR schema (plus rdf:type and rdfs:label) may be used on an individual.
Constraint Violation in ClosedConstraintComponent (http://www.w3.org/ns/shacl#ClosedConstraintComponent):
	Severity: sh:Violation
	Source Shape: chr:SchemaPropertyVocabularyShape
	Focus Node: ex:measurement_Body_Height_8302-2
	Value Node: ex:unit_cm
	Result Path: <https://w3id.org/shexmap/resource/ontology-schema/d285f599-dc2e-4bd0-83f1-df21defa8821/hasUnit>
	Message: Only the 24 properties declared in the CHR schema (plus rdf:type and rdfs:label) may be used on an individual.
Constraint Violation in ClosedConstraintComponent (http://www.w3.org/ns/shacl#ClosedConstraintComponent):
	Severity: sh:Violation
	Source Shape: chr:SchemaPropertyVocabularyShape
	Focus Node: ex:measurement_Body_Weight_29463-7
	Value Node: <https://loinc.org/29463-7>
	Result Path: <https://w3id.org/shexmap/resource/ontology-schema/d285f599-dc2e-4bd0-83f1-df21defa8821/hasCode>
	Message: Only the 24 properties declared in the CHR schema (plus rdf:type and rdfs:label) may be used on an individual.
Constraint Violation in ClosedConstraintComponent (http://www.w3.org/ns/shacl#ClosedConstraintComponent):
	Severity: sh:Violation
	Source Shape: chr:SchemaPropertyVocabularyShape
	Focus Node: ex:measurement_Body_Weight_29463-7
	Value Node: Literal("2025-04-23T16:47:23+02:00" = 2025-04-23 16:47:23+02:00, datatype=xsd:dateTime)
	Result Path: <https://w3id.org/shexmap/resource/ontology-schema/d285f599-dc2e-4bd0-83f1-df21defa8821/hasMeasuredDate>
	Message: Only the 24 properties declared in the CHR schema (plus rdf:type and rdfs:label) may be used on an individual.
Constraint Violation in ClosedConstraintComponent (http://www.w3.org/ns/shacl#ClosedConstraintComponent):
	Severity: sh:Violation
	Source Shape: chr:SchemaPropertyVocabularyShape
	Focus Node: ex:measurement_Body_Weight_29463-7
	Value Node: Literal("86.0", datatype=xsd:float)
	Result Path: <https://w3id.org/shexmap/resource/ontology-schema/d285f599-dc2e-4bd0-83f1-df21defa8821/hasQuantityValue>
	Message: Only the 24 properties declared in the CHR schema (plus rdf:type and rdfs:label) may be used on an individual.
Constraint Violation in ClosedConstraintComponent (http://www.w3.org/ns/shacl#ClosedConstraintComponent):
	Severity: sh:Violation
	Source Shape: chr:SchemaPropertyVocabularyShape
	Focus Node: ex:measurement_Body_Weight_29463-7
	Value Node: ex:unit_kg
	Result Path: <https://w3id.org/shexmap/resource/ontology-schema/d285f599-dc2e-4bd0-83f1-df21defa8821/hasUnit>
	Message: Only the 24 properties declared in the CHR schema (plus rdf:type and rdfs:label) may be used on an individual.
Constraint Violation in ClosedConstraintComponent (http://www.w3.org/ns/shacl#ClosedConstraintComponent):
	Severity: sh:Violation
	Source Shape: chr:SchemaPropertyVocabularyShape
	Focus Node: ex:measurement_Calcium_17861-6
	Value Node: <https://loinc.org/17861-6>
	Result Path: <https://w3id.org/shexmap/resource/ontology-schema/d285f599-dc2e-4bd0-83f1-df21defa8821/hasCode>
	Message: Only the 24 properties declared in the CHR schema (plus rdf:type and rdfs:label) may be used on an individual.
Constraint Violation in ClosedConstraintComponent (http://www.w3.org/ns/shacl#ClosedConstraintComponent):
	Severity: sh:Violation
	Source Shape: chr:SchemaPropertyVocabularyShape
	Focus Node: ex:measurement_Calcium_17861-6
	Value Node: Literal("2025-04-23T16:47:23+02:00" = 2025-04-23 16:47:23+02:00, datatype=xsd:dateTime)
	Result Path: <https://w3id.org/shexmap/resource/ontology-schema/d285f599-dc2e-4bd0-83f1-df21defa8821/hasMeasuredDate>
	Message: Only the 24 properties declared in the CHR schema (plus rdf:type and rdfs:label) may be used on an individual.
Constraint Violation in ClosedConstraintComponent (http://www.w3.org/ns/shacl#ClosedConstraintComponent):
	Severity: sh:Violation
	Source Shape: chr:SchemaPropertyVocabularyShape
	Focus Node: ex:measurement_Calcium_17861-6
	Value Node: Literal("8.65", datatype=xsd:float)
	Result Path: <https://w3id.org/shexmap/resource/ontology-schema/d285f599-dc2e-4bd0-83f1-df21defa8821/hasQuantityValue>
	Message: Only the 24 properties declared in the CHR schema (plus rdf:type and rdfs:label) may be used on an individual.
Constraint Violation in ClosedConstraintComponent (http://www.w3.org/ns/shacl#ClosedConstraintComponent):
	Severity: sh:Violation
	Source Shape: chr:SchemaPropertyVocabularyShape
	Focus Node: ex:measurement_Calcium_17861-6
	Value Node: ex:unit_mgperdL
	Result Path: <https://w3id.org/shexmap/resource/ontology-schema/d285f599-dc2e-4bd0-83f1-df21defa8821/hasUnit>
	Message: Only the 24 properties declared in the CHR schema (plus rdf:type and rdfs:label) may be used on an individual.
Constraint Violation in ClosedConstraintComponent (http://www.w3.org/ns/shacl#ClosedConstraintComponent):
	Severity: sh:Violation
	Source Shape: chr:SchemaPropertyVocabularyShape
	Focus Node: ex:measurement_Calcium_Blood_49765-1
	Value Node: <https://loinc.org/49765-1>
	Result Path: <https://w3id.org/shexmap/resource/ontology-schema/d285f599-dc2e-4bd0-83f1-df21defa8821/hasCode>
	Message: Only the 24 properties declared in the CHR schema (plus rdf:type and rdfs:label) may be used on an individual.
Constraint Violation in ClosedConstraintComponent (http://www.w3.org/ns/shacl#ClosedConstraintComponent):
	Severity: sh:Violation
	Source Shape: chr:SchemaPropertyVocabularyShape
	Focus Node: ex:measurement_Calcium_Blood_49765-1
	Value Node: Literal("2025-04-23T16:47:23+02:00" = 2025-04-23 16:47:23+02:00, datatype=xsd:dateTime)
	Result Path: <https://w3id.org/shexmap/resource/ontology-schema/d285f599-dc2e-4bd0-83f1-df21defa8821/hasMeasuredDate>
	Message: Only the 24 properties declared in the CHR schema (plus rdf:type and rdfs:label) may be used on an individual.
Constraint Violation in ClosedConstraintComponent (http://www.w3.org/ns/shacl#ClosedConstraintComponent):
	Severity: sh:Violation
	Source Shape: chr:SchemaPropertyVocabularyShape
	Focus Node: ex:measurement_Calcium_Blood_49765-1
	Value Node: Literal("8.65", datatype=xsd:float)
	Result Path: <https://w3id.org/shexmap/resource/ontology-schema/d285f599-dc2e-4bd0-83f1-df21defa8821/hasQuantityValue>
	Message: Only the 24 properties declared in the CHR schema (plus rdf:type and rdfs:label) may be used on an individual.
Constraint Violation in ClosedConstraintComponent (http://www.w3.org/ns/shacl#ClosedConstraintComponent):
	Severity: sh:Violation
	Source Shape: chr:SchemaPropertyVocabularyShape
	Focus Node: ex:measurement_Calcium_Blood_49765-1
	Value Node: ex:unit_mgperdL
	Result Path: <https://w3id.org/shexmap/resource/ontology-schema/d285f599-dc2e-4bd0-83f1-df21defa8821/hasUnit>
	Message: Only the 24 properties declared in the CHR schema (plus rdf:type and rdfs:label) may be used on an individual.
Constraint Violation in ClosedConstraintComponent (http://www.w3.org/ns/shacl#ClosedConstraintComponent):
	Severity: sh:Violation
	Source Shape: chr:SchemaPropertyVocabularyShape
	Focus Node: ex:measurement_Carbon_dioxide_total_2028-9
	Value Node: <https://loinc.org/2028-9>
	Result Path: <https://w3id.org/shexmap/resource/ontology-schema/d285f599-dc2e-4bd0-83f1-df21defa8821/hasCode>
	Message: Only the 24 properties declared in the CHR schema (plus rdf:type and rdfs:label) may be used on an individual.
Constraint Violation in ClosedConstraintComponent (http://www.w3.org/ns/shacl#ClosedConstraintComponent):
	Severity: sh:Violation
	Source Shape: chr:SchemaPropertyVocabularyShape
	Focus Node: ex:measurement_Carbon_dioxide_total_2028-9
	Value Node: Literal("2025-04-23T16:47:23+02:00" = 2025-04-23 16:47:23+02:00, datatype=xsd:dateTime)
	Result Path: <https://w3id.org/shexmap/resource/ontology-schema/d285f599-dc2e-4bd0-83f1-df21defa8821/hasMeasuredDate>
	Message: Only the 24 properties declared in the CHR schema (plus rdf:type and rdfs:label) may be used on an individual.
Constraint Violation in ClosedConstraintComponent (http://www.w3.org/ns/shacl#ClosedConstraintComponent):
	Severity: sh:Violation
	Source Shape: chr:SchemaPropertyVocabularyShape
	Focus Node: ex:measurement_Carbon_dioxide_total_2028-9
	Value Node: Literal("23.71", datatype=xsd:float)
	Result Path: <https://w3id.org/shexmap/resource/ontology-schema/d285f599-dc2e-4bd0-83f1-df21defa8821/hasQuantityValue>
	Message: Only the 24 properties declared in the CHR schema (plus rdf:type and rdfs:label) may be used on an individual.
Constraint Violation in ClosedConstraintComponent (http://www.w3.org/ns/shacl#ClosedConstraintComponent):
	Severity: sh:Violation
	Source Shape: chr:SchemaPropertyVocabularyShape
	Focus Node: ex:measurement_Carbon_dioxide_total_2028-9
	Value Node: ex:unit_mmolperL
	Result Path: <https://w3id.org/shexmap/resource/ontology-schema/d285f599-dc2e-4bd0-83f1-df21defa8821/hasUnit>
	Message: Only the 24 properties declared in the CHR schema (plus rdf:type and rdfs:label) may be used on an individual.
Constraint Violation in ClosedConstraintComponent (http://www.w3.org/ns/shacl#ClosedConstraintComponent):
	Severity: sh:Violation
	Source Shape: chr:SchemaPropertyVocabularyShape
	Focus Node: ex:measurement_Carbon_dioxide_total_Blood_20565-8
	Value Node: <https://loinc.org/20565-8>
	Result Path: <https://w3id.org/shexmap/resource/ontology-schema/d285f599-dc2e-4bd0-83f1-df21defa8821/hasCode>
	Message: Only the 24 properties declared in the CHR schema (plus rdf:type and rdfs:label) may be used on an individual.
Constraint Violation in ClosedConstraintComponent (http://www.w3.org/ns/shacl#ClosedConstraintComponent):
	Severity: sh:Violation
	Source Shape: chr:SchemaPropertyVocabularyShape
	Focus Node: ex:measurement_Carbon_dioxide_total_Blood_20565-8
	Value Node: Literal("2025-04-23T16:47:23+02:00" = 2025-04-23 16:47:23+02:00, datatype=xsd:dateTime)
	Result Path: <https://w3id.org/shexmap/resource/ontology-schema/d285f599-dc2e-4bd0-83f1-df21defa8821/hasMeasuredDate>
	Message: Only the 24 properties declared in the CHR schema (plus rdf:type and rdfs:label) may be used on an individual.
Constraint Violation in ClosedConstraintComponent (http://www.w3.org/ns/shacl#ClosedConstraintComponent):
	Severity: sh:Violation
	Source Shape: chr:SchemaPropertyVocabularyShape
	Focus Node: ex:measurement_Carbon_dioxide_total_Blood_20565-8
	Value Node: Literal("23.71", datatype=xsd:float)
	Result Path: <https://w3id.org/shexmap/resource/ontology-schema/d285f599-dc2e-4bd0-83f1-df21defa8821/hasQuantityValue>
	Message: Only the 24 properties declared in the CHR schema (plus rdf:type and rdfs:label) may be used on an individual.
Constraint Violation in ClosedConstraintComponent (http://www.w3.org/ns/shacl#ClosedConstraintComponent):
	Severity: sh:Violation
	Source Shape: chr:SchemaPropertyVocabularyShape
	Focus Node: ex:measurement_Carbon_dioxide_total_Blood_20565-8
	Value Node: ex:unit_mmolperL
	Result Path: <https://w3id.org/shexmap/resource/ontology-schema/d285f599-dc2e-4bd0-83f1-df21defa8821/hasUnit>
	Message: Only the 24 properties declared in the CHR schema (plus rdf:type and rdfs:label) may be used on an individual.
Constraint Violation in ClosedConstraintComponent (http://www.w3.org/ns/shacl#ClosedConstraintComponent):
	Severity: sh:Violation
	Source Shape: chr:SchemaPropertyVocabularyShape
	Focus Node: ex:measurement_Chloride_2075-0
	Value Node: <https://loinc.org/2075-0>
	Result Path: <https://w3id.org/shexmap/resource/ontology-schema/d285f599-dc2e-4bd0-83f1-df21defa8821/hasCode>
	Message: Only the 24 properties declared in the CHR schema (plus rdf:type and rdfs:label) may be used on an individual.
Constraint Violation in ClosedConstraintComponent (http://www.w3.org/ns/shacl#ClosedConstraintComponent):
	Severity: sh:Violation
	Source Shape: chr:SchemaPropertyVocabularyShape
	Focus Node: ex:measurement_Chloride_2075-0
	Value Node: Literal("102.21", datatype=xsd:float)
	Result Path: <https://w3id.org/shexmap/resource/ontology-schema/d285f599-dc2e-4bd0-83f1-df21defa8821/hasQuantityValue>
	Message: Only the 24 properties declared in the CHR schema (plus rdf:type and rdfs:label) may be used on an individual.
Constraint Violation in ClosedConstraintComponent (http://www.w3.org/ns/shacl#ClosedConstraintComponent):
	Severity: sh:Violation
	Source Shape: chr:SchemaPropertyVocabularyShape
	Focus Node: ex:measurement_Chloride_2075-0
	Value Node: Literal("2025-04-23T16:47:23+02:00" = 2025-04-23 16:47:23+02:00, datatype=xsd:dateTime)
	Result Path: <https://w3id.org/shexmap/resource/ontology-schema/d285f599-dc2e-4bd0-83f1-df21defa8821/hasMeasuredDate>
	Message: Only the 24 properties declared in the CHR schema (plus rdf:type and rdfs:label) may be used on an individual.
Constraint Violation in ClosedConstraintComponent (http://www.w3.org/ns/shacl#ClosedConstraintComponent):
	Severity: sh:Violation
	Source Shape: chr:SchemaPropertyVocabularyShape
	Focus Node: ex:measurement_Chloride_2075-0
	Value Node: ex:unit_mmolperL
	Result Path: <https://w3id.org/shexmap/resource/ontology-schema/d285f599-dc2e-4bd0-83f1-df21defa8821/hasUnit>
	Message: Only the 24 properties declared in the CHR schema (plus rdf:type and rdfs:label) may be used on an individual.
Constraint Violation in ClosedConstraintComponent (http://www.w3.org/ns/shacl#ClosedConstraintComponent):
	Severity: sh:Violation
	Source Shape: chr:SchemaPropertyVocabularyShape
	Focus Node: ex:measurement_Chloride_Blood_2069-3
	Value Node: <https://loinc.org/2069-3>
	Result Path: <https://w3id.org/shexmap/resource/ontology-schema/d285f599-dc2e-4bd0-83f1-df21defa8821/hasCode>
	Message: Only the 24 properties declared in the CHR schema (plus rdf:type and rdfs:label) may be used on an individual.
Constraint Violation in ClosedConstraintComponent (http://www.w3.org/ns/shacl#ClosedConstraintComponent):
	Severity: sh:Violation
	Source Shape: chr:SchemaPropertyVocabularyShape
	Focus Node: ex:measurement_Chloride_Blood_2069-3
	Value Node: Literal("102.21", datatype=xsd:float)
	Result Path: <https://w3id.org/shexmap/resource/ontology-schema/d285f599-dc2e-4bd0-83f1-df21defa8821/hasQuantityValue>
	Message: Only the 24 properties declared in the CHR schema (plus rdf:type and rdfs:label) may be used on an individual.
Constraint Violation in ClosedConstraintComponent (http://www.w3.org/ns/shacl#ClosedConstraintComponent):
	Severity: sh:Violation
	Source Shape: chr:SchemaPropertyVocabularyShape
	Focus Node: ex:measurement_Chloride_Blood_2069-3
	Value Node: Literal("2025-04-23T16:47:23+02:00" = 2025-04-23 16:47:23+02:00, datatype=xsd:dateTime)
	Result Path: <https://w3id.org/shexmap/resource/ontology-schema/d285f599-dc2e-4bd0-83f1-df21defa8821/hasMeasuredDate>
	Message: Only the 24 properties declared in the CHR schema (plus rdf:type and rdfs:label) may be used on an individual.
Constraint Violation in ClosedConstraintComponent (http://www.w3.org/ns/shacl#ClosedConstraintComponent):
	Severity: sh:Violation
	Source Shape: chr:SchemaPropertyVocabularyShape
	Focus Node: ex:measurement_Chloride_Blood_2069-3
	Value Node: ex:unit_mmolperL
	Result Path: <https://w3id.org/shexmap/resource/ontology-schema/d285f599-dc2e-4bd0-83f1-df21defa8821/hasUnit>
	Message: Only the 24 properties declared in the CHR schema (plus rdf:type and rdfs:label) may be used on an individual.
Constraint Violation in ClosedConstraintComponent (http://www.w3.org/ns/shacl#ClosedConstraintComponent):
	Severity: sh:Violation
	Source Shape: chr:SchemaPropertyVocabularyShape
	Focus Node: ex:measurement_Cholesterol_2093-3
	Value Node: <https://loinc.org/2093-3>
	Result Path: <https://w3id.org/shexmap/resource/ontology-schema/d285f599-dc2e-4bd0-83f1-df21defa8821/hasCode>
	Message: Only the 24 properties declared in the CHR schema (plus rdf:type and rdfs:label) may be used on an individual.
Constraint Violation in ClosedConstraintComponent (http://www.w3.org/ns/shacl#ClosedConstraintComponent):
	Severity: sh:Violation
	Source Shape: chr:SchemaPropertyVocabularyShape
	Focus Node: ex:measurement_Cholesterol_2093-3
	Value Node: Literal("2025-04-23T16:47:23+02:00" = 2025-04-23 16:47:23+02:00, datatype=xsd:dateTime)
	Result Path: <https://w3id.org/shexmap/resource/ontology-schema/d285f599-dc2e-4bd0-83f1-df21defa8821/hasMeasuredDate>
	Message: Only the 24 properties declared in the CHR schema (plus rdf:type and rdfs:label) may be used on an individual.
Constraint Violation in ClosedConstraintComponent (http://www.w3.org/ns/shacl#ClosedConstraintComponent):
	Severity: sh:Violation
	Source Shape: chr:SchemaPropertyVocabularyShape
	Focus Node: ex:measurement_Cholesterol_2093-3
	Value Node: Literal("242.03", datatype=xsd:float)
	Result Path: <https://w3id.org/shexmap/resource/ontology-schema/d285f599-dc2e-4bd0-83f1-df21defa8821/hasQuantityValue>
	Message: Only the 24 properties declared in the CHR schema (plus rdf:type and rdfs:label) may be used on an individual.
Constraint Violation in ClosedConstraintComponent (http://www.w3.org/ns/shacl#ClosedConstraintComponent):
	Severity: sh:Violation
	Source Shape: chr:SchemaPropertyVocabularyShape
	Focus Node: ex:measurement_Cholesterol_2093-3
	Value Node: ex:unit_mgperdL
	Result Path: <https://w3id.org/shexmap/resource/ontology-schema/d285f599-dc2e-4bd0-83f1-df21defa8821/hasUnit>
	Message: Only the 24 properties declared in the CHR schema (plus rdf:type and rdfs:label) may be used on an individual.
Constraint Violation in ClosedConstraintComponent (http://www.w3.org/ns/shacl#ClosedConstraintComponent):
	Severity: sh:Violation
	Source Shape: chr:SchemaPropertyVocabularyShape
	Focus Node: ex:measurement_Cholesterol_HDL_2085-9
	Value Node: <https://loinc.org/2085-9>
	Result Path: <https://w3id.org/shexmap/resource/ontology-schema/d285f599-dc2e-4bd0-83f1-df21defa8821/hasCode>
	Message: Only the 24 properties declared in the CHR schema (plus rdf:type and rdfs:label) may be used on an individual.
Constraint Violation in ClosedConstraintComponent (http://www.w3.org/ns/shacl#ClosedConstraintComponent):
	Severity: sh:Violation
	Source Shape: chr:SchemaPropertyVocabularyShape
	Focus Node: ex:measurement_Cholesterol_HDL_2085-9
	Value Node: Literal("2025-04-23T16:47:23+02:00" = 2025-04-23 16:47:23+02:00, datatype=xsd:dateTime)
	Result Path: <https://w3id.org/shexmap/resource/ontology-schema/d285f599-dc2e-4bd0-83f1-df21defa8821/hasMeasuredDate>
	Message: Only the 24 properties declared in the CHR schema (plus rdf:type and rdfs:label) may be used on an individual.
Constraint Violation in ClosedConstraintComponent (http://www.w3.org/ns/shacl#ClosedConstraintComponent):
	Severity: sh:Violation
	Source Shape: chr:SchemaPropertyVocabularyShape
	Focus Node: ex:measurement_Cholesterol_HDL_2085-9
	Value Node: Literal("26.91", datatype=xsd:float)
	Result Path: <https://w3id.org/shexmap/resource/ontology-schema/d285f599-dc2e-4bd0-83f1-df21defa8821/hasQuantityValue>
	Message: Only the 24 properties declared in the CHR schema (plus rdf:type and rdfs:label) may be used on an individual.
Constraint Violation in ClosedConstraintComponent (http://www.w3.org/ns/shacl#ClosedConstraintComponent):
	Severity: sh:Violation
	Source Shape: chr:SchemaPropertyVocabularyShape
	Focus Node: ex:measurement_Cholesterol_HDL_2085-9
	Value Node: ex:unit_mgperdL
	Result Path: <https://w3id.org/shexmap/resource/ontology-schema/d285f599-dc2e-4bd0-83f1-df21defa8821/hasUnit>
	Message: Only the 24 properties declared in the CHR schema (plus rdf:type and rdfs:label) may be used on an individual.
Constraint Violation in ClosedConstraintComponent (http://www.w3.org/ns/shacl#ClosedConstraintComponent):
	Severity: sh:Violation
	Source Shape: chr:SchemaPropertyVocabularyShape
	Focus Node: ex:measurement_Cholesterol_LDL_18262-6
	Value Node: <https://loinc.org/18262-6>
	Result Path: <https://w3id.org/shexmap/resource/ontology-schema/d285f599-dc2e-4bd0-83f1-df21defa8821/hasCode>
	Message: Only the 24 properties declared in the CHR schema (plus rdf:type and rdfs:label) may be used on an individual.
Constraint Violation in ClosedConstraintComponent (http://www.w3.org/ns/shacl#ClosedConstraintComponent):
	Severity: sh:Violation
	Source Shape: chr:SchemaPropertyVocabularyShape
	Focus Node: ex:measurement_Cholesterol_LDL_18262-6
	Value Node: Literal("130.5", datatype=xsd:float)
	Result Path: <https://w3id.org/shexmap/resource/ontology-schema/d285f599-dc2e-4bd0-83f1-df21defa8821/hasQuantityValue>
	Message: Only the 24 properties declared in the CHR schema (plus rdf:type and rdfs:label) may be used on an individual.
Constraint Violation in ClosedConstraintComponent (http://www.w3.org/ns/shacl#ClosedConstraintComponent):
	Severity: sh:Violation
	Source Shape: chr:SchemaPropertyVocabularyShape
	Focus Node: ex:measurement_Cholesterol_LDL_18262-6
	Value Node: Literal("2025-04-23T16:47:23+02:00" = 2025-04-23 16:47:23+02:00, datatype=xsd:dateTime)
	Result Path: <https://w3id.org/shexmap/resource/ontology-schema/d285f599-dc2e-4bd0-83f1-df21defa8821/hasMeasuredDate>
	Message: Only the 24 properties declared in the CHR schema (plus rdf:type and rdfs:label) may be used on an individual.
Constraint Violation in ClosedConstraintComponent (http://www.w3.org/ns/shacl#ClosedConstraintComponent):
	Severity: sh:Violation
	Source Shape: chr:SchemaPropertyVocabularyShape
	Focus Node: ex:measurement_Cholesterol_LDL_18262-6
	Value Node: ex:unit_mgperdL
	Result Path: <https://w3id.org/shexmap/resource/ontology-schema/d285f599-dc2e-4bd0-83f1-df21defa8821/hasUnit>
	Message: Only the 24 properties declared in the CHR schema (plus rdf:type and rdfs:label) may be used on an individual.
Constraint Violation in ClosedConstraintComponent (http://www.w3.org/ns/shacl#ClosedConstraintComponent):
	Severity: sh:Violation
	Source Shape: chr:SchemaPropertyVocabularyShape
	Focus Node: ex:measurement_Creatinine_2160-0
	Value Node: <https://loinc.org/2160-0>
	Result Path: <https://w3id.org/shexmap/resource/ontology-schema/d285f599-dc2e-4bd0-83f1-df21defa8821/hasCode>
	Message: Only the 24 properties declared in the CHR schema (plus rdf:type and rdfs:label) may be used on an individual.
Constraint Violation in ClosedConstraintComponent (http://www.w3.org/ns/shacl#ClosedConstraintComponent):
	Severity: sh:Violation
	Source Shape: chr:SchemaPropertyVocabularyShape
	Focus Node: ex:measurement_Creatinine_2160-0
	Value Node: Literal("2.0244", datatype=xsd:float)
	Result Path: <https://w3id.org/shexmap/resource/ontology-schema/d285f599-dc2e-4bd0-83f1-df21defa8821/hasQuantityValue>
	Message: Only the 24 properties declared in the CHR schema (plus rdf:type and rdfs:label) may be used on an individual.
Constraint Violation in ClosedConstraintComponent (http://www.w3.org/ns/shacl#ClosedConstraintComponent):
	Severity: sh:Violation
	Source Shape: chr:SchemaPropertyVocabularyShape
	Focus Node: ex:measurement_Creatinine_2160-0
	Value Node: Literal("2025-04-23T16:47:23+02:00" = 2025-04-23 16:47:23+02:00, datatype=xsd:dateTime)
	Result Path: <https://w3id.org/shexmap/resource/ontology-schema/d285f599-dc2e-4bd0-83f1-df21defa8821/hasMeasuredDate>
	Message: Only the 24 properties declared in the CHR schema (plus rdf:type and rdfs:label) may be used on an individual.
Constraint Violation in ClosedConstraintComponent (http://www.w3.org/ns/shacl#ClosedConstraintComponent):
	Severity: sh:Violation
	Source Shape: chr:SchemaPropertyVocabularyShape
	Focus Node: ex:measurement_Creatinine_2160-0
	Value Node: ex:unit_mgperdL
	Result Path: <https://w3id.org/shexmap/resource/ontology-schema/d285f599-dc2e-4bd0-83f1-df21defa8821/hasUnit>
	Message: Only the 24 properties declared in the CHR schema (plus rdf:type and rdfs:label) may be used on an individual.
Constraint Violation in ClosedConstraintComponent (http://www.w3.org/ns/shacl#ClosedConstraintComponent):
	Severity: sh:Violation
	Source Shape: chr:SchemaPropertyVocabularyShape
	Focus Node: ex:measurement_Creatinine_Blood_38483-4
	Value Node: <https://loinc.org/38483-4>
	Result Path: <https://w3id.org/shexmap/resource/ontology-schema/d285f599-dc2e-4bd0-83f1-df21defa8821/hasCode>
	Message: Only the 24 properties declared in the CHR schema (plus rdf:type and rdfs:label) may be used on an individual.
Constraint Violation in ClosedConstraintComponent (http://www.w3.org/ns/shacl#ClosedConstraintComponent):
	Severity: sh:Violation
	Source Shape: chr:SchemaPropertyVocabularyShape
	Focus Node: ex:measurement_Creatinine_Blood_38483-4
	Value Node: Literal("2025-04-23T16:47:23+02:00" = 2025-04-23 16:47:23+02:00, datatype=xsd:dateTime)
	Result Path: <https://w3id.org/shexmap/resource/ontology-schema/d285f599-dc2e-4bd0-83f1-df21defa8821/hasMeasuredDate>
	Message: Only the 24 properties declared in the CHR schema (plus rdf:type and rdfs:label) may be used on an individual.
Constraint Violation in ClosedConstraintComponent (http://www.w3.org/ns/shacl#ClosedConstraintComponent):
	Severity: sh:Violation
	Source Shape: chr:SchemaPropertyVocabularyShape
	Focus Node: ex:measurement_Creatinine_Blood_38483-4
	Value Node: Literal("3.67", datatype=xsd:float)
	Result Path: <https://w3id.org/shexmap/resource/ontology-schema/d285f599-dc2e-4bd0-83f1-df21defa8821/hasQuantityValue>
	Message: Only the 24 properties declared in the CHR schema (plus rdf:type and rdfs:label) may be used on an individual.
Constraint Violation in ClosedConstraintComponent (http://www.w3.org/ns/shacl#ClosedConstraintComponent):
	Severity: sh:Violation
	Source Shape: chr:SchemaPropertyVocabularyShape
	Focus Node: ex:measurement_Creatinine_Blood_38483-4
	Value Node: ex:unit_mgperdL
	Result Path: <https://w3id.org/shexmap/resource/ontology-schema/d285f599-dc2e-4bd0-83f1-df21defa8821/hasUnit>
	Message: Only the 24 properties declared in the CHR schema (plus rdf:type and rdfs:label) may be used on an individual.
Constraint Violation in ClosedConstraintComponent (http://www.w3.org/ns/shacl#ClosedConstraintComponent):
	Severity: sh:Violation
	Source Shape: chr:SchemaPropertyVocabularyShape
	Focus Node: ex:measurement_Fall_risk_59460-6
	Value Node: <https://loinc.org/59460-6>
	Result Path: <https://w3id.org/shexmap/resource/ontology-schema/d285f599-dc2e-4bd0-83f1-df21defa8821/hasCode>
	Message: Only the 24 properties declared in the CHR schema (plus rdf:type and rdfs:label) may be used on an individual.
Constraint Violation in ClosedConstraintComponent (http://www.w3.org/ns/shacl#ClosedConstraintComponent):
	Severity: sh:Violation
	Source Shape: chr:SchemaPropertyVocabularyShape
	Focus Node: ex:measurement_Fall_risk_59460-6
	Value Node: Literal("2025-04-23T18:00:15+02:00" = 2025-04-23 18:00:15+02:00, datatype=xsd:dateTime)
	Result Path: <https://w3id.org/shexmap/resource/ontology-schema/d285f599-dc2e-4bd0-83f1-df21defa8821/hasMeasuredDate>
	Message: Only the 24 properties declared in the CHR schema (plus rdf:type and rdfs:label) may be used on an individual.
Constraint Violation in ClosedConstraintComponent (http://www.w3.org/ns/shacl#ClosedConstraintComponent):
	Severity: sh:Violation
	Source Shape: chr:SchemaPropertyVocabularyShape
	Focus Node: ex:measurement_Fall_risk_59460-6
	Value Node: Literal("82.0", datatype=xsd:float)
	Result Path: <https://w3id.org/shexmap/resource/ontology-schema/d285f599-dc2e-4bd0-83f1-df21defa8821/hasQuantityValue>
	Message: Only the 24 properties declared in the CHR schema (plus rdf:type and rdfs:label) may be used on an individual.
Constraint Violation in ClosedConstraintComponent (http://www.w3.org/ns/shacl#ClosedConstraintComponent):
	Severity: sh:Violation
	Source Shape: chr:SchemaPropertyVocabularyShape
	Focus Node: ex:measurement_Fall_risk_59460-6
	Value Node: ex:unit_nominal
	Result Path: <https://w3id.org/shexmap/resource/ontology-schema/d285f599-dc2e-4bd0-83f1-df21defa8821/hasUnit>
	Message: Only the 24 properties declared in the CHR schema (plus rdf:type and rdfs:label) may be used on an individual.
Constraint Violation in ClosedConstraintComponent (http://www.w3.org/ns/shacl#ClosedConstraintComponent):
	Severity: sh:Violation
	Source Shape: chr:SchemaPropertyVocabularyShape
	Focus Node: ex:measurement_GFR_33914-3_1
	Value Node: <https://loinc.org/33914-3>
	Result Path: <https://w3id.org/shexmap/resource/ontology-schema/d285f599-dc2e-4bd0-83f1-df21defa8821/hasCode>
	Message: Only the 24 properties declared in the CHR schema (plus rdf:type and rdfs:label) may be used on an individual.
Constraint Violation in ClosedConstraintComponent (http://www.w3.org/ns/shacl#ClosedConstraintComponent):
	Severity: sh:Violation
	Source Shape: chr:SchemaPropertyVocabularyShape
	Focus Node: ex:measurement_GFR_33914-3_1
	Value Node: Literal("2025-04-23T16:47:23+02:00" = 2025-04-23 16:47:23+02:00, datatype=xsd:dateTime)
	Result Path: <https://w3id.org/shexmap/resource/ontology-schema/d285f599-dc2e-4bd0-83f1-df21defa8821/hasMeasuredDate>
	Message: Only the 24 properties declared in the CHR schema (plus rdf:type and rdfs:label) may be used on an individual.
Constraint Violation in ClosedConstraintComponent (http://www.w3.org/ns/shacl#ClosedConstraintComponent):
	Severity: sh:Violation
	Source Shape: chr:SchemaPropertyVocabularyShape
	Focus Node: ex:measurement_GFR_33914-3_1
	Value Node: Literal("30.185", datatype=xsd:float)
	Result Path: <https://w3id.org/shexmap/resource/ontology-schema/d285f599-dc2e-4bd0-83f1-df21defa8821/hasQuantityValue>
	Message: Only the 24 properties declared in the CHR schema (plus rdf:type and rdfs:label) may be used on an individual.
Constraint Violation in ClosedConstraintComponent (http://www.w3.org/ns/shacl#ClosedConstraintComponent):
	Severity: sh:Violation
	Source Shape: chr:SchemaPropertyVocabularyShape
	Focus Node: ex:measurement_GFR_33914-3_1
	Value Node: ex:unit_mLpermincbl1dot73sbr
	Result Path: <https://w3id.org/shexmap/resource/ontology-schema/d285f599-dc2e-4bd0-83f1-df21defa8821/hasUnit>
	Message: Only the 24 properties declared in the CHR schema (plus rdf:type and rdfs:label) may be used on an individual.
Constraint Violation in ClosedConstraintComponent (http://www.w3.org/ns/shacl#ClosedConstraintComponent):
	Severity: sh:Violation
	Source Shape: chr:SchemaPropertyVocabularyShape
	Focus Node: ex:measurement_GFR_33914-3_2
	Value Node: <https://loinc.org/33914-3>
	Result Path: <https://w3id.org/shexmap/resource/ontology-schema/d285f599-dc2e-4bd0-83f1-df21defa8821/hasCode>
	Message: Only the 24 properties declared in the CHR schema (plus rdf:type and rdfs:label) may be used on an individual.
Constraint Violation in ClosedConstraintComponent (http://www.w3.org/ns/shacl#ClosedConstraintComponent):
	Severity: sh:Violation
	Source Shape: chr:SchemaPropertyVocabularyShape
	Focus Node: ex:measurement_GFR_33914-3_2
	Value Node: Literal("2025-04-23T16:47:23+02:00" = 2025-04-23 16:47:23+02:00, datatype=xsd:dateTime)
	Result Path: <https://w3id.org/shexmap/resource/ontology-schema/d285f599-dc2e-4bd0-83f1-df21defa8821/hasMeasuredDate>
	Message: Only the 24 properties declared in the CHR schema (plus rdf:type and rdfs:label) may be used on an individual.
Constraint Violation in ClosedConstraintComponent (http://www.w3.org/ns/shacl#ClosedConstraintComponent):
	Severity: sh:Violation
	Source Shape: chr:SchemaPropertyVocabularyShape
	Focus Node: ex:measurement_GFR_33914-3_2
	Value Node: Literal("22.13", datatype=xsd:float)
	Result Path: <https://w3id.org/shexmap/resource/ontology-schema/d285f599-dc2e-4bd0-83f1-df21defa8821/hasQuantityValue>
	Message: Only the 24 properties declared in the CHR schema (plus rdf:type and rdfs:label) may be used on an individual.
Constraint Violation in ClosedConstraintComponent (http://www.w3.org/ns/shacl#ClosedConstraintComponent):
	Severity: sh:Violation
	Source Shape: chr:SchemaPropertyVocabularyShape
	Focus Node: ex:measurement_GFR_33914-3_2
	Value Node: ex:unit_mLpermincbl1dot73sbr
	Result Path: <https://w3id.org/shexmap/resource/ontology-schema/d285f599-dc2e-4bd0-83f1-df21defa8821/hasUnit>
	Message: Only the 24 properties declared in the CHR schema (plus rdf:type and rdfs:label) may be used on an individual.
Constraint Violation in ClosedConstraintComponent (http://www.w3.org/ns/shacl#ClosedConstraintComponent):
	Severity: sh:Violation
	Source Shape: chr:SchemaPropertyVocabularyShape
	Focus Node: ex:measurement_Glucose_2345-7
	Value Node: <https://loinc.org/2345-7>
	Result Path: <https://w3id.org/shexmap/resource/ontology-schema/d285f599-dc2e-4bd0-83f1-df21defa8821/hasCode>
	Message: Only the 24 properties declared in the CHR schema (plus rdf:type and rdfs:label) may be used on an individual.
Constraint Violation in ClosedConstraintComponent (http://www.w3.org/ns/shacl#ClosedConstraintComponent):
	Severity: sh:Violation
	Source Shape: chr:SchemaPropertyVocabularyShape
	Focus Node: ex:measurement_Glucose_2345-7
	Value Node: Literal("172.41", datatype=xsd:float)
	Result Path: <https://w3id.org/shexmap/resource/ontology-schema/d285f599-dc2e-4bd0-83f1-df21defa8821/hasQuantityValue>
	Message: Only the 24 properties declared in the CHR schema (plus rdf:type and rdfs:label) may be used on an individual.
Constraint Violation in ClosedConstraintComponent (http://www.w3.org/ns/shacl#ClosedConstraintComponent):
	Severity: sh:Violation
	Source Shape: chr:SchemaPropertyVocabularyShape
	Focus Node: ex:measurement_Glucose_2345-7
	Value Node: Literal("2025-04-23T16:47:23+02:00" = 2025-04-23 16:47:23+02:00, datatype=xsd:dateTime)
	Result Path: <https://w3id.org/shexmap/resource/ontology-schema/d285f599-dc2e-4bd0-83f1-df21defa8821/hasMeasuredDate>
	Message: Only the 24 properties declared in the CHR schema (plus rdf:type and rdfs:label) may be used on an individual.
Constraint Violation in ClosedConstraintComponent (http://www.w3.org/ns/shacl#ClosedConstraintComponent):
	Severity: sh:Violation
	Source Shape: chr:SchemaPropertyVocabularyShape
	Focus Node: ex:measurement_Glucose_2345-7
	Value Node: ex:unit_mgperdL
	Result Path: <https://w3id.org/shexmap/resource/ontology-schema/d285f599-dc2e-4bd0-83f1-df21defa8821/hasUnit>
	Message: Only the 24 properties declared in the CHR schema (plus rdf:type and rdfs:label) may be used on an individual.
Constraint Violation in ClosedConstraintComponent (http://www.w3.org/ns/shacl#ClosedConstraintComponent):
	Severity: sh:Violation
	Source Shape: chr:SchemaPropertyVocabularyShape
	Focus Node: ex:measurement_Glucose_5792-7
	Value Node: <https://loinc.org/5792-7>
	Result Path: <https://w3id.org/shexmap/resource/ontology-schema/d285f599-dc2e-4bd0-83f1-df21defa8821/hasCode>
	Message: Only the 24 properties declared in the CHR schema (plus rdf:type and rdfs:label) may be used on an individual.
Constraint Violation in ClosedConstraintComponent (http://www.w3.org/ns/shacl#ClosedConstraintComponent):
	Severity: sh:Violation
	Source Shape: chr:SchemaPropertyVocabularyShape
	Focus Node: ex:measurement_Glucose_5792-7
	Value Node: Literal("1.3572", datatype=xsd:float)
	Result Path: <https://w3id.org/shexmap/resource/ontology-schema/d285f599-dc2e-4bd0-83f1-df21defa8821/hasQuantityValue>
	Message: Only the 24 properties declared in the CHR schema (plus rdf:type and rdfs:label) may be used on an individual.
Constraint Violation in ClosedConstraintComponent (http://www.w3.org/ns/shacl#ClosedConstraintComponent):
	Severity: sh:Violation
	Source Shape: chr:SchemaPropertyVocabularyShape
	Focus Node: ex:measurement_Glucose_5792-7
	Value Node: Literal("2025-04-23T16:47:23+02:00" = 2025-04-23 16:47:23+02:00, datatype=xsd:dateTime)
	Result Path: <https://w3id.org/shexmap/resource/ontology-schema/d285f599-dc2e-4bd0-83f1-df21defa8821/hasMeasuredDate>
	Message: Only the 24 properties declared in the CHR schema (plus rdf:type and rdfs:label) may be used on an individual.
Constraint Violation in ClosedConstraintComponent (http://www.w3.org/ns/shacl#ClosedConstraintComponent):
	Severity: sh:Violation
	Source Shape: chr:SchemaPropertyVocabularyShape
	Focus Node: ex:measurement_Glucose_5792-7
	Value Node: ex:unit_mgperdL
	Result Path: <https://w3id.org/shexmap/resource/ontology-schema/d285f599-dc2e-4bd0-83f1-df21defa8821/hasUnit>
	Message: Only the 24 properties declared in the CHR schema (plus rdf:type and rdfs:label) may be used on an individual.
Constraint Violation in ClosedConstraintComponent (http://www.w3.org/ns/shacl#ClosedConstraintComponent):
	Severity: sh:Violation
	Source Shape: chr:SchemaPropertyVocabularyShape
	Focus Node: ex:measurement_Glucose_Blood_2339-0
	Value Node: <https://loinc.org/2339-0>
	Result Path: <https://w3id.org/shexmap/resource/ontology-schema/d285f599-dc2e-4bd0-83f1-df21defa8821/hasCode>
	Message: Only the 24 properties declared in the CHR schema (plus rdf:type and rdfs:label) may be used on an individual.
Constraint Violation in ClosedConstraintComponent (http://www.w3.org/ns/shacl#ClosedConstraintComponent):
	Severity: sh:Violation
	Source Shape: chr:SchemaPropertyVocabularyShape
	Focus Node: ex:measurement_Glucose_Blood_2339-0
	Value Node: Literal("172.41", datatype=xsd:float)
	Result Path: <https://w3id.org/shexmap/resource/ontology-schema/d285f599-dc2e-4bd0-83f1-df21defa8821/hasQuantityValue>
	Message: Only the 24 properties declared in the CHR schema (plus rdf:type and rdfs:label) may be used on an individual.
Constraint Violation in ClosedConstraintComponent (http://www.w3.org/ns/shacl#ClosedConstraintComponent):
	Severity: sh:Violation
	Source Shape: chr:SchemaPropertyVocabularyShape
	Focus Node: ex:measurement_Glucose_Blood_2339-0
	Value Node: Literal("2025-04-23T16:47:23+02:00" = 2025-04-23 16:47:23+02:00, datatype=xsd:dateTime)
	Result Path: <https://w3id.org/shexmap/resource/ontology-schema/d285f599-dc2e-4bd0-83f1-df21defa8821/hasMeasuredDate>
	Message: Only the 24 properties declared in the CHR schema (plus rdf:type and rdfs:label) may be used on an individual.
Constraint Violation in ClosedConstraintComponent (http://www.w3.org/ns/shacl#ClosedConstraintComponent):
	Severity: sh:Violation
	Source Shape: chr:SchemaPropertyVocabularyShape
	Focus Node: ex:measurement_Glucose_Blood_2339-0
	Value Node: ex:unit_mgperdL
	Result Path: <https://w3id.org/shexmap/resource/ontology-schema/d285f599-dc2e-4bd0-83f1-df21defa8821/hasUnit>
	Message: Only the 24 properties declared in the CHR schema (plus rdf:type and rdfs:label) may be used on an individual.
Constraint Violation in ClosedConstraintComponent (http://www.w3.org/ns/shacl#ClosedConstraintComponent):
	Severity: sh:Violation
	Source Shape: chr:SchemaPropertyVocabularyShape
	Focus Node: ex:measurement_Heart_rate_8867-4
	Value Node: <https://loinc.org/8867-4>
	Result Path: <https://w3id.org/shexmap/resource/ontology-schema/d285f599-dc2e-4bd0-83f1-df21defa8821/hasCode>
	Message: Only the 24 properties declared in the CHR schema (plus rdf:type and rdfs:label) may be used on an individual.
Constraint Violation in ClosedConstraintComponent (http://www.w3.org/ns/shacl#ClosedConstraintComponent):
	Severity: sh:Violation
	Source Shape: chr:SchemaPropertyVocabularyShape
	Focus Node: ex:measurement_Heart_rate_8867-4
	Value Node: Literal("2025-04-23T16:47:23+02:00" = 2025-04-23 16:47:23+02:00, datatype=xsd:dateTime)
	Result Path: <https://w3id.org/shexmap/resource/ontology-schema/d285f599-dc2e-4bd0-83f1-df21defa8821/hasMeasuredDate>
	Message: Only the 24 properties declared in the CHR schema (plus rdf:type and rdfs:label) may be used on an individual.
Constraint Violation in ClosedConstraintComponent (http://www.w3.org/ns/shacl#ClosedConstraintComponent):
	Severity: sh:Violation
	Source Shape: chr:SchemaPropertyVocabularyShape
	Focus Node: ex:measurement_Heart_rate_8867-4
	Value Node: Literal("68.0", datatype=xsd:float)
	Result Path: <https://w3id.org/shexmap/resource/ontology-schema/d285f599-dc2e-4bd0-83f1-df21defa8821/hasQuantityValue>
	Message: Only the 24 properties declared in the CHR schema (plus rdf:type and rdfs:label) may be used on an individual.
Constraint Violation in ClosedConstraintComponent (http://www.w3.org/ns/shacl#ClosedConstraintComponent):
	Severity: sh:Violation
	Source Shape: chr:SchemaPropertyVocabularyShape
	Focus Node: ex:measurement_Heart_rate_8867-4
	Value Node: ex:unit_permin
	Result Path: <https://w3id.org/shexmap/resource/ontology-schema/d285f599-dc2e-4bd0-83f1-df21defa8821/hasUnit>
	Message: Only the 24 properties declared in the CHR schema (plus rdf:type and rdfs:label) may be used on an individual.
Constraint Violation in ClosedConstraintComponent (http://www.w3.org/ns/shacl#ClosedConstraintComponent):
	Severity: sh:Violation
	Source Shape: chr:SchemaPropertyVocabularyShape
	Focus Node: ex:measurement_Hemoglobin_A1c_4548-4
	Value Node: <https://loinc.org/4548-4>
	Result Path: <https://w3id.org/shexmap/resource/ontology-schema/d285f599-dc2e-4bd0-83f1-df21defa8821/hasCode>
	Message: Only the 24 properties declared in the CHR schema (plus rdf:type and rdfs:label) may be used on an individual.
Constraint Violation in ClosedConstraintComponent (http://www.w3.org/ns/shacl#ClosedConstraintComponent):
	Severity: sh:Violation
	Source Shape: chr:SchemaPropertyVocabularyShape
	Focus Node: ex:measurement_Hemoglobin_A1c_4548-4
	Value Node: Literal("2025-04-23T16:47:23+02:00" = 2025-04-23 16:47:23+02:00, datatype=xsd:dateTime)
	Result Path: <https://w3id.org/shexmap/resource/ontology-schema/d285f599-dc2e-4bd0-83f1-df21defa8821/hasMeasuredDate>
	Message: Only the 24 properties declared in the CHR schema (plus rdf:type and rdfs:label) may be used on an individual.
Constraint Violation in ClosedConstraintComponent (http://www.w3.org/ns/shacl#ClosedConstraintComponent):
	Severity: sh:Violation
	Source Shape: chr:SchemaPropertyVocabularyShape
	Focus Node: ex:measurement_Hemoglobin_A1c_4548-4
	Value Node: Literal("5.36", datatype=xsd:float)
	Result Path: <https://w3id.org/shexmap/resource/ontology-schema/d285f599-dc2e-4bd0-83f1-df21defa8821/hasQuantityValue>
	Message: Only the 24 properties declared in the CHR schema (plus rdf:type and rdfs:label) may be used on an individual.
Constraint Violation in ClosedConstraintComponent (http://www.w3.org/ns/shacl#ClosedConstraintComponent):
	Severity: sh:Violation
	Source Shape: chr:SchemaPropertyVocabularyShape
	Focus Node: ex:measurement_Hemoglobin_A1c_4548-4
	Value Node: ex:unit_percent
	Result Path: <https://w3id.org/shexmap/resource/ontology-schema/d285f599-dc2e-4bd0-83f1-df21defa8821/hasUnit>
	Message: Only the 24 properties declared in the CHR schema (plus rdf:type and rdfs:label) may be used on an individual.
Constraint Violation in ClosedConstraintComponent (http://www.w3.org/ns/shacl#ClosedConstraintComponent):
	Severity: sh:Violation
	Source Shape: chr:SchemaPropertyVocabularyShape
	Focus Node: ex:measurement_Ketones_5797-6
	Value Node: <https://loinc.org/5797-6>
	Result Path: <https://w3id.org/shexmap/resource/ontology-schema/d285f599-dc2e-4bd0-83f1-df21defa8821/hasCode>
	Message: Only the 24 properties declared in the CHR schema (plus rdf:type and rdfs:label) may be used on an individual.
Constraint Violation in ClosedConstraintComponent (http://www.w3.org/ns/shacl#ClosedConstraintComponent):
	Severity: sh:Violation
	Source Shape: chr:SchemaPropertyVocabularyShape
	Focus Node: ex:measurement_Ketones_5797-6
	Value Node: Literal("2025-04-23T16:47:23+02:00" = 2025-04-23 16:47:23+02:00, datatype=xsd:dateTime)
	Result Path: <https://w3id.org/shexmap/resource/ontology-schema/d285f599-dc2e-4bd0-83f1-df21defa8821/hasMeasuredDate>
	Message: Only the 24 properties declared in the CHR schema (plus rdf:type and rdfs:label) may be used on an individual.
Constraint Violation in ClosedConstraintComponent (http://www.w3.org/ns/shacl#ClosedConstraintComponent):
	Severity: sh:Violation
	Source Shape: chr:SchemaPropertyVocabularyShape
	Focus Node: ex:measurement_Ketones_5797-6
	Value Node: Literal("7.2103", datatype=xsd:float)
	Result Path: <https://w3id.org/shexmap/resource/ontology-schema/d285f599-dc2e-4bd0-83f1-df21defa8821/hasQuantityValue>
	Message: Only the 24 properties declared in the CHR schema (plus rdf:type and rdfs:label) may be used on an individual.
Constraint Violation in ClosedConstraintComponent (http://www.w3.org/ns/shacl#ClosedConstraintComponent):
	Severity: sh:Violation
	Source Shape: chr:SchemaPropertyVocabularyShape
	Focus Node: ex:measurement_Ketones_5797-6
	Value Node: ex:unit_mgperdL
	Result Path: <https://w3id.org/shexmap/resource/ontology-schema/d285f599-dc2e-4bd0-83f1-df21defa8821/hasUnit>
	Message: Only the 24 properties declared in the CHR schema (plus rdf:type and rdfs:label) may be used on an individual.
Constraint Violation in ClosedConstraintComponent (http://www.w3.org/ns/shacl#ClosedConstraintComponent):
	Severity: sh:Violation
	Source Shape: chr:SchemaPropertyVocabularyShape
	Focus Node: ex:measurement_Microalbumin_Creatinine_14959-1
	Value Node: <https://loinc.org/14959-1>
	Result Path: <https://w3id.org/shexmap/resource/ontology-schema/d285f599-dc2e-4bd0-83f1-df21defa8821/hasCode>
	Message: Only the 24 properties declared in the CHR schema (plus rdf:type and rdfs:label) may be used on an individual.
Constraint Violation in ClosedConstraintComponent (http://www.w3.org/ns/shacl#ClosedConstraintComponent):
	Severity: sh:Violation
	Source Shape: chr:SchemaPropertyVocabularyShape
	Focus Node: ex:measurement_Microalbumin_Creatinine_14959-1
	Value Node: Literal("2025-04-23T16:47:23+02:00" = 2025-04-23 16:47:23+02:00, datatype=xsd:dateTime)
	Result Path: <https://w3id.org/shexmap/resource/ontology-schema/d285f599-dc2e-4bd0-83f1-df21defa8821/hasMeasuredDate>
	Message: Only the 24 properties declared in the CHR schema (plus rdf:type and rdfs:label) may be used on an individual.
Constraint Violation in ClosedConstraintComponent (http://www.w3.org/ns/shacl#ClosedConstraintComponent):
	Severity: sh:Violation
	Source Shape: chr:SchemaPropertyVocabularyShape
	Focus Node: ex:measurement_Microalbumin_Creatinine_14959-1
	Value Node: Literal("278.17", datatype=xsd:float)
	Result Path: <https://w3id.org/shexmap/resource/ontology-schema/d285f599-dc2e-4bd0-83f1-df21defa8821/hasQuantityValue>
	Message: Only the 24 properties declared in the CHR schema (plus rdf:type and rdfs:label) may be used on an individual.
Constraint Violation in ClosedConstraintComponent (http://www.w3.org/ns/shacl#ClosedConstraintComponent):
	Severity: sh:Violation
	Source Shape: chr:SchemaPropertyVocabularyShape
	Focus Node: ex:measurement_Microalbumin_Creatinine_14959-1
	Value Node: ex:unit_mgperg
	Result Path: <https://w3id.org/shexmap/resource/ontology-schema/d285f599-dc2e-4bd0-83f1-df21defa8821/hasUnit>
	Message: Only the 24 properties declared in the CHR schema (plus rdf:type and rdfs:label) may be used on an individual.
Constraint Violation in ClosedConstraintComponent (http://www.w3.org/ns/shacl#ClosedConstraintComponent):
	Severity: sh:Violation
	Source Shape: chr:SchemaPropertyVocabularyShape
	Focus Node: ex:measurement_PHQ2_55758-7
	Value Node: <https://loinc.org/55758-7>
	Result Path: <https://w3id.org/shexmap/resource/ontology-schema/d285f599-dc2e-4bd0-83f1-df21defa8821/hasCode>
	Message: Only the 24 properties declared in the CHR schema (plus rdf:type and rdfs:label) may be used on an individual.
Constraint Violation in ClosedConstraintComponent (http://www.w3.org/ns/shacl#ClosedConstraintComponent):
	Severity: sh:Violation
	Source Shape: chr:SchemaPropertyVocabularyShape
	Focus Node: ex:measurement_PHQ2_55758-7
	Value Node: Literal("0.0", datatype=xsd:float)
	Result Path: <https://w3id.org/shexmap/resource/ontology-schema/d285f599-dc2e-4bd0-83f1-df21defa8821/hasQuantityValue>
	Message: Only the 24 properties declared in the CHR schema (plus rdf:type and rdfs:label) may be used on an individual.
Constraint Violation in ClosedConstraintComponent (http://www.w3.org/ns/shacl#ClosedConstraintComponent):
	Severity: sh:Violation
	Source Shape: chr:SchemaPropertyVocabularyShape
	Focus Node: ex:measurement_PHQ2_55758-7
	Value Node: Literal("2025-04-23T18:37:51+02:00" = 2025-04-23 18:37:51+02:00, datatype=xsd:dateTime)
	Result Path: <https://w3id.org/shexmap/resource/ontology-schema/d285f599-dc2e-4bd0-83f1-df21defa8821/hasMeasuredDate>
	Message: Only the 24 properties declared in the CHR schema (plus rdf:type and rdfs:label) may be used on an individual.
Constraint Violation in ClosedConstraintComponent (http://www.w3.org/ns/shacl#ClosedConstraintComponent):
	Severity: sh:Violation
	Source Shape: chr:SchemaPropertyVocabularyShape
	Focus Node: ex:measurement_PHQ2_55758-7
	Value Node: ex:unit_score
	Result Path: <https://w3id.org/shexmap/resource/ontology-schema/d285f599-dc2e-4bd0-83f1-df21defa8821/hasUnit>
	Message: Only the 24 properties declared in the CHR schema (plus rdf:type and rdfs:label) may be used on an individual.
Constraint Violation in ClosedConstraintComponent (http://www.w3.org/ns/shacl#ClosedConstraintComponent):
	Severity: sh:Violation
	Source Shape: chr:SchemaPropertyVocabularyShape
	Focus Node: ex:measurement_Pain_severity_72514-3
	Value Node: <https://loinc.org/72514-3>
	Result Path: <https://w3id.org/shexmap/resource/ontology-schema/d285f599-dc2e-4bd0-83f1-df21defa8821/hasCode>
	Message: Only the 24 properties declared in the CHR schema (plus rdf:type and rdfs:label) may be used on an individual.
Constraint Violation in ClosedConstraintComponent (http://www.w3.org/ns/shacl#ClosedConstraintComponent):
	Severity: sh:Violation
	Source Shape: chr:SchemaPropertyVocabularyShape
	Focus Node: ex:measurement_Pain_severity_72514-3
	Value Node: Literal("2025-04-23T16:47:23+02:00" = 2025-04-23 16:47:23+02:00, datatype=xsd:dateTime)
	Result Path: <https://w3id.org/shexmap/resource/ontology-schema/d285f599-dc2e-4bd0-83f1-df21defa8821/hasMeasuredDate>
	Message: Only the 24 properties declared in the CHR schema (plus rdf:type and rdfs:label) may be used on an individual.
Constraint Violation in ClosedConstraintComponent (http://www.w3.org/ns/shacl#ClosedConstraintComponent):
	Severity: sh:Violation
	Source Shape: chr:SchemaPropertyVocabularyShape
	Focus Node: ex:measurement_Pain_severity_72514-3
	Value Node: Literal("4.0", datatype=xsd:float)
	Result Path: <https://w3id.org/shexmap/resource/ontology-schema/d285f599-dc2e-4bd0-83f1-df21defa8821/hasQuantityValue>
	Message: Only the 24 properties declared in the CHR schema (plus rdf:type and rdfs:label) may be used on an individual.
Constraint Violation in ClosedConstraintComponent (http://www.w3.org/ns/shacl#ClosedConstraintComponent):
	Severity: sh:Violation
	Source Shape: chr:SchemaPropertyVocabularyShape
	Focus Node: ex:measurement_Pain_severity_72514-3
	Value Node: ex:unit_score
	Result Path: <https://w3id.org/shexmap/resource/ontology-schema/d285f599-dc2e-4bd0-83f1-df21defa8821/hasUnit>
	Message: Only the 24 properties declared in the CHR schema (plus rdf:type and rdfs:label) may be used on an individual.
Constraint Violation in ClosedConstraintComponent (http://www.w3.org/ns/shacl#ClosedConstraintComponent):
	Severity: sh:Violation
	Source Shape: chr:SchemaPropertyVocabularyShape
	Focus Node: ex:measurement_Potassium_2823-3
	Value Node: <https://loinc.org/2823-3>
	Result Path: <https://w3id.org/shexmap/resource/ontology-schema/d285f599-dc2e-4bd0-83f1-df21defa8821/hasCode>
	Message: Only the 24 properties declared in the CHR schema (plus rdf:type and rdfs:label) may be used on an individual.
Constraint Violation in ClosedConstraintComponent (http://www.w3.org/ns/shacl#ClosedConstraintComponent):
	Severity: sh:Violation
	Source Shape: chr:SchemaPropertyVocabularyShape
	Focus Node: ex:measurement_Potassium_2823-3
	Value Node: Literal("2025-04-23T16:47:23+02:00" = 2025-04-23 16:47:23+02:00, datatype=xsd:dateTime)
	Result Path: <https://w3id.org/shexmap/resource/ontology-schema/d285f599-dc2e-4bd0-83f1-df21defa8821/hasMeasuredDate>
	Message: Only the 24 properties declared in the CHR schema (plus rdf:type and rdfs:label) may be used on an individual.
Constraint Violation in ClosedConstraintComponent (http://www.w3.org/ns/shacl#ClosedConstraintComponent):
	Severity: sh:Violation
	Source Shape: chr:SchemaPropertyVocabularyShape
	Focus Node: ex:measurement_Potassium_2823-3
	Value Node: Literal("5.18", datatype=xsd:float)
	Result Path: <https://w3id.org/shexmap/resource/ontology-schema/d285f599-dc2e-4bd0-83f1-df21defa8821/hasQuantityValue>
	Message: Only the 24 properties declared in the CHR schema (plus rdf:type and rdfs:label) may be used on an individual.
Constraint Violation in ClosedConstraintComponent (http://www.w3.org/ns/shacl#ClosedConstraintComponent):
	Severity: sh:Violation
	Source Shape: chr:SchemaPropertyVocabularyShape
	Focus Node: ex:measurement_Potassium_2823-3
	Value Node: ex:unit_mmolperL
	Result Path: <https://w3id.org/shexmap/resource/ontology-schema/d285f599-dc2e-4bd0-83f1-df21defa8821/hasUnit>
	Message: Only the 24 properties declared in the CHR schema (plus rdf:type and rdfs:label) may be used on an individual.
Constraint Violation in ClosedConstraintComponent (http://www.w3.org/ns/shacl#ClosedConstraintComponent):
	Severity: sh:Violation
	Source Shape: chr:SchemaPropertyVocabularyShape
	Focus Node: ex:measurement_Potassium_Blood_6298-4
	Value Node: <https://loinc.org/6298-4>
	Result Path: <https://w3id.org/shexmap/resource/ontology-schema/d285f599-dc2e-4bd0-83f1-df21defa8821/hasCode>
	Message: Only the 24 properties declared in the CHR schema (plus rdf:type and rdfs:label) may be used on an individual.
Constraint Violation in ClosedConstraintComponent (http://www.w3.org/ns/shacl#ClosedConstraintComponent):
	Severity: sh:Violation
	Source Shape: chr:SchemaPropertyVocabularyShape
	Focus Node: ex:measurement_Potassium_Blood_6298-4
	Value Node: Literal("2025-04-23T16:47:23+02:00" = 2025-04-23 16:47:23+02:00, datatype=xsd:dateTime)
	Result Path: <https://w3id.org/shexmap/resource/ontology-schema/d285f599-dc2e-4bd0-83f1-df21defa8821/hasMeasuredDate>
	Message: Only the 24 properties declared in the CHR schema (plus rdf:type and rdfs:label) may be used on an individual.
Constraint Violation in ClosedConstraintComponent (http://www.w3.org/ns/shacl#ClosedConstraintComponent):
	Severity: sh:Violation
	Source Shape: chr:SchemaPropertyVocabularyShape
	Focus Node: ex:measurement_Potassium_Blood_6298-4
	Value Node: Literal("5.18", datatype=xsd:float)
	Result Path: <https://w3id.org/shexmap/resource/ontology-schema/d285f599-dc2e-4bd0-83f1-df21defa8821/hasQuantityValue>
	Message: Only the 24 properties declared in the CHR schema (plus rdf:type and rdfs:label) may be used on an individual.
Constraint Violation in ClosedConstraintComponent (http://www.w3.org/ns/shacl#ClosedConstraintComponent):
	Severity: sh:Violation
	Source Shape: chr:SchemaPropertyVocabularyShape
	Focus Node: ex:measurement_Potassium_Blood_6298-4
	Value Node: ex:unit_mmolperL
	Result Path: <https://w3id.org/shexmap/resource/ontology-schema/d285f599-dc2e-4bd0-83f1-df21defa8821/hasUnit>
	Message: Only the 24 properties declared in the CHR schema (plus rdf:type and rdfs:label) may be used on an individual.
Constraint Violation in ClosedConstraintComponent (http://www.w3.org/ns/shacl#ClosedConstraintComponent):
	Severity: sh:Violation
	Source Shape: chr:SchemaPropertyVocabularyShape
	Focus Node: ex:measurement_Protein_5804-0
	Value Node: <https://loinc.org/5804-0>
	Result Path: <https://w3id.org/shexmap/resource/ontology-schema/d285f599-dc2e-4bd0-83f1-df21defa8821/hasCode>
	Message: Only the 24 properties declared in the CHR schema (plus rdf:type and rdfs:label) may be used on an individual.
Constraint Violation in ClosedConstraintComponent (http://www.w3.org/ns/shacl#ClosedConstraintComponent):
	Severity: sh:Violation
	Source Shape: chr:SchemaPropertyVocabularyShape
	Focus Node: ex:measurement_Protein_5804-0
	Value Node: Literal("2025-04-23T16:47:23+02:00" = 2025-04-23 16:47:23+02:00, datatype=xsd:dateTime)
	Result Path: <https://w3id.org/shexmap/resource/ontology-schema/d285f599-dc2e-4bd0-83f1-df21defa8821/hasMeasuredDate>
	Message: Only the 24 properties declared in the CHR schema (plus rdf:type and rdfs:label) may be used on an individual.
Constraint Violation in ClosedConstraintComponent (http://www.w3.org/ns/shacl#ClosedConstraintComponent):
	Severity: sh:Violation
	Source Shape: chr:SchemaPropertyVocabularyShape
	Focus Node: ex:measurement_Protein_5804-0
	Value Node: Literal("391.14", datatype=xsd:float)
	Result Path: <https://w3id.org/shexmap/resource/ontology-schema/d285f599-dc2e-4bd0-83f1-df21defa8821/hasQuantityValue>
	Message: Only the 24 properties declared in the CHR schema (plus rdf:type and rdfs:label) may be used on an individual.
Constraint Violation in ClosedConstraintComponent (http://www.w3.org/ns/shacl#ClosedConstraintComponent):
	Severity: sh:Violation
	Source Shape: chr:SchemaPropertyVocabularyShape
	Focus Node: ex:measurement_Protein_5804-0
	Value Node: ex:unit_mgperdL
	Result Path: <https://w3id.org/shexmap/resource/ontology-schema/d285f599-dc2e-4bd0-83f1-df21defa8821/hasUnit>
	Message: Only the 24 properties declared in the CHR schema (plus rdf:type and rdfs:label) may be used on an individual.
Constraint Violation in ClosedConstraintComponent (http://www.w3.org/ns/shacl#ClosedConstraintComponent):
	Severity: sh:Violation
	Source Shape: chr:SchemaPropertyVocabularyShape
	Focus Node: ex:measurement_Respiratory_rate_9279-1
	Value Node: <https://loinc.org/9279-1>
	Result Path: <https://w3id.org/shexmap/resource/ontology-schema/d285f599-dc2e-4bd0-83f1-df21defa8821/hasCode>
	Message: Only the 24 properties declared in the CHR schema (plus rdf:type and rdfs:label) may be used on an individual.
Constraint Violation in ClosedConstraintComponent (http://www.w3.org/ns/shacl#ClosedConstraintComponent):
	Severity: sh:Violation
	Source Shape: chr:SchemaPropertyVocabularyShape
	Focus Node: ex:measurement_Respiratory_rate_9279-1
	Value Node: Literal("13.0", datatype=xsd:float)
	Result Path: <https://w3id.org/shexmap/resource/ontology-schema/d285f599-dc2e-4bd0-83f1-df21defa8821/hasQuantityValue>
	Message: Only the 24 properties declared in the CHR schema (plus rdf:type and rdfs:label) may be used on an individual.
Constraint Violation in ClosedConstraintComponent (http://www.w3.org/ns/shacl#ClosedConstraintComponent):
	Severity: sh:Violation
	Source Shape: chr:SchemaPropertyVocabularyShape
	Focus Node: ex:measurement_Respiratory_rate_9279-1
	Value Node: Literal("2025-04-23T16:47:23+02:00" = 2025-04-23 16:47:23+02:00, datatype=xsd:dateTime)
	Result Path: <https://w3id.org/shexmap/resource/ontology-schema/d285f599-dc2e-4bd0-83f1-df21defa8821/hasMeasuredDate>
	Message: Only the 24 properties declared in the CHR schema (plus rdf:type and rdfs:label) may be used on an individual.
Constraint Violation in ClosedConstraintComponent (http://www.w3.org/ns/shacl#ClosedConstraintComponent):
	Severity: sh:Violation
	Source Shape: chr:SchemaPropertyVocabularyShape
	Focus Node: ex:measurement_Respiratory_rate_9279-1
	Value Node: ex:unit_permin
	Result Path: <https://w3id.org/shexmap/resource/ontology-schema/d285f599-dc2e-4bd0-83f1-df21defa8821/hasUnit>
	Message: Only the 24 properties declared in the CHR schema (plus rdf:type and rdfs:label) may be used on an individual.
Constraint Violation in ClosedConstraintComponent (http://www.w3.org/ns/shacl#ClosedConstraintComponent):
	Severity: sh:Violation
	Source Shape: chr:SchemaPropertyVocabularyShape
	Focus Node: ex:measurement_Sodium_2951-2
	Value Node: <https://loinc.org/2951-2>
	Result Path: <https://w3id.org/shexmap/resource/ontology-schema/d285f599-dc2e-4bd0-83f1-df21defa8821/hasCode>
	Message: Only the 24 properties declared in the CHR schema (plus rdf:type and rdfs:label) may be used on an individual.
Constraint Violation in ClosedConstraintComponent (http://www.w3.org/ns/shacl#ClosedConstraintComponent):
	Severity: sh:Violation
	Source Shape: chr:SchemaPropertyVocabularyShape
	Focus Node: ex:measurement_Sodium_2951-2
	Value Node: Literal("136.31", datatype=xsd:float)
	Result Path: <https://w3id.org/shexmap/resource/ontology-schema/d285f599-dc2e-4bd0-83f1-df21defa8821/hasQuantityValue>
	Message: Only the 24 properties declared in the CHR schema (plus rdf:type and rdfs:label) may be used on an individual.
Constraint Violation in ClosedConstraintComponent (http://www.w3.org/ns/shacl#ClosedConstraintComponent):
	Severity: sh:Violation
	Source Shape: chr:SchemaPropertyVocabularyShape
	Focus Node: ex:measurement_Sodium_2951-2
	Value Node: Literal("2025-04-23T16:47:23+02:00" = 2025-04-23 16:47:23+02:00, datatype=xsd:dateTime)
	Result Path: <https://w3id.org/shexmap/resource/ontology-schema/d285f599-dc2e-4bd0-83f1-df21defa8821/hasMeasuredDate>
	Message: Only the 24 properties declared in the CHR schema (plus rdf:type and rdfs:label) may be used on an individual.
Constraint Violation in ClosedConstraintComponent (http://www.w3.org/ns/shacl#ClosedConstraintComponent):
	Severity: sh:Violation
	Source Shape: chr:SchemaPropertyVocabularyShape
	Focus Node: ex:measurement_Sodium_2951-2
	Value Node: ex:unit_mmolperL
	Result Path: <https://w3id.org/shexmap/resource/ontology-schema/d285f599-dc2e-4bd0-83f1-df21defa8821/hasUnit>
	Message: Only the 24 properties declared in the CHR schema (plus rdf:type and rdfs:label) may be used on an individual.
Constraint Violation in ClosedConstraintComponent (http://www.w3.org/ns/shacl#ClosedConstraintComponent):
	Severity: sh:Violation
	Source Shape: chr:SchemaPropertyVocabularyShape
	Focus Node: ex:measurement_Sodium_Blood_2947-0
	Value Node: <https://loinc.org/2947-0>
	Result Path: <https://w3id.org/shexmap/resource/ontology-schema/d285f599-dc2e-4bd0-83f1-df21defa8821/hasCode>
	Message: Only the 24 properties declared in the CHR schema (plus rdf:type and rdfs:label) may be used on an individual.
Constraint Violation in ClosedConstraintComponent (http://www.w3.org/ns/shacl#ClosedConstraintComponent):
	Severity: sh:Violation
	Source Shape: chr:SchemaPropertyVocabularyShape
	Focus Node: ex:measurement_Sodium_Blood_2947-0
	Value Node: Literal("136.31", datatype=xsd:float)
	Result Path: <https://w3id.org/shexmap/resource/ontology-schema/d285f599-dc2e-4bd0-83f1-df21defa8821/hasQuantityValue>
	Message: Only the 24 properties declared in the CHR schema (plus rdf:type and rdfs:label) may be used on an individual.
Constraint Violation in ClosedConstraintComponent (http://www.w3.org/ns/shacl#ClosedConstraintComponent):
	Severity: sh:Violation
	Source Shape: chr:SchemaPropertyVocabularyShape
	Focus Node: ex:measurement_Sodium_Blood_2947-0
	Value Node: Literal("2025-04-23T16:47:23+02:00" = 2025-04-23 16:47:23+02:00, datatype=xsd:dateTime)
	Result Path: <https://w3id.org/shexmap/resource/ontology-schema/d285f599-dc2e-4bd0-83f1-df21defa8821/hasMeasuredDate>
	Message: Only the 24 properties declared in the CHR schema (plus rdf:type and rdfs:label) may be used on an individual.
Constraint Violation in ClosedConstraintComponent (http://www.w3.org/ns/shacl#ClosedConstraintComponent):
	Severity: sh:Violation
	Source Shape: chr:SchemaPropertyVocabularyShape
	Focus Node: ex:measurement_Sodium_Blood_2947-0
	Value Node: ex:unit_mmolperL
	Result Path: <https://w3id.org/shexmap/resource/ontology-schema/d285f599-dc2e-4bd0-83f1-df21defa8821/hasUnit>
	Message: Only the 24 properties declared in the CHR schema (plus rdf:type and rdfs:label) may be used on an individual.
Constraint Violation in ClosedConstraintComponent (http://www.w3.org/ns/shacl#ClosedConstraintComponent):
	Severity: sh:Violation
	Source Shape: chr:SchemaPropertyVocabularyShape
	Focus Node: ex:measurement_Specific_gravity_5811-5
	Value Node: <https://loinc.org/5811-5>
	Result Path: <https://w3id.org/shexmap/resource/ontology-schema/d285f599-dc2e-4bd0-83f1-df21defa8821/hasCode>
	Message: Only the 24 properties declared in the CHR schema (plus rdf:type and rdfs:label) may be used on an individual.
Constraint Violation in ClosedConstraintComponent (http://www.w3.org/ns/shacl#ClosedConstraintComponent):
	Severity: sh:Violation
	Source Shape: chr:SchemaPropertyVocabularyShape
	Focus Node: ex:measurement_Specific_gravity_5811-5
	Value Node: Literal("1.0256", datatype=xsd:float)
	Result Path: <https://w3id.org/shexmap/resource/ontology-schema/d285f599-dc2e-4bd0-83f1-df21defa8821/hasQuantityValue>
	Message: Only the 24 properties declared in the CHR schema (plus rdf:type and rdfs:label) may be used on an individual.
Constraint Violation in ClosedConstraintComponent (http://www.w3.org/ns/shacl#ClosedConstraintComponent):
	Severity: sh:Violation
	Source Shape: chr:SchemaPropertyVocabularyShape
	Focus Node: ex:measurement_Specific_gravity_5811-5
	Value Node: Literal("2025-04-23T16:47:23+02:00" = 2025-04-23 16:47:23+02:00, datatype=xsd:dateTime)
	Result Path: <https://w3id.org/shexmap/resource/ontology-schema/d285f599-dc2e-4bd0-83f1-df21defa8821/hasMeasuredDate>
	Message: Only the 24 properties declared in the CHR schema (plus rdf:type and rdfs:label) may be used on an individual.
Constraint Violation in ClosedConstraintComponent (http://www.w3.org/ns/shacl#ClosedConstraintComponent):
	Severity: sh:Violation
	Source Shape: chr:SchemaPropertyVocabularyShape
	Focus Node: ex:measurement_Specific_gravity_5811-5
	Value Node: ex:unit_nominal
	Result Path: <https://w3id.org/shexmap/resource/ontology-schema/d285f599-dc2e-4bd0-83f1-df21defa8821/hasUnit>
	Message: Only the 24 properties declared in the CHR schema (plus rdf:type and rdfs:label) may be used on an individual.
Constraint Violation in ClosedConstraintComponent (http://www.w3.org/ns/shacl#ClosedConstraintComponent):
	Severity: sh:Violation
	Source Shape: chr:SchemaPropertyVocabularyShape
	Focus Node: ex:measurement_Triglyceride_2571-8
	Value Node: <https://loinc.org/2571-8>
	Result Path: <https://w3id.org/shexmap/resource/ontology-schema/d285f599-dc2e-4bd0-83f1-df21defa8821/hasCode>
	Message: Only the 24 properties declared in the CHR schema (plus rdf:type and rdfs:label) may be used on an individual.
Constraint Violation in ClosedConstraintComponent (http://www.w3.org/ns/shacl#ClosedConstraintComponent):
	Severity: sh:Violation
	Source Shape: chr:SchemaPropertyVocabularyShape
	Focus Node: ex:measurement_Triglyceride_2571-8
	Value Node: Literal("2025-04-23T16:47:23+02:00" = 2025-04-23 16:47:23+02:00, datatype=xsd:dateTime)
	Result Path: <https://w3id.org/shexmap/resource/ontology-schema/d285f599-dc2e-4bd0-83f1-df21defa8821/hasMeasuredDate>
	Message: Only the 24 properties declared in the CHR schema (plus rdf:type and rdfs:label) may be used on an individual.
Constraint Violation in ClosedConstraintComponent (http://www.w3.org/ns/shacl#ClosedConstraintComponent):
	Severity: sh:Violation
	Source Shape: chr:SchemaPropertyVocabularyShape
	Focus Node: ex:measurement_Triglyceride_2571-8
	Value Node: Literal("423.1", datatype=xsd:float)
	Result Path: <https://w3id.org/shexmap/resource/ontology-schema/d285f599-dc2e-4bd0-83f1-df21defa8821/hasQuantityValue>
	Message: Only the 24 properties declared in the CHR schema (plus rdf:type and rdfs:label) may be used on an individual.
Constraint Violation in ClosedConstraintComponent (http://www.w3.org/ns/shacl#ClosedConstraintComponent):
	Severity: sh:Violation
	Source Shape: chr:SchemaPropertyVocabularyShape
	Focus Node: ex:measurement_Triglyceride_2571-8
	Value Node: ex:unit_mgperdL
	Result Path: <https://w3id.org/shexmap/resource/ontology-schema/d285f599-dc2e-4bd0-83f1-df21defa8821/hasUnit>
	Message: Only the 24 properties declared in the CHR schema (plus rdf:type and rdfs:label) may be used on an individual.
Constraint Violation in ClosedConstraintComponent (http://www.w3.org/ns/shacl#ClosedConstraintComponent):
	Severity: sh:Violation
	Source Shape: chr:SchemaPropertyVocabularyShape
	Focus Node: ex:measurement_Urea_nitrogen_3094-0
	Value Node: <https://loinc.org/3094-0>
	Result Path: <https://w3id.org/shexmap/resource/ontology-schema/d285f599-dc2e-4bd0-83f1-df21defa8821/hasCode>
	Message: Only the 24 properties declared in the CHR schema (plus rdf:type and rdfs:label) may be used on an individual.
Constraint Violation in ClosedConstraintComponent (http://www.w3.org/ns/shacl#ClosedConstraintComponent):
	Severity: sh:Violation
	Source Shape: chr:SchemaPropertyVocabularyShape
	Focus Node: ex:measurement_Urea_nitrogen_3094-0
	Value Node: Literal("14.7", datatype=xsd:float)
	Result Path: <https://w3id.org/shexmap/resource/ontology-schema/d285f599-dc2e-4bd0-83f1-df21defa8821/hasQuantityValue>
	Message: Only the 24 properties declared in the CHR schema (plus rdf:type and rdfs:label) may be used on an individual.
Constraint Violation in ClosedConstraintComponent (http://www.w3.org/ns/shacl#ClosedConstraintComponent):
	Severity: sh:Violation
	Source Shape: chr:SchemaPropertyVocabularyShape
	Focus Node: ex:measurement_Urea_nitrogen_3094-0
	Value Node: Literal("2025-04-23T16:47:23+02:00" = 2025-04-23 16:47:23+02:00, datatype=xsd:dateTime)
	Result Path: <https://w3id.org/shexmap/resource/ontology-schema/d285f599-dc2e-4bd0-83f1-df21defa8821/hasMeasuredDate>
	Message: Only the 24 properties declared in the CHR schema (plus rdf:type and rdfs:label) may be used on an individual.
Constraint Violation in ClosedConstraintComponent (http://www.w3.org/ns/shacl#ClosedConstraintComponent):
	Severity: sh:Violation
	Source Shape: chr:SchemaPropertyVocabularyShape
	Focus Node: ex:measurement_Urea_nitrogen_3094-0
	Value Node: ex:unit_mgperdL
	Result Path: <https://w3id.org/shexmap/resource/ontology-schema/d285f599-dc2e-4bd0-83f1-df21defa8821/hasUnit>
	Message: Only the 24 properties declared in the CHR schema (plus rdf:type and rdfs:label) may be used on an individual.
Constraint Violation in ClosedConstraintComponent (http://www.w3.org/ns/shacl#ClosedConstraintComponent):
	Severity: sh:Violation
	Source Shape: chr:SchemaPropertyVocabularyShape
	Focus Node: ex:measurement_Urea_nitrogen_Blood_6299-2
	Value Node: <https://loinc.org/6299-2>
	Result Path: <https://w3id.org/shexmap/resource/ontology-schema/d285f599-dc2e-4bd0-83f1-df21defa8821/hasCode>
	Message: Only the 24 properties declared in the CHR schema (plus rdf:type and rdfs:label) may be used on an individual.
Constraint Violation in ClosedConstraintComponent (http://www.w3.org/ns/shacl#ClosedConstraintComponent):
	Severity: sh:Violation
	Source Shape: chr:SchemaPropertyVocabularyShape
	Focus Node: ex:measurement_Urea_nitrogen_Blood_6299-2
	Value Node: Literal("14.7", datatype=xsd:float)
	Result Path: <https://w3id.org/shexmap/resource/ontology-schema/d285f599-dc2e-4bd0-83f1-df21defa8821/hasQuantityValue>
	Message: Only the 24 properties declared in the CHR schema (plus rdf:type and rdfs:label) may be used on an individual.
Constraint Violation in ClosedConstraintComponent (http://www.w3.org/ns/shacl#ClosedConstraintComponent):
	Severity: sh:Violation
	Source Shape: chr:SchemaPropertyVocabularyShape
	Focus Node: ex:measurement_Urea_nitrogen_Blood_6299-2
	Value Node: Literal("2025-04-23T16:47:23+02:00" = 2025-04-23 16:47:23+02:00, datatype=xsd:dateTime)
	Result Path: <https://w3id.org/shexmap/resource/ontology-schema/d285f599-dc2e-4bd0-83f1-df21defa8821/hasMeasuredDate>
	Message: Only the 24 properties declared in the CHR schema (plus rdf:type and rdfs:label) may be used on an individual.
Constraint Violation in ClosedConstraintComponent (http://www.w3.org/ns/shacl#ClosedConstraintComponent):
	Severity: sh:Violation
	Source Shape: chr:SchemaPropertyVocabularyShape
	Focus Node: ex:measurement_Urea_nitrogen_Blood_6299-2
	Value Node: ex:unit_mgperdL
	Result Path: <https://w3id.org/shexmap/resource/ontology-schema/d285f599-dc2e-4bd0-83f1-df21defa8821/hasUnit>
	Message: Only the 24 properties declared in the CHR schema (plus rdf:type and rdfs:label) may be used on an individual.
Constraint Violation in ClosedConstraintComponent (http://www.w3.org/ns/shacl#ClosedConstraintComponent):
	Severity: sh:Violation
	Source Shape: chr:SchemaPropertyVocabularyShape
	Focus Node: ex:measurement_pH_5803-2
	Value Node: <https://loinc.org/5803-2>
	Result Path: <https://w3id.org/shexmap/resource/ontology-schema/d285f599-dc2e-4bd0-83f1-df21defa8821/hasCode>
	Message: Only the 24 properties declared in the CHR schema (plus rdf:type and rdfs:label) may be used on an individual.
Constraint Violation in ClosedConstraintComponent (http://www.w3.org/ns/shacl#ClosedConstraintComponent):
	Severity: sh:Violation
	Source Shape: chr:SchemaPropertyVocabularyShape
	Focus Node: ex:measurement_pH_5803-2
	Value Node: Literal("2025-04-23T16:47:23+02:00" = 2025-04-23 16:47:23+02:00, datatype=xsd:dateTime)
	Result Path: <https://w3id.org/shexmap/resource/ontology-schema/d285f599-dc2e-4bd0-83f1-df21defa8821/hasMeasuredDate>
	Message: Only the 24 properties declared in the CHR schema (plus rdf:type and rdfs:label) may be used on an individual.
Constraint Violation in ClosedConstraintComponent (http://www.w3.org/ns/shacl#ClosedConstraintComponent):
	Severity: sh:Violation
	Source Shape: chr:SchemaPropertyVocabularyShape
	Focus Node: ex:measurement_pH_5803-2
	Value Node: Literal("6.0476", datatype=xsd:float)
	Result Path: <https://w3id.org/shexmap/resource/ontology-schema/d285f599-dc2e-4bd0-83f1-df21defa8821/hasQuantityValue>
	Message: Only the 24 properties declared in the CHR schema (plus rdf:type and rdfs:label) may be used on an individual.
Constraint Violation in ClosedConstraintComponent (http://www.w3.org/ns/shacl#ClosedConstraintComponent):
	Severity: sh:Violation
	Source Shape: chr:SchemaPropertyVocabularyShape
	Focus Node: ex:measurement_pH_5803-2
	Value Node: ex:unit_pH
	Result Path: <https://w3id.org/shexmap/resource/ontology-schema/d285f599-dc2e-4bd0-83f1-df21defa8821/hasUnit>
	Message: Only the 24 properties declared in the CHR schema (plus rdf:type and rdfs:label) may be used on an individual.
Constraint Violation in ClosedConstraintComponent (http://www.w3.org/ns/shacl#ClosedConstraintComponent):
	Severity: sh:Violation
	Source Shape: chr:SchemaPropertyVocabularyShape
	Focus Node: ex:unit_cm
	Value Node: <https://biomedit.ch/rdf/sphn-resource/ucum/cm>
	Result Path: <https://w3id.org/shexmap/resource/ontology-schema/d285f599-dc2e-4bd0-83f1-df21defa8821/hasCode>
	Message: Only the 24 properties declared in the CHR schema (plus rdf:type and rdfs:label) may be used on an individual.
Constraint Violation in ClosedConstraintComponent (http://www.w3.org/ns/shacl#ClosedConstraintComponent):
	Severity: sh:Violation
	Source Shape: chr:SchemaPropertyVocabularyShape
	Focus Node: ex:unit_kg
	Value Node: <https://biomedit.ch/rdf/sphn-resource/ucum/kg>
	Result Path: <https://w3id.org/shexmap/resource/ontology-schema/d285f599-dc2e-4bd0-83f1-df21defa8821/hasCode>
	Message: Only the 24 properties declared in the CHR schema (plus rdf:type and rdfs:label) may be used on an individual.
Constraint Violation in ClosedConstraintComponent (http://www.w3.org/ns/shacl#ClosedConstraintComponent):
	Severity: sh:Violation
	Source Shape: chr:SchemaPropertyVocabularyShape
	Focus Node: ex:unit_kgperm2
	Value Node: <https://biomedit.ch/rdf/sphn-resource/ucum/kgperm2>
	Result Path: <https://w3id.org/shexmap/resource/ontology-schema/d285f599-dc2e-4bd0-83f1-df21defa8821/hasCode>
	Message: Only the 24 properties declared in the CHR schema (plus rdf:type and rdfs:label) may be used on an individual.
Constraint Violation in ClosedConstraintComponent (http://www.w3.org/ns/shacl#ClosedConstraintComponent):
	Severity: sh:Violation
	Source Shape: chr:SchemaPropertyVocabularyShape
	Focus Node: ex:unit_mLpermincbl1dot73sbr
	Value Node: <https://biomedit.ch/rdf/sphn-resource/ucum/mLpermincbl1dot73sbr>
	Result Path: <https://w3id.org/shexmap/resource/ontology-schema/d285f599-dc2e-4bd0-83f1-df21defa8821/hasCode>
	Message: Only the 24 properties declared in the CHR schema (plus rdf:type and rdfs:label) may be used on an individual.
Constraint Violation in ClosedConstraintComponent (http://www.w3.org/ns/shacl#ClosedConstraintComponent):
	Severity: sh:Violation
	Source Shape: chr:SchemaPropertyVocabularyShape
	Focus Node: ex:unit_mgperdL
	Value Node: <https://biomedit.ch/rdf/sphn-resource/ucum/mgperdL>
	Result Path: <https://w3id.org/shexmap/resource/ontology-schema/d285f599-dc2e-4bd0-83f1-df21defa8821/hasCode>
	Message: Only the 24 properties declared in the CHR schema (plus rdf:type and rdfs:label) may be used on an individual.
Constraint Violation in ClosedConstraintComponent (http://www.w3.org/ns/shacl#ClosedConstraintComponent):
	Severity: sh:Violation
	Source Shape: chr:SchemaPropertyVocabularyShape
	Focus Node: ex:unit_mgperg
	Value Node: <https://biomedit.ch/rdf/sphn-resource/ucum/mgperg>
	Result Path: <https://w3id.org/shexmap/resource/ontology-schema/d285f599-dc2e-4bd0-83f1-df21defa8821/hasCode>
	Message: Only the 24 properties declared in the CHR schema (plus rdf:type and rdfs:label) may be used on an individual.
Constraint Violation in ClosedConstraintComponent (http://www.w3.org/ns/shacl#ClosedConstraintComponent):
	Severity: sh:Violation
	Source Shape: chr:SchemaPropertyVocabularyShape
	Focus Node: ex:unit_mmolperL
	Value Node: <https://biomedit.ch/rdf/sphn-resource/ucum/mmolperL>
	Result Path: <https://w3id.org/shexmap/resource/ontology-schema/d285f599-dc2e-4bd0-83f1-df21defa8821/hasCode>
	Message: Only the 24 properties declared in the CHR schema (plus rdf:type and rdfs:label) may be used on an individual.
Constraint Violation in ClosedConstraintComponent (http://www.w3.org/ns/shacl#ClosedConstraintComponent):
	Severity: sh:Violation
	Source Shape: chr:SchemaPropertyVocabularyShape
	Focus Node: ex:unit_nominal
	Value Node: <https://biomedit.ch/rdf/sphn-resource/ucum/cblnominalcbr>
	Result Path: <https://w3id.org/shexmap/resource/ontology-schema/d285f599-dc2e-4bd0-83f1-df21defa8821/hasCode>
	Message: Only the 24 properties declared in the CHR schema (plus rdf:type and rdfs:label) may be used on an individual.
Constraint Violation in ClosedConstraintComponent (http://www.w3.org/ns/shacl#ClosedConstraintComponent):
	Severity: sh:Violation
	Source Shape: chr:SchemaPropertyVocabularyShape
	Focus Node: ex:unit_pH
	Value Node: <https://biomedit.ch/rdf/sphn-resource/ucum/pH>
	Result Path: <https://w3id.org/shexmap/resource/ontology-schema/d285f599-dc2e-4bd0-83f1-df21defa8821/hasCode>
	Message: Only the 24 properties declared in the CHR schema (plus rdf:type and rdfs:label) may be used on an individual.
Constraint Violation in ClosedConstraintComponent (http://www.w3.org/ns/shacl#ClosedConstraintComponent):
	Severity: sh:Violation
	Source Shape: chr:SchemaPropertyVocabularyShape
	Focus Node: ex:unit_percent
	Value Node: <https://biomedit.ch/rdf/sphn-resource/ucum/percent>
	Result Path: <https://w3id.org/shexmap/resource/ontology-schema/d285f599-dc2e-4bd0-83f1-df21defa8821/hasCode>
	Message: Only the 24 properties declared in the CHR schema (plus rdf:type and rdfs:label) may be used on an individual.
Constraint Violation in ClosedConstraintComponent (http://www.w3.org/ns/shacl#ClosedConstraintComponent):
	Severity: sh:Violation
	Source Shape: chr:SchemaPropertyVocabularyShape
	Focus Node: ex:unit_permin
	Value Node: <https://biomedit.ch/rdf/sphn-resource/ucum/permin>
	Result Path: <https://w3id.org/shexmap/resource/ontology-schema/d285f599-dc2e-4bd0-83f1-df21defa8821/hasCode>
	Message: Only the 24 properties declared in the CHR schema (plus rdf:type and rdfs:label) may be used on an individual.
Constraint Violation in ClosedConstraintComponent (http://www.w3.org/ns/shacl#ClosedConstraintComponent):
	Severity: sh:Violation
	Source Shape: chr:SchemaPropertyVocabularyShape
	Focus Node: ex:unit_score
	Value Node: <https://biomedit.ch/rdf/sphn-resource/ucum/sblscoresbr>
	Result Path: <https://w3id.org/shexmap/resource/ontology-schema/d285f599-dc2e-4bd0-83f1-df21defa8821/hasCode>
	Message: Only the 24 properties declared in the CHR schema (plus rdf:type and rdfs:label) may be used on an individual.
Constraint Violation in HasValueConstraintComponent (http://www.w3.org/ns/shacl#HasValueConstraintComponent):
	Severity: sh:Violation
	Source Shape: [ sh:hasValue chr:CHRConcept ; sh:message Literal("rdf:type must be a class declared in the CHR schema (a subclass of chr:CHRConcept); this class is not in the schema.") ; sh:path [ sh:zeroOrMorePath rdfs:subClassOf ] ]
	Focus Node: ns1:Measurement
	Result Path: [ sh:zeroOrMorePath rdfs:subClassOf ]
	Message: rdf:type must be a class declared in the CHR schema (a subclass of chr:CHRConcept); this class is not in the schema.
Constraint Violation in HasValueConstraintComponent (http://www.w3.org/ns/shacl#HasValueConstraintComponent):
	Severity: sh:Violation
	Source Shape: [ sh:hasValue chr:CHRConcept ; sh:message Literal("rdf:type must be a class declared in the CHR schema (a subclass of chr:CHRConcept); this class is not in the schema.") ; sh:path [ sh:zeroOrMorePath rdfs:subClassOf ] ]
	Focus Node: ns1:Unit
	Result Path: [ sh:zeroOrMorePath rdfs:subClassOf ]
	Message: rdf:type must be a class declared in the CHR schema (a subclass of chr:CHRConcept); this class is not in the schema.
Constraint Violation in MinCountConstraintComponent (http://www.w3.org/ns/shacl#MinCountConstraintComponent):
	Severity: sh:Violation
	Source Shape: [ sh:message Literal("A CarePlan should refer to at least one MedicalProcedure.") ; sh:minCount Literal("1", datatype=xsd:integer) ; sh:path chr:hasMedicalProcedure ]
	Focus Node: ex:CarePlan_follow_up_monitoring
	Result Path: chr:hasMedicalProcedure
	Message: A CarePlan should refer to at least one MedicalProcedure.
Constraint Violation in PatternConstraintComponent (http://www.w3.org/ns/shacl#PatternConstraintComponent):
	Severity: sh:Violation
	Source Shape: chr:SchemaClassVocabularyShape
	Focus Node: ns1:Measurement
	Value Node: ns1:Measurement
	Message: rdf:type must be a class declared in the CHR schema; this class is not in the schema.
Constraint Violation in PatternConstraintComponent (http://www.w3.org/ns/shacl#PatternConstraintComponent):
	Severity: sh:Violation
	Source Shape: chr:SchemaClassVocabularyShape
	Focus Node: ns1:Unit
	Value Node: ns1:Unit
	Message: rdf:type must be a class declared in the CHR schema; this class is not in the schema.

exit=1
