[   0.1s] segmenting (orchestrator) ...
[ 100.5s] 41 segments: s1[ClinicalVisit,Person,CareUnit,Person], s2[MeasurementProcess,Measurement], s3[MeasurementProcess,Measurement], s4[MeasurementProcess,Measurement], s5[MeasurementProcess,Measurement], s6[MeasurementProcess,Measurement], s7[MeasurementProcess,Measurement], s8[MeasurementProcess,Measurement], s9[MeasurementProcess,Measurement], s10[MeasurementProcess,Measurement], s11[MeasurementProcess,Measurement], s12[MeasurementProcess,Measurement], s13[MeasurementProcess,Measurement], s14[MeasurementProcess,Measurement], s15[MeasurementProcess,Measurement], s16[MeasurementProcess,Measurement], s17[MeasurementProcess,Measurement], s18[MeasurementProcess,Measurement], s19[MeasurementProcess,Measurement,Severity], s20[MeasurementProcess,Measurement], s21[MeasurementProcess,Measurement], s22[MeasurementProcess,Measurement], s23[MeasurementProcess,Measurement], s24[MeasurementProcess,Measurement], s25[MeasurementProcess,Measurement], s26[MeasurementProcess,Measurement], s27[MeasurementProcess,Measurement], s28[MeasurementProcess,Measurement], s29[MeasurementProcess,Measurement], s30[MeasurementProcess,Measurement], s31[MeasurementProcess,Measurement], s32[MeasurementProcess,Measurement], s33[MeasurementProcess,Measurement], s34[MeasurementProcess,Measurement], s35[MeasurementProcess,Measurement], s36[MeasurementProcess,Measurement], s37[MeasurementProcess,Measurement], s38[MeasurementProcess,Measurement], s39[MeasurementProcess,Measurement], s40[EvaluationProcess,DiagnosticStatement,ClinicalCondition], s41[CarePlan]
[ 100.5s] build order: [CareUnit, DiagnosticStatement, Measurement, Person, Severity] -> [ClinicalCondition, MeasurementProcess] -> [EvaluationProcess] -> [CarePlan, ClinicalVisit]
[ 100.5s] level 0: 5 agent(s), 0 known entities
[ 100.5s]   CareUnit: extracting (238 chars, 1 classes in view)
[ 100.5s]   DiagnosticStatement: extracting (234 chars, 1 classes in view)
[ 100.5s]   Measurement: extracting (9193 chars, 2 classes in view)
[ 100.5s]   Person: extracting (238 chars, 1 classes in view)
[ 107.0s]   CareUnit: cycle 0 -> conforms
[ 107.0s]   Severity: extracting (257 chars, 1 classes in view)
[ 107.5s]   DiagnosticStatement: cycle 0 -> 5 violation(s)
[ 107.5s]   DiagnosticStatement: fixing ...
[ 107.6s]   Person: cycle 0 -> conforms
[ 112.5s]   Severity: cycle 0 -> conforms
[ 113.1s]   DiagnosticStatement: cycle 1 -> 5 violation(s)
[ 113.1s]   DiagnosticStatement: stopping (plateau)
[ 236.9s]   Measurement: dropped 13 individual(s) of other classes (already built by earlier levels)
[ 236.9s]   Measurement: cycle 0 -> 13 violation(s)
[ 236.9s]   Measurement: fixing ...
https://biomedit.ch/rdf/sphn-resource/ucum/{cblscorecbr} does not look like a valid URI, trying to serialize this will break.
[ 349.5s]   Measurement: cycle 1 -> 1 violation(s)
[ 349.5s]   Measurement: fixing ...
[ 467.7s]   Measurement: cycle 2 -> conforms
[ 467.7s] level 1: 2 agent(s), 56 known entities
[ 467.7s]   ClinicalCondition: extracting (234 chars, 3 classes in view)
[ 467.7s]   MeasurementProcess: extracting (9193 chars, 6 classes in view)
[ 474.8s]   ClinicalCondition: cycle 0 -> 12 violation(s)
[ 474.8s]   ClinicalCondition: fixing ...
[ 483.4s]   ClinicalCondition: cycle 1 -> 5 violation(s)
[ 483.4s]   ClinicalCondition: fixing ...
[ 491.8s]   ClinicalCondition: cycle 2 -> 5 violation(s)
[ 491.8s]   ClinicalCondition: stopping (fix budget spent)
[ 683.2s]   MeasurementProcess: cycle 0 -> 772 violation(s)
[ 683.2s]   MeasurementProcess: fixing ...
[ 858.4s]   MeasurementProcess: cycle 1 -> 1 violation(s)
[ 858.4s]   MeasurementProcess: fixing ...
[1044.8s]   MeasurementProcess: cycle 2 -> 652 violation(s)
[1044.8s]   MeasurementProcess: stopping (fix budget spent)
[1044.9s] level 2: 1 agent(s), 123 known entities
[1044.9s]   EvaluationProcess: extracting (234 chars, 7 classes in view)
[1055.4s]   EvaluationProcess: cycle 0 -> 652 violation(s)
[1055.4s]   EvaluationProcess: fixing ...
[1066.8s]   EvaluationProcess: cycle 1 -> 652 violation(s)
[1066.8s]   EvaluationProcess: stopping (plateau)
[1066.8s] level 3: 2 agent(s), 125 known entities
[1066.8s]   CarePlan: extracting (9926 chars, 4 classes in view)
[1066.8s]   ClinicalVisit: extracting (9926 chars, 5 classes in view)
[1075.0s]   CarePlan: cycle 0 -> 652 violation(s)
[1075.0s]   CarePlan: fixing ...
[1087.0s]   CarePlan: cycle 1 -> 652 violation(s)
[1087.0s]   CarePlan: stopping (plateau)
[1198.0s]   ClinicalVisit: dropped 6 individual(s) of other classes (already built by earlier levels)
[1198.2s]   ClinicalVisit: cycle 0 -> 658 violation(s)
[1198.2s]   ClinicalVisit: fixing ...
[1422.1s]   ClinicalVisit: cycle 1 -> 1 violation(s)
[1422.1s]   ClinicalVisit: fixing ...
[1619.0s]   ClinicalVisit: cycle 2 -> 1 violation(s)
[1619.0s]   ClinicalVisit: stopping (fix budget spent)
[1619.2s] merging (orchestrator): 652 violation(s), 0 unresolved, 1 unparsed
[1637.7s] merge output rejected (string index out of range) - returning the un-merged union
[1637.9s] final: 652 violation(s)
conforms=False segments=10 llm_calls=23 unresolved=0
  orchestrator   2 calls    37233 in    6293 out  cost n/a  gemma4-g1
  total         23 calls   242816 in   89594 out  cost n/a  
  worker        21 calls   205583 in   83301 out  cost n/a  gemma4-g1
Constraint Violation in UndeclaredClass:
	Severity: sh:Violation
	Focus Node: http://example.org/data/diagnostic_statement_Full-time_employment_20260121T162842
	Message: https://w3id.org/shexmap/resource/ontology-schema/d285f599-dc2e-4bd0-83f1-df21defa8821/DiagnosticStatement is not a class of the vocabulary
Constraint Violation in UndeclaredClass:
	Severity: sh:Violation
	Focus Node: http://example.org/data/measurement_BMI_39156-5
	Message: https://w3id.org/shexmap/resource/ontology-schema/d285f599-dc2e-4bd0-83f1-df21defa8821/Measurement is not a class of the vocabulary
Constraint Violation in UndeclaredClass:
	Severity: sh:Violation
	Focus Node: http://example.org/data/measurement_Bilirubin_total_20505-4
	Message: https://w3id.org/shexmap/resource/ontology-schema/d285f599-dc2e-4bd0-83f1-df21defa8821/Measurement is not a class of the vocabulary
Constraint Violation in UndeclaredClass:
	Severity: sh:Violation
	Focus Node: http://example.org/data/measurement_Body_Height_8302-2
	Message: https://w3id.org/shexmap/resource/ontology-schema/d285f599-dc2e-4bd0-83f1-df21defa8821/Measurement is not a class of the vocabulary
Constraint Violation in UndeclaredClass:
	Severity: sh:Violation
	Focus Node: http://example.org/data/measurement_Body_Weight_29463-7
	Message: https://w3id.org/shexmap/resource/ontology-schema/d285f599-dc2e-4bd0-83f1-df21defa8821/Measurement is not a class of the vocabulary
Constraint Violation in UndeclaredClass:
	Severity: sh:Violation
	Focus Node: http://example.org/data/measurement_Calcium_17861-6
	Message: https://w3id.org/shexmap/resource/ontology-schema/d285f599-dc2e-4bd0-83f1-df21defa8821/Measurement is not a class of the vocabulary
Constraint Violation in UndeclaredClass:
	Severity: sh:Violation
	Focus Node: http://example.org/data/measurement_Calcium_Blood_49765-1
	Message: https://w3id.org/shexmap/resource/ontology-schema/d285f599-dc2e-4bd0-83f1-df21defa8821/Measurement is not a class of the vocabulary
Constraint Violation in UndeclaredClass:
	Severity: sh:Violation
	Focus Node: http://example.org/data/measurement_Carbon_dioxide_total_2028-9
	Message: https://w3id.org/shexmap/resource/ontology-schema/d285f599-dc2e-4bd0-83f1-df21defa8821/Measurement is not a class of the vocabulary
Constraint Violation in UndeclaredClass:
	Severity: sh:Violation
	Focus Node: http://example.org/data/measurement_Carbon_dioxide_total_Blood_20565-8
	Message: https://w3id.org/shexmap/resource/ontology-schema/d285f599-dc2e-4bd0-83f1-df21defa8821/Measurement is not a class of the vocabulary
Constraint Violation in UndeclaredClass:
	Severity: sh:Violation
	Focus Node: http://example.org/data/measurement_Chloride_2075-0
	Message: https://w3id.org/shexmap/resource/ontology-schema/d285f599-dc2e-4bd0-83f1-df21defa8821/Measurement is not a class of the vocabulary
Constraint Violation in UndeclaredClass:
	Severity: sh:Violation
	Focus Node: http://example.org/data/measurement_Chloride_Blood_2069-3
	Message: https://w3id.org/shexmap/resource/ontology-schema/d285f599-dc2e-4bd0-83f1-df21defa8821/Measurement is not a class of the vocabulary
Constraint Violation in UndeclaredClass:
	Severity: sh:Violation
	Focus Node: http://example.org/data/measurement_Creatinine_2160-0
	Message: https://w3id.org/shexmap/resource/ontology-schema/d285f599-dc2e-4bd0-83f1-df21defa8821/Measurement is not a class of the vocabulary
Constraint Violation in UndeclaredClass:
	Severity: sh:Violation
	Focus Node: http://example.org/data/measurement_Creatinine_Blood_38483-4
	Message: https://w3id.org/shexmap/resource/ontology-schema/d285f599-dc2e-4bd0-83f1-df21defa8821/Measurement is not a class of the vocabulary
Constraint Violation in UndeclaredClass:
	Severity: sh:Violation
	Focus Node: http://example.org/data/measurement_Fall_risk_59460-6
	Message: https://w3id.org/shexmap/resource/ontology-schema/d285f599-dc2e-4bd0-83f1-df21defa8821/Measurement is not a class of the vocabulary
Constraint Violation in UndeclaredClass:
	Severity: sh:Violation
	Focus Node: http://example.org/data/measurement_GFR_33914-3_1
	Message: https://w3id.org/shexmap/resource/ontology-schema/d285f599-dc2e-4bd0-83f1-df21defa8821/Measurement is not a class of the vocabulary
Constraint Violation in UndeclaredClass:
	Severity: sh:Violation
	Focus Node: http://example.org/data/measurement_Glucose_2345-7
	Message: https://w3id.org/shexmap/resource/ontology-schema/d285f599-dc2e-4bd0-83f1-df21defa8821/Measurement is not a class of the vocabulary
Constraint Violation in UndeclaredClass:
	Severity: sh:Violation
	Focus Node: http://example.org/data/measurement_Glucose_5792-7
	Message: https://w3id.org/shexmap/resource/ontology-schema/d285f599-dc2e-4bd0-83f1-df21defa8821/Measurement is not a class of the vocabulary
Constraint Violation in UndeclaredClass:
	Severity: sh:Violation
	Focus Node: http://example.org/data/measurement_Glucose_Blood_2339-0
	Message: https://w3id.org/shexmap/resource/ontology-schema/d285f599-dc2e-4bd0-83f1-df21defa8821/Measurement is not a class of the vocabulary
Constraint Violation in UndeclaredClass:
	Severity: sh:Violation
	Focus Node: http://example.org/data/measurement_HbA1c_4548-4
	Message: https://w3id.org/shexmap/resource/ontology-schema/d285f599-dc2e-4bd0-83f1-df21defa8821/Measurement is not a class of the vocabulary
Constraint Violation in UndeclaredClass:
	Severity: sh:Violation
	Focus Node: http://example.org/data/measurement_Heart_rate_8867-4
	Message: https://w3id.org/shexmap/resource/ontology-schema/d285f599-dc2e-4bd0-83f1-df21defa8821/Measurement is not a class of the vocabulary
Constraint Violation in UndeclaredClass:
	Severity: sh:Violation
	Focus Node: http://example.org/data/measurement_Ketones_5797-6
	Message: https://w3id.org/shexmap/resource/ontology-schema/d285f599-dc2e-4bd0-83f1-df21defa8821/Measurement is not a class of the vocabulary
Constraint Violation in UndeclaredClass:
	Severity: sh:Violation
	Focus Node: http://example.org/data/measurement_PHQ2_55758-7
	Message: https://w3id.org/shexmap/resource/ontology-schema/d285f599-dc2e-4bd0-83f1-df21defa8821/Measurement is not a class of the vocabulary
Constraint Violation in UndeclaredClass:
	Severity: sh:Violation
	Focus Node: http://example.org/data/measurement_Pain_72514-3
	Message: https://w3id.org/shexmap/resource/ontology-schema/d285f599-dc2e-4bd0-83f1-df21defa8821/Measurement is not a class of the vocabulary
Constraint Violation in UndeclaredClass:
	Severity: sh:Violation
	Focus Node: http://example.org/data/measurement_Potassium_2823-3
	Message: https://w3id.org/shexmap/resource/ontology-schema/d285f599-dc2e-4bd0-83f1-df21defa8821/Measurement is not a class of the vocabulary
Constraint Violation in UndeclaredClass:
	Severity: sh:Violation
	Focus Node: http://example.org/data/measurement_Potassium_Blood_6298-4
	Message: https://w3id.org/shexmap/resource/ontology-schema/d285f599-dc2e-4bd0-83f1-df21defa8821/Measurement is not a class of the vocabulary
Constraint Violation in UndeclaredClass:
	Severity: sh:Violation
	Focus Node: http://example.org/data/measurement_Protein_5804-0
	Message: https://w3id.org/shexmap/resource/ontology-schema/d285f599-dc2e-4bd0-83f1-df21defa8821/Measurement is not a class of the vocabulary
Constraint Violation in UndeclaredClass:
	Severity: sh:Violation
	Focus Node: http://example.org/data/measurement_Respiratory_rate_9279-1
	Message: https://w3id.org/shexmap/resource/ontology-schema/d285f599-dc2e-4bd0-83f1-df21defa8821/Measurement is not a class of the vocabulary
Constraint Violation in UndeclaredClass:
	Severity: sh:Violation
	Focus Node: http://example.org/data/measurement_Sodium_2951-2
	Message: https://w3id.org/shexmap/resource/ontology-schema/d285f599-dc2e-4bd0-83f1-df21defa8821/Measurement is not a class of the vocabulary
Constraint Violation in UndeclaredClass:
	Severity: sh:Violation
	Focus Node: http://example.org/data/measurement_Sodium_Blood_2947-0
	Message: https://w3id.org/shexmap/resource/ontology-schema/d285f599-dc2e-4bd0-83f1-df21defa8821/Measurement is not a class of the vocabulary
Constraint Violation in UndeclaredClass:
	Severity: sh:Violation
	Focus Node: http://example.org/data/measurement_Specific_gravity_5811-5
	Message: https://w3id.org/shexmap/resource/ontology-schema/d285f599-dc2e-4bd0-83f1-df21defa8821/Measurement is not a class of the vocabulary
Constraint Violation in UndeclaredClass:
	Severity: sh:Violation
	Focus Node: http://example.org/data/measurement_Urea_nitrogen_3094-0
	Message: https://w3id.org/shexmap/resource/ontology-schema/d285f599-dc2e-4bd0-83f1-df21defa8821/Measurement is not a class of the vocabulary
Constraint Violation in UndeclaredClass:
	Severity: sh:Violation
	Focus Node: http://example.org/data/measurement_Urea_nitrogen_Blood_6299-2
	Message: https://w3id.org/shexmap/resource/ontology-schema/d285f599-dc2e-4bd0-83f1-df21defa8821/Measurement is not a class of the vocabulary
Constraint Violation in UndeclaredClass:
	Severity: sh:Violation
	Focus Node: http://example.org/data/measurement_pH_5803-2
	Message: https://w3id.org/shexmap/resource/ontology-schema/d285f599-dc2e-4bd0-83f1-df21defa8821/Measurement is not a class of the vocabulary
Constraint Violation in UndeclaredClass:
	Severity: sh:Violation
	Focus Node: http://example.org/data/process_bilirubin_urine_20260121T154723
	Message: https://w3id.org/shexmap/resource/ontology-schema/d285f599-dc2e-4bd0-83f1-df21defa8821/MeasurementProcess is not a class of the vocabulary
Constraint Violation in UndeclaredClass:
	Severity: sh:Violation
	Focus Node: http://example.org/data/process_bmi_20260121T154723
	Message: https://w3id.org/shexmap/resource/ontology-schema/d285f599-dc2e-4bd0-83f1-df21defa8821/MeasurementProcess is not a class of the vocabulary
Constraint Violation in UndeclaredClass:
	Severity: sh:Violation
	Focus Node: http://example.org/data/process_calcium_blood_20260121T154723
	Message: https://w3id.org/shexmap/resource/ontology-schema/d285f599-dc2e-4bd0-83f1-df21defa8821/MeasurementProcess is not a class of the vocabulary
Constraint Violation in UndeclaredClass:
	Severity: sh:Violation
	Focus Node: http://example.org/data/process_calcium_serum_20260121T154723
	Message: https://w3id.org/shexmap/resource/ontology-schema/d285f599-dc2e-4bd0-83f1-df21defa8821/MeasurementProcess is not a class of the vocabulary
Constraint Violation in UndeclaredClass:
	Severity: sh:Violation
	Focus Node: http://example.org/data/process_chloride_blood_20260121T154723
	Message: https://w3id.org/shexmap/resource/ontology-schema/d285f599-dc2e-4bd0-83f1-df21defa8821/MeasurementProcess is not a class of the vocabulary
Constraint Violation in UndeclaredClass:
	Severity: sh:Violation
	Focus Node: http://example.org/data/process_chloride_serum_20260121T154723
	Message: https://w3id.org/shexmap/resource/ontology-schema/d285f599-dc2e-4bd0-83f1-df21defa8821/MeasurementProcess is not a class of the vocabulary
Constraint Violation in UndeclaredClass:
	Severity: sh:Violation
	Focus Node: http://example.org/data/process_co2_blood_20260121T154723
	Message: https://w3id.org/shexmap/resource/ontology-schema/d285f599-dc2e-4bd0-83f1-df21defa8821/MeasurementProcess is not a class of the vocabulary
Constraint Violation in UndeclaredClass:
	Severity: sh:Violation
	Focus Node: http://example.org/data/process_co2_serum_20260121T154723
	Message: https://w3id.org/shexmap/resource/ontology-schema/d285f599-dc2e-4bd0-83f1-df21defa8821/MeasurementProcess is not a class of the vocabulary
Constraint Violation in UndeclaredClass:
	Severity: sh:Violation
	Focus Node: http://example.org/data/process_creatinine_blood_20260121T154723
	Message: https://w3id.org/shexmap/resource/ontology-schema/d285f599-dc2e-4bd0-83f1-df21defa8821/MeasurementProcess is not a class of the vocabulary
Constraint Violation in UndeclaredClass:
	Severity: sh:Violation
	Focus Node: http://example.org/data/process_creatinine_serum_20260121T154723
	Message: https://w3id.org/shexmap/resource/ontology-schema/d285f599-dc2e-4bd0-83f1-df21defa8821/MeasurementProcess is not a class of the vocabulary
Constraint Violation in UndeclaredClass:
	Severity: sh:Violation
	Focus Node: http://example.org/data/process_fall_risk_20260121T165555
	Message: https://w3id.org/shexmap/resource/ontology-schema/d285f599-dc2e-4bd0-83f1-df21defa8821/MeasurementProcess is not a class of the vocabulary
Constraint Violation in UndeclaredClass:
	Severity: sh:Violation
	Focus Node: http://example.org/data/process_gfr_serum_20260121T154723
	Message: https://w3id.org/shexmap/resource/ontology-schema/d285f599-dc2e-4bd0-83f1-df21defa8821/MeasurementProcess is not a class of the vocabulary
Constraint Violation in UndeclaredClass:
	Severity: sh:Violation
	Focus Node: http://example.org/data/process_glucose_blood_20260121T154723
	Message: https://w3id.org/shexmap/resource/ontology-schema/d285f599-dc2e-4bd0-83f1-df21defa8821/MeasurementProcess is not a class of the vocabulary
Constraint Violation in UndeclaredClass:
	Severity: sh:Violation
	Focus Node: http://example.org/data/process_glucose_serum_20260121T154723
	Message: https://w3id.org/shexmap/resource/ontology-schema/d285f599-dc2e-4bd0-83f1-df21defa8821/MeasurementProcess is not a class of the vocabulary
Constraint Violation in UndeclaredClass:
	Severity: sh:Violation
	Focus Node: http://example.org/data/process_glucose_urine_20260121T154723
	Message: https://w3id.org/shexmap/resource/ontology-schema/d285f599-dc2e-4bd0-83f1-df21defa8821/MeasurementProcess is not a class of the vocabulary
Constraint Violation in UndeclaredClass:
	Severity: sh:Violation
	Focus Node: http://example.org/data/process_hba1c_blood_20260121T154723
	Message: https://w3id.org/shexmap/resource/ontology-schema/d285f599-dc2e-4bd0-83f1-df21defa8821/MeasurementProcess is not a class of the vocabulary
Constraint Violation in UndeclaredClass:
	Severity: sh:Violation
	Focus Node: http://example.org/data/process_heart_rate_20260121T154723
	Message: https://w3id.org/shexmap/resource/ontology-schema/d285f599-dc2e-4bd0-83f1-df21defa8821/MeasurementProcess is not a class of the vocabulary
Constraint Violation in UndeclaredClass:
	Severity: sh:Violation
	Focus Node: http://example.org/data/process_height_20260121T154723
	Message: https://w3id.org/shexmap/resource/ontology-schema/d285f599-dc2e-4bd0-83f1-df21defa8821/MeasurementProcess is not a class of the vocabulary
Constraint Violation in UndeclaredClass:
	Severity: sh:Violation
	Focus Node: http://example.org/data/process_ketones_urine_20260121T154723
	Message: https://w3id.org/shexmap/resource/ontology-schema/d285f599-dc2e-4bd0-83f1-df21defa8821/MeasurementProcess is not a class of the vocabulary
Constraint Violation in UndeclaredClass:
	Severity: sh:Violation
	Focus Node: http://example.org/data/process_pain_20260121T154723
	Message: https://w3id.org/shexmap/resource/ontology-schema/d285f599-dc2e-4bd0-83f1-df21defa8821/MeasurementProcess is not a class of the vocabulary
Constraint Violation in UndeclaredClass:
	Severity: sh:Violation
	Focus Node: http://example.org/data/process_ph_urine_20260121T154723
	Message: https://w3id.org/shexmap/resource/ontology-schema/d285f599-dc2e-4bd0-83f1-df21defa8821/MeasurementProcess is not a class of the vocabulary
Constraint Violation in UndeclaredClass:
	Severity: sh:Violation
	Focus Node: http://example.org/data/process_phq2_20260121T173632
	Message: https://w3id.org/shexmap/resource/ontology-schema/d285f599-dc2e-4bd0-83f1-df21defa8821/MeasurementProcess is not a class of the vocabulary
Constraint Violation in UndeclaredClass:
	Severity: sh:Violation
	Focus Node: http://example.org/data/process_potassium_blood_20260121T154723
	Message: https://w3id.org/shexmap/resource/ontology-schema/d285f599-dc2e-4bd0-83f1-df21defa8821/MeasurementProcess is not a class of the vocabulary
Constraint Violation in UndeclaredClass:
	Severity: sh:Violation
	Focus Node: http://example.org/data/process_potassium_serum_20260121T154723
	Message: https://w3id.org/shexmap/resource/ontology-schema/d285f599-dc2e-4bd0-83f1-df21defa8821/MeasurementProcess is not a class of the vocabulary
Constraint Violation in UndeclaredClass:
	Severity: sh:Violation
	Focus Node: http://example.org/data/process_protein_urine_20260121T154723
	Message: https://w3id.org/shexmap/resource/ontology-schema/d285f599-dc2e-4bd0-83f1-df21defa8821/MeasurementProcess is not a class of the vocabulary
Constraint Violation in UndeclaredClass:
	Severity: sh:Violation
	Focus Node: http://example.org/data/process_respiratory_rate_20260121T154723
	Message: https://w3id.org/shexmap/resource/ontology-schema/d285f599-dc2e-4bd0-83f1-df21defa8821/MeasurementProcess is not a class of the vocabulary
Constraint Violation in UndeclaredClass:
	Severity: sh:Violation
	Focus Node: http://example.org/data/process_sodium_blood_20260121T154723
	Message: https://w3id.org/shexmap/resource/ontology-schema/d285f599-dc2e-4bd0-83f1-df21defa8821/MeasurementProcess is not a class of the vocabulary
Constraint Violation in UndeclaredClass:
	Severity: sh:Violation
	Focus Node: http://example.org/data/process_sodium_serum_20260121T154723
	Message: https://w3id.org/shexmap/resource/ontology-schema/d285f599-dc2e-4bd0-83f1-df21defa8821/MeasurementProcess is not a class of the vocabulary
Constraint Violation in UndeclaredClass:
	Severity: sh:Violation
	Focus Node: http://example.org/data/process_spec_gravity_urine_20260121T154723
	Message: https://w3id.org/shexmap/resource/ontology-schema/d285f599-dc2e-4bd0-83f1-df21defa8821/MeasurementProcess is not a class of the vocabulary
Constraint Violation in UndeclaredClass:
	Severity: sh:Violation
	Focus Node: http://example.org/data/process_urea_nitrogen_blood_20260121T154723
	Message: https://w3id.org/shexmap/resource/ontology-schema/d285f599-dc2e-4bd0-83f1-df21defa8821/MeasurementProcess is not a class of the vocabulary
Constraint Violation in UndeclaredClass:
	Severity: sh:Violation
	Focus Node: http://example.org/data/process_urea_nitrogen_serum_20260121T154723
	Message: https://w3id.org/shexmap/resource/ontology-schema/d285f599-dc2e-4bd0-83f1-df21defa8821/MeasurementProcess is not a class of the vocabulary
Constraint Violation in UndeclaredClass:
	Severity: sh:Violation
	Focus Node: http://example.org/data/process_weight_20260121T154723
	Message: https://w3id.org/shexmap/resource/ontology-schema/d285f599-dc2e-4bd0-83f1-df21defa8821/MeasurementProcess is not a class of the vocabulary
Constraint Violation in UndeclaredClass:
	Severity: sh:Violation
	Focus Node: http://example.org/data/status_completed
	Message: https://w3id.org/shexmap/resource/ontology-schema/d285f599-dc2e-4bd0-83f1-df21defa8821/ProcessStatus is not a class of the vocabulary
Constraint Violation in UndeclaredProperty:
	Severity: sh:Violation
	Focus Node: http://example.org/data/diagnostic_statement_Full-time_employment_20260121T162842
	Message: https://w3id.org/shexmap/resource/ontology-schema/d285f599-dc2e-4bd0-83f1-df21defa8821/hasCode is not a property of the vocabulary
Constraint Violation in UndeclaredProperty:
	Severity: sh:Violation
	Focus Node: http://example.org/data/measurement_BMI_39156-5
	Message: https://w3id.org/shexmap/resource/ontology-schema/d285f599-dc2e-4bd0-83f1-df21defa8821/hasCode is not a property of the vocabulary
Constraint Violation in UndeclaredProperty:
	Severity: sh:Violation
	Focus Node: http://example.org/data/measurement_BMI_39156-5
	Message: https://w3id.org/shexmap/resource/ontology-schema/d285f599-dc2e-4bd0-83f1-df21defa8821/hasMeasuredDate is not a property of the vocabulary
Constraint Violation in UndeclaredProperty:
	Severity: sh:Violation
	Focus Node: http://example.org/data/measurement_BMI_39156-5
	Message: https://w3id.org/shexmap/resource/ontology-schema/d285f599-dc2e-4bd0-83f1-df21defa8821/hasQuantityValue is not a property of the vocabulary
Constraint Violation in UndeclaredProperty:
	Severity: sh:Violation
	Focus Node: http://example.org/data/measurement_BMI_39156-5
	Message: https://w3id.org/shexmap/resource/ontology-schema/d285f599-dc2e-4bd0-83f1-df21defa8821/hasUnit is not a property of the vocabulary
Constraint Violation in UndeclaredProperty:
	Severity: sh:Violation
	Focus Node: http://example.org/data/measurement_Bilirubin_total_20505-4
	Message: https://w3id.org/shexmap/resource/ontology-schema/d285f599-dc2e-4bd0-83f1-df21defa8821/hasCode is not a property of the vocabulary
Constraint Violation in UndeclaredProperty:
	Severity: sh:Violation
	Focus Node: http://example.org/data/measurement_Bilirubin_total_20505-4
	Message: https://w3id.org/shexmap/resource/ontology-schema/d285f599-dc2e-4bd0-83f1-df21defa8821/hasMeasuredDate is not a property of the vocabulary
Constraint Violation in UndeclaredProperty:
	Severity: sh:Violation
	Focus Node: http://example.org/data/measurement_Bilirubin_total_20505-4
	Message: https://w3id.org/shexmap/resource/ontology-schema/d285f599-dc2e-4bd0-83f1-df21defa8821/hasQuantityValue is not a property of the vocabulary
Constraint Violation in UndeclaredProperty:
	Severity: sh:Violation
	Focus Node: http://example.org/data/measurement_Bilirubin_total_20505-4
	Message: https://w3id.org/shexmap/resource/ontology-schema/d285f599-dc2e-4bd0-83f1-df21defa8821/hasUnit is not a property of the vocabulary
Constraint Violation in UndeclaredProperty:
	Severity: sh:Violation
	Focus Node: http://example.org/data/measurement_Body_Height_8302-2
	Message: https://w3id.org/shexmap/resource/ontology-schema/d285f599-dc2e-4bd0-83f1-df21defa8821/hasCode is not a property of the vocabulary
Constraint Violation in UndeclaredProperty:
	Severity: sh:Violation
	Focus Node: http://example.org/data/measurement_Body_Height_8302-2
	Message: https://w3id.org/shexmap/resource/ontology-schema/d285f599-dc2e-4bd0-83f1-df21defa8821/hasMeasuredDate is not a property of the vocabulary
Constraint Violation in UndeclaredProperty:
	Severity: sh:Violation
	Focus Node: http://example.org/data/measurement_Body_Height_8302-2
	Message: https://w3id.org/shexmap/resource/ontology-schema/d285f599-dc2e-4bd0-83f1-df21defa8821/hasQuantityValue is not a property of the vocabulary
Constraint Violation in UndeclaredProperty:
	Severity: sh:Violation
	Focus Node: http://example.org/data/measurement_Body_Height_8302-2
	Message: https://w3id.org/shexmap/resource/ontology-schema/d285f599-dc2e-4bd0-83f1-df21defa8821/hasUnit is not a property of the vocabulary
Constraint Violation in UndeclaredProperty:
	Severity: sh:Violation
	Focus Node: http://example.org/data/measurement_Body_Weight_29463-7
	Message: https://w3id.org/shexmap/resource/ontology-schema/d285f599-dc2e-4bd0-83f1-df21defa8821/hasCode is not a property of the vocabulary
Constraint Violation in UndeclaredProperty:
	Severity: sh:Violation
	Focus Node: http://example.org/data/measurement_Body_Weight_29463-7
	Message: https://w3id.org/shexmap/resource/ontology-schema/d285f599-dc2e-4bd0-83f1-df21defa8821/hasMeasuredDate is not a property of the vocabulary
Constraint Violation in UndeclaredProperty:
	Severity: sh:Violation
	Focus Node: http://example.org/data/measurement_Body_Weight_29463-7
	Message: https://w3id.org/shexmap/resource/ontology-schema/d285f599-dc2e-4bd0-83f1-df21defa8821/hasQuantityValue is not a property of the vocabulary
Constraint Violation in UndeclaredProperty:
	Severity: sh:Violation
	Focus Node: http://example.org/data/measurement_Body_Weight_29463-7
	Message: https://w3id.org/shexmap/resource/ontology-schema/d285f599-dc2e-4bd0-83f1-df21defa8821/hasUnit is not a property of the vocabulary
Constraint Violation in UndeclaredProperty:
	Severity: sh:Violation
	Focus Node: http://example.org/data/measurement_Calcium_17861-6
	Message: https://w3id.org/shexmap/resource/ontology-schema/d285f599-dc2e-4bd0-83f1-df21defa8821/hasCode is not a property of the vocabulary
Constraint Violation in UndeclaredProperty:
	Severity: sh:Violation
	Focus Node: http://example.org/data/measurement_Calcium_17861-6
	Message: https://w3id.org/shexmap/resource/ontology-schema/d285f599-dc2e-4bd0-83f1-df21defa8821/hasMeasuredDate is not a property of the vocabulary
Constraint Violation in UndeclaredProperty:
	Severity: sh:Violation
	Focus Node: http://example.org/data/measurement_Calcium_17861-6
	Message: https://w3id.org/shexmap/resource/ontology-schema/d285f599-dc2e-4bd0-83f1-df21defa8821/hasQuantityValue is not a property of the vocabulary
Constraint Violation in UndeclaredProperty:
	Severity: sh:Violation
	Focus Node: http://example.org/data/measurement_Calcium_17861-6
	Message: https://w3id.org/shexmap/resource/ontology-schema/d285f599-dc2e-4bd0-83f1-df21defa8821/hasUnit is not a property of the vocabulary
Constraint Violation in UndeclaredProperty:
	Severity: sh:Violation
	Focus Node: http://example.org/data/measurement_Calcium_Blood_49765-1
	Message: https://w3id.org/shexmap/resource/ontology-schema/d285f599-dc2e-4bd0-83f1-df21defa8821/hasCode is not a property of the vocabulary
Constraint Violation in UndeclaredProperty:
	Severity: sh:Violation
	Focus Node: http://example.org/data/measurement_Calcium_Blood_49765-1
	Message: https://w3id.org/shexmap/resource/ontology-schema/d285f599-dc2e-4bd0-83f1-df21defa8821/hasMeasuredDate is not a property of the vocabulary
Constraint Violation in UndeclaredProperty:
	Severity: sh:Violation
	Focus Node: http://example.org/data/measurement_Calcium_Blood_49765-1
	Message: https://w3id.org/shexmap/resource/ontology-schema/d285f599-dc2e-4bd0-83f1-df21defa8821/hasQuantityValue is not a property of the vocabulary
Constraint Violation in UndeclaredProperty:
	Severity: sh:Violation
	Focus Node: http://example.org/data/measurement_Calcium_Blood_49765-1
	Message: https://w3id.org/shexmap/resource/ontology-schema/d285f599-dc2e-4bd0-83f1-df21defa8821/hasUnit is not a property of the vocabulary
Constraint Violation in UndeclaredProperty:
	Severity: sh:Violation
	Focus Node: http://example.org/data/measurement_Carbon_dioxide_total_2028-9
	Message: https://w3id.org/shexmap/resource/ontology-schema/d285f599-dc2e-4bd0-83f1-df21defa8821/hasCode is not a property of the vocabulary
Constraint Violation in UndeclaredProperty:
	Severity: sh:Violation
	Focus Node: http://example.org/data/measurement_Carbon_dioxide_total_2028-9
	Message: https://w3id.org/shexmap/resource/ontology-schema/d285f599-dc2e-4bd0-83f1-df21defa8821/hasMeasuredDate is not a property of the vocabulary
Constraint Violation in UndeclaredProperty:
	Severity: sh:Violation
	Focus Node: http://example.org/data/measurement_Carbon_dioxide_total_2028-9
	Message: https://w3id.org/shexmap/resource/ontology-schema/d285f599-dc2e-4bd0-83f1-df21defa8821/hasQuantityValue is not a property of the vocabulary
Constraint Violation in UndeclaredProperty:
	Severity: sh:Violation
	Focus Node: http://example.org/data/measurement_Carbon_dioxide_total_2028-9
	Message: https://w3id.org/shexmap/resource/ontology-schema/d285f599-dc2e-4bd0-83f1-df21defa8821/hasUnit is not a property of the vocabulary
Constraint Violation in UndeclaredProperty:
	Severity: sh:Violation
	Focus Node: http://example.org/data/measurement_Carbon_dioxide_total_Blood_20565-8
	Message: https://w3id.org/shexmap/resource/ontology-schema/d285f599-dc2e-4bd0-83f1-df21defa8821/hasCode is not a property of the vocabulary
Constraint Violation in UndeclaredProperty:
	Severity: sh:Violation
	Focus Node: http://example.org/data/measurement_Carbon_dioxide_total_Blood_20565-8
	Message: https://w3id.org/shexmap/resource/ontology-schema/d285f599-dc2e-4bd0-83f1-df21defa8821/hasMeasuredDate is not a property of the vocabulary
Constraint Violation in UndeclaredProperty:
	Severity: sh:Violation
	Focus Node: http://example.org/data/measurement_Carbon_dioxide_total_Blood_20565-8
	Message: https://w3id.org/shexmap/resource/ontology-schema/d285f599-dc2e-4bd0-83f1-df21defa8821/hasQuantityValue is not a property of the vocabulary
Constraint Violation in UndeclaredProperty:
	Severity: sh:Violation
	Focus Node: http://example.org/data/measurement_Carbon_dioxide_total_Blood_20565-8
	Message: https://w3id.org/shexmap/resource/ontology-schema/d285f599-dc2e-4bd0-83f1-df21defa8821/hasUnit is not a property of the vocabulary
Constraint Violation in UndeclaredProperty:
	Severity: sh:Violation
	Focus Node: http://example.org/data/measurement_Chloride_2075-0
	Message: https://w3id.org/shexmap/resource/ontology-schema/d285f599-dc2e-4bd0-83f1-df21defa8821/hasCode is not a property of the vocabulary
Constraint Violation in UndeclaredProperty:
	Severity: sh:Violation
	Focus Node: http://example.org/data/measurement_Chloride_2075-0
	Message: https://w3id.org/shexmap/resource/ontology-schema/d285f599-dc2e-4bd0-83f1-df21defa8821/hasMeasuredDate is not a property of the vocabulary
Constraint Violation in UndeclaredProperty:
	Severity: sh:Violation
	Focus Node: http://example.org/data/measurement_Chloride_2075-0
	Message: https://w3id.org/shexmap/resource/ontology-schema/d285f599-dc2e-4bd0-83f1-df21defa8821/hasQuantityValue is not a property of the vocabulary
Constraint Violation in UndeclaredProperty:
	Severity: sh:Violation
	Focus Node: http://example.org/data/measurement_Chloride_2075-0
	Message: https://w3id.org/shexmap/resource/ontology-schema/d285f599-dc2e-4bd0-83f1-df21defa8821/hasUnit is not a property of the vocabulary
Constraint Violation in UndeclaredProperty:
	Severity: sh:Violation
	Focus Node: http://example.org/data/measurement_Chloride_Blood_2069-3
	Message: https://w3id.org/shexmap/resource/ontology-schema/d285f599-dc2e-4bd0-83f1-df21defa8821/hasCode is not a property of the vocabulary
Constraint Violation in UndeclaredProperty:
	Severity: sh:Violation
	Focus Node: http://example.org/data/measurement_Chloride_Blood_2069-3
	Message: https://w3id.org/shexmap/resource/ontology-schema/d285f599-dc2e-4bd0-83f1-df21defa8821/hasMeasuredDate is not a property of the vocabulary
Constraint Violation in UndeclaredProperty:
	Severity: sh:Violation
	Focus Node: http://example.org/data/measurement_Chloride_Blood_2069-3
	Message: https://w3id.org/shexmap/resource/ontology-schema/d285f599-dc2e-4bd0-83f1-df21defa8821/hasQuantityValue is not a property of the vocabulary
Constraint Violation in UndeclaredProperty:
	Severity: sh:Violation
	Focus Node: http://example.org/data/measurement_Chloride_Blood_2069-3
	Message: https://w3id.org/shexmap/resource/ontology-schema/d285f599-dc2e-4bd0-83f1-df21defa8821/hasUnit is not a property of the vocabulary
Constraint Violation in UndeclaredProperty:
	Severity: sh:Violation
	Focus Node: http://example.org/data/measurement_Creatinine_2160-0
	Message: https://w3id.org/shexmap/resource/ontology-schema/d285f599-dc2e-4bd0-83f1-df21defa8821/hasCode is not a property of the vocabulary
Constraint Violation in UndeclaredProperty:
	Severity: sh:Violation
	Focus Node: http://example.org/data/measurement_Creatinine_2160-0
	Message: https://w3id.org/shexmap/resource/ontology-schema/d285f599-dc2e-4bd0-83f1-df21defa8821/hasMeasuredDate is not a property of the vocabulary
Constraint Violation in UndeclaredProperty:
	Severity: sh:Violation
	Focus Node: http://example.org/data/measurement_Creatinine_2160-0
	Message: https://w3id.org/shexmap/resource/ontology-schema/d285f599-dc2e-4bd0-83f1-df21defa8821/hasQuantityValue is not a property of the vocabulary
Constraint Violation in UndeclaredProperty:
	Severity: sh:Violation
	Focus Node: http://example.org/data/measurement_Creatinine_2160-0
	Message: https://w3id.org/shexmap/resource/ontology-schema/d285f599-dc2e-4bd0-83f1-df21defa8821/hasUnit is not a property of the vocabulary
Constraint Violation in UndeclaredProperty:
	Severity: sh:Violation
	Focus Node: http://example.org/data/measurement_Creatinine_Blood_38483-4
	Message: https://w3id.org/shexmap/resource/ontology-schema/d285f599-dc2e-4bd0-83f1-df21defa8821/hasCode is not a property of the vocabulary
Constraint Violation in UndeclaredProperty:
	Severity: sh:Violation
	Focus Node: http://example.org/data/measurement_Creatinine_Blood_38483-4
	Message: https://w3id.org/shexmap/resource/ontology-schema/d285f599-dc2e-4bd0-83f1-df21defa8821/hasMeasuredDate is not a property of the vocabulary
Constraint Violation in UndeclaredProperty:
	Severity: sh:Violation
	Focus Node: http://example.org/data/measurement_Creatinine_Blood_38483-4
	Message: https://w3id.org/shexmap/resource/ontology-schema/d285f599-dc2e-4bd0-83f1-df21defa8821/hasQuantityValue is not a property of the vocabulary
Constraint Violation in UndeclaredProperty:
	Severity: sh:Violation
	Focus Node: http://example.org/data/measurement_Creatinine_Blood_38483-4
	Message: https://w3id.org/shexmap/resource/ontology-schema/d285f599-dc2e-4bd0-83f1-df21defa8821/hasUnit is not a property of the vocabulary
Constraint Violation in UndeclaredProperty:
	Severity: sh:Violation
	Focus Node: http://example.org/data/measurement_Fall_risk_59460-6
	Message: https://w3id.org/shexmap/resource/ontology-schema/d285f599-dc2e-4bd0-83f1-df21defa8821/hasCode is not a property of the vocabulary
Constraint Violation in UndeclaredProperty:
	Severity: sh:Violation
	Focus Node: http://example.org/data/measurement_Fall_risk_59460-6
	Message: https://w3id.org/shexmap/resource/ontology-schema/d285f599-dc2e-4bd0-83f1-df21defa8821/hasMeasuredDate is not a property of the vocabulary
Constraint Violation in UndeclaredProperty:
	Severity: sh:Violation
	Focus Node: http://example.org/data/measurement_Fall_risk_59460-6
	Message: https://w3id.org/shexmap/resource/ontology-schema/d285f599-dc2e-4bd0-83f1-df21defa8821/hasQuantityValue is not a property of the vocabulary
Constraint Violation in UndeclaredProperty:
	Severity: sh:Violation
	Focus Node: http://example.org/data/measurement_Fall_risk_59460-6
	Message: https://w3id.org/shexmap/resource/ontology-schema/d285f599-dc2e-4bd0-83f1-df21defa8821/hasUnit is not a property of the vocabulary
Constraint Violation in UndeclaredProperty:
	Severity: sh:Violation
	Focus Node: http://example.org/data/measurement_GFR_33914-3_1
	Message: https://w3id.org/shexmap/resource/ontology-schema/d285f599-dc2e-4bd0-83f1-df21defa8821/hasCode is not a property of the vocabulary
Constraint Violation in UndeclaredProperty:
	Severity: sh:Violation
	Focus Node: http://example.org/data/measurement_GFR_33914-3_1
	Message: https://w3id.org/shexmap/resource/ontology-schema/d285f599-dc2e-4bd0-83f1-df21defa8821/hasMeasuredDate is not a property of the vocabulary
Constraint Violation in UndeclaredProperty:
	Severity: sh:Violation
	Focus Node: http://example.org/data/measurement_GFR_33914-3_1
	Message: https://w3id.org/shexmap/resource/ontology-schema/d285f599-dc2e-4bd0-83f1-df21defa8821/hasQuantityValue is not a property of the vocabulary
Constraint Violation in UndeclaredProperty:
	Severity: sh:Violation
	Focus Node: http://example.org/data/measurement_GFR_33914-3_1
	Message: https://w3id.org/shexmap/resource/ontology-schema/d285f599-dc2e-4bd0-83f1-df21defa8821/hasUnit is not a property of the vocabulary
Constraint Violation in UndeclaredProperty:
	Severity: sh:Violation
	Focus Node: http://example.org/data/measurement_Glucose_2345-7
	Message: https://w3id.org/shexmap/resource/ontology-schema/d285f599-dc2e-4bd0-83f1-df21defa8821/hasCode is not a property of the vocabulary
Constraint Violation in UndeclaredProperty:
	Severity: sh:Violation
	Focus Node: http://example.org/data/measurement_Glucose_2345-7
	Message: https://w3id.org/shexmap/resource/ontology-schema/d285f599-dc2e-4bd0-83f1-df21defa8821/hasMeasuredDate is not a property of the vocabulary
Constraint Violation in UndeclaredProperty:
	Severity: sh:Violation
	Focus Node: http://example.org/data/measurement_Glucose_2345-7
	Message: https://w3id.org/shexmap/resource/ontology-schema/d285f599-dc2e-4bd0-83f1-df21defa8821/hasQuantityValue is not a property of the vocabulary
Constraint Violation in UndeclaredProperty:
	Severity: sh:Violation
	Focus Node: http://example.org/data/measurement_Glucose_2345-7
	Message: https://w3id.org/shexmap/resource/ontology-schema/d285f599-dc2e-4bd0-83f1-df21defa8821/hasUnit is not a property of the vocabulary
Constraint Violation in UndeclaredProperty:
	Severity: sh:Violation
	Focus Node: http://example.org/data/measurement_Glucose_5792-7
	Message: https://w3id.org/shexmap/resource/ontology-schema/d285f599-dc2e-4bd0-83f1-df21defa8821/hasCode is not a property of the vocabulary
Constraint Violation in UndeclaredProperty:
	Severity: sh:Violation
	Focus Node: http://example.org/data/measurement_Glucose_5792-7
	Message: https://w3id.org/shexmap/resource/ontology-schema/d285f599-dc2e-4bd0-83f1-df21defa8821/hasMeasuredDate is not a property of the vocabulary
Constraint Violation in UndeclaredProperty:
	Severity: sh:Violation
	Focus Node: http://example.org/data/measurement_Glucose_5792-7
	Message: https://w3id.org/shexmap/resource/ontology-schema/d285f599-dc2e-4bd0-83f1-df21defa8821/hasQuantityValue is not a property of the vocabulary
Constraint Violation in UndeclaredProperty:
	Severity: sh:Violation
	Focus Node: http://example.org/data/measurement_Glucose_5792-7
	Message: https://w3id.org/shexmap/resource/ontology-schema/d285f599-dc2e-4bd0-83f1-df21defa8821/hasUnit is not a property of the vocabulary
Constraint Violation in UndeclaredProperty:
	Severity: sh:Violation
	Focus Node: http://example.org/data/measurement_Glucose_Blood_2339-0
	Message: https://w3id.org/shexmap/resource/ontology-schema/d285f599-dc2e-4bd0-83f1-df21defa8821/hasCode is not a property of the vocabulary
Constraint Violation in UndeclaredProperty:
	Severity: sh:Violation
	Focus Node: http://example.org/data/measurement_Glucose_Blood_2339-0
	Message: https://w3id.org/shexmap/resource/ontology-schema/d285f599-dc2e-4bd0-83f1-df21defa8821/hasMeasuredDate is not a property of the vocabulary
Constraint Violation in UndeclaredProperty:
	Severity: sh:Violation
	Focus Node: http://example.org/data/measurement_Glucose_Blood_2339-0
	Message: https://w3id.org/shexmap/resource/ontology-schema/d285f599-dc2e-4bd0-83f1-df21defa8821/hasQuantityValue is not a property of the vocabulary
Constraint Violation in UndeclaredProperty:
	Severity: sh:Violation
	Focus Node: http://example.org/data/measurement_Glucose_Blood_2339-0
	Message: https://w3id.org/shexmap/resource/ontology-schema/d285f599-dc2e-4bd0-83f1-df21defa8821/hasUnit is not a property of the vocabulary
Constraint Violation in UndeclaredProperty:
	Severity: sh:Violation
	Focus Node: http://example.org/data/measurement_HbA1c_4548-4
	Message: https://w3id.org/shexmap/resource/ontology-schema/d285f599-dc2e-4bd0-83f1-df21defa8821/hasCode is not a property of the vocabulary
Constraint Violation in UndeclaredProperty:
	Severity: sh:Violation
	Focus Node: http://example.org/data/measurement_HbA1c_4548-4
	Message: https://w3id.org/shexmap/resource/ontology-schema/d285f599-dc2e-4bd0-83f1-df21defa8821/hasMeasuredDate is not a property of the vocabulary
Constraint Violation in UndeclaredProperty:
	Severity: sh:Violation
	Focus Node: http://example.org/data/measurement_HbA1c_4548-4
	Message: https://w3id.org/shexmap/resource/ontology-schema/d285f599-dc2e-4bd0-83f1-df21defa8821/hasQuantityValue is not a property of the vocabulary
Constraint Violation in UndeclaredProperty:
	Severity: sh:Violation
	Focus Node: http://example.org/data/measurement_HbA1c_4548-4
	Message: https://w3id.org/shexmap/resource/ontology-schema/d285f599-dc2e-4bd0-83f1-df21defa8821/hasUnit is not a property of the vocabulary
Constraint Violation in UndeclaredProperty:
	Severity: sh:Violation
	Focus Node: http://example.org/data/measurement_Heart_rate_8867-4
	Message: https://w3id.org/shexmap/resource/ontology-schema/d285f599-dc2e-4bd0-83f1-df21defa8821/hasCode is not a property of the vocabulary
Constraint Violation in UndeclaredProperty:
	Severity: sh:Violation
	Focus Node: http://example.org/data/measurement_Heart_rate_8867-4
	Message: https://w3id.org/shexmap/resource/ontology-schema/d285f599-dc2e-4bd0-83f1-df21defa8821/hasMeasuredDate is not a property of the vocabulary
Constraint Violation in UndeclaredProperty:
	Severity: sh:Violation
	Focus Node: http://example.org/data/measurement_Heart_rate_8867-4
	Message: https://w3id.org/shexmap/resource/ontology-schema/d285f599-dc2e-4bd0-83f1-df21defa8821/hasQuantityValue is not a property of the vocabulary
Constraint Violation in UndeclaredProperty:
	Severity: sh:Violation
	Focus Node: http://example.org/data/measurement_Heart_rate_8867-4
	Message: https://w3id.org/shexmap/resource/ontology-schema/d285f599-dc2e-4bd0-83f1-df21defa8821/hasUnit is not a property of the vocabulary
Constraint Violation in UndeclaredProperty:
	Severity: sh:Violation
	Focus Node: http://example.org/data/measurement_Ketones_5797-6
	Message: https://w3id.org/shexmap/resource/ontology-schema/d285f599-dc2e-4bd0-83f1-df21defa8821/hasCode is not a property of the vocabulary
Constraint Violation in UndeclaredProperty:
	Severity: sh:Violation
	Focus Node: http://example.org/data/measurement_Ketones_5797-6
	Message: https://w3id.org/shexmap/resource/ontology-schema/d285f599-dc2e-4bd0-83f1-df21defa8821/hasMeasuredDate is not a property of the vocabulary
Constraint Violation in UndeclaredProperty:
	Severity: sh:Violation
	Focus Node: http://example.org/data/measurement_Ketones_5797-6
	Message: https://w3id.org/shexmap/resource/ontology-schema/d285f599-dc2e-4bd0-83f1-df21defa8821/hasQuantityValue is not a property of the vocabulary
Constraint Violation in UndeclaredProperty:
	Severity: sh:Violation
	Focus Node: http://example.org/data/measurement_Ketones_5797-6
	Message: https://w3id.org/shexmap/resource/ontology-schema/d285f599-dc2e-4bd0-83f1-df21defa8821/hasUnit is not a property of the vocabulary
Constraint Violation in UndeclaredProperty:
	Severity: sh:Violation
	Focus Node: http://example.org/data/measurement_PHQ2_55758-7
	Message: https://w3id.org/shexmap/resource/ontology-schema/d285f599-dc2e-4bd0-83f1-df21defa8821/hasCode is not a property of the vocabulary
Constraint Violation in UndeclaredProperty:
	Severity: sh:Violation
	Focus Node: http://example.org/data/measurement_PHQ2_55758-7
	Message: https://w3id.org/shexmap/resource/ontology-schema/d285f599-dc2e-4bd0-83f1-df21defa8821/hasMeasuredDate is not a property of the vocabulary
Constraint Violation in UndeclaredProperty:
	Severity: sh:Violation
	Focus Node: http://example.org/data/measurement_PHQ2_55758-7
	Message: https://w3id.org/shexmap/resource/ontology-schema/d285f599-dc2e-4bd0-83f1-df21defa8821/hasQuantityValue is not a property of the vocabulary
Constraint Violation in UndeclaredProperty:
	Severity: sh:Violation
	Focus Node: http://example.org/data/measurement_PHQ2_55758-7
	Message: https://w3id.org/shexmap/resource/ontology-schema/d285f599-dc2e-4bd0-83f1-df21defa8821/hasUnit is not a property of the vocabulary
Constraint Violation in UndeclaredProperty:
	Severity: sh:Violation
	Focus Node: http://example.org/data/measurement_Pain_72514-3
	Message: https://w3id.org/shexmap/resource/ontology-schema/d285f599-dc2e-4bd0-83f1-df21defa8821/hasCode is not a property of the vocabulary
Constraint Violation in UndeclaredProperty:
	Severity: sh:Violation
	Focus Node: http://example.org/data/measurement_Pain_72514-3
	Message: https://w3id.org/shexmap/resource/ontology-schema/d285f599-dc2e-4bd0-83f1-df21defa8821/hasMeasuredDate is not a property of the vocabulary
Constraint Violation in UndeclaredProperty:
	Severity: sh:Violation
	Focus Node: http://example.org/data/measurement_Pain_72514-3
	Message: https://w3id.org/shexmap/resource/ontology-schema/d285f599-dc2e-4bd0-83f1-df21defa8821/hasQuantityValue is not a property of the vocabulary
Constraint Violation in UndeclaredProperty:
	Severity: sh:Violation
	Focus Node: http://example.org/data/measurement_Pain_72514-3
	Message: https://w3id.org/shexmap/resource/ontology-schema/d285f599-dc2e-4bd0-83f1-df21defa8821/hasUnit is not a property of the vocabulary
Constraint Violation in UndeclaredProperty:
	Severity: sh:Violation
	Focus Node: http://example.org/data/measurement_Potassium_2823-3
	Message: https://w3id.org/shexmap/resource/ontology-schema/d285f599-dc2e-4bd0-83f1-df21defa8821/hasCode is not a property of the vocabulary
Constraint Violation in UndeclaredProperty:
	Severity: sh:Violation
	Focus Node: http://example.org/data/measurement_Potassium_2823-3
	Message: https://w3id.org/shexmap/resource/ontology-schema/d285f599-dc2e-4bd0-83f1-df21defa8821/hasMeasuredDate is not a property of the vocabulary
Constraint Violation in UndeclaredProperty:
	Severity: sh:Violation
	Focus Node: http://example.org/data/measurement_Potassium_2823-3
	Message: https://w3id.org/shexmap/resource/ontology-schema/d285f599-dc2e-4bd0-83f1-df21defa8821/hasQuantityValue is not a property of the vocabulary
Constraint Violation in UndeclaredProperty:
	Severity: sh:Violation
	Focus Node: http://example.org/data/measurement_Potassium_2823-3
	Message: https://w3id.org/shexmap/resource/ontology-schema/d285f599-dc2e-4bd0-83f1-df21defa8821/hasUnit is not a property of the vocabulary
Constraint Violation in UndeclaredProperty:
	Severity: sh:Violation
	Focus Node: http://example.org/data/measurement_Potassium_Blood_6298-4
	Message: https://w3id.org/shexmap/resource/ontology-schema/d285f599-dc2e-4bd0-83f1-df21defa8821/hasCode is not a property of the vocabulary
Constraint Violation in UndeclaredProperty:
	Severity: sh:Violation
	Focus Node: http://example.org/data/measurement_Potassium_Blood_6298-4
	Message: https://w3id.org/shexmap/resource/ontology-schema/d285f599-dc2e-4bd0-83f1-df21defa8821/hasMeasuredDate is not a property of the vocabulary
Constraint Violation in UndeclaredProperty:
	Severity: sh:Violation
	Focus Node: http://example.org/data/measurement_Potassium_Blood_6298-4
	Message: https://w3id.org/shexmap/resource/ontology-schema/d285f599-dc2e-4bd0-83f1-df21defa8821/hasQuantityValue is not a property of the vocabulary
Constraint Violation in UndeclaredProperty:
	Severity: sh:Violation
	Focus Node: http://example.org/data/measurement_Potassium_Blood_6298-4
	Message: https://w3id.org/shexmap/resource/ontology-schema/d285f599-dc2e-4bd0-83f1-df21defa8821/hasUnit is not a property of the vocabulary
Constraint Violation in UndeclaredProperty:
	Severity: sh:Violation
	Focus Node: http://example.org/data/measurement_Protein_5804-0
	Message: https://w3id.org/shexmap/resource/ontology-schema/d285f599-dc2e-4bd0-83f1-df21defa8821/hasCode is not a property of the vocabulary
Constraint Violation in UndeclaredProperty:
	Severity: sh:Violation
	Focus Node: http://example.org/data/measurement_Protein_5804-0
	Message: https://w3id.org/shexmap/resource/ontology-schema/d285f599-dc2e-4bd0-83f1-df21defa8821/hasMeasuredDate is not a property of the vocabulary
Constraint Violation in UndeclaredProperty:
	Severity: sh:Violation
	Focus Node: http://example.org/data/measurement_Protein_5804-0
	Message: https://w3id.org/shexmap/resource/ontology-schema/d285f599-dc2e-4bd0-83f1-df21defa8821/hasQuantityValue is not a property of the vocabulary
Constraint Violation in UndeclaredProperty:
	Severity: sh:Violation
	Focus Node: http://example.org/data/measurement_Protein_5804-0
	Message: https://w3id.org/shexmap/resource/ontology-schema/d285f599-dc2e-4bd0-83f1-df21defa8821/hasUnit is not a property of the vocabulary
Constraint Violation in UndeclaredProperty:
	Severity: sh:Violation
	Focus Node: http://example.org/data/measurement_Respiratory_rate_9279-1
	Message: https://w3id.org/shexmap/resource/ontology-schema/d285f599-dc2e-4bd0-83f1-df21defa8821/hasCode is not a property of the vocabulary
Constraint Violation in UndeclaredProperty:
	Severity: sh:Violation
	Focus Node: http://example.org/data/measurement_Respiratory_rate_9279-1
	Message: https://w3id.org/shexmap/resource/ontology-schema/d285f599-dc2e-4bd0-83f1-df21defa8821/hasMeasuredDate is not a property of the vocabulary
Constraint Violation in UndeclaredProperty:
	Severity: sh:Violation
	Focus Node: http://example.org/data/measurement_Respiratory_rate_9279-1
	Message: https://w3id.org/shexmap/resource/ontology-schema/d285f599-dc2e-4bd0-83f1-df21defa8821/hasQuantityValue is not a property of the vocabulary
Constraint Violation in UndeclaredProperty:
	Severity: sh:Violation
	Focus Node: http://example.org/data/measurement_Respiratory_rate_9279-1
	Message: https://w3id.org/shexmap/resource/ontology-schema/d285f599-dc2e-4bd0-83f1-df21defa8821/hasUnit is not a property of the vocabulary
Constraint Violation in UndeclaredProperty:
	Severity: sh:Violation
	Focus Node: http://example.org/data/measurement_Sodium_2951-2
	Message: https://w3id.org/shexmap/resource/ontology-schema/d285f599-dc2e-4bd0-83f1-df21defa8821/hasCode is not a property of the vocabulary
Constraint Violation in UndeclaredProperty:
	Severity: sh:Violation
	Focus Node: http://example.org/data/measurement_Sodium_2951-2
	Message: https://w3id.org/shexmap/resource/ontology-schema/d285f599-dc2e-4bd0-83f1-df21defa8821/hasMeasuredDate is not a property of the vocabulary
Constraint Violation in UndeclaredProperty:
	Severity: sh:Violation
	Focus Node: http://example.org/data/measurement_Sodium_2951-2
	Message: https://w3id.org/shexmap/resource/ontology-schema/d285f599-dc2e-4bd0-83f1-df21defa8821/hasQuantityValue is not a property of the vocabulary
Constraint Violation in UndeclaredProperty:
	Severity: sh:Violation
	Focus Node: http://example.org/data/measurement_Sodium_2951-2
	Message: https://w3id.org/shexmap/resource/ontology-schema/d285f599-dc2e-4bd0-83f1-df21defa8821/hasUnit is not a property of the vocabulary
Constraint Violation in UndeclaredProperty:
	Severity: sh:Violation
	Focus Node: http://example.org/data/measurement_Sodium_Blood_2947-0
	Message: https://w3id.org/shexmap/resource/ontology-schema/d285f599-dc2e-4bd0-83f1-df21defa8821/hasCode is not a property of the vocabulary
Constraint Violation in UndeclaredProperty:
	Severity: sh:Violation
	Focus Node: http://example.org/data/measurement_Sodium_Blood_2947-0
	Message: https://w3id.org/shexmap/resource/ontology-schema/d285f599-dc2e-4bd0-83f1-df21defa8821/hasMeasuredDate is not a property of the vocabulary
Constraint Violation in UndeclaredProperty:
	Severity: sh:Violation
	Focus Node: http://example.org/data/measurement_Sodium_Blood_2947-0
	Message: https://w3id.org/shexmap/resource/ontology-schema/d285f599-dc2e-4bd0-83f1-df21defa8821/hasQuantityValue is not a property of the vocabulary
Constraint Violation in UndeclaredProperty:
	Severity: sh:Violation
	Focus Node: http://example.org/data/measurement_Sodium_Blood_2947-0
	Message: https://w3id.org/shexmap/resource/ontology-schema/d285f599-dc2e-4bd0-83f1-df21defa8821/hasUnit is not a property of the vocabulary
Constraint Violation in UndeclaredProperty:
	Severity: sh:Violation
	Focus Node: http://example.org/data/measurement_Specific_gravity_5811-5
	Message: https://w3id.org/shexmap/resource/ontology-schema/d285f599-dc2e-4bd0-83f1-df21defa8821/hasCode is not a property of the vocabulary
Constraint Violation in UndeclaredProperty:
	Severity: sh:Violation
	Focus Node: http://example.org/data/measurement_Specific_gravity_5811-5
	Message: https://w3id.org/shexmap/resource/ontology-schema/d285f599-dc2e-4bd0-83f1-df21defa8821/hasMeasuredDate is not a property of the vocabulary
Constraint Violation in UndeclaredProperty:
	Severity: sh:Violation
	Focus Node: http://example.org/data/measurement_Specific_gravity_5811-5
	Message: https://w3id.org/shexmap/resource/ontology-schema/d285f599-dc2e-4bd0-83f1-df21defa8821/hasQuantityValue is not a property of the vocabulary
Constraint Violation in UndeclaredProperty:
	Severity: sh:Violation
	Focus Node: http://example.org/data/measurement_Specific_gravity_5811-5
	Message: https://w3id.org/shexmap/resource/ontology-schema/d285f599-dc2e-4bd0-83f1-df21defa8821/hasUnit is not a property of the vocabulary
Constraint Violation in UndeclaredProperty:
	Severity: sh:Violation
	Focus Node: http://example.org/data/measurement_Urea_nitrogen_3094-0
	Message: https://w3id.org/shexmap/resource/ontology-schema/d285f599-dc2e-4bd0-83f1-df21defa8821/hasCode is not a property of the vocabulary
Constraint Violation in UndeclaredProperty:
	Severity: sh:Violation
	Focus Node: http://example.org/data/measurement_Urea_nitrogen_3094-0
	Message: https://w3id.org/shexmap/resource/ontology-schema/d285f599-dc2e-4bd0-83f1-df21defa8821/hasMeasuredDate is not a property of the vocabulary
Constraint Violation in UndeclaredProperty:
	Severity: sh:Violation
	Focus Node: http://example.org/data/measurement_Urea_nitrogen_3094-0
	Message: https://w3id.org/shexmap/resource/ontology-schema/d285f599-dc2e-4bd0-83f1-df21defa8821/hasQuantityValue is not a property of the vocabulary
Constraint Violation in UndeclaredProperty:
	Severity: sh:Violation
	Focus Node: http://example.org/data/measurement_Urea_nitrogen_3094-0
	Message: https://w3id.org/shexmap/resource/ontology-schema/d285f599-dc2e-4bd0-83f1-df21defa8821/hasUnit is not a property of the vocabulary
Constraint Violation in UndeclaredProperty:
	Severity: sh:Violation
	Focus Node: http://example.org/data/measurement_Urea_nitrogen_Blood_6299-2
	Message: https://w3id.org/shexmap/resource/ontology-schema/d285f599-dc2e-4bd0-83f1-df21defa8821/hasCode is not a property of the vocabulary
Constraint Violation in UndeclaredProperty:
	Severity: sh:Violation
	Focus Node: http://example.org/data/measurement_Urea_nitrogen_Blood_6299-2
	Message: https://w3id.org/shexmap/resource/ontology-schema/d285f599-dc2e-4bd0-83f1-df21defa8821/hasMeasuredDate is not a property of the vocabulary
Constraint Violation in UndeclaredProperty:
	Severity: sh:Violation
	Focus Node: http://example.org/data/measurement_Urea_nitrogen_Blood_6299-2
	Message: https://w3id.org/shexmap/resource/ontology-schema/d285f599-dc2e-4bd0-83f1-df21defa8821/hasQuantityValue is not a property of the vocabulary
Constraint Violation in UndeclaredProperty:
	Severity: sh:Violation
	Focus Node: http://example.org/data/measurement_Urea_nitrogen_Blood_6299-2
	Message: https://w3id.org/shexmap/resource/ontology-schema/d285f599-dc2e-4bd0-83f1-df21defa8821/hasUnit is not a property of the vocabulary
Constraint Violation in UndeclaredProperty:
	Severity: sh:Violation
	Focus Node: http://example.org/data/measurement_pH_5803-2
	Message: https://w3id.org/shexmap/resource/ontology-schema/d285f599-dc2e-4bd0-83f1-df21defa8821/hasCode is not a property of the vocabulary
Constraint Violation in UndeclaredProperty:
	Severity: sh:Violation
	Focus Node: http://example.org/data/measurement_pH_5803-2
	Message: https://w3id.org/shexmap/resource/ontology-schema/d285f599-dc2e-4bd0-83f1-df21defa8821/hasMeasuredDate is not a property of the vocabulary
Constraint Violation in UndeclaredProperty:
	Severity: sh:Violation
	Focus Node: http://example.org/data/measurement_pH_5803-2
	Message: https://w3id.org/shexmap/resource/ontology-schema/d285f599-dc2e-4bd0-83f1-df21defa8821/hasQuantityValue is not a property of the vocabulary
Constraint Violation in UndeclaredProperty:
	Severity: sh:Violation
	Focus Node: http://example.org/data/measurement_pH_5803-2
	Message: https://w3id.org/shexmap/resource/ontology-schema/d285f599-dc2e-4bd0-83f1-df21defa8821/hasUnit is not a property of the vocabulary
Constraint Violation in UndeclaredProperty:
	Severity: sh:Violation
	Focus Node: http://example.org/data/process_bilirubin_urine_20260121T154723
	Message: https://w3id.org/shexmap/resource/ontology-schema/d285f599-dc2e-4bd0-83f1-df21defa8821/hasPatient is not a property of the vocabulary
Constraint Violation in UndeclaredProperty:
	Severity: sh:Violation
	Focus Node: http://example.org/data/process_bilirubin_urine_20260121T154723
	Message: https://w3id.org/shexmap/resource/ontology-schema/d285f599-dc2e-4bd0-83f1-df21defa8821/hasPerformedDate is not a property of the vocabulary
Constraint Violation in UndeclaredProperty:
	Severity: sh:Violation
	Focus Node: http://example.org/data/process_bilirubin_urine_20260121T154723
	Message: https://w3id.org/shexmap/resource/ontology-schema/d285f599-dc2e-4bd0-83f1-df21defa8821/hasPerformer is not a property of the vocabulary
Constraint Violation in UndeclaredProperty:
	Severity: sh:Violation
	Focus Node: http://example.org/data/process_bilirubin_urine_20260121T154723
	Message: https://w3id.org/shexmap/resource/ontology-schema/d285f599-dc2e-4bd0-83f1-df21defa8821/hasResult is not a property of the vocabulary
Constraint Violation in UndeclaredProperty:
	Severity: sh:Violation
	Focus Node: http://example.org/data/process_bilirubin_urine_20260121T154723
	Message: https://w3id.org/shexmap/resource/ontology-schema/d285f599-dc2e-4bd0-83f1-df21defa8821/hasStatus is not a property of the vocabulary
Constraint Violation in UndeclaredProperty:
	Severity: sh:Violation
	Focus Node: http://example.org/data/process_bmi_20260121T154723
	Message: https://w3id.org/shexmap/resource/ontology-schema/d285f599-dc2e-4bd0-83f1-df21defa8821/hasPatient is not a property of the vocabulary
Constraint Violation in UndeclaredProperty:
	Severity: sh:Violation
	Focus Node: http://example.org/data/process_bmi_20260121T154723
	Message: https://w3id.org/shexmap/resource/ontology-schema/d285f599-dc2e-4bd0-83f1-df21defa8821/hasPerformedDate is not a property of the vocabulary
Constraint Violation in UndeclaredProperty:
	Severity: sh:Violation
	Focus Node: http://example.org/data/process_bmi_20260121T154723
	Message: https://w3id.org/shexmap/resource/ontology-schema/d285f599-dc2e-4bd0-83f1-df21defa8821/hasPerformer is not a property of the vocabulary
Constraint Violation in UndeclaredProperty:
	Severity: sh:Violation
	Focus Node: http://example.org/data/process_bmi_20260121T154723
	Message: https://w3id.org/shexmap/resource/ontology-schema/d285f599-dc2e-4bd0-83f1-df21defa8821/hasResult is not a property of the vocabulary
Constraint Violation in UndeclaredProperty:
	Severity: sh:Violation
	Focus Node: http://example.org/data/process_bmi_20260121T154723
	Message: https://w3id.org/shexmap/resource/ontology-schema/d285f599-dc2e-4bd0-83f1-df21defa8821/hasStatus is not a property of the vocabulary
Constraint Violation in UndeclaredProperty:
	Severity: sh:Violation
	Focus Node: http://example.org/data/process_calcium_blood_20260121T154723
	Message: https://w3id.org/shexmap/resource/ontology-schema/d285f599-dc2e-4bd0-83f1-df21defa8821/hasPatient is not a property of the vocabulary
Constraint Violation in UndeclaredProperty:
	Severity: sh:Violation
	Focus Node: http://example.org/data/process_calcium_blood_20260121T154723
	Message: https://w3id.org/shexmap/resource/ontology-schema/d285f599-dc2e-4bd0-83f1-df21defa8821/hasPerformedDate is not a property of the vocabulary
Constraint Violation in UndeclaredProperty:
	Severity: sh:Violation
	Focus Node: http://example.org/data/process_calcium_blood_20260121T154723
	Message: https://w3id.org/shexmap/resource/ontology-schema/d285f599-dc2e-4bd0-83f1-df21defa8821/hasPerformer is not a property of the vocabulary
Constraint Violation in UndeclaredProperty:
	Severity: sh:Violation
	Focus Node: http://example.org/data/process_calcium_blood_20260121T154723
	Message: https://w3id.org/shexmap/resource/ontology-schema/d285f599-dc2e-4bd0-83f1-df21defa8821/hasResult is not a property of the vocabulary
Constraint Violation in UndeclaredProperty:
	Severity: sh:Violation
	Focus Node: http://example.org/data/process_calcium_blood_20260121T154723
	Message: https://w3id.org/shexmap/resource/ontology-schema/d285f599-dc2e-4bd0-83f1-df21defa8821/hasStatus is not a property of the vocabulary
Constraint Violation in UndeclaredProperty:
	Severity: sh:Violation
	Focus Node: http://example.org/data/process_calcium_serum_20260121T154723
	Message: https://w3id.org/shexmap/resource/ontology-schema/d285f599-dc2e-4bd0-83f1-df21defa8821/hasPatient is not a property of the vocabulary
Constraint Violation in UndeclaredProperty:
	Severity: sh:Violation
	Focus Node: http://example.org/data/process_calcium_serum_20260121T154723
	Message: https://w3id.org/shexmap/resource/ontology-schema/d285f599-dc2e-4bd0-83f1-df21defa8821/hasPerformedDate is not a property of the vocabulary
Constraint Violation in UndeclaredProperty:
	Severity: sh:Violation
	Focus Node: http://example.org/data/process_calcium_serum_20260121T154723
	Message: https://w3id.org/shexmap/resource/ontology-schema/d285f599-dc2e-4bd0-83f1-df21defa8821/hasPerformer is not a property of the vocabulary
Constraint Violation in UndeclaredProperty:
	Severity: sh:Violation
	Focus Node: http://example.org/data/process_calcium_serum_20260121T154723
	Message: https://w3id.org/shexmap/resource/ontology-schema/d285f599-dc2e-4bd0-83f1-df21defa8821/hasResult is not a property of the vocabulary
Constraint Violation in UndeclaredProperty:
	Severity: sh:Violation
	Focus Node: http://example.org/data/process_calcium_serum_20260121T154723
	Message: https://w3id.org/shexmap/resource/ontology-schema/d285f599-dc2e-4bd0-83f1-df21defa8821/hasStatus is not a property of the vocabulary
Constraint Violation in UndeclaredProperty:
	Severity: sh:Violation
	Focus Node: http://example.org/data/process_chloride_blood_20260121T154723
	Message: https://w3id.org/shexmap/resource/ontology-schema/d285f599-dc2e-4bd0-83f1-df21defa8821/hasPatient is not a property of the vocabulary
Constraint Violation in UndeclaredProperty:
	Severity: sh:Violation
	Focus Node: http://example.org/data/process_chloride_blood_20260121T154723
	Message: https://w3id.org/shexmap/resource/ontology-schema/d285f599-dc2e-4bd0-83f1-df21defa8821/hasPerformedDate is not a property of the vocabulary
Constraint Violation in UndeclaredProperty:
	Severity: sh:Violation
	Focus Node: http://example.org/data/process_chloride_blood_20260121T154723
	Message: https://w3id.org/shexmap/resource/ontology-schema/d285f599-dc2e-4bd0-83f1-df21defa8821/hasPerformer is not a property of the vocabulary
Constraint Violation in UndeclaredProperty:
	Severity: sh:Violation
	Focus Node: http://example.org/data/process_chloride_blood_20260121T154723
	Message: https://w3id.org/shexmap/resource/ontology-schema/d285f599-dc2e-4bd0-83f1-df21defa8821/hasResult is not a property of the vocabulary
Constraint Violation in UndeclaredProperty:
	Severity: sh:Violation
	Focus Node: http://example.org/data/process_chloride_blood_20260121T154723
	Message: https://w3id.org/shexmap/resource/ontology-schema/d285f599-dc2e-4bd0-83f1-df21defa8821/hasStatus is not a property of the vocabulary
Constraint Violation in UndeclaredProperty:
	Severity: sh:Violation
	Focus Node: http://example.org/data/process_chloride_serum_20260121T154723
	Message: https://w3id.org/shexmap/resource/ontology-schema/d285f599-dc2e-4bd0-83f1-df21defa8821/hasPatient is not a property of the vocabulary
Constraint Violation in UndeclaredProperty:
	Severity: sh:Violation
	Focus Node: http://example.org/data/process_chloride_serum_20260121T154723
	Message: https://w3id.org/shexmap/resource/ontology-schema/d285f599-dc2e-4bd0-83f1-df21defa8821/hasPerformedDate is not a property of the vocabulary
Constraint Violation in UndeclaredProperty:
	Severity: sh:Violation
	Focus Node: http://example.org/data/process_chloride_serum_20260121T154723
	Message: https://w3id.org/shexmap/resource/ontology-schema/d285f599-dc2e-4bd0-83f1-df21defa8821/hasPerformer is not a property of the vocabulary
Constraint Violation in UndeclaredProperty:
	Severity: sh:Violation
	Focus Node: http://example.org/data/process_chloride_serum_20260121T154723
	Message: https://w3id.org/shexmap/resource/ontology-schema/d285f599-dc2e-4bd0-83f1-df21defa8821/hasResult is not a property of the vocabulary
Constraint Violation in UndeclaredProperty:
	Severity: sh:Violation
	Focus Node: http://example.org/data/process_chloride_serum_20260121T154723
	Message: https://w3id.org/shexmap/resource/ontology-schema/d285f599-dc2e-4bd0-83f1-df21defa8821/hasStatus is not a property of the vocabulary
Constraint Violation in UndeclaredProperty:
	Severity: sh:Violation
	Focus Node: http://example.org/data/process_co2_blood_20260121T154723
	Message: https://w3id.org/shexmap/resource/ontology-schema/d285f599-dc2e-4bd0-83f1-df21defa8821/hasPatient is not a property of the vocabulary
Constraint Violation in UndeclaredProperty:
	Severity: sh:Violation
	Focus Node: http://example.org/data/process_co2_blood_20260121T154723
	Message: https://w3id.org/shexmap/resource/ontology-schema/d285f599-dc2e-4bd0-83f1-df21defa8821/hasPerformedDate is not a property of the vocabulary
Constraint Violation in UndeclaredProperty:
	Severity: sh:Violation
	Focus Node: http://example.org/data/process_co2_blood_20260121T154723
	Message: https://w3id.org/shexmap/resource/ontology-schema/d285f599-dc2e-4bd0-83f1-df21defa8821/hasPerformer is not a property of the vocabulary
Constraint Violation in UndeclaredProperty:
	Severity: sh:Violation
	Focus Node: http://example.org/data/process_co2_blood_20260121T154723
	Message: https://w3id.org/shexmap/resource/ontology-schema/d285f599-dc2e-4bd0-83f1-df21defa8821/hasResult is not a property of the vocabulary
Constraint Violation in UndeclaredProperty:
	Severity: sh:Violation
	Focus Node: http://example.org/data/process_co2_blood_20260121T154723
	Message: https://w3id.org/shexmap/resource/ontology-schema/d285f599-dc2e-4bd0-83f1-df21defa8821/hasStatus is not a property of the vocabulary
Constraint Violation in UndeclaredProperty:
	Severity: sh:Violation
	Focus Node: http://example.org/data/process_co2_serum_20260121T154723
	Message: https://w3id.org/shexmap/resource/ontology-schema/d285f599-dc2e-4bd0-83f1-df21defa8821/hasPatient is not a property of the vocabulary
Constraint Violation in UndeclaredProperty:
	Severity: sh:Violation
	Focus Node: http://example.org/data/process_co2_serum_20260121T154723
	Message: https://w3id.org/shexmap/resource/ontology-schema/d285f599-dc2e-4bd0-83f1-df21defa8821/hasPerformedDate is not a property of the vocabulary
Constraint Violation in UndeclaredProperty:
	Severity: sh:Violation
	Focus Node: http://example.org/data/process_co2_serum_20260121T154723
	Message: https://w3id.org/shexmap/resource/ontology-schema/d285f599-dc2e-4bd0-83f1-df21defa8821/hasPerformer is not a property of the vocabulary
Constraint Violation in UndeclaredProperty:
	Severity: sh:Violation
	Focus Node: http://example.org/data/process_co2_serum_20260121T154723
	Message: https://w3id.org/shexmap/resource/ontology-schema/d285f599-dc2e-4bd0-83f1-df21defa8821/hasResult is not a property of the vocabulary
Constraint Violation in UndeclaredProperty:
	Severity: sh:Violation
	Focus Node: http://example.org/data/process_co2_serum_20260121T154723
	Message: https://w3id.org/shexmap/resource/ontology-schema/d285f599-dc2e-4bd0-83f1-df21defa8821/hasStatus is not a property of the vocabulary
Constraint Violation in UndeclaredProperty:
	Severity: sh:Violation
	Focus Node: http://example.org/data/process_creatinine_blood_20260121T154723
	Message: https://w3id.org/shexmap/resource/ontology-schema/d285f599-dc2e-4bd0-83f1-df21defa8821/hasPatient is not a property of the vocabulary
Constraint Violation in UndeclaredProperty:
	Severity: sh:Violation
	Focus Node: http://example.org/data/process_creatinine_blood_20260121T154723
	Message: https://w3id.org/shexmap/resource/ontology-schema/d285f599-dc2e-4bd0-83f1-df21defa8821/hasPerformedDate is not a property of the vocabulary
Constraint Violation in UndeclaredProperty:
	Severity: sh:Violation
	Focus Node: http://example.org/data/process_creatinine_blood_20260121T154723
	Message: https://w3id.org/shexmap/resource/ontology-schema/d285f599-dc2e-4bd0-83f1-df21defa8821/hasPerformer is not a property of the vocabulary
Constraint Violation in UndeclaredProperty:
	Severity: sh:Violation
	Focus Node: http://example.org/data/process_creatinine_blood_20260121T154723
	Message: https://w3id.org/shexmap/resource/ontology-schema/d285f599-dc2e-4bd0-83f1-df21defa8821/hasResult is not a property of the vocabulary
Constraint Violation in UndeclaredProperty:
	Severity: sh:Violation
	Focus Node: http://example.org/data/process_creatinine_blood_20260121T154723
	Message: https://w3id.org/shexmap/resource/ontology-schema/d285f599-dc2e-4bd0-83f1-df21defa8821/hasStatus is not a property of the vocabulary
Constraint Violation in UndeclaredProperty:
	Severity: sh:Violation
	Focus Node: http://example.org/data/process_creatinine_serum_20260121T154723
	Message: https://w3id.org/shexmap/resource/ontology-schema/d285f599-dc2e-4bd0-83f1-df21defa8821/hasPatient is not a property of the vocabulary
Constraint Violation in UndeclaredProperty:
	Severity: sh:Violation
	Focus Node: http://example.org/data/process_creatinine_serum_20260121T154723
	Message: https://w3id.org/shexmap/resource/ontology-schema/d285f599-dc2e-4bd0-83f1-df21defa8821/hasPerformedDate is not a property of the vocabulary
Constraint Violation in UndeclaredProperty:
	Severity: sh:Violation
	Focus Node: http://example.org/data/process_creatinine_serum_20260121T154723
	Message: https://w3id.org/shexmap/resource/ontology-schema/d285f599-dc2e-4bd0-83f1-df21defa8821/hasPerformer is not a property of the vocabulary
Constraint Violation in UndeclaredProperty:
	Severity: sh:Violation
	Focus Node: http://example.org/data/process_creatinine_serum_20260121T154723
	Message: https://w3id.org/shexmap/resource/ontology-schema/d285f599-dc2e-4bd0-83f1-df21defa8821/hasResult is not a property of the vocabulary
Constraint Violation in UndeclaredProperty:
	Severity: sh:Violation
	Focus Node: http://example.org/data/process_creatinine_serum_20260121T154723
	Message: https://w3id.org/shexmap/resource/ontology-schema/d285f599-dc2e-4bd0-83f1-df21defa8821/hasStatus is not a property of the vocabulary
Constraint Violation in UndeclaredProperty:
	Severity: sh:Violation
	Focus Node: http://example.org/data/process_fall_risk_20260121T165555
	Message: https://w3id.org/shexmap/resource/ontology-schema/d285f599-dc2e-4bd0-83f1-df21defa8821/hasPatient is not a property of the vocabulary
Constraint Violation in UndeclaredProperty:
	Severity: sh:Violation
	Focus Node: http://example.org/data/process_fall_risk_20260121T165555
	Message: https://w3id.org/shexmap/resource/ontology-schema/d285f599-dc2e-4bd0-83f1-df21defa8821/hasPerformedDate is not a property of the vocabulary
Constraint Violation in UndeclaredProperty:
	Severity: sh:Violation
	Focus Node: http://example.org/data/process_fall_risk_20260121T165555
	Message: https://w3id.org/shexmap/resource/ontology-schema/d285f599-dc2e-4bd0-83f1-df21defa8821/hasPerformer is not a property of the vocabulary
Constraint Violation in UndeclaredProperty:
	Severity: sh:Violation
	Focus Node: http://example.org/data/process_fall_risk_20260121T165555
	Message: https://w3id.org/shexmap/resource/ontology-schema/d285f599-dc2e-4bd0-83f1-df21defa8821/hasResult is not a property of the vocabulary
Constraint Violation in UndeclaredProperty:
	Severity: sh:Violation
	Focus Node: http://example.org/data/process_fall_risk_20260121T165555
	Message: https://w3id.org/shexmap/resource/ontology-schema/d285f599-dc2e-4bd0-83f1-df21defa8821/hasStatus is not a property of the vocabulary
Constraint Violation in UndeclaredProperty:
	Severity: sh:Violation
	Focus Node: http://example.org/data/process_gfr_serum_20260121T154723
	Message: https://w3id.org/shexmap/resource/ontology-schema/d285f599-dc2e-4bd0-83f1-df21defa8821/hasPatient is not a property of the vocabulary
Constraint Violation in UndeclaredProperty:
	Severity: sh:Violation
	Focus Node: http://example.org/data/process_gfr_serum_20260121T154723
	Message: https://w3id.org/shexmap/resource/ontology-schema/d285f599-dc2e-4bd0-83f1-df21defa8821/hasPerformedDate is not a property of the vocabulary
Constraint Violation in UndeclaredProperty:
	Severity: sh:Violation
	Focus Node: http://example.org/data/process_gfr_serum_20260121T154723
	Message: https://w3id.org/shexmap/resource/ontology-schema/d285f599-dc2e-4bd0-83f1-df21defa8821/hasPerformer is not a property of the vocabulary
Constraint Violation in UndeclaredProperty:
	Severity: sh:Violation
	Focus Node: http://example.org/data/process_gfr_serum_20260121T154723
	Message: https://w3id.org/shexmap/resource/ontology-schema/d285f599-dc2e-4bd0-83f1-df21defa8821/hasResult is not a property of the vocabulary
Constraint Violation in UndeclaredProperty:
	Severity: sh:Violation
	Focus Node: http://example.org/data/process_gfr_serum_20260121T154723
	Message: https://w3id.org/shexmap/resource/ontology-schema/d285f599-dc2e-4bd0-83f1-df21defa8821/hasStatus is not a property of the vocabulary
Constraint Violation in UndeclaredProperty:
	Severity: sh:Violation
	Focus Node: http://example.org/data/process_glucose_blood_20260121T154723
	Message: https://w3id.org/shexmap/resource/ontology-schema/d285f599-dc2e-4bd0-83f1-df21defa8821/hasPatient is not a property of the vocabulary
Constraint Violation in UndeclaredProperty:
	Severity: sh:Violation
	Focus Node: http://example.org/data/process_glucose_blood_20260121T154723
	Message: https://w3id.org/shexmap/resource/ontology-schema/d285f599-dc2e-4bd0-83f1-df21defa8821/hasPerformedDate is not a property of the vocabulary
Constraint Violation in UndeclaredProperty:
	Severity: sh:Violation
	Focus Node: http://example.org/data/process_glucose_blood_20260121T154723
	Message: https://w3id.org/shexmap/resource/ontology-schema/d285f599-dc2e-4bd0-83f1-df21defa8821/hasPerformer is not a property of the vocabulary
Constraint Violation in UndeclaredProperty:
	Severity: sh:Violation
	Focus Node: http://example.org/data/process_glucose_blood_20260121T154723
	Message: https://w3id.org/shexmap/resource/ontology-schema/d285f599-dc2e-4bd0-83f1-df21defa8821/hasResult is not a property of the vocabulary
Constraint Violation in UndeclaredProperty:
	Severity: sh:Violation
	Focus Node: http://example.org/data/process_glucose_blood_20260121T154723
	Message: https://w3id.org/shexmap/resource/ontology-schema/d285f599-dc2e-4bd0-83f1-df21defa8821/hasStatus is not a property of the vocabulary
Constraint Violation in UndeclaredProperty:
	Severity: sh:Violation
	Focus Node: http://example.org/data/process_glucose_serum_20260121T154723
	Message: https://w3id.org/shexmap/resource/ontology-schema/d285f599-dc2e-4bd0-83f1-df21defa8821/hasPatient is not a property of the vocabulary
Constraint Violation in UndeclaredProperty:
	Severity: sh:Violation
	Focus Node: http://example.org/data/process_glucose_serum_20260121T154723
	Message: https://w3id.org/shexmap/resource/ontology-schema/d285f599-dc2e-4bd0-83f1-df21defa8821/hasPerformedDate is not a property of the vocabulary
Constraint Violation in UndeclaredProperty:
	Severity: sh:Violation
	Focus Node: http://example.org/data/process_glucose_serum_20260121T154723
	Message: https://w3id.org/shexmap/resource/ontology-schema/d285f599-dc2e-4bd0-83f1-df21defa8821/hasPerformer is not a property of the vocabulary
Constraint Violation in UndeclaredProperty:
	Severity: sh:Violation
	Focus Node: http://example.org/data/process_glucose_serum_20260121T154723
	Message: https://w3id.org/shexmap/resource/ontology-schema/d285f599-dc2e-4bd0-83f1-df21defa8821/hasResult is not a property of the vocabulary
Constraint Violation in UndeclaredProperty:
	Severity: sh:Violation
	Focus Node: http://example.org/data/process_glucose_serum_20260121T154723
	Message: https://w3id.org/shexmap/resource/ontology-schema/d285f599-dc2e-4bd0-83f1-df21defa8821/hasStatus is not a property of the vocabulary
Constraint Violation in UndeclaredProperty:
	Severity: sh:Violation
	Focus Node: http://example.org/data/process_glucose_urine_20260121T154723
	Message: https://w3id.org/shexmap/resource/ontology-schema/d285f599-dc2e-4bd0-83f1-df21defa8821/hasPatient is not a property of the vocabulary
Constraint Violation in UndeclaredProperty:
	Severity: sh:Violation
	Focus Node: http://example.org/data/process_glucose_urine_20260121T154723
	Message: https://w3id.org/shexmap/resource/ontology-schema/d285f599-dc2e-4bd0-83f1-df21defa8821/hasPerformedDate is not a property of the vocabulary
Constraint Violation in UndeclaredProperty:
	Severity: sh:Violation
	Focus Node: http://example.org/data/process_glucose_urine_20260121T154723
	Message: https://w3id.org/shexmap/resource/ontology-schema/d285f599-dc2e-4bd0-83f1-df21defa8821/hasPerformer is not a property of the vocabulary
Constraint Violation in UndeclaredProperty:
	Severity: sh:Violation
	Focus Node: http://example.org/data/process_glucose_urine_20260121T154723
	Message: https://w3id.org/shexmap/resource/ontology-schema/d285f599-dc2e-4bd0-83f1-df21defa8821/hasResult is not a property of the vocabulary
Constraint Violation in UndeclaredProperty:
	Severity: sh:Violation
	Focus Node: http://example.org/data/process_glucose_urine_20260121T154723
	Message: https://w3id.org/shexmap/resource/ontology-schema/d285f599-dc2e-4bd0-83f1-df21defa8821/hasStatus is not a property of the vocabulary
Constraint Violation in UndeclaredProperty:
	Severity: sh:Violation
	Focus Node: http://example.org/data/process_hba1c_blood_20260121T154723
	Message: https://w3id.org/shexmap/resource/ontology-schema/d285f599-dc2e-4bd0-83f1-df21defa8821/hasPatient is not a property of the vocabulary
Constraint Violation in UndeclaredProperty:
	Severity: sh:Violation
	Focus Node: http://example.org/data/process_hba1c_blood_20260121T154723
	Message: https://w3id.org/shexmap/resource/ontology-schema/d285f599-dc2e-4bd0-83f1-df21defa8821/hasPerformedDate is not a property of the vocabulary
Constraint Violation in UndeclaredProperty:
	Severity: sh:Violation
	Focus Node: http://example.org/data/process_hba1c_blood_20260121T154723
	Message: https://w3id.org/shexmap/resource/ontology-schema/d285f599-dc2e-4bd0-83f1-df21defa8821/hasPerformer is not a property of the vocabulary
Constraint Violation in UndeclaredProperty:
	Severity: sh:Violation
	Focus Node: http://example.org/data/process_hba1c_blood_20260121T154723
	Message: https://w3id.org/shexmap/resource/ontology-schema/d285f599-dc2e-4bd0-83f1-df21defa8821/hasResult is not a property of the vocabulary
Constraint Violation in UndeclaredProperty:
	Severity: sh:Violation
	Focus Node: http://example.org/data/process_hba1c_blood_20260121T154723
	Message: https://w3id.org/shexmap/resource/ontology-schema/d285f599-dc2e-4bd0-83f1-df21defa8821/hasStatus is not a property of the vocabulary
Constraint Violation in UndeclaredProperty:
	Severity: sh:Violation
	Focus Node: http://example.org/data/process_heart_rate_20260121T154723
	Message: https://w3id.org/shexmap/resource/ontology-schema/d285f599-dc2e-4bd0-83f1-df21defa8821/hasPatient is not a property of the vocabulary
Constraint Violation in UndeclaredProperty:
	Severity: sh:Violation
	Focus Node: http://example.org/data/process_heart_rate_20260121T154723
	Message: https://w3id.org/shexmap/resource/ontology-schema/d285f599-dc2e-4bd0-83f1-df21defa8821/hasPerformedDate is not a property of the vocabulary
Constraint Violation in UndeclaredProperty:
	Severity: sh:Violation
	Focus Node: http://example.org/data/process_heart_rate_20260121T154723
	Message: https://w3id.org/shexmap/resource/ontology-schema/d285f599-dc2e-4bd0-83f1-df21defa8821/hasPerformer is not a property of the vocabulary
Constraint Violation in UndeclaredProperty:
	Severity: sh:Violation
	Focus Node: http://example.org/data/process_heart_rate_20260121T154723
	Message: https://w3id.org/shexmap/resource/ontology-schema/d285f599-dc2e-4bd0-83f1-df21defa8821/hasResult is not a property of the vocabulary
Constraint Violation in UndeclaredProperty:
	Severity: sh:Violation
	Focus Node: http://example.org/data/process_heart_rate_20260121T154723
	Message: https://w3id.org/shexmap/resource/ontology-schema/d285f599-dc2e-4bd0-83f1-df21defa8821/hasStatus is not a property of the vocabulary
Constraint Violation in UndeclaredProperty:
	Severity: sh:Violation
	Focus Node: http://example.org/data/process_height_20260121T154723
	Message: https://w3id.org/shexmap/resource/ontology-schema/d285f599-dc2e-4bd0-83f1-df21defa8821/hasPatient is not a property of the vocabulary
Constraint Violation in UndeclaredProperty:
	Severity: sh:Violation
	Focus Node: http://example.org/data/process_height_20260121T154723
	Message: https://w3id.org/shexmap/resource/ontology-schema/d285f599-dc2e-4bd0-83f1-df21defa8821/hasPerformedDate is not a property of the vocabulary
Constraint Violation in UndeclaredProperty:
	Severity: sh:Violation
	Focus Node: http://example.org/data/process_height_20260121T154723
	Message: https://w3id.org/shexmap/resource/ontology-schema/d285f599-dc2e-4bd0-83f1-df21defa8821/hasPerformer is not a property of the vocabulary
Constraint Violation in UndeclaredProperty:
	Severity: sh:Violation
	Focus Node: http://example.org/data/process_height_20260121T154723
	Message: https://w3id.org/shexmap/resource/ontology-schema/d285f599-dc2e-4bd0-83f1-df21defa8821/hasResult is not a property of the vocabulary
Constraint Violation in UndeclaredProperty:
	Severity: sh:Violation
	Focus Node: http://example.org/data/process_height_20260121T154723
	Message: https://w3id.org/shexmap/resource/ontology-schema/d285f599-dc2e-4bd0-83f1-df21defa8821/hasStatus is not a property of the vocabulary
Constraint Violation in UndeclaredProperty:
	Severity: sh:Violation
	Focus Node: http://example.org/data/process_ketones_urine_20260121T154723
	Message: https://w3id.org/shexmap/resource/ontology-schema/d285f599-dc2e-4bd0-83f1-df21defa8821/hasPatient is not a property of the vocabulary
Constraint Violation in UndeclaredProperty:
	Severity: sh:Violation
	Focus Node: http://example.org/data/process_ketones_urine_20260121T154723
	Message: https://w3id.org/shexmap/resource/ontology-schema/d285f599-dc2e-4bd0-83f1-df21defa8821/hasPerformedDate is not a property of the vocabulary
Constraint Violation in UndeclaredProperty:
	Severity: sh:Violation
	Focus Node: http://example.org/data/process_ketones_urine_20260121T154723
	Message: https://w3id.org/shexmap/resource/ontology-schema/d285f599-dc2e-4bd0-83f1-df21defa8821/hasPerformer is not a property of the vocabulary
Constraint Violation in UndeclaredProperty:
	Severity: sh:Violation
	Focus Node: http://example.org/data/process_ketones_urine_20260121T154723
	Message: https://w3id.org/shexmap/resource/ontology-schema/d285f599-dc2e-4bd0-83f1-df21defa8821/hasResult is not a property of the vocabulary
Constraint Violation in UndeclaredProperty:
	Severity: sh:Violation
	Focus Node: http://example.org/data/process_ketones_urine_20260121T154723
	Message: https://w3id.org/shexmap/resource/ontology-schema/d285f599-dc2e-4bd0-83f1-df21defa8821/hasStatus is not a property of the vocabulary
Constraint Violation in UndeclaredProperty:
	Severity: sh:Violation
	Focus Node: http://example.org/data/process_pain_20260121T154723
	Message: https://w3id.org/shexmap/resource/ontology-schema/d285f599-dc2e-4bd0-83f1-df21defa8821/hasPatient is not a property of the vocabulary
Constraint Violation in UndeclaredProperty:
	Severity: sh:Violation
	Focus Node: http://example.org/data/process_pain_20260121T154723
	Message: https://w3id.org/shexmap/resource/ontology-schema/d285f599-dc2e-4bd0-83f1-df21defa8821/hasPerformedDate is not a property of the vocabulary
Constraint Violation in UndeclaredProperty:
	Severity: sh:Violation
	Focus Node: http://example.org/data/process_pain_20260121T154723
	Message: https://w3id.org/shexmap/resource/ontology-schema/d285f599-dc2e-4bd0-83f1-df21defa8821/hasPerformer is not a property of the vocabulary
Constraint Violation in UndeclaredProperty:
	Severity: sh:Violation
	Focus Node: http://example.org/data/process_pain_20260121T154723
	Message: https://w3id.org/shexmap/resource/ontology-schema/d285f599-dc2e-4bd0-83f1-df21defa8821/hasResult is not a property of the vocabulary
Constraint Violation in UndeclaredProperty:
	Severity: sh:Violation
	Focus Node: http://example.org/data/process_pain_20260121T154723
	Message: https://w3id.org/shexmap/resource/ontology-schema/d285f599-dc2e-4bd0-83f1-df21defa8821/hasStatus is not a property of the vocabulary
Constraint Violation in UndeclaredProperty:
	Severity: sh:Violation
	Focus Node: http://example.org/data/process_ph_urine_20260121T154723
	Message: https://w3id.org/shexmap/resource/ontology-schema/d285f599-dc2e-4bd0-83f1-df21defa8821/hasPatient is not a property of the vocabulary
Constraint Violation in UndeclaredProperty:
	Severity: sh:Violation
	Focus Node: http://example.org/data/process_ph_urine_20260121T154723
	Message: https://w3id.org/shexmap/resource/ontology-schema/d285f599-dc2e-4bd0-83f1-df21defa8821/hasPerformedDate is not a property of the vocabulary
Constraint Violation in UndeclaredProperty:
	Severity: sh:Violation
	Focus Node: http://example.org/data/process_ph_urine_20260121T154723
	Message: https://w3id.org/shexmap/resource/ontology-schema/d285f599-dc2e-4bd0-83f1-df21defa8821/hasPerformer is not a property of the vocabulary
Constraint Violation in UndeclaredProperty:
	Severity: sh:Violation
	Focus Node: http://example.org/data/process_ph_urine_20260121T154723
	Message: https://w3id.org/shexmap/resource/ontology-schema/d285f599-dc2e-4bd0-83f1-df21defa8821/hasResult is not a property of the vocabulary
Constraint Violation in UndeclaredProperty:
	Severity: sh:Violation
	Focus Node: http://example.org/data/process_ph_urine_20260121T154723
	Message: https://w3id.org/shexmap/resource/ontology-schema/d285f599-dc2e-4bd0-83f1-df21defa8821/hasStatus is not a property of the vocabulary
Constraint Violation in UndeclaredProperty:
	Severity: sh:Violation
	Focus Node: http://example.org/data/process_phq2_20260121T173632
	Message: https://w3id.org/shexmap/resource/ontology-schema/d285f599-dc2e-4bd0-83f1-df21defa8821/hasPatient is not a property of the vocabulary
Constraint Violation in UndeclaredProperty:
	Severity: sh:Violation
	Focus Node: http://example.org/data/process_phq2_20260121T173632
	Message: https://w3id.org/shexmap/resource/ontology-schema/d285f599-dc2e-4bd0-83f1-df21defa8821/hasPerformedDate is not a property of the vocabulary
Constraint Violation in UndeclaredProperty:
	Severity: sh:Violation
	Focus Node: http://example.org/data/process_phq2_20260121T173632
	Message: https://w3id.org/shexmap/resource/ontology-schema/d285f599-dc2e-4bd0-83f1-df21defa8821/hasPerformer is not a property of the vocabulary
Constraint Violation in UndeclaredProperty:
	Severity: sh:Violation
	Focus Node: http://example.org/data/process_phq2_20260121T173632
	Message: https://w3id.org/shexmap/resource/ontology-schema/d285f599-dc2e-4bd0-83f1-df21defa8821/hasResult is not a property of the vocabulary
Constraint Violation in UndeclaredProperty:
	Severity: sh:Violation
	Focus Node: http://example.org/data/process_phq2_20260121T173632
	Message: https://w3id.org/shexmap/resource/ontology-schema/d285f599-dc2e-4bd0-83f1-df21defa8821/hasStatus is not a property of the vocabulary
Constraint Violation in UndeclaredProperty:
	Severity: sh:Violation
	Focus Node: http://example.org/data/process_potassium_blood_20260121T154723
	Message: https://w3id.org/shexmap/resource/ontology-schema/d285f599-dc2e-4bd0-83f1-df21defa8821/hasPatient is not a property of the vocabulary
Constraint Violation in UndeclaredProperty:
	Severity: sh:Violation
	Focus Node: http://example.org/data/process_potassium_blood_20260121T154723
	Message: https://w3id.org/shexmap/resource/ontology-schema/d285f599-dc2e-4bd0-83f1-df21defa8821/hasPerformedDate is not a property of the vocabulary
Constraint Violation in UndeclaredProperty:
	Severity: sh:Violation
	Focus Node: http://example.org/data/process_potassium_blood_20260121T154723
	Message: https://w3id.org/shexmap/resource/ontology-schema/d285f599-dc2e-4bd0-83f1-df21defa8821/hasPerformer is not a property of the vocabulary
Constraint Violation in UndeclaredProperty:
	Severity: sh:Violation
	Focus Node: http://example.org/data/process_potassium_blood_20260121T154723
	Message: https://w3id.org/shexmap/resource/ontology-schema/d285f599-dc2e-4bd0-83f1-df21defa8821/hasResult is not a property of the vocabulary
Constraint Violation in UndeclaredProperty:
	Severity: sh:Violation
	Focus Node: http://example.org/data/process_potassium_blood_20260121T154723
	Message: https://w3id.org/shexmap/resource/ontology-schema/d285f599-dc2e-4bd0-83f1-df21defa8821/hasStatus is not a property of the vocabulary
Constraint Violation in UndeclaredProperty:
	Severity: sh:Violation
	Focus Node: http://example.org/data/process_potassium_serum_20260121T154723
	Message: https://w3id.org/shexmap/resource/ontology-schema/d285f599-dc2e-4bd0-83f1-df21defa8821/hasPatient is not a property of the vocabulary
Constraint Violation in UndeclaredProperty:
	Severity: sh:Violation
	Focus Node: http://example.org/data/process_potassium_serum_20260121T154723
	Message: https://w3id.org/shexmap/resource/ontology-schema/d285f599-dc2e-4bd0-83f1-df21defa8821/hasPerformedDate is not a property of the vocabulary
Constraint Violation in UndeclaredProperty:
	Severity: sh:Violation
	Focus Node: http://example.org/data/process_potassium_serum_20260121T154723
	Message: https://w3id.org/shexmap/resource/ontology-schema/d285f599-dc2e-4bd0-83f1-df21defa8821/hasPerformer is not a property of the vocabulary
Constraint Violation in UndeclaredProperty:
	Severity: sh:Violation
	Focus Node: http://example.org/data/process_potassium_serum_20260121T154723
	Message: https://w3id.org/shexmap/resource/ontology-schema/d285f599-dc2e-4bd0-83f1-df21defa8821/hasResult is not a property of the vocabulary
Constraint Violation in UndeclaredProperty:
	Severity: sh:Violation
	Focus Node: http://example.org/data/process_potassium_serum_20260121T154723
	Message: https://w3id.org/shexmap/resource/ontology-schema/d285f599-dc2e-4bd0-83f1-df21defa8821/hasStatus is not a property of the vocabulary
Constraint Violation in UndeclaredProperty:
	Severity: sh:Violation
	Focus Node: http://example.org/data/process_protein_urine_20260121T154723
	Message: https://w3id.org/shexmap/resource/ontology-schema/d285f599-dc2e-4bd0-83f1-df21defa8821/hasPatient is not a property of the vocabulary
Constraint Violation in UndeclaredProperty:
	Severity: sh:Violation
	Focus Node: http://example.org/data/process_protein_urine_20260121T154723
	Message: https://w3id.org/shexmap/resource/ontology-schema/d285f599-dc2e-4bd0-83f1-df21defa8821/hasPerformedDate is not a property of the vocabulary
Constraint Violation in UndeclaredProperty:
	Severity: sh:Violation
	Focus Node: http://example.org/data/process_protein_urine_20260121T154723
	Message: https://w3id.org/shexmap/resource/ontology-schema/d285f599-dc2e-4bd0-83f1-df21defa8821/hasPerformer is not a property of the vocabulary
Constraint Violation in UndeclaredProperty:
	Severity: sh:Violation
	Focus Node: http://example.org/data/process_protein_urine_20260121T154723
	Message: https://w3id.org/shexmap/resource/ontology-schema/d285f599-dc2e-4bd0-83f1-df21defa8821/hasResult is not a property of the vocabulary
Constraint Violation in UndeclaredProperty:
	Severity: sh:Violation
	Focus Node: http://example.org/data/process_protein_urine_20260121T154723
	Message: https://w3id.org/shexmap/resource/ontology-schema/d285f599-dc2e-4bd0-83f1-df21defa8821/hasStatus is not a property of the vocabulary
Constraint Violation in UndeclaredProperty:
	Severity: sh:Violation
	Focus Node: http://example.org/data/process_respiratory_rate_20260121T154723
	Message: https://w3id.org/shexmap/resource/ontology-schema/d285f599-dc2e-4bd0-83f1-df21defa8821/hasPatient is not a property of the vocabulary
Constraint Violation in UndeclaredProperty:
	Severity: sh:Violation
	Focus Node: http://example.org/data/process_respiratory_rate_20260121T154723
	Message: https://w3id.org/shexmap/resource/ontology-schema/d285f599-dc2e-4bd0-83f1-df21defa8821/hasPerformedDate is not a property of the vocabulary
Constraint Violation in UndeclaredProperty:
	Severity: sh:Violation
	Focus Node: http://example.org/data/process_respiratory_rate_20260121T154723
	Message: https://w3id.org/shexmap/resource/ontology-schema/d285f599-dc2e-4bd0-83f1-df21defa8821/hasPerformer is not a property of the vocabulary
Constraint Violation in UndeclaredProperty:
	Severity: sh:Violation
	Focus Node: http://example.org/data/process_respiratory_rate_20260121T154723
	Message: https://w3id.org/shexmap/resource/ontology-schema/d285f599-dc2e-4bd0-83f1-df21defa8821/hasResult is not a property of the vocabulary
Constraint Violation in UndeclaredProperty:
	Severity: sh:Violation
	Focus Node: http://example.org/data/process_respiratory_rate_20260121T154723
	Message: https://w3id.org/shexmap/resource/ontology-schema/d285f599-dc2e-4bd0-83f1-df21defa8821/hasStatus is not a property of the vocabulary
Constraint Violation in UndeclaredProperty:
	Severity: sh:Violation
	Focus Node: http://example.org/data/process_sodium_blood_20260121T154723
	Message: https://w3id.org/shexmap/resource/ontology-schema/d285f599-dc2e-4bd0-83f1-df21defa8821/hasPatient is not a property of the vocabulary
Constraint Violation in UndeclaredProperty:
	Severity: sh:Violation
	Focus Node: http://example.org/data/process_sodium_blood_20260121T154723
	Message: https://w3id.org/shexmap/resource/ontology-schema/d285f599-dc2e-4bd0-83f1-df21defa8821/hasPerformedDate is not a property of the vocabulary
Constraint Violation in UndeclaredProperty:
	Severity: sh:Violation
	Focus Node: http://example.org/data/process_sodium_blood_20260121T154723
	Message: https://w3id.org/shexmap/resource/ontology-schema/d285f599-dc2e-4bd0-83f1-df21defa8821/hasPerformer is not a property of the vocabulary
Constraint Violation in UndeclaredProperty:
	Severity: sh:Violation
	Focus Node: http://example.org/data/process_sodium_blood_20260121T154723
	Message: https://w3id.org/shexmap/resource/ontology-schema/d285f599-dc2e-4bd0-83f1-df21defa8821/hasResult is not a property of the vocabulary
Constraint Violation in UndeclaredProperty:
	Severity: sh:Violation
	Focus Node: http://example.org/data/process_sodium_blood_20260121T154723
	Message: https://w3id.org/shexmap/resource/ontology-schema/d285f599-dc2e-4bd0-83f1-df21defa8821/hasStatus is not a property of the vocabulary
Constraint Violation in UndeclaredProperty:
	Severity: sh:Violation
	Focus Node: http://example.org/data/process_sodium_serum_20260121T154723
	Message: https://w3id.org/shexmap/resource/ontology-schema/d285f599-dc2e-4bd0-83f1-df21defa8821/hasPatient is not a property of the vocabulary
Constraint Violation in UndeclaredProperty:
	Severity: sh:Violation
	Focus Node: http://example.org/data/process_sodium_serum_20260121T154723
	Message: https://w3id.org/shexmap/resource/ontology-schema/d285f599-dc2e-4bd0-83f1-df21defa8821/hasPerformedDate is not a property of the vocabulary
Constraint Violation in UndeclaredProperty:
	Severity: sh:Violation
	Focus Node: http://example.org/data/process_sodium_serum_20260121T154723
	Message: https://w3id.org/shexmap/resource/ontology-schema/d285f599-dc2e-4bd0-83f1-df21defa8821/hasPerformer is not a property of the vocabulary
Constraint Violation in UndeclaredProperty:
	Severity: sh:Violation
	Focus Node: http://example.org/data/process_sodium_serum_20260121T154723
	Message: https://w3id.org/shexmap/resource/ontology-schema/d285f599-dc2e-4bd0-83f1-df21defa8821/hasResult is not a property of the vocabulary
Constraint Violation in UndeclaredProperty:
	Severity: sh:Violation
	Focus Node: http://example.org/data/process_sodium_serum_20260121T154723
	Message: https://w3id.org/shexmap/resource/ontology-schema/d285f599-dc2e-4bd0-83f1-df21defa8821/hasStatus is not a property of the vocabulary
Constraint Violation in UndeclaredProperty:
	Severity: sh:Violation
	Focus Node: http://example.org/data/process_spec_gravity_urine_20260121T154723
	Message: https://w3id.org/shexmap/resource/ontology-schema/d285f599-dc2e-4bd0-83f1-df21defa8821/hasPatient is not a property of the vocabulary
Constraint Violation in UndeclaredProperty:
	Severity: sh:Violation
	Focus Node: http://example.org/data/process_spec_gravity_urine_20260121T154723
	Message: https://w3id.org/shexmap/resource/ontology-schema/d285f599-dc2e-4bd0-83f1-df21defa8821/hasPerformedDate is not a property of the vocabulary
Constraint Violation in UndeclaredProperty:
	Severity: sh:Violation
	Focus Node: http://example.org/data/process_spec_gravity_urine_20260121T154723
	Message: https://w3id.org/shexmap/resource/ontology-schema/d285f599-dc2e-4bd0-83f1-df21defa8821/hasPerformer is not a property of the vocabulary
Constraint Violation in UndeclaredProperty:
	Severity: sh:Violation
	Focus Node: http://example.org/data/process_spec_gravity_urine_20260121T154723
	Message: https://w3id.org/shexmap/resource/ontology-schema/d285f599-dc2e-4bd0-83f1-df21defa8821/hasResult is not a property of the vocabulary
Constraint Violation in UndeclaredProperty:
	Severity: sh:Violation
	Focus Node: http://example.org/data/process_spec_gravity_urine_20260121T154723
	Message: https://w3id.org/shexmap/resource/ontology-schema/d285f599-dc2e-4bd0-83f1-df21defa8821/hasStatus is not a property of the vocabulary
Constraint Violation in UndeclaredProperty:
	Severity: sh:Violation
	Focus Node: http://example.org/data/process_urea_nitrogen_blood_20260121T154723
	Message: https://w3id.org/shexmap/resource/ontology-schema/d285f599-dc2e-4bd0-83f1-df21defa8821/hasPatient is not a property of the vocabulary
Constraint Violation in UndeclaredProperty:
	Severity: sh:Violation
	Focus Node: http://example.org/data/process_urea_nitrogen_blood_20260121T154723
	Message: https://w3id.org/shexmap/resource/ontology-schema/d285f599-dc2e-4bd0-83f1-df21defa8821/hasPerformedDate is not a property of the vocabulary
Constraint Violation in UndeclaredProperty:
	Severity: sh:Violation
	Focus Node: http://example.org/data/process_urea_nitrogen_blood_20260121T154723
	Message: https://w3id.org/shexmap/resource/ontology-schema/d285f599-dc2e-4bd0-83f1-df21defa8821/hasPerformer is not a property of the vocabulary
Constraint Violation in UndeclaredProperty:
	Severity: sh:Violation
	Focus Node: http://example.org/data/process_urea_nitrogen_blood_20260121T154723
	Message: https://w3id.org/shexmap/resource/ontology-schema/d285f599-dc2e-4bd0-83f1-df21defa8821/hasResult is not a property of the vocabulary
Constraint Violation in UndeclaredProperty:
	Severity: sh:Violation
	Focus Node: http://example.org/data/process_urea_nitrogen_blood_20260121T154723
	Message: https://w3id.org/shexmap/resource/ontology-schema/d285f599-dc2e-4bd0-83f1-df21defa8821/hasStatus is not a property of the vocabulary
Constraint Violation in UndeclaredProperty:
	Severity: sh:Violation
	Focus Node: http://example.org/data/process_urea_nitrogen_serum_20260121T154723
	Message: https://w3id.org/shexmap/resource/ontology-schema/d285f599-dc2e-4bd0-83f1-df21defa8821/hasPatient is not a property of the vocabulary
Constraint Violation in UndeclaredProperty:
	Severity: sh:Violation
	Focus Node: http://example.org/data/process_urea_nitrogen_serum_20260121T154723
	Message: https://w3id.org/shexmap/resource/ontology-schema/d285f599-dc2e-4bd0-83f1-df21defa8821/hasPerformedDate is not a property of the vocabulary
Constraint Violation in UndeclaredProperty:
	Severity: sh:Violation
	Focus Node: http://example.org/data/process_urea_nitrogen_serum_20260121T154723
	Message: https://w3id.org/shexmap/resource/ontology-schema/d285f599-dc2e-4bd0-83f1-df21defa8821/hasPerformer is not a property of the vocabulary
Constraint Violation in UndeclaredProperty:
	Severity: sh:Violation
	Focus Node: http://example.org/data/process_urea_nitrogen_serum_20260121T154723
	Message: https://w3id.org/shexmap/resource/ontology-schema/d285f599-dc2e-4bd0-83f1-df21defa8821/hasResult is not a property of the vocabulary
Constraint Violation in UndeclaredProperty:
	Severity: sh:Violation
	Focus Node: http://example.org/data/process_urea_nitrogen_serum_20260121T154723
	Message: https://w3id.org/shexmap/resource/ontology-schema/d285f599-dc2e-4bd0-83f1-df21defa8821/hasStatus is not a property of the vocabulary
Constraint Violation in UndeclaredProperty:
	Severity: sh:Violation
	Focus Node: http://example.org/data/process_weight_20260121T154723
	Message: https://w3id.org/shexmap/resource/ontology-schema/d285f599-dc2e-4bd0-83f1-df21defa8821/hasPatient is not a property of the vocabulary
Constraint Violation in UndeclaredProperty:
	Severity: sh:Violation
	Focus Node: http://example.org/data/process_weight_20260121T154723
	Message: https://w3id.org/shexmap/resource/ontology-schema/d285f599-dc2e-4bd0-83f1-df21defa8821/hasPerformedDate is not a property of the vocabulary
Constraint Violation in UndeclaredProperty:
	Severity: sh:Violation
	Focus Node: http://example.org/data/process_weight_20260121T154723
	Message: https://w3id.org/shexmap/resource/ontology-schema/d285f599-dc2e-4bd0-83f1-df21defa8821/hasPerformer is not a property of the vocabulary
Constraint Violation in UndeclaredProperty:
	Severity: sh:Violation
	Focus Node: http://example.org/data/process_weight_20260121T154723
	Message: https://w3id.org/shexmap/resource/ontology-schema/d285f599-dc2e-4bd0-83f1-df21defa8821/hasResult is not a property of the vocabulary
Constraint Violation in UndeclaredProperty:
	Severity: sh:Violation
	Focus Node: http://example.org/data/process_weight_20260121T154723
	Message: https://w3id.org/shexmap/resource/ontology-schema/d285f599-dc2e-4bd0-83f1-df21defa8821/hasStatus is not a property of the vocabulary
Constraint Violation in ClosedConstraintComponent (http://www.w3.org/ns/shacl#ClosedConstraintComponent):
	Severity: sh:Violation
	Source Shape: chr:SchemaPropertyVocabularyShape
	Focus Node: ex:diagnostic_statement_Full-time_employment_20260121T162842
	Value Node: <http://snomed.info/id/160903007>
	Result Path: <https://w3id.org/shexmap/resource/ontology-schema/d285f599-dc2e-4bd0-83f1-df21defa8821/hasCode>
	Message: Only the 24 properties declared in the CHR schema (plus rdf:type and rdfs:label) may be used on an individual.
Constraint Violation in ClosedConstraintComponent (http://www.w3.org/ns/shacl#ClosedConstraintComponent):
	Severity: sh:Violation
	Source Shape: chr:SchemaPropertyVocabularyShape
	Focus Node: ex:measurement_BMI_39156-5
	Value Node: <https://loinc.org/39156-5>
	Result Path: <https://w3id.org/shexmap/resource/ontology-schema/d285f599-dc2e-4bd0-83f1-df21defa8821/hasCode>
	Message: Only the 24 properties declared in the CHR schema (plus rdf:type and rdfs:label) may be used on an individual.
Constraint Violation in ClosedConstraintComponent (http://www.w3.org/ns/shacl#ClosedConstraintComponent):
	Severity: sh:Violation
	Source Shape: chr:SchemaPropertyVocabularyShape
	Focus Node: ex:measurement_BMI_39156-5
	Value Node: Literal("2026-01-21T15:47:23+01:00" = 2026-01-21 15:47:23+01:00, datatype=xsd:dateTime)
	Result Path: <https://w3id.org/shexmap/resource/ontology-schema/d285f599-dc2e-4bd0-83f1-df21defa8821/hasMeasuredDate>
	Message: Only the 24 properties declared in the CHR schema (plus rdf:type and rdfs:label) may be used on an individual.
Constraint Violation in ClosedConstraintComponent (http://www.w3.org/ns/shacl#ClosedConstraintComponent):
	Severity: sh:Violation
	Source Shape: chr:SchemaPropertyVocabularyShape
	Focus Node: ex:measurement_BMI_39156-5
	Value Node: Literal("27.45", datatype=xsd:float)
	Result Path: <https://w3id.org/shexmap/resource/ontology-schema/d285f599-dc2e-4bd0-83f1-df21defa8821/hasQuantityValue>
	Message: Only the 24 properties declared in the CHR schema (plus rdf:type and rdfs:label) may be used on an individual.
Constraint Violation in ClosedConstraintComponent (http://www.w3.org/ns/shacl#ClosedConstraintComponent):
	Severity: sh:Violation
	Source Shape: chr:SchemaPropertyVocabularyShape
	Focus Node: ex:measurement_BMI_39156-5
	Value Node: ex:unit_kgperm2
	Result Path: <https://w3id.org/shexmap/resource/ontology-schema/d285f599-dc2e-4bd0-83f1-df21defa8821/hasUnit>
	Message: Only the 24 properties declared in the CHR schema (plus rdf:type and rdfs:label) may be used on an individual.
Constraint Violation in ClosedConstraintComponent (http://www.w3.org/ns/shacl#ClosedConstraintComponent):
	Severity: sh:Violation
	Source Shape: chr:SchemaPropertyVocabularyShape
	Focus Node: ex:measurement_Bilirubin_total_20505-4
	Value Node: <https://loinc.org/20505-4>
	Result Path: <https://w3id.org/shexmap/resource/ontology-schema/d285f599-dc2e-4bd0-83f1-df21defa8821/hasCode>
	Message: Only the 24 properties declared in the CHR schema (plus rdf:type and rdfs:label) may be used on an individual.
Constraint Violation in ClosedConstraintComponent (http://www.w3.org/ns/shacl#ClosedConstraintComponent):
	Severity: sh:Violation
	Source Shape: chr:SchemaPropertyVocabularyShape
	Focus Node: ex:measurement_Bilirubin_total_20505-4
	Value Node: Literal("0.21286", datatype=xsd:float)
	Result Path: <https://w3id.org/shexmap/resource/ontology-schema/d285f599-dc2e-4bd0-83f1-df21defa8821/hasQuantityValue>
	Message: Only the 24 properties declared in the CHR schema (plus rdf:type and rdfs:label) may be used on an individual.
Constraint Violation in ClosedConstraintComponent (http://www.w3.org/ns/shacl#ClosedConstraintComponent):
	Severity: sh:Violation
	Source Shape: chr:SchemaPropertyVocabularyShape
	Focus Node: ex:measurement_Bilirubin_total_20505-4
	Value Node: Literal("2026-01-21T15:47:23+01:00" = 2026-01-21 15:47:23+01:00, datatype=xsd:dateTime)
	Result Path: <https://w3id.org/shexmap/resource/ontology-schema/d285f599-dc2e-4bd0-83f1-df21defa8821/hasMeasuredDate>
	Message: Only the 24 properties declared in the CHR schema (plus rdf:type and rdfs:label) may be used on an individual.
Constraint Violation in ClosedConstraintComponent (http://www.w3.org/ns/shacl#ClosedConstraintComponent):
	Severity: sh:Violation
	Source Shape: chr:SchemaPropertyVocabularyShape
	Focus Node: ex:measurement_Bilirubin_total_20505-4
	Value Node: ex:unit_mgperdL
	Result Path: <https://w3id.org/shexmap/resource/ontology-schema/d285f599-dc2e-4bd0-83f1-df21defa8821/hasUnit>
	Message: Only the 24 properties declared in the CHR schema (plus rdf:type and rdfs:label) may be used on an individual.
Constraint Violation in ClosedConstraintComponent (http://www.w3.org/ns/shacl#ClosedConstraintComponent):
	Severity: sh:Violation
	Source Shape: chr:SchemaPropertyVocabularyShape
	Focus Node: ex:measurement_Body_Height_8302-2
	Value Node: <https://loinc.org/8302-2>
	Result Path: <https://w3id.org/shexmap/resource/ontology-schema/d285f599-dc2e-4bd0-83f1-df21defa8821/hasCode>
	Message: Only the 24 properties declared in the CHR schema (plus rdf:type and rdfs:label) may be used on an individual.
Constraint Violation in ClosedConstraintComponent (http://www.w3.org/ns/shacl#ClosedConstraintComponent):
	Severity: sh:Violation
	Source Shape: chr:SchemaPropertyVocabularyShape
	Focus Node: ex:measurement_Body_Height_8302-2
	Value Node: Literal("177.0", datatype=xsd:float)
	Result Path: <https://w3id.org/shexmap/resource/ontology-schema/d285f599-dc2e-4bd0-83f1-df21defa8821/hasQuantityValue>
	Message: Only the 24 properties declared in the CHR schema (plus rdf:type and rdfs:label) may be used on an individual.
Constraint Violation in ClosedConstraintComponent (http://www.w3.org/ns/shacl#ClosedConstraintComponent):
	Severity: sh:Violation
	Source Shape: chr:SchemaPropertyVocabularyShape
	Focus Node: ex:measurement_Body_Height_8302-2
	Value Node: Literal("2026-01-21T15:47:23+01:00" = 2026-01-21 15:47:23+01:00, datatype=xsd:dateTime)
	Result Path: <https://w3id.org/shexmap/resource/ontology-schema/d285f599-dc2e-4bd0-83f1-df21defa8821/hasMeasuredDate>
	Message: Only the 24 properties declared in the CHR schema (plus rdf:type and rdfs:label) may be used on an individual.
Constraint Violation in ClosedConstraintComponent (http://www.w3.org/ns/shacl#ClosedConstraintComponent):
	Severity: sh:Violation
	Source Shape: chr:SchemaPropertyVocabularyShape
	Focus Node: ex:measurement_Body_Height_8302-2
	Value Node: ex:unit_cm
	Result Path: <https://w3id.org/shexmap/resource/ontology-schema/d285f599-dc2e-4bd0-83f1-df21defa8821/hasUnit>
	Message: Only the 24 properties declared in the CHR schema (plus rdf:type and rdfs:label) may be used on an individual.
Constraint Violation in ClosedConstraintComponent (http://www.w3.org/ns/shacl#ClosedConstraintComponent):
	Severity: sh:Violation
	Source Shape: chr:SchemaPropertyVocabularyShape
	Focus Node: ex:measurement_Body_Weight_29463-7
	Value Node: <https://loinc.org/29463-7>
	Result Path: <https://w3id.org/shexmap/resource/ontology-schema/d285f599-dc2e-4bd0-83f1-df21defa8821/hasCode>
	Message: Only the 24 properties declared in the CHR schema (plus rdf:type and rdfs:label) may be used on an individual.
Constraint Violation in ClosedConstraintComponent (http://www.w3.org/ns/shacl#ClosedConstraintComponent):
	Severity: sh:Violation
	Source Shape: chr:SchemaPropertyVocabularyShape
	Focus Node: ex:measurement_Body_Weight_29463-7
	Value Node: Literal("2026-01-21T15:47:23+01:00" = 2026-01-21 15:47:23+01:00, datatype=xsd:dateTime)
	Result Path: <https://w3id.org/shexmap/resource/ontology-schema/d285f599-dc2e-4bd0-83f1-df21defa8821/hasMeasuredDate>
	Message: Only the 24 properties declared in the CHR schema (plus rdf:type and rdfs:label) may be used on an individual.
Constraint Violation in ClosedConstraintComponent (http://www.w3.org/ns/shacl#ClosedConstraintComponent):
	Severity: sh:Violation
	Source Shape: chr:SchemaPropertyVocabularyShape
	Focus Node: ex:measurement_Body_Weight_29463-7
	Value Node: Literal("86.0", datatype=xsd:float)
	Result Path: <https://w3id.org/shexmap/resource/ontology-schema/d285f599-dc2e-4bd0-83f1-df21defa8821/hasQuantityValue>
	Message: Only the 24 properties declared in the CHR schema (plus rdf:type and rdfs:label) may be used on an individual.
Constraint Violation in ClosedConstraintComponent (http://www.w3.org/ns/shacl#ClosedConstraintComponent):
	Severity: sh:Violation
	Source Shape: chr:SchemaPropertyVocabularyShape
	Focus Node: ex:measurement_Body_Weight_29463-7
	Value Node: ex:unit_kg
	Result Path: <https://w3id.org/shexmap/resource/ontology-schema/d285f599-dc2e-4bd0-83f1-df21defa8821/hasUnit>
	Message: Only the 24 properties declared in the CHR schema (plus rdf:type and rdfs:label) may be used on an individual.
Constraint Violation in ClosedConstraintComponent (http://www.w3.org/ns/shacl#ClosedConstraintComponent):
	Severity: sh:Violation
	Source Shape: chr:SchemaPropertyVocabularyShape
	Focus Node: ex:measurement_Calcium_17861-6
	Value Node: <https://loinc.org/17861-6>
	Result Path: <https://w3id.org/shexmap/resource/ontology-schema/d285f599-dc2e-4bd0-83f1-df21defa8821/hasCode>
	Message: Only the 24 properties declared in the CHR schema (plus rdf:type and rdfs:label) may be used on an individual.
Constraint Violation in ClosedConstraintComponent (http://www.w3.org/ns/shacl#ClosedConstraintComponent):
	Severity: sh:Violation
	Source Shape: chr:SchemaPropertyVocabularyShape
	Focus Node: ex:measurement_Calcium_17861-6
	Value Node: Literal("2026-01-21T15:47:23+01:00" = 2026-01-21 15:47:23+01:00, datatype=xsd:dateTime)
	Result Path: <https://w3id.org/shexmap/resource/ontology-schema/d285f599-dc2e-4bd0-83f1-df21defa8821/hasMeasuredDate>
	Message: Only the 24 properties declared in the CHR schema (plus rdf:type and rdfs:label) may be used on an individual.
Constraint Violation in ClosedConstraintComponent (http://www.w3.org/ns/shacl#ClosedConstraintComponent):
	Severity: sh:Violation
	Source Shape: chr:SchemaPropertyVocabularyShape
	Focus Node: ex:measurement_Calcium_17861-6
	Value Node: Literal("8.57", datatype=xsd:float)
	Result Path: <https://w3id.org/shexmap/resource/ontology-schema/d285f599-dc2e-4bd0-83f1-df21defa8821/hasQuantityValue>
	Message: Only the 24 properties declared in the CHR schema (plus rdf:type and rdfs:label) may be used on an individual.
Constraint Violation in ClosedConstraintComponent (http://www.w3.org/ns/shacl#ClosedConstraintComponent):
	Severity: sh:Violation
	Source Shape: chr:SchemaPropertyVocabularyShape
	Focus Node: ex:measurement_Calcium_17861-6
	Value Node: ex:unit_mgperdL
	Result Path: <https://w3id.org/shexmap/resource/ontology-schema/d285f599-dc2e-4bd0-83f1-df21defa8821/hasUnit>
	Message: Only the 24 properties declared in the CHR schema (plus rdf:type and rdfs:label) may be used on an individual.
Constraint Violation in ClosedConstraintComponent (http://www.w3.org/ns/shacl#ClosedConstraintComponent):
	Severity: sh:Violation
	Source Shape: chr:SchemaPropertyVocabularyShape
	Focus Node: ex:measurement_Calcium_Blood_49765-1
	Value Node: <https://loinc.org/49765-1>
	Result Path: <https://w3id.org/shexmap/resource/ontology-schema/d285f599-dc2e-4bd0-83f1-df21defa8821/hasCode>
	Message: Only the 24 properties declared in the CHR schema (plus rdf:type and rdfs:label) may be used on an individual.
Constraint Violation in ClosedConstraintComponent (http://www.w3.org/ns/shacl#ClosedConstraintComponent):
	Severity: sh:Violation
	Source Shape: chr:SchemaPropertyVocabularyShape
	Focus Node: ex:measurement_Calcium_Blood_49765-1
	Value Node: Literal("2026-01-21T15:47:23+01:00" = 2026-01-21 15:47:23+01:00, datatype=xsd:dateTime)
	Result Path: <https://w3id.org/shexmap/resource/ontology-schema/d285f599-dc2e-4bd0-83f1-df21defa8821/hasMeasuredDate>
	Message: Only the 24 properties declared in the CHR schema (plus rdf:type and rdfs:label) may be used on an individual.
Constraint Violation in ClosedConstraintComponent (http://www.w3.org/ns/shacl#ClosedConstraintComponent):
	Severity: sh:Violation
	Source Shape: chr:SchemaPropertyVocabularyShape
	Focus Node: ex:measurement_Calcium_Blood_49765-1
	Value Node: Literal("8.57", datatype=xsd:float)
	Result Path: <https://w3id.org/shexmap/resource/ontology-schema/d285f599-dc2e-4bd0-83f1-df21defa8821/hasQuantityValue>
	Message: Only the 24 properties declared in the CHR schema (plus rdf:type and rdfs:label) may be used on an individual.
Constraint Violation in ClosedConstraintComponent (http://www.w3.org/ns/shacl#ClosedConstraintComponent):
	Severity: sh:Violation
	Source Shape: chr:SchemaPropertyVocabularyShape
	Focus Node: ex:measurement_Calcium_Blood_49765-1
	Value Node: ex:unit_mgperdL
	Result Path: <https://w3id.org/shexmap/resource/ontology-schema/d285f599-dc2e-4bd0-83f1-df21defa8821/hasUnit>
	Message: Only the 24 properties declared in the CHR schema (plus rdf:type and rdfs:label) may be used on an individual.
Constraint Violation in ClosedConstraintComponent (http://www.w3.org/ns/shacl#ClosedConstraintComponent):
	Severity: sh:Violation
	Source Shape: chr:SchemaPropertyVocabularyShape
	Focus Node: ex:measurement_Carbon_dioxide_total_2028-9
	Value Node: <https://loinc.org/2028-9>
	Result Path: <https://w3id.org/shexmap/resource/ontology-schema/d285f599-dc2e-4bd0-83f1-df21defa8821/hasCode>
	Message: Only the 24 properties declared in the CHR schema (plus rdf:type and rdfs:label) may be used on an individual.
Constraint Violation in ClosedConstraintComponent (http://www.w3.org/ns/shacl#ClosedConstraintComponent):
	Severity: sh:Violation
	Source Shape: chr:SchemaPropertyVocabularyShape
	Focus Node: ex:measurement_Carbon_dioxide_total_2028-9
	Value Node: Literal("2026-01-21T15:47:23+01:00" = 2026-01-21 15:47:23+01:00, datatype=xsd:dateTime)
	Result Path: <https://w3id.org/shexmap/resource/ontology-schema/d285f599-dc2e-4bd0-83f1-df21defa8821/hasMeasuredDate>
	Message: Only the 24 properties declared in the CHR schema (plus rdf:type and rdfs:label) may be used on an individual.
Constraint Violation in ClosedConstraintComponent (http://www.w3.org/ns/shacl#ClosedConstraintComponent):
	Severity: sh:Violation
	Source Shape: chr:SchemaPropertyVocabularyShape
	Focus Node: ex:measurement_Carbon_dioxide_total_2028-9
	Value Node: Literal("27.35", datatype=xsd:float)
	Result Path: <https://w3id.org/shexmap/resource/ontology-schema/d285f599-dc2e-4bd0-83f1-df21defa8821/hasQuantityValue>
	Message: Only the 24 properties declared in the CHR schema (plus rdf:type and rdfs:label) may be used on an individual.
Constraint Violation in ClosedConstraintComponent (http://www.w3.org/ns/shacl#ClosedConstraintComponent):
	Severity: sh:Violation
	Source Shape: chr:SchemaPropertyVocabularyShape
	Focus Node: ex:measurement_Carbon_dioxide_total_2028-9
	Value Node: ex:unit_mmolperL
	Result Path: <https://w3id.org/shexmap/resource/ontology-schema/d285f599-dc2e-4bd0-83f1-df21defa8821/hasUnit>
	Message: Only the 24 properties declared in the CHR schema (plus rdf:type and rdfs:label) may be used on an individual.
Constraint Violation in ClosedConstraintComponent (http://www.w3.org/ns/shacl#ClosedConstraintComponent):
	Severity: sh:Violation
	Source Shape: chr:SchemaPropertyVocabularyShape
	Focus Node: ex:measurement_Carbon_dioxide_total_Blood_20565-8
	Value Node: <https://loinc.org/20565-8>
	Result Path: <https://w3id.org/shexmap/resource/ontology-schema/d285f599-dc2e-4bd0-83f1-df21defa8821/hasCode>
	Message: Only the 24 properties declared in the CHR schema (plus rdf:type and rdfs:label) may be used on an individual.
Constraint Violation in ClosedConstraintComponent (http://www.w3.org/ns/shacl#ClosedConstraintComponent):
	Severity: sh:Violation
	Source Shape: chr:SchemaPropertyVocabularyShape
	Focus Node: ex:measurement_Carbon_dioxide_total_Blood_20565-8
	Value Node: Literal("2026-01-21T15:47:23+01:00" = 2026-01-21 15:47:23+01:00, datatype=xsd:dateTime)
	Result Path: <https://w3id.org/shexmap/resource/ontology-schema/d285f599-dc2e-4bd0-83f1-df21defa8821/hasMeasuredDate>
	Message: Only the 24 properties declared in the CHR schema (plus rdf:type and rdfs:label) may be used on an individual.
Constraint Violation in ClosedConstraintComponent (http://www.w3.org/ns/shacl#ClosedConstraintComponent):
	Severity: sh:Violation
	Source Shape: chr:SchemaPropertyVocabularyShape
	Focus Node: ex:measurement_Carbon_dioxide_total_Blood_20565-8
	Value Node: Literal("27.35", datatype=xsd:float)
	Result Path: <https://w3id.org/shexmap/resource/ontology-schema/d285f599-dc2e-4bd0-83f1-df21defa8821/hasQuantityValue>
	Message: Only the 24 properties declared in the CHR schema (plus rdf:type and rdfs:label) may be used on an individual.
Constraint Violation in ClosedConstraintComponent (http://www.w3.org/ns/shacl#ClosedConstraintComponent):
	Severity: sh:Violation
	Source Shape: chr:SchemaPropertyVocabularyShape
	Focus Node: ex:measurement_Carbon_dioxide_total_Blood_20565-8
	Value Node: ex:unit_mmolperL
	Result Path: <https://w3id.org/shexmap/resource/ontology-schema/d285f599-dc2e-4bd0-83f1-df21defa8821/hasUnit>
	Message: Only the 24 properties declared in the CHR schema (plus rdf:type and rdfs:label) may be used on an individual.
Constraint Violation in ClosedConstraintComponent (http://www.w3.org/ns/shacl#ClosedConstraintComponent):
	Severity: sh:Violation
	Source Shape: chr:SchemaPropertyVocabularyShape
	Focus Node: ex:measurement_Chloride_2075-0
	Value Node: <https://loinc.org/2075-0>
	Result Path: <https://w3id.org/shexmap/resource/ontology-schema/d285f599-dc2e-4bd0-83f1-df21defa8821/hasCode>
	Message: Only the 24 properties declared in the CHR schema (plus rdf:type and rdfs:label) may be used on an individual.
Constraint Violation in ClosedConstraintComponent (http://www.w3.org/ns/shacl#ClosedConstraintComponent):
	Severity: sh:Violation
	Source Shape: chr:SchemaPropertyVocabularyShape
	Focus Node: ex:measurement_Chloride_2075-0
	Value Node: Literal("101.06", datatype=xsd:float)
	Result Path: <https://w3id.org/shexmap/resource/ontology-schema/d285f599-dc2e-4bd0-83f1-df21defa8821/hasQuantityValue>
	Message: Only the 24 properties declared in the CHR schema (plus rdf:type and rdfs:label) may be used on an individual.
Constraint Violation in ClosedConstraintComponent (http://www.w3.org/ns/shacl#ClosedConstraintComponent):
	Severity: sh:Violation
	Source Shape: chr:SchemaPropertyVocabularyShape
	Focus Node: ex:measurement_Chloride_2075-0
	Value Node: Literal("2026-01-21T15:47:23+01:00" = 2026-01-21 15:47:23+01:00, datatype=xsd:dateTime)
	Result Path: <https://w3id.org/shexmap/resource/ontology-schema/d285f599-dc2e-4bd0-83f1-df21defa8821/hasMeasuredDate>
	Message: Only the 24 properties declared in the CHR schema (plus rdf:type and rdfs:label) may be used on an individual.
Constraint Violation in ClosedConstraintComponent (http://www.w3.org/ns/shacl#ClosedConstraintComponent):
	Severity: sh:Violation
	Source Shape: chr:SchemaPropertyVocabularyShape
	Focus Node: ex:measurement_Chloride_2075-0
	Value Node: ex:unit_mmolperL
	Result Path: <https://w3id.org/shexmap/resource/ontology-schema/d285f599-dc2e-4bd0-83f1-df21defa8821/hasUnit>
	Message: Only the 24 properties declared in the CHR schema (plus rdf:type and rdfs:label) may be used on an individual.
Constraint Violation in ClosedConstraintComponent (http://www.w3.org/ns/shacl#ClosedConstraintComponent):
	Severity: sh:Violation
	Source Shape: chr:SchemaPropertyVocabularyShape
	Focus Node: ex:measurement_Chloride_Blood_2069-3
	Value Node: <https://loinc.org/2069-3>
	Result Path: <https://w3id.org/shexmap/resource/ontology-schema/d285f599-dc2e-4bd0-83f1-df21defa8821/hasCode>
	Message: Only the 24 properties declared in the CHR schema (plus rdf:type and rdfs:label) may be used on an individual.
Constraint Violation in ClosedConstraintComponent (http://www.w3.org/ns/shacl#ClosedConstraintComponent):
	Severity: sh:Violation
	Source Shape: chr:SchemaPropertyVocabularyShape
	Focus Node: ex:measurement_Chloride_Blood_2069-3
	Value Node: Literal("101.06", datatype=xsd:float)
	Result Path: <https://w3id.org/shexmap/resource/ontology-schema/d285f599-dc2e-4bd0-83f1-df21defa8821/hasQuantityValue>
	Message: Only the 24 properties declared in the CHR schema (plus rdf:type and rdfs:label) may be used on an individual.
Constraint Violation in ClosedConstraintComponent (http://www.w3.org/ns/shacl#ClosedConstraintComponent):
	Severity: sh:Violation
	Source Shape: chr:SchemaPropertyVocabularyShape
	Focus Node: ex:measurement_Chloride_Blood_2069-3
	Value Node: Literal("2026-01-21T15:47:23+01:00" = 2026-01-21 15:47:23+01:00, datatype=xsd:dateTime)
	Result Path: <https://w3id.org/shexmap/resource/ontology-schema/d285f599-dc2e-4bd0-83f1-df21defa8821/hasMeasuredDate>
	Message: Only the 24 properties declared in the CHR schema (plus rdf:type and rdfs:label) may be used on an individual.
Constraint Violation in ClosedConstraintComponent (http://www.w3.org/ns/shacl#ClosedConstraintComponent):
	Severity: sh:Violation
	Source Shape: chr:SchemaPropertyVocabularyShape
	Focus Node: ex:measurement_Chloride_Blood_2069-3
	Value Node: ex:unit_mmolperL
	Result Path: <https://w3id.org/shexmap/resource/ontology-schema/d285f599-dc2e-4bd0-83f1-df21defa8821/hasUnit>
	Message: Only the 24 properties declared in the CHR schema (plus rdf:type and rdfs:label) may be used on an individual.
Constraint Violation in ClosedConstraintComponent (http://www.w3.org/ns/shacl#ClosedConstraintComponent):
	Severity: sh:Violation
	Source Shape: chr:SchemaPropertyVocabularyShape
	Focus Node: ex:measurement_Creatinine_2160-0
	Value Node: <https://loinc.org/2160-0>
	Result Path: <https://w3id.org/shexmap/resource/ontology-schema/d285f599-dc2e-4bd0-83f1-df21defa8821/hasCode>
	Message: Only the 24 properties declared in the CHR schema (plus rdf:type and rdfs:label) may be used on an individual.
Constraint Violation in ClosedConstraintComponent (http://www.w3.org/ns/shacl#ClosedConstraintComponent):
	Severity: sh:Violation
	Source Shape: chr:SchemaPropertyVocabularyShape
	Focus Node: ex:measurement_Creatinine_2160-0
	Value Node: Literal("1.9315", datatype=xsd:float)
	Result Path: <https://w3id.org/shexmap/resource/ontology-schema/d285f599-dc2e-4bd0-83f1-df21defa8821/hasQuantityValue>
	Message: Only the 24 properties declared in the CHR schema (plus rdf:type and rdfs:label) may be used on an individual.
Constraint Violation in ClosedConstraintComponent (http://www.w3.org/ns/shacl#ClosedConstraintComponent):
	Severity: sh:Violation
	Source Shape: chr:SchemaPropertyVocabularyShape
	Focus Node: ex:measurement_Creatinine_2160-0
	Value Node: Literal("2026-01-21T15:47:23+01:00" = 2026-01-21 15:47:23+01:00, datatype=xsd:dateTime)
	Result Path: <https://w3id.org/shexmap/resource/ontology-schema/d285f599-dc2e-4bd0-83f1-df21defa8821/hasMeasuredDate>
	Message: Only the 24 properties declared in the CHR schema (plus rdf:type and rdfs:label) may be used on an individual.
Constraint Violation in ClosedConstraintComponent (http://www.w3.org/ns/shacl#ClosedConstraintComponent):
	Severity: sh:Violation
	Source Shape: chr:SchemaPropertyVocabularyShape
	Focus Node: ex:measurement_Creatinine_2160-0
	Value Node: ex:unit_mgperdL
	Result Path: <https://w3id.org/shexmap/resource/ontology-schema/d285f599-dc2e-4bd0-83f1-df21defa8821/hasUnit>
	Message: Only the 24 properties declared in the CHR schema (plus rdf:type and rdfs:label) may be used on an individual.
Constraint Violation in ClosedConstraintComponent (http://www.w3.org/ns/shacl#ClosedConstraintComponent):
	Severity: sh:Violation
	Source Shape: chr:SchemaPropertyVocabularyShape
	Focus Node: ex:measurement_Creatinine_Blood_38483-4
	Value Node: <https://loinc.org/38483-4>
	Result Path: <https://w3id.org/shexmap/resource/ontology-schema/d285f599-dc2e-4bd0-83f1-df21defa8821/hasCode>
	Message: Only the 24 properties declared in the CHR schema (plus rdf:type and rdfs:label) may be used on an individual.
Constraint Violation in ClosedConstraintComponent (http://www.w3.org/ns/shacl#ClosedConstraintComponent):
	Severity: sh:Violation
	Source Shape: chr:SchemaPropertyVocabularyShape
	Focus Node: ex:measurement_Creatinine_Blood_38483-4
	Value Node: Literal("2026-01-21T15:47:23+01:00" = 2026-01-21 15:47:23+01:00, datatype=xsd:dateTime)
	Result Path: <https://w3id.org/shexmap/resource/ontology-schema/d285f599-dc2e-4bd0-83f1-df21defa8821/hasMeasuredDate>
	Message: Only the 24 properties declared in the CHR schema (plus rdf:type and rdfs:label) may be used on an individual.
Constraint Violation in ClosedConstraintComponent (http://www.w3.org/ns/shacl#ClosedConstraintComponent):
	Severity: sh:Violation
	Source Shape: chr:SchemaPropertyVocabularyShape
	Focus Node: ex:measurement_Creatinine_Blood_38483-4
	Value Node: Literal("3.3", datatype=xsd:float)
	Result Path: <https://w3id.org/shexmap/resource/ontology-schema/d285f599-dc2e-4bd0-83f1-df21defa8821/hasQuantityValue>
	Message: Only the 24 properties declared in the CHR schema (plus rdf:type and rdfs:label) may be used on an individual.
Constraint Violation in ClosedConstraintComponent (http://www.w3.org/ns/shacl#ClosedConstraintComponent):
	Severity: sh:Violation
	Source Shape: chr:SchemaPropertyVocabularyShape
	Focus Node: ex:measurement_Creatinine_Blood_38483-4
	Value Node: ex:unit_mgperdL
	Result Path: <https://w3id.org/shexmap/resource/ontology-schema/d285f599-dc2e-4bd0-83f1-df21defa8821/hasUnit>
	Message: Only the 24 properties declared in the CHR schema (plus rdf:type and rdfs:label) may be used on an individual.
Constraint Violation in ClosedConstraintComponent (http://www.w3.org/ns/shacl#ClosedConstraintComponent):
	Severity: sh:Violation
	Source Shape: chr:SchemaPropertyVocabularyShape
	Focus Node: ex:measurement_Fall_risk_59460-6
	Value Node: <https://loinc.org/59460-6>
	Result Path: <https://w3id.org/shexmap/resource/ontology-schema/d285f599-dc2e-4bd0-83f1-df21defa8821/hasCode>
	Message: Only the 24 properties declared in the CHR schema (plus rdf:type and rdfs:label) may be used on an individual.
Constraint Violation in ClosedConstraintComponent (http://www.w3.org/ns/shacl#ClosedConstraintComponent):
	Severity: sh:Violation
	Source Shape: chr:SchemaPropertyVocabularyShape
	Focus Node: ex:measurement_Fall_risk_59460-6
	Value Node: Literal("2026-01-21T16:55:55+01:00" = 2026-01-21 16:55:55+01:00, datatype=xsd:dateTime)
	Result Path: <https://w3id.org/shexmap/resource/ontology-schema/d285f599-dc2e-4bd0-83f1-df21defa8821/hasMeasuredDate>
	Message: Only the 24 properties declared in the CHR schema (plus rdf:type and rdfs:label) may be used on an individual.
Constraint Violation in ClosedConstraintComponent (http://www.w3.org/ns/shacl#ClosedConstraintComponent):
	Severity: sh:Violation
	Source Shape: chr:SchemaPropertyVocabularyShape
	Focus Node: ex:measurement_Fall_risk_59460-6
	Value Node: Literal("98.0", datatype=xsd:float)
	Result Path: <https://w3id.org/shexmap/resource/ontology-schema/d285f599-dc2e-4bd0-83f1-df21defa8821/hasQuantityValue>
	Message: Only the 24 properties declared in the CHR schema (plus rdf:type and rdfs:label) may be used on an individual.
Constraint Violation in ClosedConstraintComponent (http://www.w3.org/ns/shacl#ClosedConstraintComponent):
	Severity: sh:Violation
	Source Shape: chr:SchemaPropertyVocabularyShape
	Focus Node: ex:measurement_Fall_risk_59460-6
	Value Node: ex:unit_cblMorseFallScalecbr
	Result Path: <https://w3id.org/shexmap/resource/ontology-schema/d285f599-dc2e-4bd0-83f1-df21defa8821/hasUnit>
	Message: Only the 24 properties declared in the CHR schema (plus rdf:type and rdfs:label) may be used on an individual.
Constraint Violation in ClosedConstraintComponent (http://www.w3.org/ns/shacl#ClosedConstraintComponent):
	Severity: sh:Violation
	Source Shape: chr:SchemaPropertyVocabularyShape
	Focus Node: ex:measurement_GFR_33914-3_1
	Value Node: <https://loinc.org/33914-3>
	Result Path: <https://w3id.org/shexmap/resource/ontology-schema/d285f599-dc2e-4bd0-83f1-df21defa8821/hasCode>
	Message: Only the 24 properties declared in the CHR schema (plus rdf:type and rdfs:label) may be used on an individual.
Constraint Violation in ClosedConstraintComponent (http://www.w3.org/ns/shacl#ClosedConstraintComponent):
	Severity: sh:Violation
	Source Shape: chr:SchemaPropertyVocabularyShape
	Focus Node: ex:measurement_GFR_33914-3_1
	Value Node: Literal("2026-01-21T15:47:23+01:00" = 2026-01-21 15:47:23+01:00, datatype=xsd:dateTime)
	Result Path: <https://w3id.org/shexmap/resource/ontology-schema/d285f599-dc2e-4bd0-83f1-df21defa8821/hasMeasuredDate>
	Message: Only the 24 properties declared in the CHR schema (plus rdf:type and rdfs:label) may be used on an individual.
Constraint Violation in ClosedConstraintComponent (http://www.w3.org/ns/shacl#ClosedConstraintComponent):
	Severity: sh:Violation
	Source Shape: chr:SchemaPropertyVocabularyShape
	Focus Node: ex:measurement_GFR_33914-3_1
	Value Node: Literal("46.927", datatype=xsd:float)
	Result Path: <https://w3id.org/shexmap/resource/ontology-schema/d285f599-dc2e-4bd0-83f1-df21defa8821/hasQuantityValue>
	Message: Only the 24 properties declared in the CHR schema (plus rdf:type and rdfs:label) may be used on an individual.
Constraint Violation in ClosedConstraintComponent (http://www.w3.org/ns/shacl#ClosedConstraintComponent):
	Severity: sh:Violation
	Source Shape: chr:SchemaPropertyVocabularyShape
	Focus Node: ex:measurement_GFR_33914-3_1
	Value Node: ex:unit_mLper1dot73sbr
	Result Path: <https://w3id.org/shexmap/resource/ontology-schema/d285f599-dc2e-4bd0-83f1-df21defa8821/hasUnit>
	Message: Only the 24 properties declared in the CHR schema (plus rdf:type and rdfs:label) may be used on an individual.
Constraint Violation in ClosedConstraintComponent (http://www.w3.org/ns/shacl#ClosedConstraintComponent):
	Severity: sh:Violation
	Source Shape: chr:SchemaPropertyVocabularyShape
	Focus Node: ex:measurement_Glucose_2345-7
	Value Node: <https://loinc.org/2345-7>
	Result Path: <https://w3id.org/shexmap/resource/ontology-schema/d285f599-dc2e-4bd0-83f1-df21defa8821/hasCode>
	Message: Only the 24 properties declared in the CHR schema (plus rdf:type and rdfs:label) may be used on an individual.
Constraint Violation in ClosedConstraintComponent (http://www.w3.org/ns/shacl#ClosedConstraintComponent):
	Severity: sh:Violation
	Source Shape: chr:SchemaPropertyVocabularyShape
	Focus Node: ex:measurement_Glucose_2345-7
	Value Node: Literal("173.18", datatype=xsd:float)
	Result Path: <https://w3id.org/shexmap/resource/ontology-schema/d285f599-dc2e-4bd0-83f1-df21defa8821/hasQuantityValue>
	Message: Only the 24 properties declared in the CHR schema (plus rdf:type and rdfs:label) may be used on an individual.
Constraint Violation in ClosedConstraintComponent (http://www.w3.org/ns/shacl#ClosedConstraintComponent):
	Severity: sh:Violation
	Source Shape: chr:SchemaPropertyVocabularyShape
	Focus Node: ex:measurement_Glucose_2345-7
	Value Node: Literal("2026-01-21T15:47:23+01:00" = 2026-01-21 15:47:23+01:00, datatype=xsd:dateTime)
	Result Path: <https://w3id.org/shexmap/resource/ontology-schema/d285f599-dc2e-4bd0-83f1-df21defa8821/hasMeasuredDate>
	Message: Only the 24 properties declared in the CHR schema (plus rdf:type and rdfs:label) may be used on an individual.
Constraint Violation in ClosedConstraintComponent (http://www.w3.org/ns/shacl#ClosedConstraintComponent):
	Severity: sh:Violation
	Source Shape: chr:SchemaPropertyVocabularyShape
	Focus Node: ex:measurement_Glucose_2345-7
	Value Node: ex:unit_mgperdL
	Result Path: <https://w3id.org/shexmap/resource/ontology-schema/d285f599-dc2e-4bd0-83f1-df21defa8821/hasUnit>
	Message: Only the 24 properties declared in the CHR schema (plus rdf:type and rdfs:label) may be used on an individual.
Constraint Violation in ClosedConstraintComponent (http://www.w3.org/ns/shacl#ClosedConstraintComponent):
	Severity: sh:Violation
	Source Shape: chr:SchemaPropertyVocabularyShape
	Focus Node: ex:measurement_Glucose_5792-7
	Value Node: <https://loinc.org/5792-7>
	Result Path: <https://w3id.org/shexmap/resource/ontology-schema/d285f599-dc2e-4bd0-83f1-df21defa8821/hasCode>
	Message: Only the 24 properties declared in the CHR schema (plus rdf:type and rdfs:label) may be used on an individual.
Constraint Violation in ClosedConstraintComponent (http://www.w3.org/ns/shacl#ClosedConstraintComponent):
	Severity: sh:Violation
	Source Shape: chr:SchemaPropertyVocabularyShape
	Focus Node: ex:measurement_Glucose_5792-7
	Value Node: Literal("2.1874", datatype=xsd:float)
	Result Path: <https://w3id.org/shexmap/resource/ontology-schema/d285f599-dc2e-4bd0-83f1-df21defa8821/hasQuantityValue>
	Message: Only the 24 properties declared in the CHR schema (plus rdf:type and rdfs:label) may be used on an individual.
Constraint Violation in ClosedConstraintComponent (http://www.w3.org/ns/shacl#ClosedConstraintComponent):
	Severity: sh:Violation
	Source Shape: chr:SchemaPropertyVocabularyShape
	Focus Node: ex:measurement_Glucose_5792-7
	Value Node: Literal("2026-01-21T15:47:23+01:00" = 2026-01-21 15:47:23+01:00, datatype=xsd:dateTime)
	Result Path: <https://w3id.org/shexmap/resource/ontology-schema/d285f599-dc2e-4bd0-83f1-df21defa8821/hasMeasuredDate>
	Message: Only the 24 properties declared in the CHR schema (plus rdf:type and rdfs:label) may be used on an individual.
Constraint Violation in ClosedConstraintComponent (http://www.w3.org/ns/shacl#ClosedConstraintComponent):
	Severity: sh:Violation
	Source Shape: chr:SchemaPropertyVocabularyShape
	Focus Node: ex:measurement_Glucose_5792-7
	Value Node: ex:unit_mgperdL
	Result Path: <https://w3id.org/shexmap/resource/ontology-schema/d285f599-dc2e-4bd0-83f1-df21defa8821/hasUnit>
	Message: Only the 24 properties declared in the CHR schema (plus rdf:type and rdfs:label) may be used on an individual.
Constraint Violation in ClosedConstraintComponent (http://www.w3.org/ns/shacl#ClosedConstraintComponent):
	Severity: sh:Violation
	Source Shape: chr:SchemaPropertyVocabularyShape
	Focus Node: ex:measurement_Glucose_Blood_2339-0
	Value Node: <https://loinc.org/2339-0>
	Result Path: <https://w3id.org/shexmap/resource/ontology-schema/d285f599-dc2e-4bd0-83f1-df21defa8821/hasCode>
	Message: Only the 24 properties declared in the CHR schema (plus rdf:type and rdfs:label) may be used on an individual.
Constraint Violation in ClosedConstraintComponent (http://www.w3.org/ns/shacl#ClosedConstraintComponent):
	Severity: sh:Violation
	Source Shape: chr:SchemaPropertyVocabularyShape
	Focus Node: ex:measurement_Glucose_Blood_2339-0
	Value Node: Literal("173.18", datatype=xsd:float)
	Result Path: <https://w3id.org/shexmap/resource/ontology-schema/d285f599-dc2e-4bd0-83f1-df21defa8821/hasQuantityValue>
	Message: Only the 24 properties declared in the CHR schema (plus rdf:type and rdfs:label) may be used on an individual.
Constraint Violation in ClosedConstraintComponent (http://www.w3.org/ns/shacl#ClosedConstraintComponent):
	Severity: sh:Violation
	Source Shape: chr:SchemaPropertyVocabularyShape
	Focus Node: ex:measurement_Glucose_Blood_2339-0
	Value Node: Literal("2026-01-21T15:47:23+01:00" = 2026-01-21 15:47:23+01:00, datatype=xsd:dateTime)
	Result Path: <https://w3id.org/shexmap/resource/ontology-schema/d285f599-dc2e-4bd0-83f1-df21defa8821/hasMeasuredDate>
	Message: Only the 24 properties declared in the CHR schema (plus rdf:type and rdfs:label) may be used on an individual.
Constraint Violation in ClosedConstraintComponent (http://www.w3.org/ns/shacl#ClosedConstraintComponent):
	Severity: sh:Violation
	Source Shape: chr:SchemaPropertyVocabularyShape
	Focus Node: ex:measurement_Glucose_Blood_2339-0
	Value Node: ex:unit_mgperdL
	Result Path: <https://w3id.org/shexmap/resource/ontology-schema/d285f599-dc2e-4bd0-83f1-df21defa8821/hasUnit>
	Message: Only the 24 properties declared in the CHR schema (plus rdf:type and rdfs:label) may be used on an individual.
Constraint Violation in ClosedConstraintComponent (http://www.w3.org/ns/shacl#ClosedConstraintComponent):
	Severity: sh:Violation
	Source Shape: chr:SchemaPropertyVocabularyShape
	Focus Node: ex:measurement_HbA1c_4548-4
	Value Node: <https://loinc.org/4548-4>
	Result Path: <https://w3id.org/shexmap/resource/ontology-schema/d285f599-dc2e-4bd0-83f1-df21defa8821/hasCode>
	Message: Only the 24 properties declared in the CHR schema (plus rdf:type and rdfs:label) may be used on an individual.
Constraint Violation in ClosedConstraintComponent (http://www.w3.org/ns/shacl#ClosedConstraintComponent):
	Severity: sh:Violation
	Source Shape: chr:SchemaPropertyVocabularyShape
	Focus Node: ex:measurement_HbA1c_4548-4
	Value Node: Literal("2026-01-21T15:47:23+01:00" = 2026-01-21 15:47:23+01:00, datatype=xsd:dateTime)
	Result Path: <https://w3id.org/shexmap/resource/ontology-schema/d285f599-dc2e-4bd0-83f1-df21defa8821/hasMeasuredDate>
	Message: Only the 24 properties declared in the CHR schema (plus rdf:type and rdfs:label) may be used on an individual.
Constraint Violation in ClosedConstraintComponent (http://www.w3.org/ns/shacl#ClosedConstraintComponent):
	Severity: sh:Violation
	Source Shape: chr:SchemaPropertyVocabularyShape
	Focus Node: ex:measurement_HbA1c_4548-4
	Value Node: Literal("5.36", datatype=xsd:float)
	Result Path: <https://w3id.org/shexmap/resource/ontology-schema/d285f599-dc2e-4bd0-83f1-df21defa8821/hasQuantityValue>
	Message: Only the 24 properties declared in the CHR schema (plus rdf:type and rdfs:label) may be used on an individual.
Constraint Violation in ClosedConstraintComponent (http://www.w3.org/ns/shacl#ClosedConstraintComponent):
	Severity: sh:Violation
	Source Shape: chr:SchemaPropertyVocabularyShape
	Focus Node: ex:measurement_HbA1c_4548-4
	Value Node: ex:unit_percent
	Result Path: <https://w3id.org/shexmap/resource/ontology-schema/d285f599-dc2e-4bd0-83f1-df21defa8821/hasUnit>
	Message: Only the 24 properties declared in the CHR schema (plus rdf:type and rdfs:label) may be used on an individual.
Constraint Violation in ClosedConstraintComponent (http://www.w3.org/ns/shacl#ClosedConstraintComponent):
	Severity: sh:Violation
	Source Shape: chr:SchemaPropertyVocabularyShape
	Focus Node: ex:measurement_Heart_rate_8867-4
	Value Node: <https://loinc.org/8867-4>
	Result Path: <https://w3id.org/shexmap/resource/ontology-schema/d285f599-dc2e-4bd0-83f1-df21defa8821/hasCode>
	Message: Only the 24 properties declared in the CHR schema (plus rdf:type and rdfs:label) may be used on an individual.
Constraint Violation in ClosedConstraintComponent (http://www.w3.org/ns/shacl#ClosedConstraintComponent):
	Severity: sh:Violation
	Source Shape: chr:SchemaPropertyVocabularyShape
	Focus Node: ex:measurement_Heart_rate_8867-4
	Value Node: Literal("2026-01-21T15:47:23+01:00" = 2026-01-21 15:47:23+01:00, datatype=xsd:dateTime)
	Result Path: <https://w3id.org/shexmap/resource/ontology-schema/d285f599-dc2e-4bd0-83f1-df21defa8821/hasMeasuredDate>
	Message: Only the 24 properties declared in the CHR schema (plus rdf:type and rdfs:label) may be used on an individual.
Constraint Violation in ClosedConstraintComponent (http://www.w3.org/ns/shacl#ClosedConstraintComponent):
	Severity: sh:Violation
	Source Shape: chr:SchemaPropertyVocabularyShape
	Focus Node: ex:measurement_Heart_rate_8867-4
	Value Node: Literal("71.0", datatype=xsd:float)
	Result Path: <https://w3id.org/shexmap/resource/ontology-schema/d285f599-dc2e-4bd0-83f1-df21defa8821/hasQuantityValue>
	Message: Only the 24 properties declared in the CHR schema (plus rdf:type and rdfs:label) may be used on an individual.
Constraint Violation in ClosedConstraintComponent (http://www.w3.org/ns/shacl#ClosedConstraintComponent):
	Severity: sh:Violation
	Source Shape: chr:SchemaPropertyVocabularyShape
	Focus Node: ex:measurement_Heart_rate_8867-4
	Value Node: ex:unit_permin
	Result Path: <https://w3id.org/shexmap/resource/ontology-schema/d285f599-dc2e-4bd0-83f1-df21defa8821/hasUnit>
	Message: Only the 24 properties declared in the CHR schema (plus rdf:type and rdfs:label) may be used on an individual.
Constraint Violation in ClosedConstraintComponent (http://www.w3.org/ns/shacl#ClosedConstraintComponent):
	Severity: sh:Violation
	Source Shape: chr:SchemaPropertyVocabularyShape
	Focus Node: ex:measurement_Ketones_5797-6
	Value Node: <https://loinc.org/5797-6>
	Result Path: <https://w3id.org/shexmap/resource/ontology-schema/d285f599-dc2e-4bd0-83f1-df21defa8821/hasCode>
	Message: Only the 24 properties declared in the CHR schema (plus rdf:type and rdfs:label) may be used on an individual.
Constraint Violation in ClosedConstraintComponent (http://www.w3.org/ns/shacl#ClosedConstraintComponent):
	Severity: sh:Violation
	Source Shape: chr:SchemaPropertyVocabularyShape
	Focus Node: ex:measurement_Ketones_5797-6
	Value Node: Literal("0.38818", datatype=xsd:float)
	Result Path: <https://w3id.org/shexmap/resource/ontology-schema/d285f599-dc2e-4bd0-83f1-df21defa8821/hasQuantityValue>
	Message: Only the 24 properties declared in the CHR schema (plus rdf:type and rdfs:label) may be used on an individual.
Constraint Violation in ClosedConstraintComponent (http://www.w3.org/ns/shacl#ClosedConstraintComponent):
	Severity: sh:Violation
	Source Shape: chr:SchemaPropertyVocabularyShape
	Focus Node: ex:measurement_Ketones_5797-6
	Value Node: Literal("2026-01-21T15:47:23+01:00" = 2026-01-21 15:47:23+01:00, datatype=xsd:dateTime)
	Result Path: <https://w3id.org/shexmap/resource/ontology-schema/d285f599-dc2e-4bd0-83f1-df21defa8821/hasMeasuredDate>
	Message: Only the 24 properties declared in the CHR schema (plus rdf:type and rdfs:label) may be used on an individual.
Constraint Violation in ClosedConstraintComponent (http://www.w3.org/ns/shacl#ClosedConstraintComponent):
	Severity: sh:Violation
	Source Shape: chr:SchemaPropertyVocabularyShape
	Focus Node: ex:measurement_Ketones_5797-6
	Value Node: ex:unit_mgperdL
	Result Path: <https://w3id.org/shexmap/resource/ontology-schema/d285f599-dc2e-4bd0-83f1-df21defa8821/hasUnit>
	Message: Only the 24 properties declared in the CHR schema (plus rdf:type and rdfs:label) may be used on an individual.
Constraint Violation in ClosedConstraintComponent (http://www.w3.org/ns/shacl#ClosedConstraintComponent):
	Severity: sh:Violation
	Source Shape: chr:SchemaPropertyVocabularyShape
	Focus Node: ex:measurement_PHQ2_55758-7
	Value Node: <https://loinc.org/55758-7>
	Result Path: <https://w3id.org/shexmap/resource/ontology-schema/d285f599-dc2e-4bd0-83f1-df21defa8821/hasCode>
	Message: Only the 24 properties declared in the CHR schema (plus rdf:type and rdfs:label) may be used on an individual.
Constraint Violation in ClosedConstraintComponent (http://www.w3.org/ns/shacl#ClosedConstraintComponent):
	Severity: sh:Violation
	Source Shape: chr:SchemaPropertyVocabularyShape
	Focus Node: ex:measurement_PHQ2_55758-7
	Value Node: Literal("0.0", datatype=xsd:float)
	Result Path: <https://w3id.org/shexmap/resource/ontology-schema/d285f599-dc2e-4bd0-83f1-df21defa8821/hasQuantityValue>
	Message: Only the 24 properties declared in the CHR schema (plus rdf:type and rdfs:label) may be used on an individual.
Constraint Violation in ClosedConstraintComponent (http://www.w3.org/ns/shacl#ClosedConstraintComponent):
	Severity: sh:Violation
	Source Shape: chr:SchemaPropertyVocabularyShape
	Focus Node: ex:measurement_PHQ2_55758-7
	Value Node: Literal("2026-01-21T17:36:32+01:00" = 2026-01-21 17:36:32+01:00, datatype=xsd:dateTime)
	Result Path: <https://w3id.org/shexmap/resource/ontology-schema/d285f599-dc2e-4bd0-83f1-df21defa8821/hasMeasuredDate>
	Message: Only the 24 properties declared in the CHR schema (plus rdf:type and rdfs:label) may be used on an individual.
Constraint Violation in ClosedConstraintComponent (http://www.w3.org/ns/shacl#ClosedConstraintComponent):
	Severity: sh:Violation
	Source Shape: chr:SchemaPropertyVocabularyShape
	Focus Node: ex:measurement_PHQ2_55758-7
	Value Node: ex:unit_score
	Result Path: <https://w3id.org/shexmap/resource/ontology-schema/d285f599-dc2e-4bd0-83f1-df21defa8821/hasUnit>
	Message: Only the 24 properties declared in the CHR schema (plus rdf:type and rdfs:label) may be used on an individual.
Constraint Violation in ClosedConstraintComponent (http://www.w3.org/ns/shacl#ClosedConstraintComponent):
	Severity: sh:Violation
	Source Shape: chr:SchemaPropertyVocabularyShape
	Focus Node: ex:measurement_Pain_72514-3
	Value Node: <https://loinc.org/72514-3>
	Result Path: <https://w3id.org/shexmap/resource/ontology-schema/d285f599-dc2e-4bd0-83f1-df21defa8821/hasCode>
	Message: Only the 24 properties declared in the CHR schema (plus rdf:type and rdfs:label) may be used on an individual.
Constraint Violation in ClosedConstraintComponent (http://www.w3.org/ns/shacl#ClosedConstraintComponent):
	Severity: sh:Violation
	Source Shape: chr:SchemaPropertyVocabularyShape
	Focus Node: ex:measurement_Pain_72514-3
	Value Node: Literal("1.0", datatype=xsd:float)
	Result Path: <https://w3id.org/shexmap/resource/ontology-schema/d285f599-dc2e-4bd0-83f1-df21defa8821/hasQuantityValue>
	Message: Only the 24 properties declared in the CHR schema (plus rdf:type and rdfs:label) may be used on an individual.
Constraint Violation in ClosedConstraintComponent (http://www.w3.org/ns/shacl#ClosedConstraintComponent):
	Severity: sh:Violation
	Source Shape: chr:SchemaPropertyVocabularyShape
	Focus Node: ex:measurement_Pain_72514-3
	Value Node: Literal("2026-01-21T15:47:23+01:00" = 2026-01-21 15:47:23+01:00, datatype=xsd:dateTime)
	Result Path: <https://w3id.org/shexmap/resource/ontology-schema/d285f599-dc2e-4bd0-83f1-df21defa8821/hasMeasuredDate>
	Message: Only the 24 properties declared in the CHR schema (plus rdf:type and rdfs:label) may be used on an individual.
Constraint Violation in ClosedConstraintComponent (http://www.w3.org/ns/shacl#ClosedConstraintComponent):
	Severity: sh:Violation
	Source Shape: chr:SchemaPropertyVocabularyShape
	Focus Node: ex:measurement_Pain_72514-3
	Value Node: ex:unit_score
	Result Path: <https://w3id.org/shexmap/resource/ontology-schema/d285f599-dc2e-4bd0-83f1-df21defa8821/hasUnit>
	Message: Only the 24 properties declared in the CHR schema (plus rdf:type and rdfs:label) may be used on an individual.
Constraint Violation in ClosedConstraintComponent (http://www.w3.org/ns/shacl#ClosedConstraintComponent):
	Severity: sh:Violation
	Source Shape: chr:SchemaPropertyVocabularyShape
	Focus Node: ex:measurement_Potassium_2823-3
	Value Node: <https://loinc.org/2823-3>
	Result Path: <https://w3id.org/shexmap/resource/ontology-schema/d285f599-dc2e-4bd0-83f1-df21defa8821/hasCode>
	Message: Only the 24 properties declared in the CHR schema (plus rdf:type and rdfs:label) may be used on an individual.
Constraint Violation in ClosedConstraintComponent (http://www.w3.org/ns/shacl#ClosedConstraintComponent):
	Severity: sh:Violation
	Source Shape: chr:SchemaPropertyVocabularyShape
	Focus Node: ex:measurement_Potassium_2823-3
	Value Node: Literal("2026-01-21T15:47:23+01:00" = 2026-01-21 15:47:23+01:00, datatype=xsd:dateTime)
	Result Path: <https://w3id.org/shexmap/resource/ontology-schema/d285f599-dc2e-4bd0-83f1-df21defa8821/hasMeasuredDate>
	Message: Only the 24 properties declared in the CHR schema (plus rdf:type and rdfs:label) may be used on an individual.
Constraint Violation in ClosedConstraintComponent (http://www.w3.org/ns/shacl#ClosedConstraintComponent):
	Severity: sh:Violation
	Source Shape: chr:SchemaPropertyVocabularyShape
	Focus Node: ex:measurement_Potassium_2823-3
	Value Node: Literal("3.75", datatype=xsd:float)
	Result Path: <https://w3id.org/shexmap/resource/ontology-schema/d285f599-dc2e-4bd0-83f1-df21defa8821/hasQuantityValue>
	Message: Only the 24 properties declared in the CHR schema (plus rdf:type and rdfs:label) may be used on an individual.
Constraint Violation in ClosedConstraintComponent (http://www.w3.org/ns/shacl#ClosedConstraintComponent):
	Severity: sh:Violation
	Source Shape: chr:SchemaPropertyVocabularyShape
	Focus Node: ex:measurement_Potassium_2823-3
	Value Node: ex:unit_mmolperL
	Result Path: <https://w3id.org/shexmap/resource/ontology-schema/d285f599-dc2e-4bd0-83f1-df21defa8821/hasUnit>
	Message: Only the 24 properties declared in the CHR schema (plus rdf:type and rdfs:label) may be used on an individual.
Constraint Violation in ClosedConstraintComponent (http://www.w3.org/ns/shacl#ClosedConstraintComponent):
	Severity: sh:Violation
	Source Shape: chr:SchemaPropertyVocabularyShape
	Focus Node: ex:measurement_Potassium_Blood_6298-4
	Value Node: <https://loinc.org/6298-4>
	Result Path: <https://w3id.org/shexmap/resource/ontology-schema/d285f599-dc2e-4bd0-83f1-df21defa8821/hasCode>
	Message: Only the 24 properties declared in the CHR schema (plus rdf:type and rdfs:label) may be used on an individual.
Constraint Violation in ClosedConstraintComponent (http://www.w3.org/ns/shacl#ClosedConstraintComponent):
	Severity: sh:Violation
	Source Shape: chr:SchemaPropertyVocabularyShape
	Focus Node: ex:measurement_Potassium_Blood_6298-4
	Value Node: Literal("2026-01-21T15:47:23+01:00" = 2026-01-21 15:47:23+01:00, datatype=xsd:dateTime)
	Result Path: <https://w3id.org/shexmap/resource/ontology-schema/d285f599-dc2e-4bd0-83f1-df21defa8821/hasMeasuredDate>
	Message: Only the 24 properties declared in the CHR schema (plus rdf:type and rdfs:label) may be used on an individual.
Constraint Violation in ClosedConstraintComponent (http://www.w3.org/ns/shacl#ClosedConstraintComponent):
	Severity: sh:Violation
	Source Shape: chr:SchemaPropertyVocabularyShape
	Focus Node: ex:measurement_Potassium_Blood_6298-4
	Value Node: Literal("3.75", datatype=xsd:float)
	Result Path: <https://w3id.org/shexmap/resource/ontology-schema/d285f599-dc2e-4bd0-83f1-df21defa8821/hasQuantityValue>
	Message: Only the 24 properties declared in the CHR schema (plus rdf:type and rdfs:label) may be used on an individual.
Constraint Violation in ClosedConstraintComponent (http://www.w3.org/ns/shacl#ClosedConstraintComponent):
	Severity: sh:Violation
	Source Shape: chr:SchemaPropertyVocabularyShape
	Focus Node: ex:measurement_Potassium_Blood_6298-4
	Value Node: ex:unit_mmolperL
	Result Path: <https://w3id.org/shexmap/resource/ontology-schema/d285f599-dc2e-4bd0-83f1-df21defa8821/hasUnit>
	Message: Only the 24 properties declared in the CHR schema (plus rdf:type and rdfs:label) may be used on an individual.
Constraint Violation in ClosedConstraintComponent (http://www.w3.org/ns/shacl#ClosedConstraintComponent):
	Severity: sh:Violation
	Source Shape: chr:SchemaPropertyVocabularyShape
	Focus Node: ex:measurement_Protein_5804-0
	Value Node: <https://loinc.org/5804-0>
	Result Path: <https://w3id.org/shexmap/resource/ontology-schema/d285f599-dc2e-4bd0-83f1-df21defa8821/hasCode>
	Message: Only the 24 properties declared in the CHR schema (plus rdf:type and rdfs:label) may be used on an individual.
Constraint Violation in ClosedConstraintComponent (http://www.w3.org/ns/shacl#ClosedConstraintComponent):
	Severity: sh:Violation
	Source Shape: chr:SchemaPropertyVocabularyShape
	Focus Node: ex:measurement_Protein_5804-0
	Value Node: Literal("2026-01-21T15:47:23+01:00" = 2026-01-21 15:47:23+01:00, datatype=xsd:dateTime)
	Result Path: <https://w3id.org/shexmap/resource/ontology-schema/d285f599-dc2e-4bd0-83f1-df21defa8821/hasMeasuredDate>
	Message: Only the 24 properties declared in the CHR schema (plus rdf:type and rdfs:label) may be used on an individual.
Constraint Violation in ClosedConstraintComponent (http://www.w3.org/ns/shacl#ClosedConstraintComponent):
	Severity: sh:Violation
	Source Shape: chr:SchemaPropertyVocabularyShape
	Focus Node: ex:measurement_Protein_5804-0
	Value Node: Literal("391.71", datatype=xsd:float)
	Result Path: <https://w3id.org/shexmap/resource/ontology-schema/d285f599-dc2e-4bd0-83f1-df21defa8821/hasQuantityValue>
	Message: Only the 24 properties declared in the CHR schema (plus rdf:type and rdfs:label) may be used on an individual.
Constraint Violation in ClosedConstraintComponent (http://www.w3.org/ns/shacl#ClosedConstraintComponent):
	Severity: sh:Violation
	Source Shape: chr:SchemaPropertyVocabularyShape
	Focus Node: ex:measurement_Protein_5804-0
	Value Node: ex:unit_mgperdL
	Result Path: <https://w3id.org/shexmap/resource/ontology-schema/d285f599-dc2e-4bd0-83f1-df21defa8821/hasUnit>
	Message: Only the 24 properties declared in the CHR schema (plus rdf:type and rdfs:label) may be used on an individual.
Constraint Violation in ClosedConstraintComponent (http://www.w3.org/ns/shacl#ClosedConstraintComponent):
	Severity: sh:Violation
	Source Shape: chr:SchemaPropertyVocabularyShape
	Focus Node: ex:measurement_Respiratory_rate_9279-1
	Value Node: <https://loinc.org/9279-1>
	Result Path: <https://w3id.org/shexmap/resource/ontology-schema/d285f599-dc2e-4bd0-83f1-df21defa8821/hasCode>
	Message: Only the 24 properties declared in the CHR schema (plus rdf:type and rdfs:label) may be used on an individual.
Constraint Violation in ClosedConstraintComponent (http://www.w3.org/ns/shacl#ClosedConstraintComponent):
	Severity: sh:Violation
	Source Shape: chr:SchemaPropertyVocabularyShape
	Focus Node: ex:measurement_Respiratory_rate_9279-1
	Value Node: Literal("14.0", datatype=xsd:float)
	Result Path: <https://w3id.org/shexmap/resource/ontology-schema/d285f599-dc2e-4bd0-83f1-df21defa8821/hasQuantityValue>
	Message: Only the 24 properties declared in the CHR schema (plus rdf:type and rdfs:label) may be used on an individual.
Constraint Violation in ClosedConstraintComponent (http://www.w3.org/ns/shacl#ClosedConstraintComponent):
	Severity: sh:Violation
	Source Shape: chr:SchemaPropertyVocabularyShape
	Focus Node: ex:measurement_Respiratory_rate_9279-1
	Value Node: Literal("2026-01-21T15:47:23+01:00" = 2026-01-21 15:47:23+01:00, datatype=xsd:dateTime)
	Result Path: <https://w3id.org/shexmap/resource/ontology-schema/d285f599-dc2e-4bd0-83f1-df21defa8821/hasMeasuredDate>
	Message: Only the 24 properties declared in the CHR schema (plus rdf:type and rdfs:label) may be used on an individual.
Constraint Violation in ClosedConstraintComponent (http://www.w3.org/ns/shacl#ClosedConstraintComponent):
	Severity: sh:Violation
	Source Shape: chr:SchemaPropertyVocabularyShape
	Focus Node: ex:measurement_Respiratory_rate_9279-1
	Value Node: ex:unit_permin
	Result Path: <https://w3id.org/shexmap/resource/ontology-schema/d285f599-dc2e-4bd0-83f1-df21defa8821/hasUnit>
	Message: Only the 24 properties declared in the CHR schema (plus rdf:type and rdfs:label) may be used on an individual.
Constraint Violation in ClosedConstraintComponent (http://www.w3.org/ns/shacl#ClosedConstraintComponent):
	Severity: sh:Violation
	Source Shape: chr:SchemaPropertyVocabularyShape
	Focus Node: ex:measurement_Sodium_2951-2
	Value Node: <https://loinc.org/2951-2>
	Result Path: <https://w3id.org/shexmap/resource/ontology-schema/d285f599-dc2e-4bd0-83f1-df21defa8821/hasCode>
	Message: Only the 24 properties declared in the CHR schema (plus rdf:type and rdfs:label) may be used on an individual.
Constraint Violation in ClosedConstraintComponent (http://www.w3.org/ns/shacl#ClosedConstraintComponent):
	Severity: sh:Violation
	Source Shape: chr:SchemaPropertyVocabularyShape
	Focus Node: ex:measurement_Sodium_2951-2
	Value Node: Literal("143.0", datatype=xsd:float)
	Result Path: <https://w3id.org/shexmap/resource/ontology-schema/d285f599-dc2e-4bd0-83f1-df21defa8821/hasQuantityValue>
	Message: Only the 24 properties declared in the CHR schema (plus rdf:type and rdfs:label) may be used on an individual.
Constraint Violation in ClosedConstraintComponent (http://www.w3.org/ns/shacl#ClosedConstraintComponent):
	Severity: sh:Violation
	Source Shape: chr:SchemaPropertyVocabularyShape
	Focus Node: ex:measurement_Sodium_2951-2
	Value Node: Literal("2026-01-21T15:47:23+01:00" = 2026-01-21 15:47:23+01:00, datatype=xsd:dateTime)
	Result Path: <https://w3id.org/shexmap/resource/ontology-schema/d285f599-dc2e-4bd0-83f1-df21defa8821/hasMeasuredDate>
	Message: Only the 24 properties declared in the CHR schema (plus rdf:type and rdfs:label) may be used on an individual.
Constraint Violation in ClosedConstraintComponent (http://www.w3.org/ns/shacl#ClosedConstraintComponent):
	Severity: sh:Violation
	Source Shape: chr:SchemaPropertyVocabularyShape
	Focus Node: ex:measurement_Sodium_2951-2
	Value Node: ex:unit_mmolperL
	Result Path: <https://w3id.org/shexmap/resource/ontology-schema/d285f599-dc2e-4bd0-83f1-df21defa8821/hasUnit>
	Message: Only the 24 properties declared in the CHR schema (plus rdf:type and rdfs:label) may be used on an individual.
Constraint Violation in ClosedConstraintComponent (http://www.w3.org/ns/shacl#ClosedConstraintComponent):
	Severity: sh:Violation
	Source Shape: chr:SchemaPropertyVocabularyShape
	Focus Node: ex:measurement_Sodium_Blood_2947-0
	Value Node: <https://loinc.org/2947-0>
	Result Path: <https://w3id.org/shexmap/resource/ontology-schema/d285f599-dc2e-4bd0-83f1-df21defa8821/hasCode>
	Message: Only the 24 properties declared in the CHR schema (plus rdf:type and rdfs:label) may be used on an individual.
Constraint Violation in ClosedConstraintComponent (http://www.w3.org/ns/shacl#ClosedConstraintComponent):
	Severity: sh:Violation
	Source Shape: chr:SchemaPropertyVocabularyShape
	Focus Node: ex:measurement_Sodium_Blood_2947-0
	Value Node: Literal("143.0", datatype=xsd:float)
	Result Path: <https://w3id.org/shexmap/resource/ontology-schema/d285f599-dc2e-4bd0-83f1-df21defa8821/hasQuantityValue>
	Message: Only the 24 properties declared in the CHR schema (plus rdf:type and rdfs:label) may be used on an individual.
Constraint Violation in ClosedConstraintComponent (http://www.w3.org/ns/shacl#ClosedConstraintComponent):
	Severity: sh:Violation
	Source Shape: chr:SchemaPropertyVocabularyShape
	Focus Node: ex:measurement_Sodium_Blood_2947-0
	Value Node: Literal("2026-01-21T15:47:23+01:00" = 2026-01-21 15:47:23+01:00, datatype=xsd:dateTime)
	Result Path: <https://w3id.org/shexmap/resource/ontology-schema/d285f599-dc2e-4bd0-83f1-df21defa8821/hasMeasuredDate>
	Message: Only the 24 properties declared in the CHR schema (plus rdf:type and rdfs:label) may be used on an individual.
Constraint Violation in ClosedConstraintComponent (http://www.w3.org/ns/shacl#ClosedConstraintComponent):
	Severity: sh:Violation
	Source Shape: chr:SchemaPropertyVocabularyShape
	Focus Node: ex:measurement_Sodium_Blood_2947-0
	Value Node: ex:unit_mmolperL
	Result Path: <https://w3id.org/shexmap/resource/ontology-schema/d285f599-dc2e-4bd0-83f1-df21defa8821/hasUnit>
	Message: Only the 24 properties declared in the CHR schema (plus rdf:type and rdfs:label) may be used on an individual.
Constraint Violation in ClosedConstraintComponent (http://www.w3.org/ns/shacl#ClosedConstraintComponent):
	Severity: sh:Violation
	Source Shape: chr:SchemaPropertyVocabularyShape
	Focus Node: ex:measurement_Specific_gravity_5811-5
	Value Node: <https://loinc.org/5811-5>
	Result Path: <https://w3id.org/shexmap/resource/ontology-schema/d285f599-dc2e-4bd0-83f1-df21defa8821/hasCode>
	Message: Only the 24 properties declared in the CHR schema (plus rdf:type and rdfs:label) may be used on an individual.
Constraint Violation in ClosedConstraintComponent (http://www.w3.org/ns/shacl#ClosedConstraintComponent):
	Severity: sh:Violation
	Source Shape: chr:SchemaPropertyVocabularyShape
	Focus Node: ex:measurement_Specific_gravity_5811-5
	Value Node: Literal("1.0285", datatype=xsd:float)
	Result Path: <https://w3id.org/shexmap/resource/ontology-schema/d285f599-dc2e-4bd0-83f1-df21defa8821/hasQuantityValue>
	Message: Only the 24 properties declared in the CHR schema (plus rdf:type and rdfs:label) may be used on an individual.
Constraint Violation in ClosedConstraintComponent (http://www.w3.org/ns/shacl#ClosedConstraintComponent):
	Severity: sh:Violation
	Source Shape: chr:SchemaPropertyVocabularyShape
	Focus Node: ex:measurement_Specific_gravity_5811-5
	Value Node: Literal("2026-01-21T15:47:23+01:00" = 2026-01-21 15:47:23+01:00, datatype=xsd:dateTime)
	Result Path: <https://w3id.org/shexmap/resource/ontology-schema/d285f599-dc2e-4bd0-83f1-df21defa8821/hasMeasuredDate>
	Message: Only the 24 properties declared in the CHR schema (plus rdf:type and rdfs:label) may be used on an individual.
Constraint Violation in ClosedConstraintComponent (http://www.w3.org/ns/shacl#ClosedConstraintComponent):
	Severity: sh:Violation
	Source Shape: chr:SchemaPropertyVocabularyShape
	Focus Node: ex:measurement_Specific_gravity_5811-5
	Value Node: ex:unit_nominal
	Result Path: <https://w3id.org/shexmap/resource/ontology-schema/d285f599-dc2e-4bd0-83f1-df21defa8821/hasUnit>
	Message: Only the 24 properties declared in the CHR schema (plus rdf:type and rdfs:label) may be used on an individual.
Constraint Violation in ClosedConstraintComponent (http://www.w3.org/ns/shacl#ClosedConstraintComponent):
	Severity: sh:Violation
	Source Shape: chr:SchemaPropertyVocabularyShape
	Focus Node: ex:measurement_Urea_nitrogen_3094-0
	Value Node: <https://loinc.org/3094-0>
	Result Path: <https://w3id.org/shexmap/resource/ontology-schema/d285f599-dc2e-4bd0-83f1-df21defa8821/hasCode>
	Message: Only the 24 properties declared in the CHR schema (plus rdf:type and rdfs:label) may be used on an individual.
Constraint Violation in ClosedConstraintComponent (http://www.w3.org/ns/shacl#ClosedConstraintComponent):
	Severity: sh:Violation
	Source Shape: chr:SchemaPropertyVocabularyShape
	Focus Node: ex:measurement_Urea_nitrogen_3094-0
	Value Node: Literal("13.38", datatype=xsd:float)
	Result Path: <https://w3id.org/shexmap/resource/ontology-schema/d285f599-dc2e-4bd0-83f1-df21defa8821/hasQuantityValue>
	Message: Only the 24 properties declared in the CHR schema (plus rdf:type and rdfs:label) may be used on an individual.
Constraint Violation in ClosedConstraintComponent (http://www.w3.org/ns/shacl#ClosedConstraintComponent):
	Severity: sh:Violation
	Source Shape: chr:SchemaPropertyVocabularyShape
	Focus Node: ex:measurement_Urea_nitrogen_3094-0
	Value Node: Literal("2026-01-21T15:47:23+01:00" = 2026-01-21 15:47:23+01:00, datatype=xsd:dateTime)
	Result Path: <https://w3id.org/shexmap/resource/ontology-schema/d285f599-dc2e-4bd0-83f1-df21defa8821/hasMeasuredDate>
	Message: Only the 24 properties declared in the CHR schema (plus rdf:type and rdfs:label) may be used on an individual.
Constraint Violation in ClosedConstraintComponent (http://www.w3.org/ns/shacl#ClosedConstraintComponent):
	Severity: sh:Violation
	Source Shape: chr:SchemaPropertyVocabularyShape
	Focus Node: ex:measurement_Urea_nitrogen_3094-0
	Value Node: ex:unit_mgperdL
	Result Path: <https://w3id.org/shexmap/resource/ontology-schema/d285f599-dc2e-4bd0-83f1-df21defa8821/hasUnit>
	Message: Only the 24 properties declared in the CHR schema (plus rdf:type and rdfs:label) may be used on an individual.
Constraint Violation in ClosedConstraintComponent (http://www.w3.org/ns/shacl#ClosedConstraintComponent):
	Severity: sh:Violation
	Source Shape: chr:SchemaPropertyVocabularyShape
	Focus Node: ex:measurement_Urea_nitrogen_Blood_6299-2
	Value Node: <https://loinc.org/6299-2>
	Result Path: <https://w3id.org/shexmap/resource/ontology-schema/d285f599-dc2e-4bd0-83f1-df21defa8821/hasCode>
	Message: Only the 24 properties declared in the CHR schema (plus rdf:type and rdfs:label) may be used on an individual.
Constraint Violation in ClosedConstraintComponent (http://www.w3.org/ns/shacl#ClosedConstraintComponent):
	Severity: sh:Violation
	Source Shape: chr:SchemaPropertyVocabularyShape
	Focus Node: ex:measurement_Urea_nitrogen_Blood_6299-2
	Value Node: Literal("13.38", datatype=xsd:float)
	Result Path: <https://w3id.org/shexmap/resource/ontology-schema/d285f599-dc2e-4bd0-83f1-df21defa8821/hasQuantityValue>
	Message: Only the 24 properties declared in the CHR schema (plus rdf:type and rdfs:label) may be used on an individual.
Constraint Violation in ClosedConstraintComponent (http://www.w3.org/ns/shacl#ClosedConstraintComponent):
	Severity: sh:Violation
	Source Shape: chr:SchemaPropertyVocabularyShape
	Focus Node: ex:measurement_Urea_nitrogen_Blood_6299-2
	Value Node: Literal("2026-01-21T15:47:23+01:00" = 2026-01-21 15:47:23+01:00, datatype=xsd:dateTime)
	Result Path: <https://w3id.org/shexmap/resource/ontology-schema/d285f599-dc2e-4bd0-83f1-df21defa8821/hasMeasuredDate>
	Message: Only the 24 properties declared in the CHR schema (plus rdf:type and rdfs:label) may be used on an individual.
Constraint Violation in ClosedConstraintComponent (http://www.w3.org/ns/shacl#ClosedConstraintComponent):
	Severity: sh:Violation
	Source Shape: chr:SchemaPropertyVocabularyShape
	Focus Node: ex:measurement_Urea_nitrogen_Blood_6299-2
	Value Node: ex:unit_mgperdL
	Result Path: <https://w3id.org/shexmap/resource/ontology-schema/d285f599-dc2e-4bd0-83f1-df21defa8821/hasUnit>
	Message: Only the 24 properties declared in the CHR schema (plus rdf:type and rdfs:label) may be used on an individual.
Constraint Violation in ClosedConstraintComponent (http://www.w3.org/ns/shacl#ClosedConstraintComponent):
	Severity: sh:Violation
	Source Shape: chr:SchemaPropertyVocabularyShape
	Focus Node: ex:measurement_pH_5803-2
	Value Node: <https://loinc.org/5803-2>
	Result Path: <https://w3id.org/shexmap/resource/ontology-schema/d285f599-dc2e-4bd0-83f1-df21defa8821/hasCode>
	Message: Only the 24 properties declared in the CHR schema (plus rdf:type and rdfs:label) may be used on an individual.
Constraint Violation in ClosedConstraintComponent (http://www.w3.org/ns/shacl#ClosedConstraintComponent):
	Severity: sh:Violation
	Source Shape: chr:SchemaPropertyVocabularyShape
	Focus Node: ex:measurement_pH_5803-2
	Value Node: Literal("2026-01-21T15:47:23+01:00" = 2026-01-21 15:47:23+01:00, datatype=xsd:dateTime)
	Result Path: <https://w3id.org/shexmap/resource/ontology-schema/d285f599-dc2e-4bd0-83f1-df21defa8821/hasMeasuredDate>
	Message: Only the 24 properties declared in the CHR schema (plus rdf:type and rdfs:label) may be used on an individual.
Constraint Violation in ClosedConstraintComponent (http://www.w3.org/ns/shacl#ClosedConstraintComponent):
	Severity: sh:Violation
	Source Shape: chr:SchemaPropertyVocabularyShape
	Focus Node: ex:measurement_pH_5803-2
	Value Node: Literal("6.8855", datatype=xsd:float)
	Result Path: <https://w3id.org/shexmap/resource/ontology-schema/d285f599-dc2e-4bd0-83f1-df21defa8821/hasQuantityValue>
	Message: Only the 24 properties declared in the CHR schema (plus rdf:type and rdfs:label) may be used on an individual.
Constraint Violation in ClosedConstraintComponent (http://www.w3.org/ns/shacl#ClosedConstraintComponent):
	Severity: sh:Violation
	Source Shape: chr:SchemaPropertyVocabularyShape
	Focus Node: ex:measurement_pH_5803-2
	Value Node: ex:unit_pH
	Result Path: <https://w3id.org/shexmap/resource/ontology-schema/d285f599-dc2e-4bd0-83f1-df21defa8821/hasUnit>
	Message: Only the 24 properties declared in the CHR schema (plus rdf:type and rdfs:label) may be used on an individual.
Constraint Violation in ClosedConstraintComponent (http://www.w3.org/ns/shacl#ClosedConstraintComponent):
	Severity: sh:Violation
	Source Shape: chr:SchemaPropertyVocabularyShape
	Focus Node: ex:process_bilirubin_urine_20260121T154723
	Value Node: Literal("2026-01-21T15:47:23+01:00" = 2026-01-21 15:47:23+01:00, datatype=xsd:dateTime)
	Result Path: <https://w3id.org/shexmap/resource/ontology-schema/d285f599-dc2e-4bd0-83f1-df21defa8821/hasPerformedDate>
	Message: Only the 24 properties declared in the CHR schema (plus rdf:type and rdfs:label) may be used on an individual.
Constraint Violation in ClosedConstraintComponent (http://www.w3.org/ns/shacl#ClosedConstraintComponent):
	Severity: sh:Violation
	Source Shape: chr:SchemaPropertyVocabularyShape
	Focus Node: ex:process_bilirubin_urine_20260121T154723
	Value Node: ex:Arlen68_Olson653
	Result Path: <https://w3id.org/shexmap/resource/ontology-schema/d285f599-dc2e-4bd0-83f1-df21defa8821/hasPatient>
	Message: Only the 24 properties declared in the CHR schema (plus rdf:type and rdfs:label) may be used on an individual.
Constraint Violation in ClosedConstraintComponent (http://www.w3.org/ns/shacl#ClosedConstraintComponent):
	Severity: sh:Violation
	Source Shape: chr:SchemaPropertyVocabularyShape
	Focus Node: ex:process_bilirubin_urine_20260121T154723
	Value Node: ex:Dr_Domenic627_Blick895
	Result Path: <https://w3id.org/shexmap/resource/ontology-schema/d285f599-dc2e-4bd0-83f1-df21defa8821/hasPerformer>
	Message: Only the 24 properties declared in the CHR schema (plus rdf:type and rdfs:label) may be used on an individual.
Constraint Violation in ClosedConstraintComponent (http://www.w3.org/ns/shacl#ClosedConstraintComponent):
	Severity: sh:Violation
	Source Shape: chr:SchemaPropertyVocabularyShape
	Focus Node: ex:process_bilirubin_urine_20260121T154723
	Value Node: ex:measurement_Bilirubin_total_20505-4
	Result Path: <https://w3id.org/shexmap/resource/ontology-schema/d285f599-dc2e-4bd0-83f1-df21defa8821/hasResult>
	Message: Only the 24 properties declared in the CHR schema (plus rdf:type and rdfs:label) may be used on an individual.
Constraint Violation in ClosedConstraintComponent (http://www.w3.org/ns/shacl#ClosedConstraintComponent):
	Severity: sh:Violation
	Source Shape: chr:SchemaPropertyVocabularyShape
	Focus Node: ex:process_bilirubin_urine_20260121T154723
	Value Node: ex:status_completed
	Result Path: <https://w3id.org/shexmap/resource/ontology-schema/d285f599-dc2e-4bd0-83f1-df21defa8821/hasStatus>
	Message: Only the 24 properties declared in the CHR schema (plus rdf:type and rdfs:label) may be used on an individual.
Constraint Violation in ClosedConstraintComponent (http://www.w3.org/ns/shacl#ClosedConstraintComponent):
	Severity: sh:Violation
	Source Shape: chr:SchemaPropertyVocabularyShape
	Focus Node: ex:process_bmi_20260121T154723
	Value Node: Literal("2026-01-21T15:47:23+01:00" = 2026-01-21 15:47:23+01:00, datatype=xsd:dateTime)
	Result Path: <https://w3id.org/shexmap/resource/ontology-schema/d285f599-dc2e-4bd0-83f1-df21defa8821/hasPerformedDate>
	Message: Only the 24 properties declared in the CHR schema (plus rdf:type and rdfs:label) may be used on an individual.
Constraint Violation in ClosedConstraintComponent (http://www.w3.org/ns/shacl#ClosedConstraintComponent):
	Severity: sh:Violation
	Source Shape: chr:SchemaPropertyVocabularyShape
	Focus Node: ex:process_bmi_20260121T154723
	Value Node: ex:Arlen68_Olson653
	Result Path: <https://w3id.org/shexmap/resource/ontology-schema/d285f599-dc2e-4bd0-83f1-df21defa8821/hasPatient>
	Message: Only the 24 properties declared in the CHR schema (plus rdf:type and rdfs:label) may be used on an individual.
Constraint Violation in ClosedConstraintComponent (http://www.w3.org/ns/shacl#ClosedConstraintComponent):
	Severity: sh:Violation
	Source Shape: chr:SchemaPropertyVocabularyShape
	Focus Node: ex:process_bmi_20260121T154723
	Value Node: ex:Dr_Domenic627_Blick895
	Result Path: <https://w3id.org/shexmap/resource/ontology-schema/d285f599-dc2e-4bd0-83f1-df21defa8821/hasPerformer>
	Message: Only the 24 properties declared in the CHR schema (plus rdf:type and rdfs:label) may be used on an individual.
Constraint Violation in ClosedConstraintComponent (http://www.w3.org/ns/shacl#ClosedConstraintComponent):
	Severity: sh:Violation
	Source Shape: chr:SchemaPropertyVocabularyShape
	Focus Node: ex:process_bmi_20260121T154723
	Value Node: ex:measurement_BMI_39156-5
	Result Path: <https://w3id.org/shexmap/resource/ontology-schema/d285f599-dc2e-4bd0-83f1-df21defa8821/hasResult>
	Message: Only the 24 properties declared in the CHR schema (plus rdf:type and rdfs:label) may be used on an individual.
Constraint Violation in ClosedConstraintComponent (http://www.w3.org/ns/shacl#ClosedConstraintComponent):
	Severity: sh:Violation
	Source Shape: chr:SchemaPropertyVocabularyShape
	Focus Node: ex:process_bmi_20260121T154723
	Value Node: ex:status_completed
	Result Path: <https://w3id.org/shexmap/resource/ontology-schema/d285f599-dc2e-4bd0-83f1-df21defa8821/hasStatus>
	Message: Only the 24 properties declared in the CHR schema (plus rdf:type and rdfs:label) may be used on an individual.
Constraint Violation in ClosedConstraintComponent (http://www.w3.org/ns/shacl#ClosedConstraintComponent):
	Severity: sh:Violation
	Source Shape: chr:SchemaPropertyVocabularyShape
	Focus Node: ex:process_calcium_blood_20260121T154723
	Value Node: Literal("2026-01-21T15:47:23+01:00" = 2026-01-21 15:47:23+01:00, datatype=xsd:dateTime)
	Result Path: <https://w3id.org/shexmap/resource/ontology-schema/d285f599-dc2e-4bd0-83f1-df21defa8821/hasPerformedDate>
	Message: Only the 24 properties declared in the CHR schema (plus rdf:type and rdfs:label) may be used on an individual.
Constraint Violation in ClosedConstraintComponent (http://www.w3.org/ns/shacl#ClosedConstraintComponent):
	Severity: sh:Violation
	Source Shape: chr:SchemaPropertyVocabularyShape
	Focus Node: ex:process_calcium_blood_20260121T154723
	Value Node: ex:Arlen68_Olson653
	Result Path: <https://w3id.org/shexmap/resource/ontology-schema/d285f599-dc2e-4bd0-83f1-df21defa8821/hasPatient>
	Message: Only the 24 properties declared in the CHR schema (plus rdf:type and rdfs:label) may be used on an individual.
Constraint Violation in ClosedConstraintComponent (http://www.w3.org/ns/shacl#ClosedConstraintComponent):
	Severity: sh:Violation
	Source Shape: chr:SchemaPropertyVocabularyShape
	Focus Node: ex:process_calcium_blood_20260121T154723
	Value Node: ex:Dr_Domenic627_Blick895
	Result Path: <https://w3id.org/shexmap/resource/ontology-schema/d285f599-dc2e-4bd0-83f1-df21defa8821/hasPerformer>
	Message: Only the 24 properties declared in the CHR schema (plus rdf:type and rdfs:label) may be used on an individual.
Constraint Violation in ClosedConstraintComponent (http://www.w3.org/ns/shacl#ClosedConstraintComponent):
	Severity: sh:Violation
	Source Shape: chr:SchemaPropertyVocabularyShape
	Focus Node: ex:process_calcium_blood_20260121T154723
	Value Node: ex:measurement_Calcium_Blood_49765-1
	Result Path: <https://w3id.org/shexmap/resource/ontology-schema/d285f599-dc2e-4bd0-83f1-df21defa8821/hasResult>
	Message: Only the 24 properties declared in the CHR schema (plus rdf:type and rdfs:label) may be used on an individual.
Constraint Violation in ClosedConstraintComponent (http://www.w3.org/ns/shacl#ClosedConstraintComponent):
	Severity: sh:Violation
	Source Shape: chr:SchemaPropertyVocabularyShape
	Focus Node: ex:process_calcium_blood_20260121T154723
	Value Node: ex:status_completed
	Result Path: <https://w3id.org/shexmap/resource/ontology-schema/d285f599-dc2e-4bd0-83f1-df21defa8821/hasStatus>
	Message: Only the 24 properties declared in the CHR schema (plus rdf:type and rdfs:label) may be used on an individual.
Constraint Violation in ClosedConstraintComponent (http://www.w3.org/ns/shacl#ClosedConstraintComponent):
	Severity: sh:Violation
	Source Shape: chr:SchemaPropertyVocabularyShape
	Focus Node: ex:process_calcium_serum_20260121T154723
	Value Node: Literal("2026-01-21T15:47:23+01:00" = 2026-01-21 15:47:23+01:00, datatype=xsd:dateTime)
	Result Path: <https://w3id.org/shexmap/resource/ontology-schema/d285f599-dc2e-4bd0-83f1-df21defa8821/hasPerformedDate>
	Message: Only the 24 properties declared in the CHR schema (plus rdf:type and rdfs:label) may be used on an individual.
Constraint Violation in ClosedConstraintComponent (http://www.w3.org/ns/shacl#ClosedConstraintComponent):
	Severity: sh:Violation
	Source Shape: chr:SchemaPropertyVocabularyShape
	Focus Node: ex:process_calcium_serum_20260121T154723
	Value Node: ex:Arlen68_Olson653
	Result Path: <https://w3id.org/shexmap/resource/ontology-schema/d285f599-dc2e-4bd0-83f1-df21defa8821/hasPatient>
	Message: Only the 24 properties declared in the CHR schema (plus rdf:type and rdfs:label) may be used on an individual.
Constraint Violation in ClosedConstraintComponent (http://www.w3.org/ns/shacl#ClosedConstraintComponent):
	Severity: sh:Violation
	Source Shape: chr:SchemaPropertyVocabularyShape
	Focus Node: ex:process_calcium_serum_20260121T154723
	Value Node: ex:Dr_Domenic627_Blick895
	Result Path: <https://w3id.org/shexmap/resource/ontology-schema/d285f599-dc2e-4bd0-83f1-df21defa8821/hasPerformer>
	Message: Only the 24 properties declared in the CHR schema (plus rdf:type and rdfs:label) may be used on an individual.
Constraint Violation in ClosedConstraintComponent (http://www.w3.org/ns/shacl#ClosedConstraintComponent):
	Severity: sh:Violation
	Source Shape: chr:SchemaPropertyVocabularyShape
	Focus Node: ex:process_calcium_serum_20260121T154723
	Value Node: ex:measurement_Calcium_17861-6
	Result Path: <https://w3id.org/shexmap/resource/ontology-schema/d285f599-dc2e-4bd0-83f1-df21defa8821/hasResult>
	Message: Only the 24 properties declared in the CHR schema (plus rdf:type and rdfs:label) may be used on an individual.
Constraint Violation in ClosedConstraintComponent (http://www.w3.org/ns/shacl#ClosedConstraintComponent):
	Severity: sh:Violation
	Source Shape: chr:SchemaPropertyVocabularyShape
	Focus Node: ex:process_calcium_serum_20260121T154723
	Value Node: ex:status_completed
	Result Path: <https://w3id.org/shexmap/resource/ontology-schema/d285f599-dc2e-4bd0-83f1-df21defa8821/hasStatus>
	Message: Only the 24 properties declared in the CHR schema (plus rdf:type and rdfs:label) may be used on an individual.
Constraint Violation in ClosedConstraintComponent (http://www.w3.org/ns/shacl#ClosedConstraintComponent):
	Severity: sh:Violation
	Source Shape: chr:SchemaPropertyVocabularyShape
	Focus Node: ex:process_chloride_blood_20260121T154723
	Value Node: Literal("2026-01-21T15:47:23+01:00" = 2026-01-21 15:47:23+01:00, datatype=xsd:dateTime)
	Result Path: <https://w3id.org/shexmap/resource/ontology-schema/d285f599-dc2e-4bd0-83f1-df21defa8821/hasPerformedDate>
	Message: Only the 24 properties declared in the CHR schema (plus rdf:type and rdfs:label) may be used on an individual.
Constraint Violation in ClosedConstraintComponent (http://www.w3.org/ns/shacl#ClosedConstraintComponent):
	Severity: sh:Violation
	Source Shape: chr:SchemaPropertyVocabularyShape
	Focus Node: ex:process_chloride_blood_20260121T154723
	Value Node: ex:Arlen68_Olson653
	Result Path: <https://w3id.org/shexmap/resource/ontology-schema/d285f599-dc2e-4bd0-83f1-df21defa8821/hasPatient>
	Message: Only the 24 properties declared in the CHR schema (plus rdf:type and rdfs:label) may be used on an individual.
Constraint Violation in ClosedConstraintComponent (http://www.w3.org/ns/shacl#ClosedConstraintComponent):
	Severity: sh:Violation
	Source Shape: chr:SchemaPropertyVocabularyShape
	Focus Node: ex:process_chloride_blood_20260121T154723
	Value Node: ex:Dr_Domenic627_Blick895
	Result Path: <https://w3id.org/shexmap/resource/ontology-schema/d285f599-dc2e-4bd0-83f1-df21defa8821/hasPerformer>
	Message: Only the 24 properties declared in the CHR schema (plus rdf:type and rdfs:label) may be used on an individual.
Constraint Violation in ClosedConstraintComponent (http://www.w3.org/ns/shacl#ClosedConstraintComponent):
	Severity: sh:Violation
	Source Shape: chr:SchemaPropertyVocabularyShape
	Focus Node: ex:process_chloride_blood_20260121T154723
	Value Node: ex:measurement_Chloride_Blood_2069-3
	Result Path: <https://w3id.org/shexmap/resource/ontology-schema/d285f599-dc2e-4bd0-83f1-df21defa8821/hasResult>
	Message: Only the 24 properties declared in the CHR schema (plus rdf:type and rdfs:label) may be used on an individual.
Constraint Violation in ClosedConstraintComponent (http://www.w3.org/ns/shacl#ClosedConstraintComponent):
	Severity: sh:Violation
	Source Shape: chr:SchemaPropertyVocabularyShape
	Focus Node: ex:process_chloride_blood_20260121T154723
	Value Node: ex:status_completed
	Result Path: <https://w3id.org/shexmap/resource/ontology-schema/d285f599-dc2e-4bd0-83f1-df21defa8821/hasStatus>
	Message: Only the 24 properties declared in the CHR schema (plus rdf:type and rdfs:label) may be used on an individual.
Constraint Violation in ClosedConstraintComponent (http://www.w3.org/ns/shacl#ClosedConstraintComponent):
	Severity: sh:Violation
	Source Shape: chr:SchemaPropertyVocabularyShape
	Focus Node: ex:process_chloride_serum_20260121T154723
	Value Node: Literal("2026-01-21T15:47:23+01:00" = 2026-01-21 15:47:23+01:00, datatype=xsd:dateTime)
	Result Path: <https://w3id.org/shexmap/resource/ontology-schema/d285f599-dc2e-4bd0-83f1-df21defa8821/hasPerformedDate>
	Message: Only the 24 properties declared in the CHR schema (plus rdf:type and rdfs:label) may be used on an individual.
Constraint Violation in ClosedConstraintComponent (http://www.w3.org/ns/shacl#ClosedConstraintComponent):
	Severity: sh:Violation
	Source Shape: chr:SchemaPropertyVocabularyShape
	Focus Node: ex:process_chloride_serum_20260121T154723
	Value Node: ex:Arlen68_Olson653
	Result Path: <https://w3id.org/shexmap/resource/ontology-schema/d285f599-dc2e-4bd0-83f1-df21defa8821/hasPatient>
	Message: Only the 24 properties declared in the CHR schema (plus rdf:type and rdfs:label) may be used on an individual.
Constraint Violation in ClosedConstraintComponent (http://www.w3.org/ns/shacl#ClosedConstraintComponent):
	Severity: sh:Violation
	Source Shape: chr:SchemaPropertyVocabularyShape
	Focus Node: ex:process_chloride_serum_20260121T154723
	Value Node: ex:Dr_Domenic627_Blick895
	Result Path: <https://w3id.org/shexmap/resource/ontology-schema/d285f599-dc2e-4bd0-83f1-df21defa8821/hasPerformer>
	Message: Only the 24 properties declared in the CHR schema (plus rdf:type and rdfs:label) may be used on an individual.
Constraint Violation in ClosedConstraintComponent (http://www.w3.org/ns/shacl#ClosedConstraintComponent):
	Severity: sh:Violation
	Source Shape: chr:SchemaPropertyVocabularyShape
	Focus Node: ex:process_chloride_serum_20260121T154723
	Value Node: ex:measurement_Chloride_2075-0
	Result Path: <https://w3id.org/shexmap/resource/ontology-schema/d285f599-dc2e-4bd0-83f1-df21defa8821/hasResult>
	Message: Only the 24 properties declared in the CHR schema (plus rdf:type and rdfs:label) may be used on an individual.
Constraint Violation in ClosedConstraintComponent (http://www.w3.org/ns/shacl#ClosedConstraintComponent):
	Severity: sh:Violation
	Source Shape: chr:SchemaPropertyVocabularyShape
	Focus Node: ex:process_chloride_serum_20260121T154723
	Value Node: ex:status_completed
	Result Path: <https://w3id.org/shexmap/resource/ontology-schema/d285f599-dc2e-4bd0-83f1-df21defa8821/hasStatus>
	Message: Only the 24 properties declared in the CHR schema (plus rdf:type and rdfs:label) may be used on an individual.
Constraint Violation in ClosedConstraintComponent (http://www.w3.org/ns/shacl#ClosedConstraintComponent):
	Severity: sh:Violation
	Source Shape: chr:SchemaPropertyVocabularyShape
	Focus Node: ex:process_co2_blood_20260121T154723
	Value Node: Literal("2026-01-21T15:47:23+01:00" = 2026-01-21 15:47:23+01:00, datatype=xsd:dateTime)
	Result Path: <https://w3id.org/shexmap/resource/ontology-schema/d285f599-dc2e-4bd0-83f1-df21defa8821/hasPerformedDate>
	Message: Only the 24 properties declared in the CHR schema (plus rdf:type and rdfs:label) may be used on an individual.
Constraint Violation in ClosedConstraintComponent (http://www.w3.org/ns/shacl#ClosedConstraintComponent):
	Severity: sh:Violation
	Source Shape: chr:SchemaPropertyVocabularyShape
	Focus Node: ex:process_co2_blood_20260121T154723
	Value Node: ex:Arlen68_Olson653
	Result Path: <https://w3id.org/shexmap/resource/ontology-schema/d285f599-dc2e-4bd0-83f1-df21defa8821/hasPatient>
	Message: Only the 24 properties declared in the CHR schema (plus rdf:type and rdfs:label) may be used on an individual.
Constraint Violation in ClosedConstraintComponent (http://www.w3.org/ns/shacl#ClosedConstraintComponent):
	Severity: sh:Violation
	Source Shape: chr:SchemaPropertyVocabularyShape
	Focus Node: ex:process_co2_blood_20260121T154723
	Value Node: ex:Dr_Domenic627_Blick895
	Result Path: <https://w3id.org/shexmap/resource/ontology-schema/d285f599-dc2e-4bd0-83f1-df21defa8821/hasPerformer>
	Message: Only the 24 properties declared in the CHR schema (plus rdf:type and rdfs:label) may be used on an individual.
Constraint Violation in ClosedConstraintComponent (http://www.w3.org/ns/shacl#ClosedConstraintComponent):
	Severity: sh:Violation
	Source Shape: chr:SchemaPropertyVocabularyShape
	Focus Node: ex:process_co2_blood_20260121T154723
	Value Node: ex:measurement_Carbon_dioxide_total_Blood_20565-8
	Result Path: <https://w3id.org/shexmap/resource/ontology-schema/d285f599-dc2e-4bd0-83f1-df21defa8821/hasResult>
	Message: Only the 24 properties declared in the CHR schema (plus rdf:type and rdfs:label) may be used on an individual.
Constraint Violation in ClosedConstraintComponent (http://www.w3.org/ns/shacl#ClosedConstraintComponent):
	Severity: sh:Violation
	Source Shape: chr:SchemaPropertyVocabularyShape
	Focus Node: ex:process_co2_blood_20260121T154723
	Value Node: ex:status_completed
	Result Path: <https://w3id.org/shexmap/resource/ontology-schema/d285f599-dc2e-4bd0-83f1-df21defa8821/hasStatus>
	Message: Only the 24 properties declared in the CHR schema (plus rdf:type and rdfs:label) may be used on an individual.
Constraint Violation in ClosedConstraintComponent (http://www.w3.org/ns/shacl#ClosedConstraintComponent):
	Severity: sh:Violation
	Source Shape: chr:SchemaPropertyVocabularyShape
	Focus Node: ex:process_co2_serum_20260121T154723
	Value Node: Literal("2026-01-21T15:47:23+01:00" = 2026-01-21 15:47:23+01:00, datatype=xsd:dateTime)
	Result Path: <https://w3id.org/shexmap/resource/ontology-schema/d285f599-dc2e-4bd0-83f1-df21defa8821/hasPerformedDate>
	Message: Only the 24 properties declared in the CHR schema (plus rdf:type and rdfs:label) may be used on an individual.
Constraint Violation in ClosedConstraintComponent (http://www.w3.org/ns/shacl#ClosedConstraintComponent):
	Severity: sh:Violation
	Source Shape: chr:SchemaPropertyVocabularyShape
	Focus Node: ex:process_co2_serum_20260121T154723
	Value Node: ex:Arlen68_Olson653
	Result Path: <https://w3id.org/shexmap/resource/ontology-schema/d285f599-dc2e-4bd0-83f1-df21defa8821/hasPatient>
	Message: Only the 24 properties declared in the CHR schema (plus rdf:type and rdfs:label) may be used on an individual.
Constraint Violation in ClosedConstraintComponent (http://www.w3.org/ns/shacl#ClosedConstraintComponent):
	Severity: sh:Violation
	Source Shape: chr:SchemaPropertyVocabularyShape
	Focus Node: ex:process_co2_serum_20260121T154723
	Value Node: ex:Dr_Domenic627_Blick895
	Result Path: <https://w3id.org/shexmap/resource/ontology-schema/d285f599-dc2e-4bd0-83f1-df21defa8821/hasPerformer>
	Message: Only the 24 properties declared in the CHR schema (plus rdf:type and rdfs:label) may be used on an individual.
Constraint Violation in ClosedConstraintComponent (http://www.w3.org/ns/shacl#ClosedConstraintComponent):
	Severity: sh:Violation
	Source Shape: chr:SchemaPropertyVocabularyShape
	Focus Node: ex:process_co2_serum_20260121T154723
	Value Node: ex:measurement_Carbon_dioxide_total_2028-9
	Result Path: <https://w3id.org/shexmap/resource/ontology-schema/d285f599-dc2e-4bd0-83f1-df21defa8821/hasResult>
	Message: Only the 24 properties declared in the CHR schema (plus rdf:type and rdfs:label) may be used on an individual.
Constraint Violation in ClosedConstraintComponent (http://www.w3.org/ns/shacl#ClosedConstraintComponent):
	Severity: sh:Violation
	Source Shape: chr:SchemaPropertyVocabularyShape
	Focus Node: ex:process_co2_serum_20260121T154723
	Value Node: ex:status_completed
	Result Path: <https://w3id.org/shexmap/resource/ontology-schema/d285f599-dc2e-4bd0-83f1-df21defa8821/hasStatus>
	Message: Only the 24 properties declared in the CHR schema (plus rdf:type and rdfs:label) may be used on an individual.
Constraint Violation in ClosedConstraintComponent (http://www.w3.org/ns/shacl#ClosedConstraintComponent):
	Severity: sh:Violation
	Source Shape: chr:SchemaPropertyVocabularyShape
	Focus Node: ex:process_creatinine_blood_20260121T154723
	Value Node: Literal("2026-01-21T15:47:23+01:00" = 2026-01-21 15:47:23+01:00, datatype=xsd:dateTime)
	Result Path: <https://w3id.org/shexmap/resource/ontology-schema/d285f599-dc2e-4bd0-83f1-df21defa8821/hasPerformedDate>
	Message: Only the 24 properties declared in the CHR schema (plus rdf:type and rdfs:label) may be used on an individual.
Constraint Violation in ClosedConstraintComponent (http://www.w3.org/ns/shacl#ClosedConstraintComponent):
	Severity: sh:Violation
	Source Shape: chr:SchemaPropertyVocabularyShape
	Focus Node: ex:process_creatinine_blood_20260121T154723
	Value Node: ex:Arlen68_Olson653
	Result Path: <https://w3id.org/shexmap/resource/ontology-schema/d285f599-dc2e-4bd0-83f1-df21defa8821/hasPatient>
	Message: Only the 24 properties declared in the CHR schema (plus rdf:type and rdfs:label) may be used on an individual.
Constraint Violation in ClosedConstraintComponent (http://www.w3.org/ns/shacl#ClosedConstraintComponent):
	Severity: sh:Violation
	Source Shape: chr:SchemaPropertyVocabularyShape
	Focus Node: ex:process_creatinine_blood_20260121T154723
	Value Node: ex:Dr_Domenic627_Blick895
	Result Path: <https://w3id.org/shexmap/resource/ontology-schema/d285f599-dc2e-4bd0-83f1-df21defa8821/hasPerformer>
	Message: Only the 24 properties declared in the CHR schema (plus rdf:type and rdfs:label) may be used on an individual.
Constraint Violation in ClosedConstraintComponent (http://www.w3.org/ns/shacl#ClosedConstraintComponent):
	Severity: sh:Violation
	Source Shape: chr:SchemaPropertyVocabularyShape
	Focus Node: ex:process_creatinine_blood_20260121T154723
	Value Node: ex:measurement_Creatinine_Blood_38483-4
	Result Path: <https://w3id.org/shexmap/resource/ontology-schema/d285f599-dc2e-4bd0-83f1-df21defa8821/hasResult>
	Message: Only the 24 properties declared in the CHR schema (plus rdf:type and rdfs:label) may be used on an individual.
Constraint Violation in ClosedConstraintComponent (http://www.w3.org/ns/shacl#ClosedConstraintComponent):
	Severity: sh:Violation
	Source Shape: chr:SchemaPropertyVocabularyShape
	Focus Node: ex:process_creatinine_blood_20260121T154723
	Value Node: ex:status_completed
	Result Path: <https://w3id.org/shexmap/resource/ontology-schema/d285f599-dc2e-4bd0-83f1-df21defa8821/hasStatus>
	Message: Only the 24 properties declared in the CHR schema (plus rdf:type and rdfs:label) may be used on an individual.
Constraint Violation in ClosedConstraintComponent (http://www.w3.org/ns/shacl#ClosedConstraintComponent):
	Severity: sh:Violation
	Source Shape: chr:SchemaPropertyVocabularyShape
	Focus Node: ex:process_creatinine_serum_20260121T154723
	Value Node: Literal("2026-01-21T15:47:23+01:00" = 2026-01-21 15:47:23+01:00, datatype=xsd:dateTime)
	Result Path: <https://w3id.org/shexmap/resource/ontology-schema/d285f599-dc2e-4bd0-83f1-df21defa8821/hasPerformedDate>
	Message: Only the 24 properties declared in the CHR schema (plus rdf:type and rdfs:label) may be used on an individual.
Constraint Violation in ClosedConstraintComponent (http://www.w3.org/ns/shacl#ClosedConstraintComponent):
	Severity: sh:Violation
	Source Shape: chr:SchemaPropertyVocabularyShape
	Focus Node: ex:process_creatinine_serum_20260121T154723
	Value Node: ex:Arlen68_Olson653
	Result Path: <https://w3id.org/shexmap/resource/ontology-schema/d285f599-dc2e-4bd0-83f1-df21defa8821/hasPatient>
	Message: Only the 24 properties declared in the CHR schema (plus rdf:type and rdfs:label) may be used on an individual.
Constraint Violation in ClosedConstraintComponent (http://www.w3.org/ns/shacl#ClosedConstraintComponent):
	Severity: sh:Violation
	Source Shape: chr:SchemaPropertyVocabularyShape
	Focus Node: ex:process_creatinine_serum_20260121T154723
	Value Node: ex:Dr_Domenic627_Blick895
	Result Path: <https://w3id.org/shexmap/resource/ontology-schema/d285f599-dc2e-4bd0-83f1-df21defa8821/hasPerformer>
	Message: Only the 24 properties declared in the CHR schema (plus rdf:type and rdfs:label) may be used on an individual.
Constraint Violation in ClosedConstraintComponent (http://www.w3.org/ns/shacl#ClosedConstraintComponent):
	Severity: sh:Violation
	Source Shape: chr:SchemaPropertyVocabularyShape
	Focus Node: ex:process_creatinine_serum_20260121T154723
	Value Node: ex:measurement_Creatinine_2160-0
	Result Path: <https://w3id.org/shexmap/resource/ontology-schema/d285f599-dc2e-4bd0-83f1-df21defa8821/hasResult>
	Message: Only the 24 properties declared in the CHR schema (plus rdf:type and rdfs:label) may be used on an individual.
Constraint Violation in ClosedConstraintComponent (http://www.w3.org/ns/shacl#ClosedConstraintComponent):
	Severity: sh:Violation
	Source Shape: chr:SchemaPropertyVocabularyShape
	Focus Node: ex:process_creatinine_serum_20260121T154723
	Value Node: ex:status_completed
	Result Path: <https://w3id.org/shexmap/resource/ontology-schema/d285f599-dc2e-4bd0-83f1-df21defa8821/hasStatus>
	Message: Only the 24 properties declared in the CHR schema (plus rdf:type and rdfs:label) may be used on an individual.
Constraint Violation in ClosedConstraintComponent (http://www.w3.org/ns/shacl#ClosedConstraintComponent):
	Severity: sh:Violation
	Source Shape: chr:SchemaPropertyVocabularyShape
	Focus Node: ex:process_fall_risk_20260121T165555
	Value Node: Literal("2026-01-21T16:55:55+01:00" = 2026-01-21 16:55:55+01:00, datatype=xsd:dateTime)
	Result Path: <https://w3id.org/shexmap/resource/ontology-schema/d285f599-dc2e-4bd0-83f1-df21defa8821/hasPerformedDate>
	Message: Only the 24 properties declared in the CHR schema (plus rdf:type and rdfs:label) may be used on an individual.
Constraint Violation in ClosedConstraintComponent (http://www.w3.org/ns/shacl#ClosedConstraintComponent):
	Severity: sh:Violation
	Source Shape: chr:SchemaPropertyVocabularyShape
	Focus Node: ex:process_fall_risk_20260121T165555
	Value Node: ex:Arlen68_Olson653
	Result Path: <https://w3id.org/shexmap/resource/ontology-schema/d285f599-dc2e-4bd0-83f1-df21defa8821/hasPatient>
	Message: Only the 24 properties declared in the CHR schema (plus rdf:type and rdfs:label) may be used on an individual.
Constraint Violation in ClosedConstraintComponent (http://www.w3.org/ns/shacl#ClosedConstraintComponent):
	Severity: sh:Violation
	Source Shape: chr:SchemaPropertyVocabularyShape
	Focus Node: ex:process_fall_risk_20260121T165555
	Value Node: ex:Dr_Domenic627_Blick895
	Result Path: <https://w3id.org/shexmap/resource/ontology-schema/d285f599-dc2e-4bd0-83f1-df21defa8821/hasPerformer>
	Message: Only the 24 properties declared in the CHR schema (plus rdf:type and rdfs:label) may be used on an individual.
Constraint Violation in ClosedConstraintComponent (http://www.w3.org/ns/shacl#ClosedConstraintComponent):
	Severity: sh:Violation
	Source Shape: chr:SchemaPropertyVocabularyShape
	Focus Node: ex:process_fall_risk_20260121T165555
	Value Node: ex:measurement_Fall_risk_59460-6
	Result Path: <https://w3id.org/shexmap/resource/ontology-schema/d285f599-dc2e-4bd0-83f1-df21defa8821/hasResult>
	Message: Only the 24 properties declared in the CHR schema (plus rdf:type and rdfs:label) may be used on an individual.
Constraint Violation in ClosedConstraintComponent (http://www.w3.org/ns/shacl#ClosedConstraintComponent):
	Severity: sh:Violation
	Source Shape: chr:SchemaPropertyVocabularyShape
	Focus Node: ex:process_fall_risk_20260121T165555
	Value Node: ex:status_completed
	Result Path: <https://w3id.org/shexmap/resource/ontology-schema/d285f599-dc2e-4bd0-83f1-df21defa8821/hasStatus>
	Message: Only the 24 properties declared in the CHR schema (plus rdf:type and rdfs:label) may be used on an individual.
Constraint Violation in ClosedConstraintComponent (http://www.w3.org/ns/shacl#ClosedConstraintComponent):
	Severity: sh:Violation
	Source Shape: chr:SchemaPropertyVocabularyShape
	Focus Node: ex:process_gfr_serum_20260121T154723
	Value Node: Literal("2026-01-21T15:47:23+01:00" = 2026-01-21 15:47:23+01:00, datatype=xsd:dateTime)
	Result Path: <https://w3id.org/shexmap/resource/ontology-schema/d285f599-dc2e-4bd0-83f1-df21defa8821/hasPerformedDate>
	Message: Only the 24 properties declared in the CHR schema (plus rdf:type and rdfs:label) may be used on an individual.
Constraint Violation in ClosedConstraintComponent (http://www.w3.org/ns/shacl#ClosedConstraintComponent):
	Severity: sh:Violation
	Source Shape: chr:SchemaPropertyVocabularyShape
	Focus Node: ex:process_gfr_serum_20260121T154723
	Value Node: ex:Arlen68_Olson653
	Result Path: <https://w3id.org/shexmap/resource/ontology-schema/d285f599-dc2e-4bd0-83f1-df21defa8821/hasPatient>
	Message: Only the 24 properties declared in the CHR schema (plus rdf:type and rdfs:label) may be used on an individual.
Constraint Violation in ClosedConstraintComponent (http://www.w3.org/ns/shacl#ClosedConstraintComponent):
	Severity: sh:Violation
	Source Shape: chr:SchemaPropertyVocabularyShape
	Focus Node: ex:process_gfr_serum_20260121T154723
	Value Node: ex:Dr_Domenic627_Blick895
	Result Path: <https://w3id.org/shexmap/resource/ontology-schema/d285f599-dc2e-4bd0-83f1-df21defa8821/hasPerformer>
	Message: Only the 24 properties declared in the CHR schema (plus rdf:type and rdfs:label) may be used on an individual.
Constraint Violation in ClosedConstraintComponent (http://www.w3.org/ns/shacl#ClosedConstraintComponent):
	Severity: sh:Violation
	Source Shape: chr:SchemaPropertyVocabularyShape
	Focus Node: ex:process_gfr_serum_20260121T154723
	Value Node: ex:measurement_GFR_33914-3_1
	Result Path: <https://w3id.org/shexmap/resource/ontology-schema/d285f599-dc2e-4bd0-83f1-df21defa8821/hasResult>
	Message: Only the 24 properties declared in the CHR schema (plus rdf:type and rdfs:label) may be used on an individual.
Constraint Violation in ClosedConstraintComponent (http://www.w3.org/ns/shacl#ClosedConstraintComponent):
	Severity: sh:Violation
	Source Shape: chr:SchemaPropertyVocabularyShape
	Focus Node: ex:process_gfr_serum_20260121T154723
	Value Node: ex:status_completed
	Result Path: <https://w3id.org/shexmap/resource/ontology-schema/d285f599-dc2e-4bd0-83f1-df21defa8821/hasStatus>
	Message: Only the 24 properties declared in the CHR schema (plus rdf:type and rdfs:label) may be used on an individual.
Constraint Violation in ClosedConstraintComponent (http://www.w3.org/ns/shacl#ClosedConstraintComponent):
	Severity: sh:Violation
	Source Shape: chr:SchemaPropertyVocabularyShape
	Focus Node: ex:process_glucose_blood_20260121T154723
	Value Node: Literal("2026-01-21T15:47:23+01:00" = 2026-01-21 15:47:23+01:00, datatype=xsd:dateTime)
	Result Path: <https://w3id.org/shexmap/resource/ontology-schema/d285f599-dc2e-4bd0-83f1-df21defa8821/hasPerformedDate>
	Message: Only the 24 properties declared in the CHR schema (plus rdf:type and rdfs:label) may be used on an individual.
Constraint Violation in ClosedConstraintComponent (http://www.w3.org/ns/shacl#ClosedConstraintComponent):
	Severity: sh:Violation
	Source Shape: chr:SchemaPropertyVocabularyShape
	Focus Node: ex:process_glucose_blood_20260121T154723
	Value Node: ex:Arlen68_Olson653
	Result Path: <https://w3id.org/shexmap/resource/ontology-schema/d285f599-dc2e-4bd0-83f1-df21defa8821/hasPatient>
	Message: Only the 24 properties declared in the CHR schema (plus rdf:type and rdfs:label) may be used on an individual.
Constraint Violation in ClosedConstraintComponent (http://www.w3.org/ns/shacl#ClosedConstraintComponent):
	Severity: sh:Violation
	Source Shape: chr:SchemaPropertyVocabularyShape
	Focus Node: ex:process_glucose_blood_20260121T154723
	Value Node: ex:Dr_Domenic627_Blick895
	Result Path: <https://w3id.org/shexmap/resource/ontology-schema/d285f599-dc2e-4bd0-83f1-df21defa8821/hasPerformer>
	Message: Only the 24 properties declared in the CHR schema (plus rdf:type and rdfs:label) may be used on an individual.
Constraint Violation in ClosedConstraintComponent (http://www.w3.org/ns/shacl#ClosedConstraintComponent):
	Severity: sh:Violation
	Source Shape: chr:SchemaPropertyVocabularyShape
	Focus Node: ex:process_glucose_blood_20260121T154723
	Value Node: ex:measurement_Glucose_Blood_2339-0
	Result Path: <https://w3id.org/shexmap/resource/ontology-schema/d285f599-dc2e-4bd0-83f1-df21defa8821/hasResult>
	Message: Only the 24 properties declared in the CHR schema (plus rdf:type and rdfs:label) may be used on an individual.
Constraint Violation in ClosedConstraintComponent (http://www.w3.org/ns/shacl#ClosedConstraintComponent):
	Severity: sh:Violation
	Source Shape: chr:SchemaPropertyVocabularyShape
	Focus Node: ex:process_glucose_blood_20260121T154723
	Value Node: ex:status_completed
	Result Path: <https://w3id.org/shexmap/resource/ontology-schema/d285f599-dc2e-4bd0-83f1-df21defa8821/hasStatus>
	Message: Only the 24 properties declared in the CHR schema (plus rdf:type and rdfs:label) may be used on an individual.
Constraint Violation in ClosedConstraintComponent (http://www.w3.org/ns/shacl#ClosedConstraintComponent):
	Severity: sh:Violation
	Source Shape: chr:SchemaPropertyVocabularyShape
	Focus Node: ex:process_glucose_serum_20260121T154723
	Value Node: Literal("2026-01-21T15:47:23+01:00" = 2026-01-21 15:47:23+01:00, datatype=xsd:dateTime)
	Result Path: <https://w3id.org/shexmap/resource/ontology-schema/d285f599-dc2e-4bd0-83f1-df21defa8821/hasPerformedDate>
	Message: Only the 24 properties declared in the CHR schema (plus rdf:type and rdfs:label) may be used on an individual.
Constraint Violation in ClosedConstraintComponent (http://www.w3.org/ns/shacl#ClosedConstraintComponent):
	Severity: sh:Violation
	Source Shape: chr:SchemaPropertyVocabularyShape
	Focus Node: ex:process_glucose_serum_20260121T154723
	Value Node: ex:Arlen68_Olson653
	Result Path: <https://w3id.org/shexmap/resource/ontology-schema/d285f599-dc2e-4bd0-83f1-df21defa8821/hasPatient>
	Message: Only the 24 properties declared in the CHR schema (plus rdf:type and rdfs:label) may be used on an individual.
Constraint Violation in ClosedConstraintComponent (http://www.w3.org/ns/shacl#ClosedConstraintComponent):
	Severity: sh:Violation
	Source Shape: chr:SchemaPropertyVocabularyShape
	Focus Node: ex:process_glucose_serum_20260121T154723
	Value Node: ex:Dr_Domenic627_Blick895
	Result Path: <https://w3id.org/shexmap/resource/ontology-schema/d285f599-dc2e-4bd0-83f1-df21defa8821/hasPerformer>
	Message: Only the 24 properties declared in the CHR schema (plus rdf:type and rdfs:label) may be used on an individual.
Constraint Violation in ClosedConstraintComponent (http://www.w3.org/ns/shacl#ClosedConstraintComponent):
	Severity: sh:Violation
	Source Shape: chr:SchemaPropertyVocabularyShape
	Focus Node: ex:process_glucose_serum_20260121T154723
	Value Node: ex:measurement_Glucose_2345-7
	Result Path: <https://w3id.org/shexmap/resource/ontology-schema/d285f599-dc2e-4bd0-83f1-df21defa8821/hasResult>
	Message: Only the 24 properties declared in the CHR schema (plus rdf:type and rdfs:label) may be used on an individual.
Constraint Violation in ClosedConstraintComponent (http://www.w3.org/ns/shacl#ClosedConstraintComponent):
	Severity: sh:Violation
	Source Shape: chr:SchemaPropertyVocabularyShape
	Focus Node: ex:process_glucose_serum_20260121T154723
	Value Node: ex:status_completed
	Result Path: <https://w3id.org/shexmap/resource/ontology-schema/d285f599-dc2e-4bd0-83f1-df21defa8821/hasStatus>
	Message: Only the 24 properties declared in the CHR schema (plus rdf:type and rdfs:label) may be used on an individual.
Constraint Violation in ClosedConstraintComponent (http://www.w3.org/ns/shacl#ClosedConstraintComponent):
	Severity: sh:Violation
	Source Shape: chr:SchemaPropertyVocabularyShape
	Focus Node: ex:process_glucose_urine_20260121T154723
	Value Node: Literal("2026-01-21T15:47:23+01:00" = 2026-01-21 15:47:23+01:00, datatype=xsd:dateTime)
	Result Path: <https://w3id.org/shexmap/resource/ontology-schema/d285f599-dc2e-4bd0-83f1-df21defa8821/hasPerformedDate>
	Message: Only the 24 properties declared in the CHR schema (plus rdf:type and rdfs:label) may be used on an individual.
Constraint Violation in ClosedConstraintComponent (http://www.w3.org/ns/shacl#ClosedConstraintComponent):
	Severity: sh:Violation
	Source Shape: chr:SchemaPropertyVocabularyShape
	Focus Node: ex:process_glucose_urine_20260121T154723
	Value Node: ex:Arlen68_Olson653
	Result Path: <https://w3id.org/shexmap/resource/ontology-schema/d285f599-dc2e-4bd0-83f1-df21defa8821/hasPatient>
	Message: Only the 24 properties declared in the CHR schema (plus rdf:type and rdfs:label) may be used on an individual.
Constraint Violation in ClosedConstraintComponent (http://www.w3.org/ns/shacl#ClosedConstraintComponent):
	Severity: sh:Violation
	Source Shape: chr:SchemaPropertyVocabularyShape
	Focus Node: ex:process_glucose_urine_20260121T154723
	Value Node: ex:Dr_Domenic627_Blick895
	Result Path: <https://w3id.org/shexmap/resource/ontology-schema/d285f599-dc2e-4bd0-83f1-df21defa8821/hasPerformer>
	Message: Only the 24 properties declared in the CHR schema (plus rdf:type and rdfs:label) may be used on an individual.
Constraint Violation in ClosedConstraintComponent (http://www.w3.org/ns/shacl#ClosedConstraintComponent):
	Severity: sh:Violation
	Source Shape: chr:SchemaPropertyVocabularyShape
	Focus Node: ex:process_glucose_urine_20260121T154723
	Value Node: ex:measurement_Glucose_5792-7
	Result Path: <https://w3id.org/shexmap/resource/ontology-schema/d285f599-dc2e-4bd0-83f1-df21defa8821/hasResult>
	Message: Only the 24 properties declared in the CHR schema (plus rdf:type and rdfs:label) may be used on an individual.
Constraint Violation in ClosedConstraintComponent (http://www.w3.org/ns/shacl#ClosedConstraintComponent):
	Severity: sh:Violation
	Source Shape: chr:SchemaPropertyVocabularyShape
	Focus Node: ex:process_glucose_urine_20260121T154723
	Value Node: ex:status_completed
	Result Path: <https://w3id.org/shexmap/resource/ontology-schema/d285f599-dc2e-4bd0-83f1-df21defa8821/hasStatus>
	Message: Only the 24 properties declared in the CHR schema (plus rdf:type and rdfs:label) may be used on an individual.
Constraint Violation in ClosedConstraintComponent (http://www.w3.org/ns/shacl#ClosedConstraintComponent):
	Severity: sh:Violation
	Source Shape: chr:SchemaPropertyVocabularyShape
	Focus Node: ex:process_hba1c_blood_20260121T154723
	Value Node: Literal("2026-01-21T15:47:23+01:00" = 2026-01-21 15:47:23+01:00, datatype=xsd:dateTime)
	Result Path: <https://w3id.org/shexmap/resource/ontology-schema/d285f599-dc2e-4bd0-83f1-df21defa8821/hasPerformedDate>
	Message: Only the 24 properties declared in the CHR schema (plus rdf:type and rdfs:label) may be used on an individual.
Constraint Violation in ClosedConstraintComponent (http://www.w3.org/ns/shacl#ClosedConstraintComponent):
	Severity: sh:Violation
	Source Shape: chr:SchemaPropertyVocabularyShape
	Focus Node: ex:process_hba1c_blood_20260121T154723
	Value Node: ex:Arlen68_Olson653
	Result Path: <https://w3id.org/shexmap/resource/ontology-schema/d285f599-dc2e-4bd0-83f1-df21defa8821/hasPatient>
	Message: Only the 24 properties declared in the CHR schema (plus rdf:type and rdfs:label) may be used on an individual.
Constraint Violation in ClosedConstraintComponent (http://www.w3.org/ns/shacl#ClosedConstraintComponent):
	Severity: sh:Violation
	Source Shape: chr:SchemaPropertyVocabularyShape
	Focus Node: ex:process_hba1c_blood_20260121T154723
	Value Node: ex:Dr_Domenic627_Blick895
	Result Path: <https://w3id.org/shexmap/resource/ontology-schema/d285f599-dc2e-4bd0-83f1-df21defa8821/hasPerformer>
	Message: Only the 24 properties declared in the CHR schema (plus rdf:type and rdfs:label) may be used on an individual.
Constraint Violation in ClosedConstraintComponent (http://www.w3.org/ns/shacl#ClosedConstraintComponent):
	Severity: sh:Violation
	Source Shape: chr:SchemaPropertyVocabularyShape
	Focus Node: ex:process_hba1c_blood_20260121T154723
	Value Node: ex:measurement_HbA1c_4548-4
	Result Path: <https://w3id.org/shexmap/resource/ontology-schema/d285f599-dc2e-4bd0-83f1-df21defa8821/hasResult>
	Message: Only the 24 properties declared in the CHR schema (plus rdf:type and rdfs:label) may be used on an individual.
Constraint Violation in ClosedConstraintComponent (http://www.w3.org/ns/shacl#ClosedConstraintComponent):
	Severity: sh:Violation
	Source Shape: chr:SchemaPropertyVocabularyShape
	Focus Node: ex:process_hba1c_blood_20260121T154723
	Value Node: ex:status_completed
	Result Path: <https://w3id.org/shexmap/resource/ontology-schema/d285f599-dc2e-4bd0-83f1-df21defa8821/hasStatus>
	Message: Only the 24 properties declared in the CHR schema (plus rdf:type and rdfs:label) may be used on an individual.
Constraint Violation in ClosedConstraintComponent (http://www.w3.org/ns/shacl#ClosedConstraintComponent):
	Severity: sh:Violation
	Source Shape: chr:SchemaPropertyVocabularyShape
	Focus Node: ex:process_heart_rate_20260121T154723
	Value Node: Literal("2026-01-21T15:47:23+01:00" = 2026-01-21 15:47:23+01:00, datatype=xsd:dateTime)
	Result Path: <https://w3id.org/shexmap/resource/ontology-schema/d285f599-dc2e-4bd0-83f1-df21defa8821/hasPerformedDate>
	Message: Only the 24 properties declared in the CHR schema (plus rdf:type and rdfs:label) may be used on an individual.
Constraint Violation in ClosedConstraintComponent (http://www.w3.org/ns/shacl#ClosedConstraintComponent):
	Severity: sh:Violation
	Source Shape: chr:SchemaPropertyVocabularyShape
	Focus Node: ex:process_heart_rate_20260121T154723
	Value Node: ex:Arlen68_Olson653
	Result Path: <https://w3id.org/shexmap/resource/ontology-schema/d285f599-dc2e-4bd0-83f1-df21defa8821/hasPatient>
	Message: Only the 24 properties declared in the CHR schema (plus rdf:type and rdfs:label) may be used on an individual.
Constraint Violation in ClosedConstraintComponent (http://www.w3.org/ns/shacl#ClosedConstraintComponent):
	Severity: sh:Violation
	Source Shape: chr:SchemaPropertyVocabularyShape
	Focus Node: ex:process_heart_rate_20260121T154723
	Value Node: ex:Dr_Domenic627_Blick895
	Result Path: <https://w3id.org/shexmap/resource/ontology-schema/d285f599-dc2e-4bd0-83f1-df21defa8821/hasPerformer>
	Message: Only the 24 properties declared in the CHR schema (plus rdf:type and rdfs:label) may be used on an individual.
Constraint Violation in ClosedConstraintComponent (http://www.w3.org/ns/shacl#ClosedConstraintComponent):
	Severity: sh:Violation
	Source Shape: chr:SchemaPropertyVocabularyShape
	Focus Node: ex:process_heart_rate_20260121T154723
	Value Node: ex:measurement_Heart_rate_8867-4
	Result Path: <https://w3id.org/shexmap/resource/ontology-schema/d285f599-dc2e-4bd0-83f1-df21defa8821/hasResult>
	Message: Only the 24 properties declared in the CHR schema (plus rdf:type and rdfs:label) may be used on an individual.
Constraint Violation in ClosedConstraintComponent (http://www.w3.org/ns/shacl#ClosedConstraintComponent):
	Severity: sh:Violation
	Source Shape: chr:SchemaPropertyVocabularyShape
	Focus Node: ex:process_heart_rate_20260121T154723
	Value Node: ex:status_completed
	Result Path: <https://w3id.org/shexmap/resource/ontology-schema/d285f599-dc2e-4bd0-83f1-df21defa8821/hasStatus>
	Message: Only the 24 properties declared in the CHR schema (plus rdf:type and rdfs:label) may be used on an individual.
Constraint Violation in ClosedConstraintComponent (http://www.w3.org/ns/shacl#ClosedConstraintComponent):
	Severity: sh:Violation
	Source Shape: chr:SchemaPropertyVocabularyShape
	Focus Node: ex:process_height_20260121T154723
	Value Node: Literal("2026-01-21T15:47:23+01:00" = 2026-01-21 15:47:23+01:00, datatype=xsd:dateTime)
	Result Path: <https://w3id.org/shexmap/resource/ontology-schema/d285f599-dc2e-4bd0-83f1-df21defa8821/hasPerformedDate>
	Message: Only the 24 properties declared in the CHR schema (plus rdf:type and rdfs:label) may be used on an individual.
Constraint Violation in ClosedConstraintComponent (http://www.w3.org/ns/shacl#ClosedConstraintComponent):
	Severity: sh:Violation
	Source Shape: chr:SchemaPropertyVocabularyShape
	Focus Node: ex:process_height_20260121T154723
	Value Node: ex:Arlen68_Olson653
	Result Path: <https://w3id.org/shexmap/resource/ontology-schema/d285f599-dc2e-4bd0-83f1-df21defa8821/hasPatient>
	Message: Only the 24 properties declared in the CHR schema (plus rdf:type and rdfs:label) may be used on an individual.
Constraint Violation in ClosedConstraintComponent (http://www.w3.org/ns/shacl#ClosedConstraintComponent):
	Severity: sh:Violation
	Source Shape: chr:SchemaPropertyVocabularyShape
	Focus Node: ex:process_height_20260121T154723
	Value Node: ex:Dr_Domenic627_Blick895
	Result Path: <https://w3id.org/shexmap/resource/ontology-schema/d285f599-dc2e-4bd0-83f1-df21defa8821/hasPerformer>
	Message: Only the 24 properties declared in the CHR schema (plus rdf:type and rdfs:label) may be used on an individual.
Constraint Violation in ClosedConstraintComponent (http://www.w3.org/ns/shacl#ClosedConstraintComponent):
	Severity: sh:Violation
	Source Shape: chr:SchemaPropertyVocabularyShape
	Focus Node: ex:process_height_20260121T154723
	Value Node: ex:measurement_Body_Height_8302-2
	Result Path: <https://w3id.org/shexmap/resource/ontology-schema/d285f599-dc2e-4bd0-83f1-df21defa8821/hasResult>
	Message: Only the 24 properties declared in the CHR schema (plus rdf:type and rdfs:label) may be used on an individual.
Constraint Violation in ClosedConstraintComponent (http://www.w3.org/ns/shacl#ClosedConstraintComponent):
	Severity: sh:Violation
	Source Shape: chr:SchemaPropertyVocabularyShape
	Focus Node: ex:process_height_20260121T154723
	Value Node: ex:status_completed
	Result Path: <https://w3id.org/shexmap/resource/ontology-schema/d285f599-dc2e-4bd0-83f1-df21defa8821/hasStatus>
	Message: Only the 24 properties declared in the CHR schema (plus rdf:type and rdfs:label) may be used on an individual.
Constraint Violation in ClosedConstraintComponent (http://www.w3.org/ns/shacl#ClosedConstraintComponent):
	Severity: sh:Violation
	Source Shape: chr:SchemaPropertyVocabularyShape
	Focus Node: ex:process_ketones_urine_20260121T154723
	Value Node: Literal("2026-01-21T15:47:23+01:00" = 2026-01-21 15:47:23+01:00, datatype=xsd:dateTime)
	Result Path: <https://w3id.org/shexmap/resource/ontology-schema/d285f599-dc2e-4bd0-83f1-df21defa8821/hasPerformedDate>
	Message: Only the 24 properties declared in the CHR schema (plus rdf:type and rdfs:label) may be used on an individual.
Constraint Violation in ClosedConstraintComponent (http://www.w3.org/ns/shacl#ClosedConstraintComponent):
	Severity: sh:Violation
	Source Shape: chr:SchemaPropertyVocabularyShape
	Focus Node: ex:process_ketones_urine_20260121T154723
	Value Node: ex:Arlen68_Olson653
	Result Path: <https://w3id.org/shexmap/resource/ontology-schema/d285f599-dc2e-4bd0-83f1-df21defa8821/hasPatient>
	Message: Only the 24 properties declared in the CHR schema (plus rdf:type and rdfs:label) may be used on an individual.
Constraint Violation in ClosedConstraintComponent (http://www.w3.org/ns/shacl#ClosedConstraintComponent):
	Severity: sh:Violation
	Source Shape: chr:SchemaPropertyVocabularyShape
	Focus Node: ex:process_ketones_urine_20260121T154723
	Value Node: ex:Dr_Domenic627_Blick895
	Result Path: <https://w3id.org/shexmap/resource/ontology-schema/d285f599-dc2e-4bd0-83f1-df21defa8821/hasPerformer>
	Message: Only the 24 properties declared in the CHR schema (plus rdf:type and rdfs:label) may be used on an individual.
Constraint Violation in ClosedConstraintComponent (http://www.w3.org/ns/shacl#ClosedConstraintComponent):
	Severity: sh:Violation
	Source Shape: chr:SchemaPropertyVocabularyShape
	Focus Node: ex:process_ketones_urine_20260121T154723
	Value Node: ex:measurement_Ketones_5797-6
	Result Path: <https://w3id.org/shexmap/resource/ontology-schema/d285f599-dc2e-4bd0-83f1-df21defa8821/hasResult>
	Message: Only the 24 properties declared in the CHR schema (plus rdf:type and rdfs:label) may be used on an individual.
Constraint Violation in ClosedConstraintComponent (http://www.w3.org/ns/shacl#ClosedConstraintComponent):
	Severity: sh:Violation
	Source Shape: chr:SchemaPropertyVocabularyShape
	Focus Node: ex:process_ketones_urine_20260121T154723
	Value Node: ex:status_completed
	Result Path: <https://w3id.org/shexmap/resource/ontology-schema/d285f599-dc2e-4bd0-83f1-df21defa8821/hasStatus>
	Message: Only the 24 properties declared in the CHR schema (plus rdf:type and rdfs:label) may be used on an individual.
Constraint Violation in ClosedConstraintComponent (http://www.w3.org/ns/shacl#ClosedConstraintComponent):
	Severity: sh:Violation
	Source Shape: chr:SchemaPropertyVocabularyShape
	Focus Node: ex:process_pain_20260121T154723
	Value Node: Literal("2026-01-21T15:47:23+01:00" = 2026-01-21 15:47:23+01:00, datatype=xsd:dateTime)
	Result Path: <https://w3id.org/shexmap/resource/ontology-schema/d285f599-dc2e-4bd0-83f1-df21defa8821/hasPerformedDate>
	Message: Only the 24 properties declared in the CHR schema (plus rdf:type and rdfs:label) may be used on an individual.
Constraint Violation in ClosedConstraintComponent (http://www.w3.org/ns/shacl#ClosedConstraintComponent):
	Severity: sh:Violation
	Source Shape: chr:SchemaPropertyVocabularyShape
	Focus Node: ex:process_pain_20260121T154723
	Value Node: ex:Arlen68_Olson653
	Result Path: <https://w3id.org/shexmap/resource/ontology-schema/d285f599-dc2e-4bd0-83f1-df21defa8821/hasPatient>
	Message: Only the 24 properties declared in the CHR schema (plus rdf:type and rdfs:label) may be used on an individual.
Constraint Violation in ClosedConstraintComponent (http://www.w3.org/ns/shacl#ClosedConstraintComponent):
	Severity: sh:Violation
	Source Shape: chr:SchemaPropertyVocabularyShape
	Focus Node: ex:process_pain_20260121T154723
	Value Node: ex:Dr_Domenic627_Blick895
	Result Path: <https://w3id.org/shexmap/resource/ontology-schema/d285f599-dc2e-4bd0-83f1-df21defa8821/hasPerformer>
	Message: Only the 24 properties declared in the CHR schema (plus rdf:type and rdfs:label) may be used on an individual.
Constraint Violation in ClosedConstraintComponent (http://www.w3.org/ns/shacl#ClosedConstraintComponent):
	Severity: sh:Violation
	Source Shape: chr:SchemaPropertyVocabularyShape
	Focus Node: ex:process_pain_20260121T154723
	Value Node: ex:measurement_Pain_72514-3
	Result Path: <https://w3id.org/shexmap/resource/ontology-schema/d285f599-dc2e-4bd0-83f1-df21defa8821/hasResult>
	Message: Only the 24 properties declared in the CHR schema (plus rdf:type and rdfs:label) may be used on an individual.
Constraint Violation in ClosedConstraintComponent (http://www.w3.org/ns/shacl#ClosedConstraintComponent):
	Severity: sh:Violation
	Source Shape: chr:SchemaPropertyVocabularyShape
	Focus Node: ex:process_pain_20260121T154723
	Value Node: ex:status_completed
	Result Path: <https://w3id.org/shexmap/resource/ontology-schema/d285f599-dc2e-4bd0-83f1-df21defa8821/hasStatus>
	Message: Only the 24 properties declared in the CHR schema (plus rdf:type and rdfs:label) may be used on an individual.
Constraint Violation in ClosedConstraintComponent (http://www.w3.org/ns/shacl#ClosedConstraintComponent):
	Severity: sh:Violation
	Source Shape: chr:SchemaPropertyVocabularyShape
	Focus Node: ex:process_ph_urine_20260121T154723
	Value Node: Literal("2026-01-21T15:47:23+01:00" = 2026-01-21 15:47:23+01:00, datatype=xsd:dateTime)
	Result Path: <https://w3id.org/shexmap/resource/ontology-schema/d285f599-dc2e-4bd0-83f1-df21defa8821/hasPerformedDate>
	Message: Only the 24 properties declared in the CHR schema (plus rdf:type and rdfs:label) may be used on an individual.
Constraint Violation in ClosedConstraintComponent (http://www.w3.org/ns/shacl#ClosedConstraintComponent):
	Severity: sh:Violation
	Source Shape: chr:SchemaPropertyVocabularyShape
	Focus Node: ex:process_ph_urine_20260121T154723
	Value Node: ex:Arlen68_Olson653
	Result Path: <https://w3id.org/shexmap/resource/ontology-schema/d285f599-dc2e-4bd0-83f1-df21defa8821/hasPatient>
	Message: Only the 24 properties declared in the CHR schema (plus rdf:type and rdfs:label) may be used on an individual.
Constraint Violation in ClosedConstraintComponent (http://www.w3.org/ns/shacl#ClosedConstraintComponent):
	Severity: sh:Violation
	Source Shape: chr:SchemaPropertyVocabularyShape
	Focus Node: ex:process_ph_urine_20260121T154723
	Value Node: ex:Dr_Domenic627_Blick895
	Result Path: <https://w3id.org/shexmap/resource/ontology-schema/d285f599-dc2e-4bd0-83f1-df21defa8821/hasPerformer>
	Message: Only the 24 properties declared in the CHR schema (plus rdf:type and rdfs:label) may be used on an individual.
Constraint Violation in ClosedConstraintComponent (http://www.w3.org/ns/shacl#ClosedConstraintComponent):
	Severity: sh:Violation
	Source Shape: chr:SchemaPropertyVocabularyShape
	Focus Node: ex:process_ph_urine_20260121T154723
	Value Node: ex:measurement_pH_5803-2
	Result Path: <https://w3id.org/shexmap/resource/ontology-schema/d285f599-dc2e-4bd0-83f1-df21defa8821/hasResult>
	Message: Only the 24 properties declared in the CHR schema (plus rdf:type and rdfs:label) may be used on an individual.
Constraint Violation in ClosedConstraintComponent (http://www.w3.org/ns/shacl#ClosedConstraintComponent):
	Severity: sh:Violation
	Source Shape: chr:SchemaPropertyVocabularyShape
	Focus Node: ex:process_ph_urine_20260121T154723
	Value Node: ex:status_completed
	Result Path: <https://w3id.org/shexmap/resource/ontology-schema/d285f599-dc2e-4bd0-83f1-df21defa8821/hasStatus>
	Message: Only the 24 properties declared in the CHR schema (plus rdf:type and rdfs:label) may be used on an individual.
Constraint Violation in ClosedConstraintComponent (http://www.w3.org/ns/shacl#ClosedConstraintComponent):
	Severity: sh:Violation
	Source Shape: chr:SchemaPropertyVocabularyShape
	Focus Node: ex:process_phq2_20260121T173632
	Value Node: Literal("2026-01-21T17:36:32+01:00" = 2026-01-21 17:36:32+01:00, datatype=xsd:dateTime)
	Result Path: <https://w3id.org/shexmap/resource/ontology-schema/d285f599-dc2e-4bd0-83f1-df21defa8821/hasPerformedDate>
	Message: Only the 24 properties declared in the CHR schema (plus rdf:type and rdfs:label) may be used on an individual.
Constraint Violation in ClosedConstraintComponent (http://www.w3.org/ns/shacl#ClosedConstraintComponent):
	Severity: sh:Violation
	Source Shape: chr:SchemaPropertyVocabularyShape
	Focus Node: ex:process_phq2_20260121T173632
	Value Node: ex:Arlen68_Olson653
	Result Path: <https://w3id.org/shexmap/resource/ontology-schema/d285f599-dc2e-4bd0-83f1-df21defa8821/hasPatient>
	Message: Only the 24 properties declared in the CHR schema (plus rdf:type and rdfs:label) may be used on an individual.
Constraint Violation in ClosedConstraintComponent (http://www.w3.org/ns/shacl#ClosedConstraintComponent):
	Severity: sh:Violation
	Source Shape: chr:SchemaPropertyVocabularyShape
	Focus Node: ex:process_phq2_20260121T173632
	Value Node: ex:Dr_Domenic627_Blick895
	Result Path: <https://w3id.org/shexmap/resource/ontology-schema/d285f599-dc2e-4bd0-83f1-df21defa8821/hasPerformer>
	Message: Only the 24 properties declared in the CHR schema (plus rdf:type and rdfs:label) may be used on an individual.
Constraint Violation in ClosedConstraintComponent (http://www.w3.org/ns/shacl#ClosedConstraintComponent):
	Severity: sh:Violation
	Source Shape: chr:SchemaPropertyVocabularyShape
	Focus Node: ex:process_phq2_20260121T173632
	Value Node: ex:measurement_PHQ2_55758-7
	Result Path: <https://w3id.org/shexmap/resource/ontology-schema/d285f599-dc2e-4bd0-83f1-df21defa8821/hasResult>
	Message: Only the 24 properties declared in the CHR schema (plus rdf:type and rdfs:label) may be used on an individual.
Constraint Violation in ClosedConstraintComponent (http://www.w3.org/ns/shacl#ClosedConstraintComponent):
	Severity: sh:Violation
	Source Shape: chr:SchemaPropertyVocabularyShape
	Focus Node: ex:process_phq2_20260121T173632
	Value Node: ex:status_completed
	Result Path: <https://w3id.org/shexmap/resource/ontology-schema/d285f599-dc2e-4bd0-83f1-df21defa8821/hasStatus>
	Message: Only the 24 properties declared in the CHR schema (plus rdf:type and rdfs:label) may be used on an individual.
Constraint Violation in ClosedConstraintComponent (http://www.w3.org/ns/shacl#ClosedConstraintComponent):
	Severity: sh:Violation
	Source Shape: chr:SchemaPropertyVocabularyShape
	Focus Node: ex:process_potassium_blood_20260121T154723
	Value Node: Literal("2026-01-21T15:47:23+01:00" = 2026-01-21 15:47:23+01:00, datatype=xsd:dateTime)
	Result Path: <https://w3id.org/shexmap/resource/ontology-schema/d285f599-dc2e-4bd0-83f1-df21defa8821/hasPerformedDate>
	Message: Only the 24 properties declared in the CHR schema (plus rdf:type and rdfs:label) may be used on an individual.
Constraint Violation in ClosedConstraintComponent (http://www.w3.org/ns/shacl#ClosedConstraintComponent):
	Severity: sh:Violation
	Source Shape: chr:SchemaPropertyVocabularyShape
	Focus Node: ex:process_potassium_blood_20260121T154723
	Value Node: ex:Arlen68_Olson653
	Result Path: <https://w3id.org/shexmap/resource/ontology-schema/d285f599-dc2e-4bd0-83f1-df21defa8821/hasPatient>
	Message: Only the 24 properties declared in the CHR schema (plus rdf:type and rdfs:label) may be used on an individual.
Constraint Violation in ClosedConstraintComponent (http://www.w3.org/ns/shacl#ClosedConstraintComponent):
	Severity: sh:Violation
	Source Shape: chr:SchemaPropertyVocabularyShape
	Focus Node: ex:process_potassium_blood_20260121T154723
	Value Node: ex:Dr_Domenic627_Blick895
	Result Path: <https://w3id.org/shexmap/resource/ontology-schema/d285f599-dc2e-4bd0-83f1-df21defa8821/hasPerformer>
	Message: Only the 24 properties declared in the CHR schema (plus rdf:type and rdfs:label) may be used on an individual.
Constraint Violation in ClosedConstraintComponent (http://www.w3.org/ns/shacl#ClosedConstraintComponent):
	Severity: sh:Violation
	Source Shape: chr:SchemaPropertyVocabularyShape
	Focus Node: ex:process_potassium_blood_20260121T154723
	Value Node: ex:measurement_Potassium_Blood_6298-4
	Result Path: <https://w3id.org/shexmap/resource/ontology-schema/d285f599-dc2e-4bd0-83f1-df21defa8821/hasResult>
	Message: Only the 24 properties declared in the CHR schema (plus rdf:type and rdfs:label) may be used on an individual.
Constraint Violation in ClosedConstraintComponent (http://www.w3.org/ns/shacl#ClosedConstraintComponent):
	Severity: sh:Violation
	Source Shape: chr:SchemaPropertyVocabularyShape
	Focus Node: ex:process_potassium_blood_20260121T154723
	Value Node: ex:status_completed
	Result Path: <https://w3id.org/shexmap/resource/ontology-schema/d285f599-dc2e-4bd0-83f1-df21defa8821/hasStatus>
	Message: Only the 24 properties declared in the CHR schema (plus rdf:type and rdfs:label) may be used on an individual.
Constraint Violation in ClosedConstraintComponent (http://www.w3.org/ns/shacl#ClosedConstraintComponent):
	Severity: sh:Violation
	Source Shape: chr:SchemaPropertyVocabularyShape
	Focus Node: ex:process_potassium_serum_20260121T154723
	Value Node: Literal("2026-01-21T15:47:23+01:00" = 2026-01-21 15:47:23+01:00, datatype=xsd:dateTime)
	Result Path: <https://w3id.org/shexmap/resource/ontology-schema/d285f599-dc2e-4bd0-83f1-df21defa8821/hasPerformedDate>
	Message: Only the 24 properties declared in the CHR schema (plus rdf:type and rdfs:label) may be used on an individual.
Constraint Violation in ClosedConstraintComponent (http://www.w3.org/ns/shacl#ClosedConstraintComponent):
	Severity: sh:Violation
	Source Shape: chr:SchemaPropertyVocabularyShape
	Focus Node: ex:process_potassium_serum_20260121T154723
	Value Node: ex:Arlen68_Olson653
	Result Path: <https://w3id.org/shexmap/resource/ontology-schema/d285f599-dc2e-4bd0-83f1-df21defa8821/hasPatient>
	Message: Only the 24 properties declared in the CHR schema (plus rdf:type and rdfs:label) may be used on an individual.
Constraint Violation in ClosedConstraintComponent (http://www.w3.org/ns/shacl#ClosedConstraintComponent):
	Severity: sh:Violation
	Source Shape: chr:SchemaPropertyVocabularyShape
	Focus Node: ex:process_potassium_serum_20260121T154723
	Value Node: ex:Dr_Domenic627_Blick895
	Result Path: <https://w3id.org/shexmap/resource/ontology-schema/d285f599-dc2e-4bd0-83f1-df21defa8821/hasPerformer>
	Message: Only the 24 properties declared in the CHR schema (plus rdf:type and rdfs:label) may be used on an individual.
Constraint Violation in ClosedConstraintComponent (http://www.w3.org/ns/shacl#ClosedConstraintComponent):
	Severity: sh:Violation
	Source Shape: chr:SchemaPropertyVocabularyShape
	Focus Node: ex:process_potassium_serum_20260121T154723
	Value Node: ex:measurement_Potassium_2823-3
	Result Path: <https://w3id.org/shexmap/resource/ontology-schema/d285f599-dc2e-4bd0-83f1-df21defa8821/hasResult>
	Message: Only the 24 properties declared in the CHR schema (plus rdf:type and rdfs:label) may be used on an individual.
Constraint Violation in ClosedConstraintComponent (http://www.w3.org/ns/shacl#ClosedConstraintComponent):
	Severity: sh:Violation
	Source Shape: chr:SchemaPropertyVocabularyShape
	Focus Node: ex:process_potassium_serum_20260121T154723
	Value Node: ex:status_completed
	Result Path: <https://w3id.org/shexmap/resource/ontology-schema/d285f599-dc2e-4bd0-83f1-df21defa8821/hasStatus>
	Message: Only the 24 properties declared in the CHR schema (plus rdf:type and rdfs:label) may be used on an individual.
Constraint Violation in ClosedConstraintComponent (http://www.w3.org/ns/shacl#ClosedConstraintComponent):
	Severity: sh:Violation
	Source Shape: chr:SchemaPropertyVocabularyShape
	Focus Node: ex:process_protein_urine_20260121T154723
	Value Node: Literal("2026-01-21T15:47:23+01:00" = 2026-01-21 15:47:23+01:00, datatype=xsd:dateTime)
	Result Path: <https://w3id.org/shexmap/resource/ontology-schema/d285f599-dc2e-4bd0-83f1-df21defa8821/hasPerformedDate>
	Message: Only the 24 properties declared in the CHR schema (plus rdf:type and rdfs:label) may be used on an individual.
Constraint Violation in ClosedConstraintComponent (http://www.w3.org/ns/shacl#ClosedConstraintComponent):
	Severity: sh:Violation
	Source Shape: chr:SchemaPropertyVocabularyShape
	Focus Node: ex:process_protein_urine_20260121T154723
	Value Node: ex:Arlen68_Olson653
	Result Path: <https://w3id.org/shexmap/resource/ontology-schema/d285f599-dc2e-4bd0-83f1-df21defa8821/hasPatient>
	Message: Only the 24 properties declared in the CHR schema (plus rdf:type and rdfs:label) may be used on an individual.
Constraint Violation in ClosedConstraintComponent (http://www.w3.org/ns/shacl#ClosedConstraintComponent):
	Severity: sh:Violation
	Source Shape: chr:SchemaPropertyVocabularyShape
	Focus Node: ex:process_protein_urine_20260121T154723
	Value Node: ex:Dr_Domenic627_Blick895
	Result Path: <https://w3id.org/shexmap/resource/ontology-schema/d285f599-dc2e-4bd0-83f1-df21defa8821/hasPerformer>
	Message: Only the 24 properties declared in the CHR schema (plus rdf:type and rdfs:label) may be used on an individual.
Constraint Violation in ClosedConstraintComponent (http://www.w3.org/ns/shacl#ClosedConstraintComponent):
	Severity: sh:Violation
	Source Shape: chr:SchemaPropertyVocabularyShape
	Focus Node: ex:process_protein_urine_20260121T154723
	Value Node: ex:measurement_Protein_5804-0
	Result Path: <https://w3id.org/shexmap/resource/ontology-schema/d285f599-dc2e-4bd0-83f1-df21defa8821/hasResult>
	Message: Only the 24 properties declared in the CHR schema (plus rdf:type and rdfs:label) may be used on an individual.
Constraint Violation in ClosedConstraintComponent (http://www.w3.org/ns/shacl#ClosedConstraintComponent):
	Severity: sh:Violation
	Source Shape: chr:SchemaPropertyVocabularyShape
	Focus Node: ex:process_protein_urine_20260121T154723
	Value Node: ex:status_completed
	Result Path: <https://w3id.org/shexmap/resource/ontology-schema/d285f599-dc2e-4bd0-83f1-df21defa8821/hasStatus>
	Message: Only the 24 properties declared in the CHR schema (plus rdf:type and rdfs:label) may be used on an individual.
Constraint Violation in ClosedConstraintComponent (http://www.w3.org/ns/shacl#ClosedConstraintComponent):
	Severity: sh:Violation
	Source Shape: chr:SchemaPropertyVocabularyShape
	Focus Node: ex:process_respiratory_rate_20260121T154723
	Value Node: Literal("2026-01-21T15:47:23+01:00" = 2026-01-21 15:47:23+01:00, datatype=xsd:dateTime)
	Result Path: <https://w3id.org/shexmap/resource/ontology-schema/d285f599-dc2e-4bd0-83f1-df21defa8821/hasPerformedDate>
	Message: Only the 24 properties declared in the CHR schema (plus rdf:type and rdfs:label) may be used on an individual.
Constraint Violation in ClosedConstraintComponent (http://www.w3.org/ns/shacl#ClosedConstraintComponent):
	Severity: sh:Violation
	Source Shape: chr:SchemaPropertyVocabularyShape
	Focus Node: ex:process_respiratory_rate_20260121T154723
	Value Node: ex:Arlen68_Olson653
	Result Path: <https://w3id.org/shexmap/resource/ontology-schema/d285f599-dc2e-4bd0-83f1-df21defa8821/hasPatient>
	Message: Only the 24 properties declared in the CHR schema (plus rdf:type and rdfs:label) may be used on an individual.
Constraint Violation in ClosedConstraintComponent (http://www.w3.org/ns/shacl#ClosedConstraintComponent):
	Severity: sh:Violation
	Source Shape: chr:SchemaPropertyVocabularyShape
	Focus Node: ex:process_respiratory_rate_20260121T154723
	Value Node: ex:Dr_Domenic627_Blick895
	Result Path: <https://w3id.org/shexmap/resource/ontology-schema/d285f599-dc2e-4bd0-83f1-df21defa8821/hasPerformer>
	Message: Only the 24 properties declared in the CHR schema (plus rdf:type and rdfs:label) may be used on an individual.
Constraint Violation in ClosedConstraintComponent (http://www.w3.org/ns/shacl#ClosedConstraintComponent):
	Severity: sh:Violation
	Source Shape: chr:SchemaPropertyVocabularyShape
	Focus Node: ex:process_respiratory_rate_20260121T154723
	Value Node: ex:measurement_Respiratory_rate_9279-1
	Result Path: <https://w3id.org/shexmap/resource/ontology-schema/d285f599-dc2e-4bd0-83f1-df21defa8821/hasResult>
	Message: Only the 24 properties declared in the CHR schema (plus rdf:type and rdfs:label) may be used on an individual.
Constraint Violation in ClosedConstraintComponent (http://www.w3.org/ns/shacl#ClosedConstraintComponent):
	Severity: sh:Violation
	Source Shape: chr:SchemaPropertyVocabularyShape
	Focus Node: ex:process_respiratory_rate_20260121T154723
	Value Node: ex:status_completed
	Result Path: <https://w3id.org/shexmap/resource/ontology-schema/d285f599-dc2e-4bd0-83f1-df21defa8821/hasStatus>
	Message: Only the 24 properties declared in the CHR schema (plus rdf:type and rdfs:label) may be used on an individual.
Constraint Violation in ClosedConstraintComponent (http://www.w3.org/ns/shacl#ClosedConstraintComponent):
	Severity: sh:Violation
	Source Shape: chr:SchemaPropertyVocabularyShape
	Focus Node: ex:process_sodium_blood_20260121T154723
	Value Node: Literal("2026-01-21T15:47:23+01:00" = 2026-01-21 15:47:23+01:00, datatype=xsd:dateTime)
	Result Path: <https://w3id.org/shexmap/resource/ontology-schema/d285f599-dc2e-4bd0-83f1-df21defa8821/hasPerformedDate>
	Message: Only the 24 properties declared in the CHR schema (plus rdf:type and rdfs:label) may be used on an individual.
Constraint Violation in ClosedConstraintComponent (http://www.w3.org/ns/shacl#ClosedConstraintComponent):
	Severity: sh:Violation
	Source Shape: chr:SchemaPropertyVocabularyShape
	Focus Node: ex:process_sodium_blood_20260121T154723
	Value Node: ex:Arlen68_Olson653
	Result Path: <https://w3id.org/shexmap/resource/ontology-schema/d285f599-dc2e-4bd0-83f1-df21defa8821/hasPatient>
	Message: Only the 24 properties declared in the CHR schema (plus rdf:type and rdfs:label) may be used on an individual.
Constraint Violation in ClosedConstraintComponent (http://www.w3.org/ns/shacl#ClosedConstraintComponent):
	Severity: sh:Violation
	Source Shape: chr:SchemaPropertyVocabularyShape
	Focus Node: ex:process_sodium_blood_20260121T154723
	Value Node: ex:Dr_Domenic627_Blick895
	Result Path: <https://w3id.org/shexmap/resource/ontology-schema/d285f599-dc2e-4bd0-83f1-df21defa8821/hasPerformer>
	Message: Only the 24 properties declared in the CHR schema (plus rdf:type and rdfs:label) may be used on an individual.
Constraint Violation in ClosedConstraintComponent (http://www.w3.org/ns/shacl#ClosedConstraintComponent):
	Severity: sh:Violation
	Source Shape: chr:SchemaPropertyVocabularyShape
	Focus Node: ex:process_sodium_blood_20260121T154723
	Value Node: ex:measurement_Sodium_Blood_2947-0
	Result Path: <https://w3id.org/shexmap/resource/ontology-schema/d285f599-dc2e-4bd0-83f1-df21defa8821/hasResult>
	Message: Only the 24 properties declared in the CHR schema (plus rdf:type and rdfs:label) may be used on an individual.
Constraint Violation in ClosedConstraintComponent (http://www.w3.org/ns/shacl#ClosedConstraintComponent):
	Severity: sh:Violation
	Source Shape: chr:SchemaPropertyVocabularyShape
	Focus Node: ex:process_sodium_blood_20260121T154723
	Value Node: ex:status_completed
	Result Path: <https://w3id.org/shexmap/resource/ontology-schema/d285f599-dc2e-4bd0-83f1-df21defa8821/hasStatus>
	Message: Only the 24 properties declared in the CHR schema (plus rdf:type and rdfs:label) may be used on an individual.
Constraint Violation in ClosedConstraintComponent (http://www.w3.org/ns/shacl#ClosedConstraintComponent):
	Severity: sh:Violation
	Source Shape: chr:SchemaPropertyVocabularyShape
	Focus Node: ex:process_sodium_serum_20260121T154723
	Value Node: Literal("2026-01-21T15:47:23+01:00" = 2026-01-21 15:47:23+01:00, datatype=xsd:dateTime)
	Result Path: <https://w3id.org/shexmap/resource/ontology-schema/d285f599-dc2e-4bd0-83f1-df21defa8821/hasPerformedDate>
	Message: Only the 24 properties declared in the CHR schema (plus rdf:type and rdfs:label) may be used on an individual.
Constraint Violation in ClosedConstraintComponent (http://www.w3.org/ns/shacl#ClosedConstraintComponent):
	Severity: sh:Violation
	Source Shape: chr:SchemaPropertyVocabularyShape
	Focus Node: ex:process_sodium_serum_20260121T154723
	Value Node: ex:Arlen68_Olson653
	Result Path: <https://w3id.org/shexmap/resource/ontology-schema/d285f599-dc2e-4bd0-83f1-df21defa8821/hasPatient>
	Message: Only the 24 properties declared in the CHR schema (plus rdf:type and rdfs:label) may be used on an individual.
Constraint Violation in ClosedConstraintComponent (http://www.w3.org/ns/shacl#ClosedConstraintComponent):
	Severity: sh:Violation
	Source Shape: chr:SchemaPropertyVocabularyShape
	Focus Node: ex:process_sodium_serum_20260121T154723
	Value Node: ex:Dr_Domenic627_Blick895
	Result Path: <https://w3id.org/shexmap/resource/ontology-schema/d285f599-dc2e-4bd0-83f1-df21defa8821/hasPerformer>
	Message: Only the 24 properties declared in the CHR schema (plus rdf:type and rdfs:label) may be used on an individual.
Constraint Violation in ClosedConstraintComponent (http://www.w3.org/ns/shacl#ClosedConstraintComponent):
	Severity: sh:Violation
	Source Shape: chr:SchemaPropertyVocabularyShape
	Focus Node: ex:process_sodium_serum_20260121T154723
	Value Node: ex:measurement_Sodium_2951-2
	Result Path: <https://w3id.org/shexmap/resource/ontology-schema/d285f599-dc2e-4bd0-83f1-df21defa8821/hasResult>
	Message: Only the 24 properties declared in the CHR schema (plus rdf:type and rdfs:label) may be used on an individual.
Constraint Violation in ClosedConstraintComponent (http://www.w3.org/ns/shacl#ClosedConstraintComponent):
	Severity: sh:Violation
	Source Shape: chr:SchemaPropertyVocabularyShape
	Focus Node: ex:process_sodium_serum_20260121T154723
	Value Node: ex:status_completed
	Result Path: <https://w3id.org/shexmap/resource/ontology-schema/d285f599-dc2e-4bd0-83f1-df21defa8821/hasStatus>
	Message: Only the 24 properties declared in the CHR schema (plus rdf:type and rdfs:label) may be used on an individual.
Constraint Violation in ClosedConstraintComponent (http://www.w3.org/ns/shacl#ClosedConstraintComponent):
	Severity: sh:Violation
	Source Shape: chr:SchemaPropertyVocabularyShape
	Focus Node: ex:process_spec_gravity_urine_20260121T154723
	Value Node: Literal("2026-01-21T15:47:23+01:00" = 2026-01-21 15:47:23+01:00, datatype=xsd:dateTime)
	Result Path: <https://w3id.org/shexmap/resource/ontology-schema/d285f599-dc2e-4bd0-83f1-df21defa8821/hasPerformedDate>
	Message: Only the 24 properties declared in the CHR schema (plus rdf:type and rdfs:label) may be used on an individual.
Constraint Violation in ClosedConstraintComponent (http://www.w3.org/ns/shacl#ClosedConstraintComponent):
	Severity: sh:Violation
	Source Shape: chr:SchemaPropertyVocabularyShape
	Focus Node: ex:process_spec_gravity_urine_20260121T154723
	Value Node: ex:Arlen68_Olson653
	Result Path: <https://w3id.org/shexmap/resource/ontology-schema/d285f599-dc2e-4bd0-83f1-df21defa8821/hasPatient>
	Message: Only the 24 properties declared in the CHR schema (plus rdf:type and rdfs:label) may be used on an individual.
Constraint Violation in ClosedConstraintComponent (http://www.w3.org/ns/shacl#ClosedConstraintComponent):
	Severity: sh:Violation
	Source Shape: chr:SchemaPropertyVocabularyShape
	Focus Node: ex:process_spec_gravity_urine_20260121T154723
	Value Node: ex:Dr_Domenic627_Blick895
	Result Path: <https://w3id.org/shexmap/resource/ontology-schema/d285f599-dc2e-4bd0-83f1-df21defa8821/hasPerformer>
	Message: Only the 24 properties declared in the CHR schema (plus rdf:type and rdfs:label) may be used on an individual.
Constraint Violation in ClosedConstraintComponent (http://www.w3.org/ns/shacl#ClosedConstraintComponent):
	Severity: sh:Violation
	Source Shape: chr:SchemaPropertyVocabularyShape
	Focus Node: ex:process_spec_gravity_urine_20260121T154723
	Value Node: ex:measurement_Specific_gravity_5811-5
	Result Path: <https://w3id.org/shexmap/resource/ontology-schema/d285f599-dc2e-4bd0-83f1-df21defa8821/hasResult>
	Message: Only the 24 properties declared in the CHR schema (plus rdf:type and rdfs:label) may be used on an individual.
Constraint Violation in ClosedConstraintComponent (http://www.w3.org/ns/shacl#ClosedConstraintComponent):
	Severity: sh:Violation
	Source Shape: chr:SchemaPropertyVocabularyShape
	Focus Node: ex:process_spec_gravity_urine_20260121T154723
	Value Node: ex:status_completed
	Result Path: <https://w3id.org/shexmap/resource/ontology-schema/d285f599-dc2e-4bd0-83f1-df21defa8821/hasStatus>
	Message: Only the 24 properties declared in the CHR schema (plus rdf:type and rdfs:label) may be used on an individual.
Constraint Violation in ClosedConstraintComponent (http://www.w3.org/ns/shacl#ClosedConstraintComponent):
	Severity: sh:Violation
	Source Shape: chr:SchemaPropertyVocabularyShape
	Focus Node: ex:process_urea_nitrogen_blood_20260121T154723
	Value Node: Literal("2026-01-21T15:47:23+01:00" = 2026-01-21 15:47:23+01:00, datatype=xsd:dateTime)
	Result Path: <https://w3id.org/shexmap/resource/ontology-schema/d285f599-dc2e-4bd0-83f1-df21defa8821/hasPerformedDate>
	Message: Only the 24 properties declared in the CHR schema (plus rdf:type and rdfs:label) may be used on an individual.
Constraint Violation in ClosedConstraintComponent (http://www.w3.org/ns/shacl#ClosedConstraintComponent):
	Severity: sh:Violation
	Source Shape: chr:SchemaPropertyVocabularyShape
	Focus Node: ex:process_urea_nitrogen_blood_20260121T154723
	Value Node: ex:Arlen68_Olson653
	Result Path: <https://w3id.org/shexmap/resource/ontology-schema/d285f599-dc2e-4bd0-83f1-df21defa8821/hasPatient>
	Message: Only the 24 properties declared in the CHR schema (plus rdf:type and rdfs:label) may be used on an individual.
Constraint Violation in ClosedConstraintComponent (http://www.w3.org/ns/shacl#ClosedConstraintComponent):
	Severity: sh:Violation
	Source Shape: chr:SchemaPropertyVocabularyShape
	Focus Node: ex:process_urea_nitrogen_blood_20260121T154723
	Value Node: ex:Dr_Domenic627_Blick895
	Result Path: <https://w3id.org/shexmap/resource/ontology-schema/d285f599-dc2e-4bd0-83f1-df21defa8821/hasPerformer>
	Message: Only the 24 properties declared in the CHR schema (plus rdf:type and rdfs:label) may be used on an individual.
Constraint Violation in ClosedConstraintComponent (http://www.w3.org/ns/shacl#ClosedConstraintComponent):
	Severity: sh:Violation
	Source Shape: chr:SchemaPropertyVocabularyShape
	Focus Node: ex:process_urea_nitrogen_blood_20260121T154723
	Value Node: ex:measurement_Urea_nitrogen_Blood_6299-2
	Result Path: <https://w3id.org/shexmap/resource/ontology-schema/d285f599-dc2e-4bd0-83f1-df21defa8821/hasResult>
	Message: Only the 24 properties declared in the CHR schema (plus rdf:type and rdfs:label) may be used on an individual.
Constraint Violation in ClosedConstraintComponent (http://www.w3.org/ns/shacl#ClosedConstraintComponent):
	Severity: sh:Violation
	Source Shape: chr:SchemaPropertyVocabularyShape
	Focus Node: ex:process_urea_nitrogen_blood_20260121T154723
	Value Node: ex:status_completed
	Result Path: <https://w3id.org/shexmap/resource/ontology-schema/d285f599-dc2e-4bd0-83f1-df21defa8821/hasStatus>
	Message: Only the 24 properties declared in the CHR schema (plus rdf:type and rdfs:label) may be used on an individual.
Constraint Violation in ClosedConstraintComponent (http://www.w3.org/ns/shacl#ClosedConstraintComponent):
	Severity: sh:Violation
	Source Shape: chr:SchemaPropertyVocabularyShape
	Focus Node: ex:process_urea_nitrogen_serum_20260121T154723
	Value Node: Literal("2026-01-21T15:47:23+01:00" = 2026-01-21 15:47:23+01:00, datatype=xsd:dateTime)
	Result Path: <https://w3id.org/shexmap/resource/ontology-schema/d285f599-dc2e-4bd0-83f1-df21defa8821/hasPerformedDate>
	Message: Only the 24 properties declared in the CHR schema (plus rdf:type and rdfs:label) may be used on an individual.
Constraint Violation in ClosedConstraintComponent (http://www.w3.org/ns/shacl#ClosedConstraintComponent):
	Severity: sh:Violation
	Source Shape: chr:SchemaPropertyVocabularyShape
	Focus Node: ex:process_urea_nitrogen_serum_20260121T154723
	Value Node: ex:Arlen68_Olson653
	Result Path: <https://w3id.org/shexmap/resource/ontology-schema/d285f599-dc2e-4bd0-83f1-df21defa8821/hasPatient>
	Message: Only the 24 properties declared in the CHR schema (plus rdf:type and rdfs:label) may be used on an individual.
Constraint Violation in ClosedConstraintComponent (http://www.w3.org/ns/shacl#ClosedConstraintComponent):
	Severity: sh:Violation
	Source Shape: chr:SchemaPropertyVocabularyShape
	Focus Node: ex:process_urea_nitrogen_serum_20260121T154723
	Value Node: ex:Dr_Domenic627_Blick895
	Result Path: <https://w3id.org/shexmap/resource/ontology-schema/d285f599-dc2e-4bd0-83f1-df21defa8821/hasPerformer>
	Message: Only the 24 properties declared in the CHR schema (plus rdf:type and rdfs:label) may be used on an individual.
Constraint Violation in ClosedConstraintComponent (http://www.w3.org/ns/shacl#ClosedConstraintComponent):
	Severity: sh:Violation
	Source Shape: chr:SchemaPropertyVocabularyShape
	Focus Node: ex:process_urea_nitrogen_serum_20260121T154723
	Value Node: ex:measurement_Urea_nitrogen_3094-0
	Result Path: <https://w3id.org/shexmap/resource/ontology-schema/d285f599-dc2e-4bd0-83f1-df21defa8821/hasResult>
	Message: Only the 24 properties declared in the CHR schema (plus rdf:type and rdfs:label) may be used on an individual.
Constraint Violation in ClosedConstraintComponent (http://www.w3.org/ns/shacl#ClosedConstraintComponent):
	Severity: sh:Violation
	Source Shape: chr:SchemaPropertyVocabularyShape
	Focus Node: ex:process_urea_nitrogen_serum_20260121T154723
	Value Node: ex:status_completed
	Result Path: <https://w3id.org/shexmap/resource/ontology-schema/d285f599-dc2e-4bd0-83f1-df21defa8821/hasStatus>
	Message: Only the 24 properties declared in the CHR schema (plus rdf:type and rdfs:label) may be used on an individual.
Constraint Violation in ClosedConstraintComponent (http://www.w3.org/ns/shacl#ClosedConstraintComponent):
	Severity: sh:Violation
	Source Shape: chr:SchemaPropertyVocabularyShape
	Focus Node: ex:process_weight_20260121T154723
	Value Node: Literal("2026-01-21T15:47:23+01:00" = 2026-01-21 15:47:23+01:00, datatype=xsd:dateTime)
	Result Path: <https://w3id.org/shexmap/resource/ontology-schema/d285f599-dc2e-4bd0-83f1-df21defa8821/hasPerformedDate>
	Message: Only the 24 properties declared in the CHR schema (plus rdf:type and rdfs:label) may be used on an individual.
Constraint Violation in ClosedConstraintComponent (http://www.w3.org/ns/shacl#ClosedConstraintComponent):
	Severity: sh:Violation
	Source Shape: chr:SchemaPropertyVocabularyShape
	Focus Node: ex:process_weight_20260121T154723
	Value Node: ex:Arlen68_Olson653
	Result Path: <https://w3id.org/shexmap/resource/ontology-schema/d285f599-dc2e-4bd0-83f1-df21defa8821/hasPatient>
	Message: Only the 24 properties declared in the CHR schema (plus rdf:type and rdfs:label) may be used on an individual.
Constraint Violation in ClosedConstraintComponent (http://www.w3.org/ns/shacl#ClosedConstraintComponent):
	Severity: sh:Violation
	Source Shape: chr:SchemaPropertyVocabularyShape
	Focus Node: ex:process_weight_20260121T154723
	Value Node: ex:Dr_Domenic627_Blick895
	Result Path: <https://w3id.org/shexmap/resource/ontology-schema/d285f599-dc2e-4bd0-83f1-df21defa8821/hasPerformer>
	Message: Only the 24 properties declared in the CHR schema (plus rdf:type and rdfs:label) may be used on an individual.
Constraint Violation in ClosedConstraintComponent (http://www.w3.org/ns/shacl#ClosedConstraintComponent):
	Severity: sh:Violation
	Source Shape: chr:SchemaPropertyVocabularyShape
	Focus Node: ex:process_weight_20260121T154723
	Value Node: ex:measurement_Body_Weight_29463-7
	Result Path: <https://w3id.org/shexmap/resource/ontology-schema/d285f599-dc2e-4bd0-83f1-df21defa8821/hasResult>
	Message: Only the 24 properties declared in the CHR schema (plus rdf:type and rdfs:label) may be used on an individual.
Constraint Violation in ClosedConstraintComponent (http://www.w3.org/ns/shacl#ClosedConstraintComponent):
	Severity: sh:Violation
	Source Shape: chr:SchemaPropertyVocabularyShape
	Focus Node: ex:process_weight_20260121T154723
	Value Node: ex:status_completed
	Result Path: <https://w3id.org/shexmap/resource/ontology-schema/d285f599-dc2e-4bd0-83f1-df21defa8821/hasStatus>
	Message: Only the 24 properties declared in the CHR schema (plus rdf:type and rdfs:label) may be used on an individual.
Constraint Violation in HasValueConstraintComponent (http://www.w3.org/ns/shacl#HasValueConstraintComponent):
	Severity: sh:Violation
	Source Shape: [ sh:hasValue chr:CHRConcept ; sh:message Literal("rdf:type must be a class declared in the CHR schema (a subclass of chr:CHRConcept); this class is not in the schema.") ; sh:path [ sh:zeroOrMorePath rdfs:subClassOf ] ]
	Focus Node: ns1:DiagnosticStatement
	Result Path: [ sh:zeroOrMorePath rdfs:subClassOf ]
	Message: rdf:type must be a class declared in the CHR schema (a subclass of chr:CHRConcept); this class is not in the schema.
Constraint Violation in HasValueConstraintComponent (http://www.w3.org/ns/shacl#HasValueConstraintComponent):
	Severity: sh:Violation
	Source Shape: [ sh:hasValue chr:CHRConcept ; sh:message Literal("rdf:type must be a class declared in the CHR schema (a subclass of chr:CHRConcept); this class is not in the schema.") ; sh:path [ sh:zeroOrMorePath rdfs:subClassOf ] ]
	Focus Node: ns1:Measurement
	Result Path: [ sh:zeroOrMorePath rdfs:subClassOf ]
	Message: rdf:type must be a class declared in the CHR schema (a subclass of chr:CHRConcept); this class is not in the schema.
Constraint Violation in HasValueConstraintComponent (http://www.w3.org/ns/shacl#HasValueConstraintComponent):
	Severity: sh:Violation
	Source Shape: [ sh:hasValue chr:CHRConcept ; sh:message Literal("rdf:type must be a class declared in the CHR schema (a subclass of chr:CHRConcept); this class is not in the schema.") ; sh:path [ sh:zeroOrMorePath rdfs:subClassOf ] ]
	Focus Node: ns1:MeasurementProcess
	Result Path: [ sh:zeroOrMorePath rdfs:subClassOf ]
	Message: rdf:type must be a class declared in the CHR schema (a subclass of chr:CHRConcept); this class is not in the schema.
Constraint Violation in HasValueConstraintComponent (http://www.w3.org/ns/shacl#HasValueConstraintComponent):
	Severity: sh:Violation
	Source Shape: [ sh:hasValue chr:CHRConcept ; sh:message Literal("rdf:type must be a class declared in the CHR schema (a subclass of chr:CHRConcept); this class is not in the schema.") ; sh:path [ sh:zeroOrMorePath rdfs:subClassOf ] ]
	Focus Node: ns1:ProcessStatus
	Result Path: [ sh:zeroOrMorePath rdfs:subClassOf ]
	Message: rdf:type must be a class declared in the CHR schema (a subclass of chr:CHRConcept); this class is not in the schema.
Constraint Violation in PatternConstraintComponent (http://www.w3.org/ns/shacl#PatternConstraintComponent):
	Severity: sh:Violation
	Source Shape: chr:SchemaClassVocabularyShape
	Focus Node: ns1:DiagnosticStatement
	Value Node: ns1:DiagnosticStatement
	Message: rdf:type must be a class declared in the CHR schema; this class is not in the schema.
Constraint Violation in PatternConstraintComponent (http://www.w3.org/ns/shacl#PatternConstraintComponent):
	Severity: sh:Violation
	Source Shape: chr:SchemaClassVocabularyShape
	Focus Node: ns1:Measurement
	Value Node: ns1:Measurement
	Message: rdf:type must be a class declared in the CHR schema; this class is not in the schema.
Constraint Violation in PatternConstraintComponent (http://www.w3.org/ns/shacl#PatternConstraintComponent):
	Severity: sh:Violation
	Source Shape: chr:SchemaClassVocabularyShape
	Focus Node: ns1:MeasurementProcess
	Value Node: ns1:MeasurementProcess
	Message: rdf:type must be a class declared in the CHR schema; this class is not in the schema.
Constraint Violation in PatternConstraintComponent (http://www.w3.org/ns/shacl#PatternConstraintComponent):
	Severity: sh:Violation
	Source Shape: chr:SchemaClassVocabularyShape
	Focus Node: ns1:ProcessStatus
	Value Node: ns1:ProcessStatus
	Message: rdf:type must be a class declared in the CHR schema; this class is not in the schema.

exit=1
