[   0.1s] segmenting (orchestrator) ...
[  97.1s] 40 segments: s1[ClinicalVisit,Person,CareUnit,Person], s2[MeasurementProcess,Measurement], s3[MeasurementProcess,Measurement], s4[MeasurementProcess,Measurement], s5[MeasurementProcess,Measurement], s6[MeasurementProcess,Measurement], s7[MeasurementProcess,Measurement], s8[MeasurementProcess,Measurement], s9[MeasurementProcess,Measurement], s10[MeasurementProcess,Measurement], s11[MeasurementProcess,Measurement], s12[MeasurementProcess,Measurement], s13[MeasurementProcess,Measurement], s14[MeasurementProcess,Measurement], s15[MeasurementProcess,Measurement], s16[MeasurementProcess,Measurement], s17[MeasurementProcess,Measurement], s18[MeasurementProcess,Measurement], s19[MeasurementProcess,Measurement,Severity], s20[MeasurementProcess,Measurement], s21[MeasurementProcess,Measurement], s22[MeasurementProcess,Measurement], s23[MeasurementProcess,Measurement], s24[MeasurementProcess,Measurement], s25[MeasurementProcess,Measurement], s26[MeasurementProcess,Measurement], s27[MeasurementProcess,Measurement], s28[MeasurementProcess,Measurement], s29[MeasurementProcess,Measurement], s30[MeasurementProcess,Measurement], s31[MeasurementProcess,Measurement], s32[MeasurementProcess,Measurement], s33[MeasurementProcess,Measurement], s34[MeasurementProcess,Measurement], s35[MeasurementProcess,Measurement], s36[MeasurementProcess,Measurement], s37[MeasurementProcess,Measurement], s38[MeasurementProcess,Measurement], s39[EvaluationProcess,DiagnosticStatement,ClinicalCondition], s40[CarePlan]
[  97.1s] build order: [CareUnit, DiagnosticStatement, Measurement, Person, Severity] -> [ClinicalCondition, MeasurementProcess] -> [EvaluationProcess] -> [CarePlan, ClinicalVisit]
[  97.1s] level 0: 5 agent(s), 0 known entities
[  97.1s]   CareUnit: extracting (249 chars, 1 classes in view)
[  97.1s]   DiagnosticStatement: extracting (236 chars, 1 classes in view)
[  97.1s]   Measurement: extracting (8963 chars, 2 classes in view)
[  97.1s]   Person: extracting (249 chars, 1 classes in view)
[ 103.5s]   CareUnit: cycle 0 -> conforms
[ 103.5s]   Severity: extracting (257 chars, 1 classes in view)
[ 104.0s]   DiagnosticStatement: cycle 0 -> conforms
[ 104.1s]   Person: cycle 0 -> conforms
[ 108.6s]   Severity: cycle 0 -> 5 violation(s)
[ 108.6s]   Severity: fixing ...
[ 113.7s]   Severity: cycle 1 -> 5 violation(s)
[ 113.7s]   Severity: stopping (plateau)
[ 215.8s]   Measurement: dropped 12 individual(s) of other classes (already built by earlier levels)
[ 215.8s]   Measurement: cycle 0 -> 12 violation(s)
[ 215.8s]   Measurement: fixing ...
https://biomedit.ch/rdf/sphn-resource/ucum/{cblscorecbr} does not look like a valid URI, trying to serialize this will break.
https://biomedit.ch/rdf/sphn-resource/ucum/kgper m2 does not look like a valid URI, trying to serialize this will break.
https://biomedit.ch/rdf/sphn-resource/ucum/mLpermin{cbl1dot73sbr} does not look like a valid URI, trying to serialize this will break.
[ 317.8s]   Measurement: cycle 1 -> 3 violation(s)
[ 317.8s]   Measurement: fixing ...
[ 419.7s]   Measurement: cycle 2 -> conforms
[ 419.7s] level 1: 2 agent(s), 54 known entities
[ 419.7s]   ClinicalCondition: extracting (236 chars, 3 classes in view)
[ 419.7s]   MeasurementProcess: extracting (8963 chars, 6 classes in view)
[ 426.9s]   ClinicalCondition: cycle 0 -> 12 violation(s)
[ 426.9s]   ClinicalCondition: fixing ...
[ 433.4s]   ClinicalCondition: cycle 1 -> 12 violation(s)
[ 433.4s]   ClinicalCondition: stopping (plateau)
[ 621.7s]   MeasurementProcess: cycle 0 -> 752 violation(s)
[ 621.7s]   MeasurementProcess: fixing ...
[ 828.8s]   MeasurementProcess: cycle 1 -> 752 violation(s)
[ 828.8s]   MeasurementProcess: stopping (plateau)
[ 828.8s] level 2: 1 agent(s), 130 known entities
[ 828.8s]   EvaluationProcess: extracting (236 chars, 7 classes in view)
[ 839.1s]   EvaluationProcess: cycle 0 -> 759 violation(s)
[ 839.1s]   EvaluationProcess: fixing ...
[ 853.0s]   EvaluationProcess: cycle 1 -> 759 violation(s)
[ 853.0s]   EvaluationProcess: stopping (plateau)
[ 853.1s] level 3: 2 agent(s), 132 known entities
[ 853.1s]   CarePlan: extracting (9717 chars, 4 classes in view)
[ 853.1s]   ClinicalVisit: extracting (9717 chars, 5 classes in view)
[ 863.5s]   CarePlan: cycle 0 -> 759 violation(s)
[ 863.5s]   CarePlan: fixing ...
[ 872.4s]   CarePlan: cycle 1 -> 759 violation(s)
[ 872.4s]   CarePlan: stopping (plateau)
[ 974.3s]   ClinicalVisit: cycle 0 -> 759 violation(s)
[ 974.3s]   ClinicalVisit: fixing ...
[1213.7s]   ClinicalVisit: cycle 1 -> 833 violation(s)
[1213.7s]   ClinicalVisit: fixing ...
[1352.7s]   ClinicalVisit: cycle 2 -> 1 violation(s)
[1352.7s]   ClinicalVisit: stopping (fix budget spent)
[1353.0s] merging (orchestrator): 759 violation(s), 0 unresolved, 1 unparsed
[1353.3s] merge FAILED (Error code: 400 - {'error': {'message': "litellm.ContextWindowExceededError: lit...) - returning the un-merged union
[1353.5s] final: 759 violation(s)
conforms=False segments=10 llm_calls=21 unresolved=0
  orchestrator   1 calls     5011 in    5536 out  cost n/a  gemma4-g1
  total         20 calls   183435 in   72612 out  cost n/a  
  worker        19 calls   178424 in   67076 out  cost n/a  gemma4-g1
Constraint Violation in UndeclaredClass:
	Severity: sh:Violation
	Focus Node: http://example.org/data/Measurement_bilirubin_20505_4
	Message: https://w3id.org/shexmap/resource/ontology-schema/d285f599-dc2e-4bd0-83f1-df21defa8821/Measurement is not a class of the vocabulary
Constraint Violation in UndeclaredClass:
	Severity: sh:Violation
	Focus Node: http://example.org/data/Measurement_bmi_39156_5
	Message: https://w3id.org/shexmap/resource/ontology-schema/d285f599-dc2e-4bd0-83f1-df21defa8821/Measurement is not a class of the vocabulary
Constraint Violation in UndeclaredClass:
	Severity: sh:Violation
	Focus Node: http://example.org/data/Measurement_calcium_17861_6
	Message: https://w3id.org/shexmap/resource/ontology-schema/d285f599-dc2e-4bd0-83f1-df21defa8821/Measurement is not a class of the vocabulary
Constraint Violation in UndeclaredClass:
	Severity: sh:Violation
	Focus Node: http://example.org/data/Measurement_calcium_49765_1
	Message: https://w3id.org/shexmap/resource/ontology-schema/d285f599-dc2e-4bd0-83f1-df21defa8821/Measurement is not a class of the vocabulary
Constraint Violation in UndeclaredClass:
	Severity: sh:Violation
	Focus Node: http://example.org/data/Measurement_chloride_2069_3
	Message: https://w3id.org/shexmap/resource/ontology-schema/d285f599-dc2e-4bd0-83f1-df21defa8821/Measurement is not a class of the vocabulary
Constraint Violation in UndeclaredClass:
	Severity: sh:Violation
	Focus Node: http://example.org/data/Measurement_chloride_2075_0
	Message: https://w3id.org/shexmap/resource/ontology-schema/d285f599-dc2e-4bd0-83f1-df21defa8821/Measurement is not a class of the vocabulary
Constraint Violation in UndeclaredClass:
	Severity: sh:Violation
	Focus Node: http://example.org/data/Measurement_cholesterol_2093_3
	Message: https://w3id.org/shexmap/resource/ontology-schema/d285f599-dc2e-4bd0-83f1-df21defa8821/Measurement is not a class of the vocabulary
Constraint Violation in UndeclaredClass:
	Severity: sh:Violation
	Focus Node: http://example.org/data/Measurement_cholesterol_hdl_2085_9
	Message: https://w3id.org/shexmap/resource/ontology-schema/d285f599-dc2e-4bd0-83f1-df21defa8821/Measurement is not a class of the vocabulary
Constraint Violation in UndeclaredClass:
	Severity: sh:Violation
	Focus Node: http://example.org/data/Measurement_cholesterol_ldl_18262_6
	Message: https://w3id.org/shexmap/resource/ontology-schema/d285f599-dc2e-4bd0-83f1-df21defa8821/Measurement is not a class of the vocabulary
Constraint Violation in UndeclaredClass:
	Severity: sh:Violation
	Focus Node: http://example.org/data/Measurement_co2_2028_9
	Message: https://w3id.org/shexmap/resource/ontology-schema/d285f599-dc2e-4bd0-83f1-df21defa8821/Measurement is not a class of the vocabulary
Constraint Violation in UndeclaredClass:
	Severity: sh:Violation
	Focus Node: http://example.org/data/Measurement_co2_20565_8
	Message: https://w3id.org/shexmap/resource/ontology-schema/d285f599-dc2e-4bd0-83f1-df21defa8821/Measurement is not a class of the vocabulary
Constraint Violation in UndeclaredClass:
	Severity: sh:Violation
	Focus Node: http://example.org/data/Measurement_creatinine_2160_0
	Message: https://w3id.org/shexmap/resource/ontology-schema/d285f599-dc2e-4bd0-83f1-df21defa8821/Measurement is not a class of the vocabulary
Constraint Violation in UndeclaredClass:
	Severity: sh:Violation
	Focus Node: http://example.org/data/Measurement_creatinine_38483_4
	Message: https://w3id.org/shexmap/resource/ontology-schema/d285f599-dc2e-4bd0-83f1-df21defa8821/Measurement is not a class of the vocabulary
Constraint Violation in UndeclaredClass:
	Severity: sh:Violation
	Focus Node: http://example.org/data/Measurement_gfr_33914_3_1
	Message: https://w3id.org/shexmap/resource/ontology-schema/d285f599-dc2e-4bd0-83f1-df21defa8821/Measurement is not a class of the vocabulary
Constraint Violation in UndeclaredClass:
	Severity: sh:Violation
	Focus Node: http://example.org/data/Measurement_gfr_33914_3_2
	Message: https://w3id.org/shexmap/resource/ontology-schema/d285f599-dc2e-4bd0-83f1-df21defa8821/Measurement is not a class of the vocabulary
Constraint Violation in UndeclaredClass:
	Severity: sh:Violation
	Focus Node: http://example.org/data/Measurement_glucose_2339_0
	Message: https://w3id.org/shexmap/resource/ontology-schema/d285f599-dc2e-4bd0-83f1-df21defa8821/Measurement is not a class of the vocabulary
Constraint Violation in UndeclaredClass:
	Severity: sh:Violation
	Focus Node: http://example.org/data/Measurement_glucose_2345_7
	Message: https://w3id.org/shexmap/resource/ontology-schema/d285f599-dc2e-4bd0-83f1-df21defa8821/Measurement is not a class of the vocabulary
Constraint Violation in UndeclaredClass:
	Severity: sh:Violation
	Focus Node: http://example.org/data/Measurement_glucose_5792_7
	Message: https://w3id.org/shexmap/resource/ontology-schema/d285f599-dc2e-4bd0-83f1-df21defa8821/Measurement is not a class of the vocabulary
Constraint Violation in UndeclaredClass:
	Severity: sh:Violation
	Focus Node: http://example.org/data/Measurement_hba1c_4548_4
	Message: https://w3id.org/shexmap/resource/ontology-schema/d285f599-dc2e-4bd0-83f1-df21defa8821/Measurement is not a class of the vocabulary
Constraint Violation in UndeclaredClass:
	Severity: sh:Violation
	Focus Node: http://example.org/data/Measurement_heart_rate_8867_4
	Message: https://w3id.org/shexmap/resource/ontology-schema/d285f599-dc2e-4bd0-83f1-df21defa8821/Measurement is not a class of the vocabulary
Constraint Violation in UndeclaredClass:
	Severity: sh:Violation
	Focus Node: http://example.org/data/Measurement_height_8302_2
	Message: https://w3id.org/shexmap/resource/ontology-schema/d285f599-dc2e-4bd0-83f1-df21defa8821/Measurement is not a class of the vocabulary
Constraint Violation in UndeclaredClass:
	Severity: sh:Violation
	Focus Node: http://example.org/data/Measurement_ketones_5797_6
	Message: https://w3id.org/shexmap/resource/ontology-schema/d285f599-dc2e-4bd0-83f1-df21defa8821/Measurement is not a class of the vocabulary
Constraint Violation in UndeclaredClass:
	Severity: sh:Violation
	Focus Node: http://example.org/data/Measurement_microalbumin_14959_1
	Message: https://w3id.org/shexmap/resource/ontology-schema/d285f599-dc2e-4bd0-83f1-df21defa8821/Measurement is not a class of the vocabulary
Constraint Violation in UndeclaredClass:
	Severity: sh:Violation
	Focus Node: http://example.org/data/Measurement_pain_72514_3
	Message: https://w3id.org/shexmap/resource/ontology-schema/d285f599-dc2e-4bd0-83f1-df21defa8821/Measurement is not a class of the vocabulary
Constraint Violation in UndeclaredClass:
	Severity: sh:Violation
	Focus Node: http://example.org/data/Measurement_ph_5803_2
	Message: https://w3id.org/shexmap/resource/ontology-schema/d285f599-dc2e-4bd0-83f1-df21defa8821/Measurement is not a class of the vocabulary
Constraint Violation in UndeclaredClass:
	Severity: sh:Violation
	Focus Node: http://example.org/data/Measurement_phq2_55758_7
	Message: https://w3id.org/shexmap/resource/ontology-schema/d285f599-dc2e-4bd0-83f1-df21defa8821/Measurement is not a class of the vocabulary
Constraint Violation in UndeclaredClass:
	Severity: sh:Violation
	Focus Node: http://example.org/data/Measurement_potassium_2823_3
	Message: https://w3id.org/shexmap/resource/ontology-schema/d285f599-dc2e-4bd0-83f1-df21defa8821/Measurement is not a class of the vocabulary
Constraint Violation in UndeclaredClass:
	Severity: sh:Violation
	Focus Node: http://example.org/data/Measurement_potassium_6298_4
	Message: https://w3id.org/shexmap/resource/ontology-schema/d285f599-dc2e-4bd0-83f1-df21defa8821/Measurement is not a class of the vocabulary
Constraint Violation in UndeclaredClass:
	Severity: sh:Violation
	Focus Node: http://example.org/data/Measurement_protein_5804_0
	Message: https://w3id.org/shexmap/resource/ontology-schema/d285f599-dc2e-4bd0-83f1-df21defa8821/Measurement is not a class of the vocabulary
Constraint Violation in UndeclaredClass:
	Severity: sh:Violation
	Focus Node: http://example.org/data/Measurement_resp_rate_9279_1
	Message: https://w3id.org/shexmap/resource/ontology-schema/d285f599-dc2e-4bd0-83f1-df21defa8821/Measurement is not a class of the vocabulary
Constraint Violation in UndeclaredClass:
	Severity: sh:Violation
	Focus Node: http://example.org/data/Measurement_sodium_2947_0
	Message: https://w3id.org/shexmap/resource/ontology-schema/d285f599-dc2e-4bd0-83f1-df21defa8821/Measurement is not a class of the vocabulary
Constraint Violation in UndeclaredClass:
	Severity: sh:Violation
	Focus Node: http://example.org/data/Measurement_sodium_2951_2
	Message: https://w3id.org/shexmap/resource/ontology-schema/d285f599-dc2e-4bd0-83f1-df21defa8821/Measurement is not a class of the vocabulary
Constraint Violation in UndeclaredClass:
	Severity: sh:Violation
	Focus Node: http://example.org/data/Measurement_spec_gravity_5811_5
	Message: https://w3id.org/shexmap/resource/ontology-schema/d285f599-dc2e-4bd0-83f1-df21defa8821/Measurement is not a class of the vocabulary
Constraint Violation in UndeclaredClass:
	Severity: sh:Violation
	Focus Node: http://example.org/data/Measurement_triglyceride_2571_8
	Message: https://w3id.org/shexmap/resource/ontology-schema/d285f599-dc2e-4bd0-83f1-df21defa8821/Measurement is not a class of the vocabulary
Constraint Violation in UndeclaredClass:
	Severity: sh:Violation
	Focus Node: http://example.org/data/Measurement_urea_3094_0
	Message: https://w3id.org/shexmap/resource/ontology-schema/d285f599-dc2e-4bd0-83f1-df21defa8821/Measurement is not a class of the vocabulary
Constraint Violation in UndeclaredClass:
	Severity: sh:Violation
	Focus Node: http://example.org/data/Measurement_urea_6299_2
	Message: https://w3id.org/shexmap/resource/ontology-schema/d285f599-dc2e-4bd0-83f1-df21defa8821/Measurement is not a class of the vocabulary
Constraint Violation in UndeclaredClass:
	Severity: sh:Violation
	Focus Node: http://example.org/data/Measurement_weight_29463_7
	Message: https://w3id.org/shexmap/resource/ontology-schema/d285f599-dc2e-4bd0-83f1-df21defa8821/Measurement is not a class of the vocabulary
Constraint Violation in UndeclaredClass:
	Severity: sh:Violation
	Focus Node: http://example.org/data/Medication_review_due_314529007
	Message: https://w3id.org/shexmap/resource/ontology-schema/d285f599-dc2e-4bd0-83f1-df21defa8821/ClinicalCondition is not a class of the vocabulary
Constraint Violation in UndeclaredClass:
	Severity: sh:Violation
	Focus Node: http://example.org/data/Pain_severity_0-10_verbal_numeric_rating_Score
	Message: https://w3id.org/shexmap/resource/ontology-schema/d285f599-dc2e-4bd0-83f1-df21defa8821/Severity is not a class of the vocabulary
Constraint Violation in UndeclaredClass:
	Severity: sh:Violation
	Focus Node: http://example.org/data/proc_bilirubin_20505_4
	Message: https://w3id.org/shexmap/resource/ontology-schema/d285f599-dc2e-4bd0-83f1-df21defa8821/MeasurementProcess is not a class of the vocabulary
Constraint Violation in UndeclaredClass:
	Severity: sh:Violation
	Focus Node: http://example.org/data/proc_bmi_39156_5
	Message: https://w3id.org/shexmap/resource/ontology-schema/d285f599-dc2e-4bd0-83f1-df21defa8821/MeasurementProcess is not a class of the vocabulary
Constraint Violation in UndeclaredClass:
	Severity: sh:Violation
	Focus Node: http://example.org/data/proc_calcium_17861_6
	Message: https://w3id.org/shexmap/resource/ontology-schema/d285f599-dc2e-4bd0-83f1-df21defa8821/MeasurementProcess is not a class of the vocabulary
Constraint Violation in UndeclaredClass:
	Severity: sh:Violation
	Focus Node: http://example.org/data/proc_calcium_49765_1
	Message: https://w3id.org/shexmap/resource/ontology-schema/d285f599-dc2e-4bd0-83f1-df21defa8821/MeasurementProcess is not a class of the vocabulary
Constraint Violation in UndeclaredClass:
	Severity: sh:Violation
	Focus Node: http://example.org/data/proc_chloride_2069_3
	Message: https://w3id.org/shexmap/resource/ontology-schema/d285f599-dc2e-4bd0-83f1-df21defa8821/MeasurementProcess is not a class of the vocabulary
Constraint Violation in UndeclaredClass:
	Severity: sh:Violation
	Focus Node: http://example.org/data/proc_chloride_2075_0
	Message: https://w3id.org/shexmap/resource/ontology-schema/d285f599-dc2e-4bd0-83f1-df21defa8821/MeasurementProcess is not a class of the vocabulary
Constraint Violation in UndeclaredClass:
	Severity: sh:Violation
	Focus Node: http://example.org/data/proc_cholesterol_2093_3
	Message: https://w3id.org/shexmap/resource/ontology-schema/d285f599-dc2e-4bd0-83f1-df21defa8821/MeasurementProcess is not a class of the vocabulary
Constraint Violation in UndeclaredClass:
	Severity: sh:Violation
	Focus Node: http://example.org/data/proc_cholesterol_hdl_2085_9
	Message: https://w3id.org/shexmap/resource/ontology-schema/d285f599-dc2e-4bd0-83f1-df21defa8821/MeasurementProcess is not a class of the vocabulary
Constraint Violation in UndeclaredClass:
	Severity: sh:Violation
	Focus Node: http://example.org/data/proc_cholesterol_ldl_18262_6
	Message: https://w3id.org/shexmap/resource/ontology-schema/d285f599-dc2e-4bd0-83f1-df21defa8821/MeasurementProcess is not a class of the vocabulary
Constraint Violation in UndeclaredClass:
	Severity: sh:Violation
	Focus Node: http://example.org/data/proc_co2_2028_9
	Message: https://w3id.org/shexmap/resource/ontology-schema/d285f599-dc2e-4bd0-83f1-df21defa8821/MeasurementProcess is not a class of the vocabulary
Constraint Violation in UndeclaredClass:
	Severity: sh:Violation
	Focus Node: http://example.org/data/proc_co2_20565_8
	Message: https://w3id.org/shexmap/resource/ontology-schema/d285f599-dc2e-4bd0-83f1-df21defa8821/MeasurementProcess is not a class of the vocabulary
Constraint Violation in UndeclaredClass:
	Severity: sh:Violation
	Focus Node: http://example.org/data/proc_creatinine_2160_0
	Message: https://w3id.org/shexmap/resource/ontology-schema/d285f599-dc2e-4bd0-83f1-df21defa8821/MeasurementProcess is not a class of the vocabulary
Constraint Violation in UndeclaredClass:
	Severity: sh:Violation
	Focus Node: http://example.org/data/proc_creatinine_38483_4
	Message: https://w3id.org/shexmap/resource/ontology-schema/d285f599-dc2e-4bd0-83f1-df21defa8821/MeasurementProcess is not a class of the vocabulary
Constraint Violation in UndeclaredClass:
	Severity: sh:Violation
	Focus Node: http://example.org/data/proc_gfr_33914_3_1
	Message: https://w3id.org/shexmap/resource/ontology-schema/d285f599-dc2e-4bd0-83f1-df21defa8821/MeasurementProcess is not a class of the vocabulary
Constraint Violation in UndeclaredClass:
	Severity: sh:Violation
	Focus Node: http://example.org/data/proc_gfr_33914_3_2
	Message: https://w3id.org/shexmap/resource/ontology-schema/d285f599-dc2e-4bd0-83f1-df21defa8821/MeasurementProcess is not a class of the vocabulary
Constraint Violation in UndeclaredClass:
	Severity: sh:Violation
	Focus Node: http://example.org/data/proc_glucose_2339_0
	Message: https://w3id.org/shexmap/resource/ontology-schema/d285f599-dc2e-4bd0-83f1-df21defa8821/MeasurementProcess is not a class of the vocabulary
Constraint Violation in UndeclaredClass:
	Severity: sh:Violation
	Focus Node: http://example.org/data/proc_glucose_2345_7
	Message: https://w3id.org/shexmap/resource/ontology-schema/d285f599-dc2e-4bd0-83f1-df21defa8821/MeasurementProcess is not a class of the vocabulary
Constraint Violation in UndeclaredClass:
	Severity: sh:Violation
	Focus Node: http://example.org/data/proc_glucose_5792_7
	Message: https://w3id.org/shexmap/resource/ontology-schema/d285f599-dc2e-4bd0-83f1-df21defa8821/MeasurementProcess is not a class of the vocabulary
Constraint Violation in UndeclaredClass:
	Severity: sh:Violation
	Focus Node: http://example.org/data/proc_hba1c_4548_4
	Message: https://w3id.org/shexmap/resource/ontology-schema/d285f599-dc2e-4bd0-83f1-df21defa8821/MeasurementProcess is not a class of the vocabulary
Constraint Violation in UndeclaredClass:
	Severity: sh:Violation
	Focus Node: http://example.org/data/proc_heart_rate_8867_4
	Message: https://w3id.org/shexmap/resource/ontology-schema/d285f599-dc2e-4bd0-83f1-df21defa8821/MeasurementProcess is not a class of the vocabulary
Constraint Violation in UndeclaredClass:
	Severity: sh:Violation
	Focus Node: http://example.org/data/proc_height_8302_2
	Message: https://w3id.org/shexmap/resource/ontology-schema/d285f599-dc2e-4bd0-83f1-df21defa8821/MeasurementProcess is not a class of the vocabulary
Constraint Violation in UndeclaredClass:
	Severity: sh:Violation
	Focus Node: http://example.org/data/proc_ketones_5797_6
	Message: https://w3id.org/shexmap/resource/ontology-schema/d285f599-dc2e-4bd0-83f1-df21defa8821/MeasurementProcess is not a class of the vocabulary
Constraint Violation in UndeclaredClass:
	Severity: sh:Violation
	Focus Node: http://example.org/data/proc_microalbumin_14959_1
	Message: https://w3id.org/shexmap/resource/ontology-schema/d285f599-dc2e-4bd0-83f1-df21defa8821/MeasurementProcess is not a class of the vocabulary
Constraint Violation in UndeclaredClass:
	Severity: sh:Violation
	Focus Node: http://example.org/data/proc_pain_72514_3
	Message: https://w3id.org/shexmap/resource/ontology-schema/d285f599-dc2e-4bd0-83f1-df21defa8821/MeasurementProcess is not a class of the vocabulary
Constraint Violation in UndeclaredClass:
	Severity: sh:Violation
	Focus Node: http://example.org/data/proc_ph_5803_2
	Message: https://w3id.org/shexmap/resource/ontology-schema/d285f599-dc2e-4bd0-83f1-df21defa8821/MeasurementProcess is not a class of the vocabulary
Constraint Violation in UndeclaredClass:
	Severity: sh:Violation
	Focus Node: http://example.org/data/proc_phq2_55758_7
	Message: https://w3id.org/shexmap/resource/ontology-schema/d285f599-dc2e-4bd0-83f1-df21defa8821/MeasurementProcess is not a class of the vocabulary
Constraint Violation in UndeclaredClass:
	Severity: sh:Violation
	Focus Node: http://example.org/data/proc_potassium_2823_3
	Message: https://w3id.org/shexmap/resource/ontology-schema/d285f599-dc2e-4bd0-83f1-df21defa8821/MeasurementProcess is not a class of the vocabulary
Constraint Violation in UndeclaredClass:
	Severity: sh:Violation
	Focus Node: http://example.org/data/proc_potassium_6298_4
	Message: https://w3id.org/shexmap/resource/ontology-schema/d285f599-dc2e-4bd0-83f1-df21defa8821/MeasurementProcess is not a class of the vocabulary
Constraint Violation in UndeclaredClass:
	Severity: sh:Violation
	Focus Node: http://example.org/data/proc_protein_5804_0
	Message: https://w3id.org/shexmap/resource/ontology-schema/d285f599-dc2e-4bd0-83f1-df21defa8821/MeasurementProcess is not a class of the vocabulary
Constraint Violation in UndeclaredClass:
	Severity: sh:Violation
	Focus Node: http://example.org/data/proc_resp_rate_9279_1
	Message: https://w3id.org/shexmap/resource/ontology-schema/d285f599-dc2e-4bd0-83f1-df21defa8821/MeasurementProcess is not a class of the vocabulary
Constraint Violation in UndeclaredClass:
	Severity: sh:Violation
	Focus Node: http://example.org/data/proc_sodium_2947_0
	Message: https://w3id.org/shexmap/resource/ontology-schema/d285f599-dc2e-4bd0-83f1-df21defa8821/MeasurementProcess is not a class of the vocabulary
Constraint Violation in UndeclaredClass:
	Severity: sh:Violation
	Focus Node: http://example.org/data/proc_sodium_2951_2
	Message: https://w3id.org/shexmap/resource/ontology-schema/d285f599-dc2e-4bd0-83f1-df21defa8821/MeasurementProcess is not a class of the vocabulary
Constraint Violation in UndeclaredClass:
	Severity: sh:Violation
	Focus Node: http://example.org/data/proc_spec_gravity_5811_5
	Message: https://w3id.org/shexmap/resource/ontology-schema/d285f599-dc2e-4bd0-83f1-df21defa8821/MeasurementProcess is not a class of the vocabulary
Constraint Violation in UndeclaredClass:
	Severity: sh:Violation
	Focus Node: http://example.org/data/proc_triglyceride_2571_8
	Message: https://w3id.org/shexmap/resource/ontology-schema/d285f599-dc2e-4bd0-83f1-df21defa8821/MeasurementProcess is not a class of the vocabulary
Constraint Violation in UndeclaredClass:
	Severity: sh:Violation
	Focus Node: http://example.org/data/proc_urea_3094_0
	Message: https://w3id.org/shexmap/resource/ontology-schema/d285f599-dc2e-4bd0-83f1-df21defa8821/MeasurementProcess is not a class of the vocabulary
Constraint Violation in UndeclaredClass:
	Severity: sh:Violation
	Focus Node: http://example.org/data/proc_urea_6299_2
	Message: https://w3id.org/shexmap/resource/ontology-schema/d285f599-dc2e-4bd0-83f1-df21defa8821/MeasurementProcess is not a class of the vocabulary
Constraint Violation in UndeclaredClass:
	Severity: sh:Violation
	Focus Node: http://example.org/data/proc_weight_29463_7
	Message: https://w3id.org/shexmap/resource/ontology-schema/d285f599-dc2e-4bd0-83f1-df21defa8821/MeasurementProcess is not a class of the vocabulary
Constraint Violation in UndeclaredClass:
	Severity: sh:Violation
	Focus Node: http://example.org/data/status_completed
	Message: https://w3id.org/shexmap/resource/ontology-schema/d285f599-dc2e-4bd0-83f1-df21defa8821/ProcessStatus is not a class of the vocabulary
Constraint Violation in UndeclaredProperty:
	Severity: sh:Violation
	Focus Node: http://example.org/data/Measurement_bilirubin_20505_4
	Message: https://w3id.org/shexmap/resource/ontology-schema/d285f599-dc2e-4bd0-83f1-df21defa8821/hasCode is not a property of the vocabulary
Constraint Violation in UndeclaredProperty:
	Severity: sh:Violation
	Focus Node: http://example.org/data/Measurement_bilirubin_20505_4
	Message: https://w3id.org/shexmap/resource/ontology-schema/d285f599-dc2e-4bd0-83f1-df21defa8821/hasMeasuredDate is not a property of the vocabulary
Constraint Violation in UndeclaredProperty:
	Severity: sh:Violation
	Focus Node: http://example.org/data/Measurement_bilirubin_20505_4
	Message: https://w3id.org/shexmap/resource/ontology-schema/d285f599-dc2e-4bd0-83f1-df21defa8821/hasQuantityValue is not a property of the vocabulary
Constraint Violation in UndeclaredProperty:
	Severity: sh:Violation
	Focus Node: http://example.org/data/Measurement_bilirubin_20505_4
	Message: https://w3id.org/shexmap/resource/ontology-schema/d285f599-dc2e-4bd0-83f1-df21defa8821/hasUnit is not a property of the vocabulary
Constraint Violation in UndeclaredProperty:
	Severity: sh:Violation
	Focus Node: http://example.org/data/Measurement_bmi_39156_5
	Message: https://w3id.org/shexmap/resource/ontology-schema/d285f599-dc2e-4bd0-83f1-df21defa8821/hasCode is not a property of the vocabulary
Constraint Violation in UndeclaredProperty:
	Severity: sh:Violation
	Focus Node: http://example.org/data/Measurement_bmi_39156_5
	Message: https://w3id.org/shexmap/resource/ontology-schema/d285f599-dc2e-4bd0-83f1-df21defa8821/hasMeasuredDate is not a property of the vocabulary
Constraint Violation in UndeclaredProperty:
	Severity: sh:Violation
	Focus Node: http://example.org/data/Measurement_bmi_39156_5
	Message: https://w3id.org/shexmap/resource/ontology-schema/d285f599-dc2e-4bd0-83f1-df21defa8821/hasQuantityValue is not a property of the vocabulary
Constraint Violation in UndeclaredProperty:
	Severity: sh:Violation
	Focus Node: http://example.org/data/Measurement_bmi_39156_5
	Message: https://w3id.org/shexmap/resource/ontology-schema/d285f599-dc2e-4bd0-83f1-df21defa8821/hasUnit is not a property of the vocabulary
Constraint Violation in UndeclaredProperty:
	Severity: sh:Violation
	Focus Node: http://example.org/data/Measurement_calcium_17861_6
	Message: https://w3id.org/shexmap/resource/ontology-schema/d285f599-dc2e-4bd0-83f1-df21defa8821/hasCode is not a property of the vocabulary
Constraint Violation in UndeclaredProperty:
	Severity: sh:Violation
	Focus Node: http://example.org/data/Measurement_calcium_17861_6
	Message: https://w3id.org/shexmap/resource/ontology-schema/d285f599-dc2e-4bd0-83f1-df21defa8821/hasMeasuredDate is not a property of the vocabulary
Constraint Violation in UndeclaredProperty:
	Severity: sh:Violation
	Focus Node: http://example.org/data/Measurement_calcium_17861_6
	Message: https://w3id.org/shexmap/resource/ontology-schema/d285f599-dc2e-4bd0-83f1-df21defa8821/hasQuantityValue is not a property of the vocabulary
Constraint Violation in UndeclaredProperty:
	Severity: sh:Violation
	Focus Node: http://example.org/data/Measurement_calcium_17861_6
	Message: https://w3id.org/shexmap/resource/ontology-schema/d285f599-dc2e-4bd0-83f1-df21defa8821/hasUnit is not a property of the vocabulary
Constraint Violation in UndeclaredProperty:
	Severity: sh:Violation
	Focus Node: http://example.org/data/Measurement_calcium_49765_1
	Message: https://w3id.org/shexmap/resource/ontology-schema/d285f599-dc2e-4bd0-83f1-df21defa8821/hasCode is not a property of the vocabulary
Constraint Violation in UndeclaredProperty:
	Severity: sh:Violation
	Focus Node: http://example.org/data/Measurement_calcium_49765_1
	Message: https://w3id.org/shexmap/resource/ontology-schema/d285f599-dc2e-4bd0-83f1-df21defa8821/hasMeasuredDate is not a property of the vocabulary
Constraint Violation in UndeclaredProperty:
	Severity: sh:Violation
	Focus Node: http://example.org/data/Measurement_calcium_49765_1
	Message: https://w3id.org/shexmap/resource/ontology-schema/d285f599-dc2e-4bd0-83f1-df21defa8821/hasQuantityValue is not a property of the vocabulary
Constraint Violation in UndeclaredProperty:
	Severity: sh:Violation
	Focus Node: http://example.org/data/Measurement_calcium_49765_1
	Message: https://w3id.org/shexmap/resource/ontology-schema/d285f599-dc2e-4bd0-83f1-df21defa8821/hasUnit is not a property of the vocabulary
Constraint Violation in UndeclaredProperty:
	Severity: sh:Violation
	Focus Node: http://example.org/data/Measurement_chloride_2069_3
	Message: https://w3id.org/shexmap/resource/ontology-schema/d285f599-dc2e-4bd0-83f1-df21defa8821/hasCode is not a property of the vocabulary
Constraint Violation in UndeclaredProperty:
	Severity: sh:Violation
	Focus Node: http://example.org/data/Measurement_chloride_2069_3
	Message: https://w3id.org/shexmap/resource/ontology-schema/d285f599-dc2e-4bd0-83f1-df21defa8821/hasMeasuredDate is not a property of the vocabulary
Constraint Violation in UndeclaredProperty:
	Severity: sh:Violation
	Focus Node: http://example.org/data/Measurement_chloride_2069_3
	Message: https://w3id.org/shexmap/resource/ontology-schema/d285f599-dc2e-4bd0-83f1-df21defa8821/hasQuantityValue is not a property of the vocabulary
Constraint Violation in UndeclaredProperty:
	Severity: sh:Violation
	Focus Node: http://example.org/data/Measurement_chloride_2069_3
	Message: https://w3id.org/shexmap/resource/ontology-schema/d285f599-dc2e-4bd0-83f1-df21defa8821/hasUnit is not a property of the vocabulary
Constraint Violation in UndeclaredProperty:
	Severity: sh:Violation
	Focus Node: http://example.org/data/Measurement_chloride_2075_0
	Message: https://w3id.org/shexmap/resource/ontology-schema/d285f599-dc2e-4bd0-83f1-df21defa8821/hasCode is not a property of the vocabulary
Constraint Violation in UndeclaredProperty:
	Severity: sh:Violation
	Focus Node: http://example.org/data/Measurement_chloride_2075_0
	Message: https://w3id.org/shexmap/resource/ontology-schema/d285f599-dc2e-4bd0-83f1-df21defa8821/hasMeasuredDate is not a property of the vocabulary
Constraint Violation in UndeclaredProperty:
	Severity: sh:Violation
	Focus Node: http://example.org/data/Measurement_chloride_2075_0
	Message: https://w3id.org/shexmap/resource/ontology-schema/d285f599-dc2e-4bd0-83f1-df21defa8821/hasQuantityValue is not a property of the vocabulary
Constraint Violation in UndeclaredProperty:
	Severity: sh:Violation
	Focus Node: http://example.org/data/Measurement_chloride_2075_0
	Message: https://w3id.org/shexmap/resource/ontology-schema/d285f599-dc2e-4bd0-83f1-df21defa8821/hasUnit is not a property of the vocabulary
Constraint Violation in UndeclaredProperty:
	Severity: sh:Violation
	Focus Node: http://example.org/data/Measurement_cholesterol_2093_3
	Message: https://w3id.org/shexmap/resource/ontology-schema/d285f599-dc2e-4bd0-83f1-df21defa8821/hasCode is not a property of the vocabulary
Constraint Violation in UndeclaredProperty:
	Severity: sh:Violation
	Focus Node: http://example.org/data/Measurement_cholesterol_2093_3
	Message: https://w3id.org/shexmap/resource/ontology-schema/d285f599-dc2e-4bd0-83f1-df21defa8821/hasMeasuredDate is not a property of the vocabulary
Constraint Violation in UndeclaredProperty:
	Severity: sh:Violation
	Focus Node: http://example.org/data/Measurement_cholesterol_2093_3
	Message: https://w3id.org/shexmap/resource/ontology-schema/d285f599-dc2e-4bd0-83f1-df21defa8821/hasQuantityValue is not a property of the vocabulary
Constraint Violation in UndeclaredProperty:
	Severity: sh:Violation
	Focus Node: http://example.org/data/Measurement_cholesterol_2093_3
	Message: https://w3id.org/shexmap/resource/ontology-schema/d285f599-dc2e-4bd0-83f1-df21defa8821/hasUnit is not a property of the vocabulary
Constraint Violation in UndeclaredProperty:
	Severity: sh:Violation
	Focus Node: http://example.org/data/Measurement_cholesterol_hdl_2085_9
	Message: https://w3id.org/shexmap/resource/ontology-schema/d285f599-dc2e-4bd0-83f1-df21defa8821/hasCode is not a property of the vocabulary
Constraint Violation in UndeclaredProperty:
	Severity: sh:Violation
	Focus Node: http://example.org/data/Measurement_cholesterol_hdl_2085_9
	Message: https://w3id.org/shexmap/resource/ontology-schema/d285f599-dc2e-4bd0-83f1-df21defa8821/hasMeasuredDate is not a property of the vocabulary
Constraint Violation in UndeclaredProperty:
	Severity: sh:Violation
	Focus Node: http://example.org/data/Measurement_cholesterol_hdl_2085_9
	Message: https://w3id.org/shexmap/resource/ontology-schema/d285f599-dc2e-4bd0-83f1-df21defa8821/hasQuantityValue is not a property of the vocabulary
Constraint Violation in UndeclaredProperty:
	Severity: sh:Violation
	Focus Node: http://example.org/data/Measurement_cholesterol_hdl_2085_9
	Message: https://w3id.org/shexmap/resource/ontology-schema/d285f599-dc2e-4bd0-83f1-df21defa8821/hasUnit is not a property of the vocabulary
Constraint Violation in UndeclaredProperty:
	Severity: sh:Violation
	Focus Node: http://example.org/data/Measurement_cholesterol_ldl_18262_6
	Message: https://w3id.org/shexmap/resource/ontology-schema/d285f599-dc2e-4bd0-83f1-df21defa8821/hasCode is not a property of the vocabulary
Constraint Violation in UndeclaredProperty:
	Severity: sh:Violation
	Focus Node: http://example.org/data/Measurement_cholesterol_ldl_18262_6
	Message: https://w3id.org/shexmap/resource/ontology-schema/d285f599-dc2e-4bd0-83f1-df21defa8821/hasMeasuredDate is not a property of the vocabulary
Constraint Violation in UndeclaredProperty:
	Severity: sh:Violation
	Focus Node: http://example.org/data/Measurement_cholesterol_ldl_18262_6
	Message: https://w3id.org/shexmap/resource/ontology-schema/d285f599-dc2e-4bd0-83f1-df21defa8821/hasQuantityValue is not a property of the vocabulary
Constraint Violation in UndeclaredProperty:
	Severity: sh:Violation
	Focus Node: http://example.org/data/Measurement_cholesterol_ldl_18262_6
	Message: https://w3id.org/shexmap/resource/ontology-schema/d285f599-dc2e-4bd0-83f1-df21defa8821/hasUnit is not a property of the vocabulary
Constraint Violation in UndeclaredProperty:
	Severity: sh:Violation
	Focus Node: http://example.org/data/Measurement_co2_2028_9
	Message: https://w3id.org/shexmap/resource/ontology-schema/d285f599-dc2e-4bd0-83f1-df21defa8821/hasCode is not a property of the vocabulary
Constraint Violation in UndeclaredProperty:
	Severity: sh:Violation
	Focus Node: http://example.org/data/Measurement_co2_2028_9
	Message: https://w3id.org/shexmap/resource/ontology-schema/d285f599-dc2e-4bd0-83f1-df21defa8821/hasMeasuredDate is not a property of the vocabulary
Constraint Violation in UndeclaredProperty:
	Severity: sh:Violation
	Focus Node: http://example.org/data/Measurement_co2_2028_9
	Message: https://w3id.org/shexmap/resource/ontology-schema/d285f599-dc2e-4bd0-83f1-df21defa8821/hasQuantityValue is not a property of the vocabulary
Constraint Violation in UndeclaredProperty:
	Severity: sh:Violation
	Focus Node: http://example.org/data/Measurement_co2_2028_9
	Message: https://w3id.org/shexmap/resource/ontology-schema/d285f599-dc2e-4bd0-83f1-df21defa8821/hasUnit is not a property of the vocabulary
Constraint Violation in UndeclaredProperty:
	Severity: sh:Violation
	Focus Node: http://example.org/data/Measurement_co2_20565_8
	Message: https://w3id.org/shexmap/resource/ontology-schema/d285f599-dc2e-4bd0-83f1-df21defa8821/hasCode is not a property of the vocabulary
Constraint Violation in UndeclaredProperty:
	Severity: sh:Violation
	Focus Node: http://example.org/data/Measurement_co2_20565_8
	Message: https://w3id.org/shexmap/resource/ontology-schema/d285f599-dc2e-4bd0-83f1-df21defa8821/hasMeasuredDate is not a property of the vocabulary
Constraint Violation in UndeclaredProperty:
	Severity: sh:Violation
	Focus Node: http://example.org/data/Measurement_co2_20565_8
	Message: https://w3id.org/shexmap/resource/ontology-schema/d285f599-dc2e-4bd0-83f1-df21defa8821/hasQuantityValue is not a property of the vocabulary
Constraint Violation in UndeclaredProperty:
	Severity: sh:Violation
	Focus Node: http://example.org/data/Measurement_co2_20565_8
	Message: https://w3id.org/shexmap/resource/ontology-schema/d285f599-dc2e-4bd0-83f1-df21defa8821/hasUnit is not a property of the vocabulary
Constraint Violation in UndeclaredProperty:
	Severity: sh:Violation
	Focus Node: http://example.org/data/Measurement_creatinine_2160_0
	Message: https://w3id.org/shexmap/resource/ontology-schema/d285f599-dc2e-4bd0-83f1-df21defa8821/hasCode is not a property of the vocabulary
Constraint Violation in UndeclaredProperty:
	Severity: sh:Violation
	Focus Node: http://example.org/data/Measurement_creatinine_2160_0
	Message: https://w3id.org/shexmap/resource/ontology-schema/d285f599-dc2e-4bd0-83f1-df21defa8821/hasMeasuredDate is not a property of the vocabulary
Constraint Violation in UndeclaredProperty:
	Severity: sh:Violation
	Focus Node: http://example.org/data/Measurement_creatinine_2160_0
	Message: https://w3id.org/shexmap/resource/ontology-schema/d285f599-dc2e-4bd0-83f1-df21defa8821/hasQuantityValue is not a property of the vocabulary
Constraint Violation in UndeclaredProperty:
	Severity: sh:Violation
	Focus Node: http://example.org/data/Measurement_creatinine_2160_0
	Message: https://w3id.org/shexmap/resource/ontology-schema/d285f599-dc2e-4bd0-83f1-df21defa8821/hasUnit is not a property of the vocabulary
Constraint Violation in UndeclaredProperty:
	Severity: sh:Violation
	Focus Node: http://example.org/data/Measurement_creatinine_38483_4
	Message: https://w3id.org/shexmap/resource/ontology-schema/d285f599-dc2e-4bd0-83f1-df21defa8821/hasCode is not a property of the vocabulary
Constraint Violation in UndeclaredProperty:
	Severity: sh:Violation
	Focus Node: http://example.org/data/Measurement_creatinine_38483_4
	Message: https://w3id.org/shexmap/resource/ontology-schema/d285f599-dc2e-4bd0-83f1-df21defa8821/hasMeasuredDate is not a property of the vocabulary
Constraint Violation in UndeclaredProperty:
	Severity: sh:Violation
	Focus Node: http://example.org/data/Measurement_creatinine_38483_4
	Message: https://w3id.org/shexmap/resource/ontology-schema/d285f599-dc2e-4bd0-83f1-df21defa8821/hasQuantityValue is not a property of the vocabulary
Constraint Violation in UndeclaredProperty:
	Severity: sh:Violation
	Focus Node: http://example.org/data/Measurement_creatinine_38483_4
	Message: https://w3id.org/shexmap/resource/ontology-schema/d285f599-dc2e-4bd0-83f1-df21defa8821/hasUnit is not a property of the vocabulary
Constraint Violation in UndeclaredProperty:
	Severity: sh:Violation
	Focus Node: http://example.org/data/Measurement_gfr_33914_3_1
	Message: https://w3id.org/shexmap/resource/ontology-schema/d285f599-dc2e-4bd0-83f1-df21defa8821/hasCode is not a property of the vocabulary
Constraint Violation in UndeclaredProperty:
	Severity: sh:Violation
	Focus Node: http://example.org/data/Measurement_gfr_33914_3_1
	Message: https://w3id.org/shexmap/resource/ontology-schema/d285f599-dc2e-4bd0-83f1-df21defa8821/hasMeasuredDate is not a property of the vocabulary
Constraint Violation in UndeclaredProperty:
	Severity: sh:Violation
	Focus Node: http://example.org/data/Measurement_gfr_33914_3_1
	Message: https://w3id.org/shexmap/resource/ontology-schema/d285f599-dc2e-4bd0-83f1-df21defa8821/hasQuantityValue is not a property of the vocabulary
Constraint Violation in UndeclaredProperty:
	Severity: sh:Violation
	Focus Node: http://example.org/data/Measurement_gfr_33914_3_1
	Message: https://w3id.org/shexmap/resource/ontology-schema/d285f599-dc2e-4bd0-83f1-df21defa8821/hasUnit is not a property of the vocabulary
Constraint Violation in UndeclaredProperty:
	Severity: sh:Violation
	Focus Node: http://example.org/data/Measurement_gfr_33914_3_2
	Message: https://w3id.org/shexmap/resource/ontology-schema/d285f599-dc2e-4bd0-83f1-df21defa8821/hasCode is not a property of the vocabulary
Constraint Violation in UndeclaredProperty:
	Severity: sh:Violation
	Focus Node: http://example.org/data/Measurement_gfr_33914_3_2
	Message: https://w3id.org/shexmap/resource/ontology-schema/d285f599-dc2e-4bd0-83f1-df21defa8821/hasMeasuredDate is not a property of the vocabulary
Constraint Violation in UndeclaredProperty:
	Severity: sh:Violation
	Focus Node: http://example.org/data/Measurement_gfr_33914_3_2
	Message: https://w3id.org/shexmap/resource/ontology-schema/d285f599-dc2e-4bd0-83f1-df21defa8821/hasQuantityValue is not a property of the vocabulary
Constraint Violation in UndeclaredProperty:
	Severity: sh:Violation
	Focus Node: http://example.org/data/Measurement_gfr_33914_3_2
	Message: https://w3id.org/shexmap/resource/ontology-schema/d285f599-dc2e-4bd0-83f1-df21defa8821/hasUnit is not a property of the vocabulary
Constraint Violation in UndeclaredProperty:
	Severity: sh:Violation
	Focus Node: http://example.org/data/Measurement_glucose_2339_0
	Message: https://w3id.org/shexmap/resource/ontology-schema/d285f599-dc2e-4bd0-83f1-df21defa8821/hasCode is not a property of the vocabulary
Constraint Violation in UndeclaredProperty:
	Severity: sh:Violation
	Focus Node: http://example.org/data/Measurement_glucose_2339_0
	Message: https://w3id.org/shexmap/resource/ontology-schema/d285f599-dc2e-4bd0-83f1-df21defa8821/hasMeasuredDate is not a property of the vocabulary
Constraint Violation in UndeclaredProperty:
	Severity: sh:Violation
	Focus Node: http://example.org/data/Measurement_glucose_2339_0
	Message: https://w3id.org/shexmap/resource/ontology-schema/d285f599-dc2e-4bd0-83f1-df21defa8821/hasQuantityValue is not a property of the vocabulary
Constraint Violation in UndeclaredProperty:
	Severity: sh:Violation
	Focus Node: http://example.org/data/Measurement_glucose_2339_0
	Message: https://w3id.org/shexmap/resource/ontology-schema/d285f599-dc2e-4bd0-83f1-df21defa8821/hasUnit is not a property of the vocabulary
Constraint Violation in UndeclaredProperty:
	Severity: sh:Violation
	Focus Node: http://example.org/data/Measurement_glucose_2345_7
	Message: https://w3id.org/shexmap/resource/ontology-schema/d285f599-dc2e-4bd0-83f1-df21defa8821/hasCode is not a property of the vocabulary
Constraint Violation in UndeclaredProperty:
	Severity: sh:Violation
	Focus Node: http://example.org/data/Measurement_glucose_2345_7
	Message: https://w3id.org/shexmap/resource/ontology-schema/d285f599-dc2e-4bd0-83f1-df21defa8821/hasMeasuredDate is not a property of the vocabulary
Constraint Violation in UndeclaredProperty:
	Severity: sh:Violation
	Focus Node: http://example.org/data/Measurement_glucose_2345_7
	Message: https://w3id.org/shexmap/resource/ontology-schema/d285f599-dc2e-4bd0-83f1-df21defa8821/hasQuantityValue is not a property of the vocabulary
Constraint Violation in UndeclaredProperty:
	Severity: sh:Violation
	Focus Node: http://example.org/data/Measurement_glucose_2345_7
	Message: https://w3id.org/shexmap/resource/ontology-schema/d285f599-dc2e-4bd0-83f1-df21defa8821/hasUnit is not a property of the vocabulary
Constraint Violation in UndeclaredProperty:
	Severity: sh:Violation
	Focus Node: http://example.org/data/Measurement_glucose_5792_7
	Message: https://w3id.org/shexmap/resource/ontology-schema/d285f599-dc2e-4bd0-83f1-df21defa8821/hasCode is not a property of the vocabulary
Constraint Violation in UndeclaredProperty:
	Severity: sh:Violation
	Focus Node: http://example.org/data/Measurement_glucose_5792_7
	Message: https://w3id.org/shexmap/resource/ontology-schema/d285f599-dc2e-4bd0-83f1-df21defa8821/hasMeasuredDate is not a property of the vocabulary
Constraint Violation in UndeclaredProperty:
	Severity: sh:Violation
	Focus Node: http://example.org/data/Measurement_glucose_5792_7
	Message: https://w3id.org/shexmap/resource/ontology-schema/d285f599-dc2e-4bd0-83f1-df21defa8821/hasQuantityValue is not a property of the vocabulary
Constraint Violation in UndeclaredProperty:
	Severity: sh:Violation
	Focus Node: http://example.org/data/Measurement_glucose_5792_7
	Message: https://w3id.org/shexmap/resource/ontology-schema/d285f599-dc2e-4bd0-83f1-df21defa8821/hasUnit is not a property of the vocabulary
Constraint Violation in UndeclaredProperty:
	Severity: sh:Violation
	Focus Node: http://example.org/data/Measurement_hba1c_4548_4
	Message: https://w3id.org/shexmap/resource/ontology-schema/d285f599-dc2e-4bd0-83f1-df21defa8821/hasCode is not a property of the vocabulary
Constraint Violation in UndeclaredProperty:
	Severity: sh:Violation
	Focus Node: http://example.org/data/Measurement_hba1c_4548_4
	Message: https://w3id.org/shexmap/resource/ontology-schema/d285f599-dc2e-4bd0-83f1-df21defa8821/hasMeasuredDate is not a property of the vocabulary
Constraint Violation in UndeclaredProperty:
	Severity: sh:Violation
	Focus Node: http://example.org/data/Measurement_hba1c_4548_4
	Message: https://w3id.org/shexmap/resource/ontology-schema/d285f599-dc2e-4bd0-83f1-df21defa8821/hasQuantityValue is not a property of the vocabulary
Constraint Violation in UndeclaredProperty:
	Severity: sh:Violation
	Focus Node: http://example.org/data/Measurement_hba1c_4548_4
	Message: https://w3id.org/shexmap/resource/ontology-schema/d285f599-dc2e-4bd0-83f1-df21defa8821/hasUnit is not a property of the vocabulary
Constraint Violation in UndeclaredProperty:
	Severity: sh:Violation
	Focus Node: http://example.org/data/Measurement_heart_rate_8867_4
	Message: https://w3id.org/shexmap/resource/ontology-schema/d285f599-dc2e-4bd0-83f1-df21defa8821/hasCode is not a property of the vocabulary
Constraint Violation in UndeclaredProperty:
	Severity: sh:Violation
	Focus Node: http://example.org/data/Measurement_heart_rate_8867_4
	Message: https://w3id.org/shexmap/resource/ontology-schema/d285f599-dc2e-4bd0-83f1-df21defa8821/hasMeasuredDate is not a property of the vocabulary
Constraint Violation in UndeclaredProperty:
	Severity: sh:Violation
	Focus Node: http://example.org/data/Measurement_heart_rate_8867_4
	Message: https://w3id.org/shexmap/resource/ontology-schema/d285f599-dc2e-4bd0-83f1-df21defa8821/hasQuantityValue is not a property of the vocabulary
Constraint Violation in UndeclaredProperty:
	Severity: sh:Violation
	Focus Node: http://example.org/data/Measurement_heart_rate_8867_4
	Message: https://w3id.org/shexmap/resource/ontology-schema/d285f599-dc2e-4bd0-83f1-df21defa8821/hasUnit is not a property of the vocabulary
Constraint Violation in UndeclaredProperty:
	Severity: sh:Violation
	Focus Node: http://example.org/data/Measurement_height_8302_2
	Message: https://w3id.org/shexmap/resource/ontology-schema/d285f599-dc2e-4bd0-83f1-df21defa8821/hasCode is not a property of the vocabulary
Constraint Violation in UndeclaredProperty:
	Severity: sh:Violation
	Focus Node: http://example.org/data/Measurement_height_8302_2
	Message: https://w3id.org/shexmap/resource/ontology-schema/d285f599-dc2e-4bd0-83f1-df21defa8821/hasMeasuredDate is not a property of the vocabulary
Constraint Violation in UndeclaredProperty:
	Severity: sh:Violation
	Focus Node: http://example.org/data/Measurement_height_8302_2
	Message: https://w3id.org/shexmap/resource/ontology-schema/d285f599-dc2e-4bd0-83f1-df21defa8821/hasQuantityValue is not a property of the vocabulary
Constraint Violation in UndeclaredProperty:
	Severity: sh:Violation
	Focus Node: http://example.org/data/Measurement_height_8302_2
	Message: https://w3id.org/shexmap/resource/ontology-schema/d285f599-dc2e-4bd0-83f1-df21defa8821/hasUnit is not a property of the vocabulary
Constraint Violation in UndeclaredProperty:
	Severity: sh:Violation
	Focus Node: http://example.org/data/Measurement_ketones_5797_6
	Message: https://w3id.org/shexmap/resource/ontology-schema/d285f599-dc2e-4bd0-83f1-df21defa8821/hasCode is not a property of the vocabulary
Constraint Violation in UndeclaredProperty:
	Severity: sh:Violation
	Focus Node: http://example.org/data/Measurement_ketones_5797_6
	Message: https://w3id.org/shexmap/resource/ontology-schema/d285f599-dc2e-4bd0-83f1-df21defa8821/hasMeasuredDate is not a property of the vocabulary
Constraint Violation in UndeclaredProperty:
	Severity: sh:Violation
	Focus Node: http://example.org/data/Measurement_ketones_5797_6
	Message: https://w3id.org/shexmap/resource/ontology-schema/d285f599-dc2e-4bd0-83f1-df21defa8821/hasQuantityValue is not a property of the vocabulary
Constraint Violation in UndeclaredProperty:
	Severity: sh:Violation
	Focus Node: http://example.org/data/Measurement_ketones_5797_6
	Message: https://w3id.org/shexmap/resource/ontology-schema/d285f599-dc2e-4bd0-83f1-df21defa8821/hasUnit is not a property of the vocabulary
Constraint Violation in UndeclaredProperty:
	Severity: sh:Violation
	Focus Node: http://example.org/data/Measurement_microalbumin_14959_1
	Message: https://w3id.org/shexmap/resource/ontology-schema/d285f599-dc2e-4bd0-83f1-df21defa8821/hasCode is not a property of the vocabulary
Constraint Violation in UndeclaredProperty:
	Severity: sh:Violation
	Focus Node: http://example.org/data/Measurement_microalbumin_14959_1
	Message: https://w3id.org/shexmap/resource/ontology-schema/d285f599-dc2e-4bd0-83f1-df21defa8821/hasMeasuredDate is not a property of the vocabulary
Constraint Violation in UndeclaredProperty:
	Severity: sh:Violation
	Focus Node: http://example.org/data/Measurement_microalbumin_14959_1
	Message: https://w3id.org/shexmap/resource/ontology-schema/d285f599-dc2e-4bd0-83f1-df21defa8821/hasQuantityValue is not a property of the vocabulary
Constraint Violation in UndeclaredProperty:
	Severity: sh:Violation
	Focus Node: http://example.org/data/Measurement_microalbumin_14959_1
	Message: https://w3id.org/shexmap/resource/ontology-schema/d285f599-dc2e-4bd0-83f1-df21defa8821/hasUnit is not a property of the vocabulary
Constraint Violation in UndeclaredProperty:
	Severity: sh:Violation
	Focus Node: http://example.org/data/Measurement_pain_72514_3
	Message: https://w3id.org/shexmap/resource/ontology-schema/d285f599-dc2e-4bd0-83f1-df21defa8821/hasCode is not a property of the vocabulary
Constraint Violation in UndeclaredProperty:
	Severity: sh:Violation
	Focus Node: http://example.org/data/Measurement_pain_72514_3
	Message: https://w3id.org/shexmap/resource/ontology-schema/d285f599-dc2e-4bd0-83f1-df21defa8821/hasMeasuredDate is not a property of the vocabulary
Constraint Violation in UndeclaredProperty:
	Severity: sh:Violation
	Focus Node: http://example.org/data/Measurement_pain_72514_3
	Message: https://w3id.org/shexmap/resource/ontology-schema/d285f599-dc2e-4bd0-83f1-df21defa8821/hasQuantityValue is not a property of the vocabulary
Constraint Violation in UndeclaredProperty:
	Severity: sh:Violation
	Focus Node: http://example.org/data/Measurement_pain_72514_3
	Message: https://w3id.org/shexmap/resource/ontology-schema/d285f599-dc2e-4bd0-83f1-df21defa8821/hasUnit is not a property of the vocabulary
Constraint Violation in UndeclaredProperty:
	Severity: sh:Violation
	Focus Node: http://example.org/data/Measurement_ph_5803_2
	Message: https://w3id.org/shexmap/resource/ontology-schema/d285f599-dc2e-4bd0-83f1-df21defa8821/hasCode is not a property of the vocabulary
Constraint Violation in UndeclaredProperty:
	Severity: sh:Violation
	Focus Node: http://example.org/data/Measurement_ph_5803_2
	Message: https://w3id.org/shexmap/resource/ontology-schema/d285f599-dc2e-4bd0-83f1-df21defa8821/hasMeasuredDate is not a property of the vocabulary
Constraint Violation in UndeclaredProperty:
	Severity: sh:Violation
	Focus Node: http://example.org/data/Measurement_ph_5803_2
	Message: https://w3id.org/shexmap/resource/ontology-schema/d285f599-dc2e-4bd0-83f1-df21defa8821/hasQuantityValue is not a property of the vocabulary
Constraint Violation in UndeclaredProperty:
	Severity: sh:Violation
	Focus Node: http://example.org/data/Measurement_ph_5803_2
	Message: https://w3id.org/shexmap/resource/ontology-schema/d285f599-dc2e-4bd0-83f1-df21defa8821/hasUnit is not a property of the vocabulary
Constraint Violation in UndeclaredProperty:
	Severity: sh:Violation
	Focus Node: http://example.org/data/Measurement_phq2_55758_7
	Message: https://w3id.org/shexmap/resource/ontology-schema/d285f599-dc2e-4bd0-83f1-df21defa8821/hasCode is not a property of the vocabulary
Constraint Violation in UndeclaredProperty:
	Severity: sh:Violation
	Focus Node: http://example.org/data/Measurement_phq2_55758_7
	Message: https://w3id.org/shexmap/resource/ontology-schema/d285f599-dc2e-4bd0-83f1-df21defa8821/hasMeasuredDate is not a property of the vocabulary
Constraint Violation in UndeclaredProperty:
	Severity: sh:Violation
	Focus Node: http://example.org/data/Measurement_phq2_55758_7
	Message: https://w3id.org/shexmap/resource/ontology-schema/d285f599-dc2e-4bd0-83f1-df21defa8821/hasQuantityValue is not a property of the vocabulary
Constraint Violation in UndeclaredProperty:
	Severity: sh:Violation
	Focus Node: http://example.org/data/Measurement_phq2_55758_7
	Message: https://w3id.org/shexmap/resource/ontology-schema/d285f599-dc2e-4bd0-83f1-df21defa8821/hasUnit is not a property of the vocabulary
Constraint Violation in UndeclaredProperty:
	Severity: sh:Violation
	Focus Node: http://example.org/data/Measurement_potassium_2823_3
	Message: https://w3id.org/shexmap/resource/ontology-schema/d285f599-dc2e-4bd0-83f1-df21defa8821/hasCode is not a property of the vocabulary
Constraint Violation in UndeclaredProperty:
	Severity: sh:Violation
	Focus Node: http://example.org/data/Measurement_potassium_2823_3
	Message: https://w3id.org/shexmap/resource/ontology-schema/d285f599-dc2e-4bd0-83f1-df21defa8821/hasMeasuredDate is not a property of the vocabulary
Constraint Violation in UndeclaredProperty:
	Severity: sh:Violation
	Focus Node: http://example.org/data/Measurement_potassium_2823_3
	Message: https://w3id.org/shexmap/resource/ontology-schema/d285f599-dc2e-4bd0-83f1-df21defa8821/hasQuantityValue is not a property of the vocabulary
Constraint Violation in UndeclaredProperty:
	Severity: sh:Violation
	Focus Node: http://example.org/data/Measurement_potassium_2823_3
	Message: https://w3id.org/shexmap/resource/ontology-schema/d285f599-dc2e-4bd0-83f1-df21defa8821/hasUnit is not a property of the vocabulary
Constraint Violation in UndeclaredProperty:
	Severity: sh:Violation
	Focus Node: http://example.org/data/Measurement_potassium_6298_4
	Message: https://w3id.org/shexmap/resource/ontology-schema/d285f599-dc2e-4bd0-83f1-df21defa8821/hasCode is not a property of the vocabulary
Constraint Violation in UndeclaredProperty:
	Severity: sh:Violation
	Focus Node: http://example.org/data/Measurement_potassium_6298_4
	Message: https://w3id.org/shexmap/resource/ontology-schema/d285f599-dc2e-4bd0-83f1-df21defa8821/hasMeasuredDate is not a property of the vocabulary
Constraint Violation in UndeclaredProperty:
	Severity: sh:Violation
	Focus Node: http://example.org/data/Measurement_potassium_6298_4
	Message: https://w3id.org/shexmap/resource/ontology-schema/d285f599-dc2e-4bd0-83f1-df21defa8821/hasQuantityValue is not a property of the vocabulary
Constraint Violation in UndeclaredProperty:
	Severity: sh:Violation
	Focus Node: http://example.org/data/Measurement_potassium_6298_4
	Message: https://w3id.org/shexmap/resource/ontology-schema/d285f599-dc2e-4bd0-83f1-df21defa8821/hasUnit is not a property of the vocabulary
Constraint Violation in UndeclaredProperty:
	Severity: sh:Violation
	Focus Node: http://example.org/data/Measurement_protein_5804_0
	Message: https://w3id.org/shexmap/resource/ontology-schema/d285f599-dc2e-4bd0-83f1-df21defa8821/hasCode is not a property of the vocabulary
Constraint Violation in UndeclaredProperty:
	Severity: sh:Violation
	Focus Node: http://example.org/data/Measurement_protein_5804_0
	Message: https://w3id.org/shexmap/resource/ontology-schema/d285f599-dc2e-4bd0-83f1-df21defa8821/hasMeasuredDate is not a property of the vocabulary
Constraint Violation in UndeclaredProperty:
	Severity: sh:Violation
	Focus Node: http://example.org/data/Measurement_protein_5804_0
	Message: https://w3id.org/shexmap/resource/ontology-schema/d285f599-dc2e-4bd0-83f1-df21defa8821/hasQuantityValue is not a property of the vocabulary
Constraint Violation in UndeclaredProperty:
	Severity: sh:Violation
	Focus Node: http://example.org/data/Measurement_protein_5804_0
	Message: https://w3id.org/shexmap/resource/ontology-schema/d285f599-dc2e-4bd0-83f1-df21defa8821/hasUnit is not a property of the vocabulary
Constraint Violation in UndeclaredProperty:
	Severity: sh:Violation
	Focus Node: http://example.org/data/Measurement_resp_rate_9279_1
	Message: https://w3id.org/shexmap/resource/ontology-schema/d285f599-dc2e-4bd0-83f1-df21defa8821/hasCode is not a property of the vocabulary
Constraint Violation in UndeclaredProperty:
	Severity: sh:Violation
	Focus Node: http://example.org/data/Measurement_resp_rate_9279_1
	Message: https://w3id.org/shexmap/resource/ontology-schema/d285f599-dc2e-4bd0-83f1-df21defa8821/hasMeasuredDate is not a property of the vocabulary
Constraint Violation in UndeclaredProperty:
	Severity: sh:Violation
	Focus Node: http://example.org/data/Measurement_resp_rate_9279_1
	Message: https://w3id.org/shexmap/resource/ontology-schema/d285f599-dc2e-4bd0-83f1-df21defa8821/hasQuantityValue is not a property of the vocabulary
Constraint Violation in UndeclaredProperty:
	Severity: sh:Violation
	Focus Node: http://example.org/data/Measurement_resp_rate_9279_1
	Message: https://w3id.org/shexmap/resource/ontology-schema/d285f599-dc2e-4bd0-83f1-df21defa8821/hasUnit is not a property of the vocabulary
Constraint Violation in UndeclaredProperty:
	Severity: sh:Violation
	Focus Node: http://example.org/data/Measurement_sodium_2947_0
	Message: https://w3id.org/shexmap/resource/ontology-schema/d285f599-dc2e-4bd0-83f1-df21defa8821/hasCode is not a property of the vocabulary
Constraint Violation in UndeclaredProperty:
	Severity: sh:Violation
	Focus Node: http://example.org/data/Measurement_sodium_2947_0
	Message: https://w3id.org/shexmap/resource/ontology-schema/d285f599-dc2e-4bd0-83f1-df21defa8821/hasMeasuredDate is not a property of the vocabulary
Constraint Violation in UndeclaredProperty:
	Severity: sh:Violation
	Focus Node: http://example.org/data/Measurement_sodium_2947_0
	Message: https://w3id.org/shexmap/resource/ontology-schema/d285f599-dc2e-4bd0-83f1-df21defa8821/hasQuantityValue is not a property of the vocabulary
Constraint Violation in UndeclaredProperty:
	Severity: sh:Violation
	Focus Node: http://example.org/data/Measurement_sodium_2947_0
	Message: https://w3id.org/shexmap/resource/ontology-schema/d285f599-dc2e-4bd0-83f1-df21defa8821/hasUnit is not a property of the vocabulary
Constraint Violation in UndeclaredProperty:
	Severity: sh:Violation
	Focus Node: http://example.org/data/Measurement_sodium_2951_2
	Message: https://w3id.org/shexmap/resource/ontology-schema/d285f599-dc2e-4bd0-83f1-df21defa8821/hasCode is not a property of the vocabulary
Constraint Violation in UndeclaredProperty:
	Severity: sh:Violation
	Focus Node: http://example.org/data/Measurement_sodium_2951_2
	Message: https://w3id.org/shexmap/resource/ontology-schema/d285f599-dc2e-4bd0-83f1-df21defa8821/hasMeasuredDate is not a property of the vocabulary
Constraint Violation in UndeclaredProperty:
	Severity: sh:Violation
	Focus Node: http://example.org/data/Measurement_sodium_2951_2
	Message: https://w3id.org/shexmap/resource/ontology-schema/d285f599-dc2e-4bd0-83f1-df21defa8821/hasQuantityValue is not a property of the vocabulary
Constraint Violation in UndeclaredProperty:
	Severity: sh:Violation
	Focus Node: http://example.org/data/Measurement_sodium_2951_2
	Message: https://w3id.org/shexmap/resource/ontology-schema/d285f599-dc2e-4bd0-83f1-df21defa8821/hasUnit is not a property of the vocabulary
Constraint Violation in UndeclaredProperty:
	Severity: sh:Violation
	Focus Node: http://example.org/data/Measurement_spec_gravity_5811_5
	Message: https://w3id.org/shexmap/resource/ontology-schema/d285f599-dc2e-4bd0-83f1-df21defa8821/hasCode is not a property of the vocabulary
Constraint Violation in UndeclaredProperty:
	Severity: sh:Violation
	Focus Node: http://example.org/data/Measurement_spec_gravity_5811_5
	Message: https://w3id.org/shexmap/resource/ontology-schema/d285f599-dc2e-4bd0-83f1-df21defa8821/hasMeasuredDate is not a property of the vocabulary
Constraint Violation in UndeclaredProperty:
	Severity: sh:Violation
	Focus Node: http://example.org/data/Measurement_spec_gravity_5811_5
	Message: https://w3id.org/shexmap/resource/ontology-schema/d285f599-dc2e-4bd0-83f1-df21defa8821/hasQuantityValue is not a property of the vocabulary
Constraint Violation in UndeclaredProperty:
	Severity: sh:Violation
	Focus Node: http://example.org/data/Measurement_spec_gravity_5811_5
	Message: https://w3id.org/shexmap/resource/ontology-schema/d285f599-dc2e-4bd0-83f1-df21defa8821/hasUnit is not a property of the vocabulary
Constraint Violation in UndeclaredProperty:
	Severity: sh:Violation
	Focus Node: http://example.org/data/Measurement_triglyceride_2571_8
	Message: https://w3id.org/shexmap/resource/ontology-schema/d285f599-dc2e-4bd0-83f1-df21defa8821/hasCode is not a property of the vocabulary
Constraint Violation in UndeclaredProperty:
	Severity: sh:Violation
	Focus Node: http://example.org/data/Measurement_triglyceride_2571_8
	Message: https://w3id.org/shexmap/resource/ontology-schema/d285f599-dc2e-4bd0-83f1-df21defa8821/hasMeasuredDate is not a property of the vocabulary
Constraint Violation in UndeclaredProperty:
	Severity: sh:Violation
	Focus Node: http://example.org/data/Measurement_triglyceride_2571_8
	Message: https://w3id.org/shexmap/resource/ontology-schema/d285f599-dc2e-4bd0-83f1-df21defa8821/hasQuantityValue is not a property of the vocabulary
Constraint Violation in UndeclaredProperty:
	Severity: sh:Violation
	Focus Node: http://example.org/data/Measurement_triglyceride_2571_8
	Message: https://w3id.org/shexmap/resource/ontology-schema/d285f599-dc2e-4bd0-83f1-df21defa8821/hasUnit is not a property of the vocabulary
Constraint Violation in UndeclaredProperty:
	Severity: sh:Violation
	Focus Node: http://example.org/data/Measurement_urea_3094_0
	Message: https://w3id.org/shexmap/resource/ontology-schema/d285f599-dc2e-4bd0-83f1-df21defa8821/hasCode is not a property of the vocabulary
Constraint Violation in UndeclaredProperty:
	Severity: sh:Violation
	Focus Node: http://example.org/data/Measurement_urea_3094_0
	Message: https://w3id.org/shexmap/resource/ontology-schema/d285f599-dc2e-4bd0-83f1-df21defa8821/hasMeasuredDate is not a property of the vocabulary
Constraint Violation in UndeclaredProperty:
	Severity: sh:Violation
	Focus Node: http://example.org/data/Measurement_urea_3094_0
	Message: https://w3id.org/shexmap/resource/ontology-schema/d285f599-dc2e-4bd0-83f1-df21defa8821/hasQuantityValue is not a property of the vocabulary
Constraint Violation in UndeclaredProperty:
	Severity: sh:Violation
	Focus Node: http://example.org/data/Measurement_urea_3094_0
	Message: https://w3id.org/shexmap/resource/ontology-schema/d285f599-dc2e-4bd0-83f1-df21defa8821/hasUnit is not a property of the vocabulary
Constraint Violation in UndeclaredProperty:
	Severity: sh:Violation
	Focus Node: http://example.org/data/Measurement_urea_6299_2
	Message: https://w3id.org/shexmap/resource/ontology-schema/d285f599-dc2e-4bd0-83f1-df21defa8821/hasCode is not a property of the vocabulary
Constraint Violation in UndeclaredProperty:
	Severity: sh:Violation
	Focus Node: http://example.org/data/Measurement_urea_6299_2
	Message: https://w3id.org/shexmap/resource/ontology-schema/d285f599-dc2e-4bd0-83f1-df21defa8821/hasMeasuredDate is not a property of the vocabulary
Constraint Violation in UndeclaredProperty:
	Severity: sh:Violation
	Focus Node: http://example.org/data/Measurement_urea_6299_2
	Message: https://w3id.org/shexmap/resource/ontology-schema/d285f599-dc2e-4bd0-83f1-df21defa8821/hasQuantityValue is not a property of the vocabulary
Constraint Violation in UndeclaredProperty:
	Severity: sh:Violation
	Focus Node: http://example.org/data/Measurement_urea_6299_2
	Message: https://w3id.org/shexmap/resource/ontology-schema/d285f599-dc2e-4bd0-83f1-df21defa8821/hasUnit is not a property of the vocabulary
Constraint Violation in UndeclaredProperty:
	Severity: sh:Violation
	Focus Node: http://example.org/data/Measurement_weight_29463_7
	Message: https://w3id.org/shexmap/resource/ontology-schema/d285f599-dc2e-4bd0-83f1-df21defa8821/hasCode is not a property of the vocabulary
Constraint Violation in UndeclaredProperty:
	Severity: sh:Violation
	Focus Node: http://example.org/data/Measurement_weight_29463_7
	Message: https://w3id.org/shexmap/resource/ontology-schema/d285f599-dc2e-4bd0-83f1-df21defa8821/hasMeasuredDate is not a property of the vocabulary
Constraint Violation in UndeclaredProperty:
	Severity: sh:Violation
	Focus Node: http://example.org/data/Measurement_weight_29463_7
	Message: https://w3id.org/shexmap/resource/ontology-schema/d285f599-dc2e-4bd0-83f1-df21defa8821/hasQuantityValue is not a property of the vocabulary
Constraint Violation in UndeclaredProperty:
	Severity: sh:Violation
	Focus Node: http://example.org/data/Measurement_weight_29463_7
	Message: https://w3id.org/shexmap/resource/ontology-schema/d285f599-dc2e-4bd0-83f1-df21defa8821/hasUnit is not a property of the vocabulary
Constraint Violation in UndeclaredProperty:
	Severity: sh:Violation
	Focus Node: http://example.org/data/Medication_review_due_314529007
	Message: https://w3id.org/shexmap/resource/ontology-schema/d285f599-dc2e-4bd0-83f1-df21defa8821/hasCode is not a property of the vocabulary
Constraint Violation in UndeclaredProperty:
	Severity: sh:Violation
	Focus Node: http://example.org/data/Medication_review_due_314529007
	Message: https://w3id.org/shexmap/resource/ontology-schema/d285f599-dc2e-4bd0-83f1-df21defa8821/hasRecordDate is not a property of the vocabulary
Constraint Violation in UndeclaredProperty:
	Severity: sh:Violation
	Focus Node: http://example.org/data/Pain_severity_0-10_verbal_numeric_rating_Score
	Message: https://w3id.org/shexmap/resource/ontology-schema/d285f599-dc2e-4bd0-83f1-df21defa8821/hasCode is not a property of the vocabulary
Constraint Violation in UndeclaredProperty:
	Severity: sh:Violation
	Focus Node: http://example.org/data/proc_bilirubin_20505_4
	Message: https://w3id.org/shexmap/resource/ontology-schema/d285f599-dc2e-4bd0-83f1-df21defa8821/hasPatient is not a property of the vocabulary
Constraint Violation in UndeclaredProperty:
	Severity: sh:Violation
	Focus Node: http://example.org/data/proc_bilirubin_20505_4
	Message: https://w3id.org/shexmap/resource/ontology-schema/d285f599-dc2e-4bd0-83f1-df21defa8821/hasPerformedDate is not a property of the vocabulary
Constraint Violation in UndeclaredProperty:
	Severity: sh:Violation
	Focus Node: http://example.org/data/proc_bilirubin_20505_4
	Message: https://w3id.org/shexmap/resource/ontology-schema/d285f599-dc2e-4bd0-83f1-df21defa8821/hasPerformer is not a property of the vocabulary
Constraint Violation in UndeclaredProperty:
	Severity: sh:Violation
	Focus Node: http://example.org/data/proc_bilirubin_20505_4
	Message: https://w3id.org/shexmap/resource/ontology-schema/d285f599-dc2e-4bd0-83f1-df21defa8821/hasResult is not a property of the vocabulary
Constraint Violation in UndeclaredProperty:
	Severity: sh:Violation
	Focus Node: http://example.org/data/proc_bilirubin_20505_4
	Message: https://w3id.org/shexmap/resource/ontology-schema/d285f599-dc2e-4bd0-83f1-df21defa8821/hasStatus is not a property of the vocabulary
Constraint Violation in UndeclaredProperty:
	Severity: sh:Violation
	Focus Node: http://example.org/data/proc_bmi_39156_5
	Message: https://w3id.org/shexmap/resource/ontology-schema/d285f599-dc2e-4bd0-83f1-df21defa8821/hasPatient is not a property of the vocabulary
Constraint Violation in UndeclaredProperty:
	Severity: sh:Violation
	Focus Node: http://example.org/data/proc_bmi_39156_5
	Message: https://w3id.org/shexmap/resource/ontology-schema/d285f599-dc2e-4bd0-83f1-df21defa8821/hasPerformedDate is not a property of the vocabulary
Constraint Violation in UndeclaredProperty:
	Severity: sh:Violation
	Focus Node: http://example.org/data/proc_bmi_39156_5
	Message: https://w3id.org/shexmap/resource/ontology-schema/d285f599-dc2e-4bd0-83f1-df21defa8821/hasPerformer is not a property of the vocabulary
Constraint Violation in UndeclaredProperty:
	Severity: sh:Violation
	Focus Node: http://example.org/data/proc_bmi_39156_5
	Message: https://w3id.org/shexmap/resource/ontology-schema/d285f599-dc2e-4bd0-83f1-df21defa8821/hasResult is not a property of the vocabulary
Constraint Violation in UndeclaredProperty:
	Severity: sh:Violation
	Focus Node: http://example.org/data/proc_bmi_39156_5
	Message: https://w3id.org/shexmap/resource/ontology-schema/d285f599-dc2e-4bd0-83f1-df21defa8821/hasStatus is not a property of the vocabulary
Constraint Violation in UndeclaredProperty:
	Severity: sh:Violation
	Focus Node: http://example.org/data/proc_calcium_17861_6
	Message: https://w3id.org/shexmap/resource/ontology-schema/d285f599-dc2e-4bd0-83f1-df21defa8821/hasPatient is not a property of the vocabulary
Constraint Violation in UndeclaredProperty:
	Severity: sh:Violation
	Focus Node: http://example.org/data/proc_calcium_17861_6
	Message: https://w3id.org/shexmap/resource/ontology-schema/d285f599-dc2e-4bd0-83f1-df21defa8821/hasPerformedDate is not a property of the vocabulary
Constraint Violation in UndeclaredProperty:
	Severity: sh:Violation
	Focus Node: http://example.org/data/proc_calcium_17861_6
	Message: https://w3id.org/shexmap/resource/ontology-schema/d285f599-dc2e-4bd0-83f1-df21defa8821/hasPerformer is not a property of the vocabulary
Constraint Violation in UndeclaredProperty:
	Severity: sh:Violation
	Focus Node: http://example.org/data/proc_calcium_17861_6
	Message: https://w3id.org/shexmap/resource/ontology-schema/d285f599-dc2e-4bd0-83f1-df21defa8821/hasResult is not a property of the vocabulary
Constraint Violation in UndeclaredProperty:
	Severity: sh:Violation
	Focus Node: http://example.org/data/proc_calcium_17861_6
	Message: https://w3id.org/shexmap/resource/ontology-schema/d285f599-dc2e-4bd0-83f1-df21defa8821/hasStatus is not a property of the vocabulary
Constraint Violation in UndeclaredProperty:
	Severity: sh:Violation
	Focus Node: http://example.org/data/proc_calcium_49765_1
	Message: https://w3id.org/shexmap/resource/ontology-schema/d285f599-dc2e-4bd0-83f1-df21defa8821/hasPatient is not a property of the vocabulary
Constraint Violation in UndeclaredProperty:
	Severity: sh:Violation
	Focus Node: http://example.org/data/proc_calcium_49765_1
	Message: https://w3id.org/shexmap/resource/ontology-schema/d285f599-dc2e-4bd0-83f1-df21defa8821/hasPerformedDate is not a property of the vocabulary
Constraint Violation in UndeclaredProperty:
	Severity: sh:Violation
	Focus Node: http://example.org/data/proc_calcium_49765_1
	Message: https://w3id.org/shexmap/resource/ontology-schema/d285f599-dc2e-4bd0-83f1-df21defa8821/hasPerformer is not a property of the vocabulary
Constraint Violation in UndeclaredProperty:
	Severity: sh:Violation
	Focus Node: http://example.org/data/proc_calcium_49765_1
	Message: https://w3id.org/shexmap/resource/ontology-schema/d285f599-dc2e-4bd0-83f1-df21defa8821/hasResult is not a property of the vocabulary
Constraint Violation in UndeclaredProperty:
	Severity: sh:Violation
	Focus Node: http://example.org/data/proc_calcium_49765_1
	Message: https://w3id.org/shexmap/resource/ontology-schema/d285f599-dc2e-4bd0-83f1-df21defa8821/hasStatus is not a property of the vocabulary
Constraint Violation in UndeclaredProperty:
	Severity: sh:Violation
	Focus Node: http://example.org/data/proc_chloride_2069_3
	Message: https://w3id.org/shexmap/resource/ontology-schema/d285f599-dc2e-4bd0-83f1-df21defa8821/hasPatient is not a property of the vocabulary
Constraint Violation in UndeclaredProperty:
	Severity: sh:Violation
	Focus Node: http://example.org/data/proc_chloride_2069_3
	Message: https://w3id.org/shexmap/resource/ontology-schema/d285f599-dc2e-4bd0-83f1-df21defa8821/hasPerformedDate is not a property of the vocabulary
Constraint Violation in UndeclaredProperty:
	Severity: sh:Violation
	Focus Node: http://example.org/data/proc_chloride_2069_3
	Message: https://w3id.org/shexmap/resource/ontology-schema/d285f599-dc2e-4bd0-83f1-df21defa8821/hasPerformer is not a property of the vocabulary
Constraint Violation in UndeclaredProperty:
	Severity: sh:Violation
	Focus Node: http://example.org/data/proc_chloride_2069_3
	Message: https://w3id.org/shexmap/resource/ontology-schema/d285f599-dc2e-4bd0-83f1-df21defa8821/hasResult is not a property of the vocabulary
Constraint Violation in UndeclaredProperty:
	Severity: sh:Violation
	Focus Node: http://example.org/data/proc_chloride_2069_3
	Message: https://w3id.org/shexmap/resource/ontology-schema/d285f599-dc2e-4bd0-83f1-df21defa8821/hasStatus is not a property of the vocabulary
Constraint Violation in UndeclaredProperty:
	Severity: sh:Violation
	Focus Node: http://example.org/data/proc_chloride_2075_0
	Message: https://w3id.org/shexmap/resource/ontology-schema/d285f599-dc2e-4bd0-83f1-df21defa8821/hasPatient is not a property of the vocabulary
Constraint Violation in UndeclaredProperty:
	Severity: sh:Violation
	Focus Node: http://example.org/data/proc_chloride_2075_0
	Message: https://w3id.org/shexmap/resource/ontology-schema/d285f599-dc2e-4bd0-83f1-df21defa8821/hasPerformedDate is not a property of the vocabulary
Constraint Violation in UndeclaredProperty:
	Severity: sh:Violation
	Focus Node: http://example.org/data/proc_chloride_2075_0
	Message: https://w3id.org/shexmap/resource/ontology-schema/d285f599-dc2e-4bd0-83f1-df21defa8821/hasPerformer is not a property of the vocabulary
Constraint Violation in UndeclaredProperty:
	Severity: sh:Violation
	Focus Node: http://example.org/data/proc_chloride_2075_0
	Message: https://w3id.org/shexmap/resource/ontology-schema/d285f599-dc2e-4bd0-83f1-df21defa8821/hasResult is not a property of the vocabulary
Constraint Violation in UndeclaredProperty:
	Severity: sh:Violation
	Focus Node: http://example.org/data/proc_chloride_2075_0
	Message: https://w3id.org/shexmap/resource/ontology-schema/d285f599-dc2e-4bd0-83f1-df21defa8821/hasStatus is not a property of the vocabulary
Constraint Violation in UndeclaredProperty:
	Severity: sh:Violation
	Focus Node: http://example.org/data/proc_cholesterol_2093_3
	Message: https://w3id.org/shexmap/resource/ontology-schema/d285f599-dc2e-4bd0-83f1-df21defa8821/hasPatient is not a property of the vocabulary
Constraint Violation in UndeclaredProperty:
	Severity: sh:Violation
	Focus Node: http://example.org/data/proc_cholesterol_2093_3
	Message: https://w3id.org/shexmap/resource/ontology-schema/d285f599-dc2e-4bd0-83f1-df21defa8821/hasPerformedDate is not a property of the vocabulary
Constraint Violation in UndeclaredProperty:
	Severity: sh:Violation
	Focus Node: http://example.org/data/proc_cholesterol_2093_3
	Message: https://w3id.org/shexmap/resource/ontology-schema/d285f599-dc2e-4bd0-83f1-df21defa8821/hasPerformer is not a property of the vocabulary
Constraint Violation in UndeclaredProperty:
	Severity: sh:Violation
	Focus Node: http://example.org/data/proc_cholesterol_2093_3
	Message: https://w3id.org/shexmap/resource/ontology-schema/d285f599-dc2e-4bd0-83f1-df21defa8821/hasResult is not a property of the vocabulary
Constraint Violation in UndeclaredProperty:
	Severity: sh:Violation
	Focus Node: http://example.org/data/proc_cholesterol_2093_3
	Message: https://w3id.org/shexmap/resource/ontology-schema/d285f599-dc2e-4bd0-83f1-df21defa8821/hasStatus is not a property of the vocabulary
Constraint Violation in UndeclaredProperty:
	Severity: sh:Violation
	Focus Node: http://example.org/data/proc_cholesterol_hdl_2085_9
	Message: https://w3id.org/shexmap/resource/ontology-schema/d285f599-dc2e-4bd0-83f1-df21defa8821/hasPatient is not a property of the vocabulary
Constraint Violation in UndeclaredProperty:
	Severity: sh:Violation
	Focus Node: http://example.org/data/proc_cholesterol_hdl_2085_9
	Message: https://w3id.org/shexmap/resource/ontology-schema/d285f599-dc2e-4bd0-83f1-df21defa8821/hasPerformedDate is not a property of the vocabulary
Constraint Violation in UndeclaredProperty:
	Severity: sh:Violation
	Focus Node: http://example.org/data/proc_cholesterol_hdl_2085_9
	Message: https://w3id.org/shexmap/resource/ontology-schema/d285f599-dc2e-4bd0-83f1-df21defa8821/hasPerformer is not a property of the vocabulary
Constraint Violation in UndeclaredProperty:
	Severity: sh:Violation
	Focus Node: http://example.org/data/proc_cholesterol_hdl_2085_9
	Message: https://w3id.org/shexmap/resource/ontology-schema/d285f599-dc2e-4bd0-83f1-df21defa8821/hasResult is not a property of the vocabulary
Constraint Violation in UndeclaredProperty:
	Severity: sh:Violation
	Focus Node: http://example.org/data/proc_cholesterol_hdl_2085_9
	Message: https://w3id.org/shexmap/resource/ontology-schema/d285f599-dc2e-4bd0-83f1-df21defa8821/hasStatus is not a property of the vocabulary
Constraint Violation in UndeclaredProperty:
	Severity: sh:Violation
	Focus Node: http://example.org/data/proc_cholesterol_ldl_18262_6
	Message: https://w3id.org/shexmap/resource/ontology-schema/d285f599-dc2e-4bd0-83f1-df21defa8821/hasPatient is not a property of the vocabulary
Constraint Violation in UndeclaredProperty:
	Severity: sh:Violation
	Focus Node: http://example.org/data/proc_cholesterol_ldl_18262_6
	Message: https://w3id.org/shexmap/resource/ontology-schema/d285f599-dc2e-4bd0-83f1-df21defa8821/hasPerformedDate is not a property of the vocabulary
Constraint Violation in UndeclaredProperty:
	Severity: sh:Violation
	Focus Node: http://example.org/data/proc_cholesterol_ldl_18262_6
	Message: https://w3id.org/shexmap/resource/ontology-schema/d285f599-dc2e-4bd0-83f1-df21defa8821/hasPerformer is not a property of the vocabulary
Constraint Violation in UndeclaredProperty:
	Severity: sh:Violation
	Focus Node: http://example.org/data/proc_cholesterol_ldl_18262_6
	Message: https://w3id.org/shexmap/resource/ontology-schema/d285f599-dc2e-4bd0-83f1-df21defa8821/hasResult is not a property of the vocabulary
Constraint Violation in UndeclaredProperty:
	Severity: sh:Violation
	Focus Node: http://example.org/data/proc_cholesterol_ldl_18262_6
	Message: https://w3id.org/shexmap/resource/ontology-schema/d285f599-dc2e-4bd0-83f1-df21defa8821/hasStatus is not a property of the vocabulary
Constraint Violation in UndeclaredProperty:
	Severity: sh:Violation
	Focus Node: http://example.org/data/proc_co2_2028_9
	Message: https://w3id.org/shexmap/resource/ontology-schema/d285f599-dc2e-4bd0-83f1-df21defa8821/hasPatient is not a property of the vocabulary
Constraint Violation in UndeclaredProperty:
	Severity: sh:Violation
	Focus Node: http://example.org/data/proc_co2_2028_9
	Message: https://w3id.org/shexmap/resource/ontology-schema/d285f599-dc2e-4bd0-83f1-df21defa8821/hasPerformedDate is not a property of the vocabulary
Constraint Violation in UndeclaredProperty:
	Severity: sh:Violation
	Focus Node: http://example.org/data/proc_co2_2028_9
	Message: https://w3id.org/shexmap/resource/ontology-schema/d285f599-dc2e-4bd0-83f1-df21defa8821/hasPerformer is not a property of the vocabulary
Constraint Violation in UndeclaredProperty:
	Severity: sh:Violation
	Focus Node: http://example.org/data/proc_co2_2028_9
	Message: https://w3id.org/shexmap/resource/ontology-schema/d285f599-dc2e-4bd0-83f1-df21defa8821/hasResult is not a property of the vocabulary
Constraint Violation in UndeclaredProperty:
	Severity: sh:Violation
	Focus Node: http://example.org/data/proc_co2_2028_9
	Message: https://w3id.org/shexmap/resource/ontology-schema/d285f599-dc2e-4bd0-83f1-df21defa8821/hasStatus is not a property of the vocabulary
Constraint Violation in UndeclaredProperty:
	Severity: sh:Violation
	Focus Node: http://example.org/data/proc_co2_20565_8
	Message: https://w3id.org/shexmap/resource/ontology-schema/d285f599-dc2e-4bd0-83f1-df21defa8821/hasPatient is not a property of the vocabulary
Constraint Violation in UndeclaredProperty:
	Severity: sh:Violation
	Focus Node: http://example.org/data/proc_co2_20565_8
	Message: https://w3id.org/shexmap/resource/ontology-schema/d285f599-dc2e-4bd0-83f1-df21defa8821/hasPerformedDate is not a property of the vocabulary
Constraint Violation in UndeclaredProperty:
	Severity: sh:Violation
	Focus Node: http://example.org/data/proc_co2_20565_8
	Message: https://w3id.org/shexmap/resource/ontology-schema/d285f599-dc2e-4bd0-83f1-df21defa8821/hasPerformer is not a property of the vocabulary
Constraint Violation in UndeclaredProperty:
	Severity: sh:Violation
	Focus Node: http://example.org/data/proc_co2_20565_8
	Message: https://w3id.org/shexmap/resource/ontology-schema/d285f599-dc2e-4bd0-83f1-df21defa8821/hasResult is not a property of the vocabulary
Constraint Violation in UndeclaredProperty:
	Severity: sh:Violation
	Focus Node: http://example.org/data/proc_co2_20565_8
	Message: https://w3id.org/shexmap/resource/ontology-schema/d285f599-dc2e-4bd0-83f1-df21defa8821/hasStatus is not a property of the vocabulary
Constraint Violation in UndeclaredProperty:
	Severity: sh:Violation
	Focus Node: http://example.org/data/proc_creatinine_2160_0
	Message: https://w3id.org/shexmap/resource/ontology-schema/d285f599-dc2e-4bd0-83f1-df21defa8821/hasPatient is not a property of the vocabulary
Constraint Violation in UndeclaredProperty:
	Severity: sh:Violation
	Focus Node: http://example.org/data/proc_creatinine_2160_0
	Message: https://w3id.org/shexmap/resource/ontology-schema/d285f599-dc2e-4bd0-83f1-df21defa8821/hasPerformedDate is not a property of the vocabulary
Constraint Violation in UndeclaredProperty:
	Severity: sh:Violation
	Focus Node: http://example.org/data/proc_creatinine_2160_0
	Message: https://w3id.org/shexmap/resource/ontology-schema/d285f599-dc2e-4bd0-83f1-df21defa8821/hasPerformer is not a property of the vocabulary
Constraint Violation in UndeclaredProperty:
	Severity: sh:Violation
	Focus Node: http://example.org/data/proc_creatinine_2160_0
	Message: https://w3id.org/shexmap/resource/ontology-schema/d285f599-dc2e-4bd0-83f1-df21defa8821/hasResult is not a property of the vocabulary
Constraint Violation in UndeclaredProperty:
	Severity: sh:Violation
	Focus Node: http://example.org/data/proc_creatinine_2160_0
	Message: https://w3id.org/shexmap/resource/ontology-schema/d285f599-dc2e-4bd0-83f1-df21defa8821/hasStatus is not a property of the vocabulary
Constraint Violation in UndeclaredProperty:
	Severity: sh:Violation
	Focus Node: http://example.org/data/proc_creatinine_38483_4
	Message: https://w3id.org/shexmap/resource/ontology-schema/d285f599-dc2e-4bd0-83f1-df21defa8821/hasPatient is not a property of the vocabulary
Constraint Violation in UndeclaredProperty:
	Severity: sh:Violation
	Focus Node: http://example.org/data/proc_creatinine_38483_4
	Message: https://w3id.org/shexmap/resource/ontology-schema/d285f599-dc2e-4bd0-83f1-df21defa8821/hasPerformedDate is not a property of the vocabulary
Constraint Violation in UndeclaredProperty:
	Severity: sh:Violation
	Focus Node: http://example.org/data/proc_creatinine_38483_4
	Message: https://w3id.org/shexmap/resource/ontology-schema/d285f599-dc2e-4bd0-83f1-df21defa8821/hasPerformer is not a property of the vocabulary
Constraint Violation in UndeclaredProperty:
	Severity: sh:Violation
	Focus Node: http://example.org/data/proc_creatinine_38483_4
	Message: https://w3id.org/shexmap/resource/ontology-schema/d285f599-dc2e-4bd0-83f1-df21defa8821/hasResult is not a property of the vocabulary
Constraint Violation in UndeclaredProperty:
	Severity: sh:Violation
	Focus Node: http://example.org/data/proc_creatinine_38483_4
	Message: https://w3id.org/shexmap/resource/ontology-schema/d285f599-dc2e-4bd0-83f1-df21defa8821/hasStatus is not a property of the vocabulary
Constraint Violation in UndeclaredProperty:
	Severity: sh:Violation
	Focus Node: http://example.org/data/proc_gfr_33914_3_1
	Message: https://w3id.org/shexmap/resource/ontology-schema/d285f599-dc2e-4bd0-83f1-df21defa8821/hasPatient is not a property of the vocabulary
Constraint Violation in UndeclaredProperty:
	Severity: sh:Violation
	Focus Node: http://example.org/data/proc_gfr_33914_3_1
	Message: https://w3id.org/shexmap/resource/ontology-schema/d285f599-dc2e-4bd0-83f1-df21defa8821/hasPerformedDate is not a property of the vocabulary
Constraint Violation in UndeclaredProperty:
	Severity: sh:Violation
	Focus Node: http://example.org/data/proc_gfr_33914_3_1
	Message: https://w3id.org/shexmap/resource/ontology-schema/d285f599-dc2e-4bd0-83f1-df21defa8821/hasPerformer is not a property of the vocabulary
Constraint Violation in UndeclaredProperty:
	Severity: sh:Violation
	Focus Node: http://example.org/data/proc_gfr_33914_3_1
	Message: https://w3id.org/shexmap/resource/ontology-schema/d285f599-dc2e-4bd0-83f1-df21defa8821/hasResult is not a property of the vocabulary
Constraint Violation in UndeclaredProperty:
	Severity: sh:Violation
	Focus Node: http://example.org/data/proc_gfr_33914_3_1
	Message: https://w3id.org/shexmap/resource/ontology-schema/d285f599-dc2e-4bd0-83f1-df21defa8821/hasStatus is not a property of the vocabulary
Constraint Violation in UndeclaredProperty:
	Severity: sh:Violation
	Focus Node: http://example.org/data/proc_gfr_33914_3_2
	Message: https://w3id.org/shexmap/resource/ontology-schema/d285f599-dc2e-4bd0-83f1-df21defa8821/hasPatient is not a property of the vocabulary
Constraint Violation in UndeclaredProperty:
	Severity: sh:Violation
	Focus Node: http://example.org/data/proc_gfr_33914_3_2
	Message: https://w3id.org/shexmap/resource/ontology-schema/d285f599-dc2e-4bd0-83f1-df21defa8821/hasPerformedDate is not a property of the vocabulary
Constraint Violation in UndeclaredProperty:
	Severity: sh:Violation
	Focus Node: http://example.org/data/proc_gfr_33914_3_2
	Message: https://w3id.org/shexmap/resource/ontology-schema/d285f599-dc2e-4bd0-83f1-df21defa8821/hasPerformer is not a property of the vocabulary
Constraint Violation in UndeclaredProperty:
	Severity: sh:Violation
	Focus Node: http://example.org/data/proc_gfr_33914_3_2
	Message: https://w3id.org/shexmap/resource/ontology-schema/d285f599-dc2e-4bd0-83f1-df21defa8821/hasResult is not a property of the vocabulary
Constraint Violation in UndeclaredProperty:
	Severity: sh:Violation
	Focus Node: http://example.org/data/proc_gfr_33914_3_2
	Message: https://w3id.org/shexmap/resource/ontology-schema/d285f599-dc2e-4bd0-83f1-df21defa8821/hasStatus is not a property of the vocabulary
Constraint Violation in UndeclaredProperty:
	Severity: sh:Violation
	Focus Node: http://example.org/data/proc_glucose_2339_0
	Message: https://w3id.org/shexmap/resource/ontology-schema/d285f599-dc2e-4bd0-83f1-df21defa8821/hasPatient is not a property of the vocabulary
Constraint Violation in UndeclaredProperty:
	Severity: sh:Violation
	Focus Node: http://example.org/data/proc_glucose_2339_0
	Message: https://w3id.org/shexmap/resource/ontology-schema/d285f599-dc2e-4bd0-83f1-df21defa8821/hasPerformedDate is not a property of the vocabulary
Constraint Violation in UndeclaredProperty:
	Severity: sh:Violation
	Focus Node: http://example.org/data/proc_glucose_2339_0
	Message: https://w3id.org/shexmap/resource/ontology-schema/d285f599-dc2e-4bd0-83f1-df21defa8821/hasPerformer is not a property of the vocabulary
Constraint Violation in UndeclaredProperty:
	Severity: sh:Violation
	Focus Node: http://example.org/data/proc_glucose_2339_0
	Message: https://w3id.org/shexmap/resource/ontology-schema/d285f599-dc2e-4bd0-83f1-df21defa8821/hasResult is not a property of the vocabulary
Constraint Violation in UndeclaredProperty:
	Severity: sh:Violation
	Focus Node: http://example.org/data/proc_glucose_2339_0
	Message: https://w3id.org/shexmap/resource/ontology-schema/d285f599-dc2e-4bd0-83f1-df21defa8821/hasStatus is not a property of the vocabulary
Constraint Violation in UndeclaredProperty:
	Severity: sh:Violation
	Focus Node: http://example.org/data/proc_glucose_2345_7
	Message: https://w3id.org/shexmap/resource/ontology-schema/d285f599-dc2e-4bd0-83f1-df21defa8821/hasPatient is not a property of the vocabulary
Constraint Violation in UndeclaredProperty:
	Severity: sh:Violation
	Focus Node: http://example.org/data/proc_glucose_2345_7
	Message: https://w3id.org/shexmap/resource/ontology-schema/d285f599-dc2e-4bd0-83f1-df21defa8821/hasPerformedDate is not a property of the vocabulary
Constraint Violation in UndeclaredProperty:
	Severity: sh:Violation
	Focus Node: http://example.org/data/proc_glucose_2345_7
	Message: https://w3id.org/shexmap/resource/ontology-schema/d285f599-dc2e-4bd0-83f1-df21defa8821/hasPerformer is not a property of the vocabulary
Constraint Violation in UndeclaredProperty:
	Severity: sh:Violation
	Focus Node: http://example.org/data/proc_glucose_2345_7
	Message: https://w3id.org/shexmap/resource/ontology-schema/d285f599-dc2e-4bd0-83f1-df21defa8821/hasResult is not a property of the vocabulary
Constraint Violation in UndeclaredProperty:
	Severity: sh:Violation
	Focus Node: http://example.org/data/proc_glucose_2345_7
	Message: https://w3id.org/shexmap/resource/ontology-schema/d285f599-dc2e-4bd0-83f1-df21defa8821/hasStatus is not a property of the vocabulary
Constraint Violation in UndeclaredProperty:
	Severity: sh:Violation
	Focus Node: http://example.org/data/proc_glucose_5792_7
	Message: https://w3id.org/shexmap/resource/ontology-schema/d285f599-dc2e-4bd0-83f1-df21defa8821/hasPatient is not a property of the vocabulary
Constraint Violation in UndeclaredProperty:
	Severity: sh:Violation
	Focus Node: http://example.org/data/proc_glucose_5792_7
	Message: https://w3id.org/shexmap/resource/ontology-schema/d285f599-dc2e-4bd0-83f1-df21defa8821/hasPerformedDate is not a property of the vocabulary
Constraint Violation in UndeclaredProperty:
	Severity: sh:Violation
	Focus Node: http://example.org/data/proc_glucose_5792_7
	Message: https://w3id.org/shexmap/resource/ontology-schema/d285f599-dc2e-4bd0-83f1-df21defa8821/hasPerformer is not a property of the vocabulary
Constraint Violation in UndeclaredProperty:
	Severity: sh:Violation
	Focus Node: http://example.org/data/proc_glucose_5792_7
	Message: https://w3id.org/shexmap/resource/ontology-schema/d285f599-dc2e-4bd0-83f1-df21defa8821/hasResult is not a property of the vocabulary
Constraint Violation in UndeclaredProperty:
	Severity: sh:Violation
	Focus Node: http://example.org/data/proc_glucose_5792_7
	Message: https://w3id.org/shexmap/resource/ontology-schema/d285f599-dc2e-4bd0-83f1-df21defa8821/hasStatus is not a property of the vocabulary
Constraint Violation in UndeclaredProperty:
	Severity: sh:Violation
	Focus Node: http://example.org/data/proc_hba1c_4548_4
	Message: https://w3id.org/shexmap/resource/ontology-schema/d285f599-dc2e-4bd0-83f1-df21defa8821/hasPatient is not a property of the vocabulary
Constraint Violation in UndeclaredProperty:
	Severity: sh:Violation
	Focus Node: http://example.org/data/proc_hba1c_4548_4
	Message: https://w3id.org/shexmap/resource/ontology-schema/d285f599-dc2e-4bd0-83f1-df21defa8821/hasPerformedDate is not a property of the vocabulary
Constraint Violation in UndeclaredProperty:
	Severity: sh:Violation
	Focus Node: http://example.org/data/proc_hba1c_4548_4
	Message: https://w3id.org/shexmap/resource/ontology-schema/d285f599-dc2e-4bd0-83f1-df21defa8821/hasPerformer is not a property of the vocabulary
Constraint Violation in UndeclaredProperty:
	Severity: sh:Violation
	Focus Node: http://example.org/data/proc_hba1c_4548_4
	Message: https://w3id.org/shexmap/resource/ontology-schema/d285f599-dc2e-4bd0-83f1-df21defa8821/hasResult is not a property of the vocabulary
Constraint Violation in UndeclaredProperty:
	Severity: sh:Violation
	Focus Node: http://example.org/data/proc_hba1c_4548_4
	Message: https://w3id.org/shexmap/resource/ontology-schema/d285f599-dc2e-4bd0-83f1-df21defa8821/hasStatus is not a property of the vocabulary
Constraint Violation in UndeclaredProperty:
	Severity: sh:Violation
	Focus Node: http://example.org/data/proc_heart_rate_8867_4
	Message: https://w3id.org/shexmap/resource/ontology-schema/d285f599-dc2e-4bd0-83f1-df21defa8821/hasPatient is not a property of the vocabulary
Constraint Violation in UndeclaredProperty:
	Severity: sh:Violation
	Focus Node: http://example.org/data/proc_heart_rate_8867_4
	Message: https://w3id.org/shexmap/resource/ontology-schema/d285f599-dc2e-4bd0-83f1-df21defa8821/hasPerformedDate is not a property of the vocabulary
Constraint Violation in UndeclaredProperty:
	Severity: sh:Violation
	Focus Node: http://example.org/data/proc_heart_rate_8867_4
	Message: https://w3id.org/shexmap/resource/ontology-schema/d285f599-dc2e-4bd0-83f1-df21defa8821/hasPerformer is not a property of the vocabulary
Constraint Violation in UndeclaredProperty:
	Severity: sh:Violation
	Focus Node: http://example.org/data/proc_heart_rate_8867_4
	Message: https://w3id.org/shexmap/resource/ontology-schema/d285f599-dc2e-4bd0-83f1-df21defa8821/hasResult is not a property of the vocabulary
Constraint Violation in UndeclaredProperty:
	Severity: sh:Violation
	Focus Node: http://example.org/data/proc_heart_rate_8867_4
	Message: https://w3id.org/shexmap/resource/ontology-schema/d285f599-dc2e-4bd0-83f1-df21defa8821/hasStatus is not a property of the vocabulary
Constraint Violation in UndeclaredProperty:
	Severity: sh:Violation
	Focus Node: http://example.org/data/proc_height_8302_2
	Message: https://w3id.org/shexmap/resource/ontology-schema/d285f599-dc2e-4bd0-83f1-df21defa8821/hasPatient is not a property of the vocabulary
Constraint Violation in UndeclaredProperty:
	Severity: sh:Violation
	Focus Node: http://example.org/data/proc_height_8302_2
	Message: https://w3id.org/shexmap/resource/ontology-schema/d285f599-dc2e-4bd0-83f1-df21defa8821/hasPerformedDate is not a property of the vocabulary
Constraint Violation in UndeclaredProperty:
	Severity: sh:Violation
	Focus Node: http://example.org/data/proc_height_8302_2
	Message: https://w3id.org/shexmap/resource/ontology-schema/d285f599-dc2e-4bd0-83f1-df21defa8821/hasPerformer is not a property of the vocabulary
Constraint Violation in UndeclaredProperty:
	Severity: sh:Violation
	Focus Node: http://example.org/data/proc_height_8302_2
	Message: https://w3id.org/shexmap/resource/ontology-schema/d285f599-dc2e-4bd0-83f1-df21defa8821/hasResult is not a property of the vocabulary
Constraint Violation in UndeclaredProperty:
	Severity: sh:Violation
	Focus Node: http://example.org/data/proc_height_8302_2
	Message: https://w3id.org/shexmap/resource/ontology-schema/d285f599-dc2e-4bd0-83f1-df21defa8821/hasStatus is not a property of the vocabulary
Constraint Violation in UndeclaredProperty:
	Severity: sh:Violation
	Focus Node: http://example.org/data/proc_ketones_5797_6
	Message: https://w3id.org/shexmap/resource/ontology-schema/d285f599-dc2e-4bd0-83f1-df21defa8821/hasPatient is not a property of the vocabulary
Constraint Violation in UndeclaredProperty:
	Severity: sh:Violation
	Focus Node: http://example.org/data/proc_ketones_5797_6
	Message: https://w3id.org/shexmap/resource/ontology-schema/d285f599-dc2e-4bd0-83f1-df21defa8821/hasPerformedDate is not a property of the vocabulary
Constraint Violation in UndeclaredProperty:
	Severity: sh:Violation
	Focus Node: http://example.org/data/proc_ketones_5797_6
	Message: https://w3id.org/shexmap/resource/ontology-schema/d285f599-dc2e-4bd0-83f1-df21defa8821/hasPerformer is not a property of the vocabulary
Constraint Violation in UndeclaredProperty:
	Severity: sh:Violation
	Focus Node: http://example.org/data/proc_ketones_5797_6
	Message: https://w3id.org/shexmap/resource/ontology-schema/d285f599-dc2e-4bd0-83f1-df21defa8821/hasResult is not a property of the vocabulary
Constraint Violation in UndeclaredProperty:
	Severity: sh:Violation
	Focus Node: http://example.org/data/proc_ketones_5797_6
	Message: https://w3id.org/shexmap/resource/ontology-schema/d285f599-dc2e-4bd0-83f1-df21defa8821/hasStatus is not a property of the vocabulary
Constraint Violation in UndeclaredProperty:
	Severity: sh:Violation
	Focus Node: http://example.org/data/proc_microalbumin_14959_1
	Message: https://w3id.org/shexmap/resource/ontology-schema/d285f599-dc2e-4bd0-83f1-df21defa8821/hasPatient is not a property of the vocabulary
Constraint Violation in UndeclaredProperty:
	Severity: sh:Violation
	Focus Node: http://example.org/data/proc_microalbumin_14959_1
	Message: https://w3id.org/shexmap/resource/ontology-schema/d285f599-dc2e-4bd0-83f1-df21defa8821/hasPerformedDate is not a property of the vocabulary
Constraint Violation in UndeclaredProperty:
	Severity: sh:Violation
	Focus Node: http://example.org/data/proc_microalbumin_14959_1
	Message: https://w3id.org/shexmap/resource/ontology-schema/d285f599-dc2e-4bd0-83f1-df21defa8821/hasPerformer is not a property of the vocabulary
Constraint Violation in UndeclaredProperty:
	Severity: sh:Violation
	Focus Node: http://example.org/data/proc_microalbumin_14959_1
	Message: https://w3id.org/shexmap/resource/ontology-schema/d285f599-dc2e-4bd0-83f1-df21defa8821/hasResult is not a property of the vocabulary
Constraint Violation in UndeclaredProperty:
	Severity: sh:Violation
	Focus Node: http://example.org/data/proc_microalbumin_14959_1
	Message: https://w3id.org/shexmap/resource/ontology-schema/d285f599-dc2e-4bd0-83f1-df21defa8821/hasStatus is not a property of the vocabulary
Constraint Violation in UndeclaredProperty:
	Severity: sh:Violation
	Focus Node: http://example.org/data/proc_pain_72514_3
	Message: https://w3id.org/shexmap/resource/ontology-schema/d285f599-dc2e-4bd0-83f1-df21defa8821/hasPatient is not a property of the vocabulary
Constraint Violation in UndeclaredProperty:
	Severity: sh:Violation
	Focus Node: http://example.org/data/proc_pain_72514_3
	Message: https://w3id.org/shexmap/resource/ontology-schema/d285f599-dc2e-4bd0-83f1-df21defa8821/hasPerformedDate is not a property of the vocabulary
Constraint Violation in UndeclaredProperty:
	Severity: sh:Violation
	Focus Node: http://example.org/data/proc_pain_72514_3
	Message: https://w3id.org/shexmap/resource/ontology-schema/d285f599-dc2e-4bd0-83f1-df21defa8821/hasPerformer is not a property of the vocabulary
Constraint Violation in UndeclaredProperty:
	Severity: sh:Violation
	Focus Node: http://example.org/data/proc_pain_72514_3
	Message: https://w3id.org/shexmap/resource/ontology-schema/d285f599-dc2e-4bd0-83f1-df21defa8821/hasResult is not a property of the vocabulary
Constraint Violation in UndeclaredProperty:
	Severity: sh:Violation
	Focus Node: http://example.org/data/proc_pain_72514_3
	Message: https://w3id.org/shexmap/resource/ontology-schema/d285f599-dc2e-4bd0-83f1-df21defa8821/hasStatus is not a property of the vocabulary
Constraint Violation in UndeclaredProperty:
	Severity: sh:Violation
	Focus Node: http://example.org/data/proc_ph_5803_2
	Message: https://w3id.org/shexmap/resource/ontology-schema/d285f599-dc2e-4bd0-83f1-df21defa8821/hasPatient is not a property of the vocabulary
Constraint Violation in UndeclaredProperty:
	Severity: sh:Violation
	Focus Node: http://example.org/data/proc_ph_5803_2
	Message: https://w3id.org/shexmap/resource/ontology-schema/d285f599-dc2e-4bd0-83f1-df21defa8821/hasPerformedDate is not a property of the vocabulary
Constraint Violation in UndeclaredProperty:
	Severity: sh:Violation
	Focus Node: http://example.org/data/proc_ph_5803_2
	Message: https://w3id.org/shexmap/resource/ontology-schema/d285f599-dc2e-4bd0-83f1-df21defa8821/hasPerformer is not a property of the vocabulary
Constraint Violation in UndeclaredProperty:
	Severity: sh:Violation
	Focus Node: http://example.org/data/proc_ph_5803_2
	Message: https://w3id.org/shexmap/resource/ontology-schema/d285f599-dc2e-4bd0-83f1-df21defa8821/hasResult is not a property of the vocabulary
Constraint Violation in UndeclaredProperty:
	Severity: sh:Violation
	Focus Node: http://example.org/data/proc_ph_5803_2
	Message: https://w3id.org/shexmap/resource/ontology-schema/d285f599-dc2e-4bd0-83f1-df21defa8821/hasStatus is not a property of the vocabulary
Constraint Violation in UndeclaredProperty:
	Severity: sh:Violation
	Focus Node: http://example.org/data/proc_phq2_55758_7
	Message: https://w3id.org/shexmap/resource/ontology-schema/d285f599-dc2e-4bd0-83f1-df21defa8821/hasPatient is not a property of the vocabulary
Constraint Violation in UndeclaredProperty:
	Severity: sh:Violation
	Focus Node: http://example.org/data/proc_phq2_55758_7
	Message: https://w3id.org/shexmap/resource/ontology-schema/d285f599-dc2e-4bd0-83f1-df21defa8821/hasPerformedDate is not a property of the vocabulary
Constraint Violation in UndeclaredProperty:
	Severity: sh:Violation
	Focus Node: http://example.org/data/proc_phq2_55758_7
	Message: https://w3id.org/shexmap/resource/ontology-schema/d285f599-dc2e-4bd0-83f1-df21defa8821/hasPerformer is not a property of the vocabulary
Constraint Violation in UndeclaredProperty:
	Severity: sh:Violation
	Focus Node: http://example.org/data/proc_phq2_55758_7
	Message: https://w3id.org/shexmap/resource/ontology-schema/d285f599-dc2e-4bd0-83f1-df21defa8821/hasResult is not a property of the vocabulary
Constraint Violation in UndeclaredProperty:
	Severity: sh:Violation
	Focus Node: http://example.org/data/proc_phq2_55758_7
	Message: https://w3id.org/shexmap/resource/ontology-schema/d285f599-dc2e-4bd0-83f1-df21defa8821/hasStatus is not a property of the vocabulary
Constraint Violation in UndeclaredProperty:
	Severity: sh:Violation
	Focus Node: http://example.org/data/proc_potassium_2823_3
	Message: https://w3id.org/shexmap/resource/ontology-schema/d285f599-dc2e-4bd0-83f1-df21defa8821/hasPatient is not a property of the vocabulary
Constraint Violation in UndeclaredProperty:
	Severity: sh:Violation
	Focus Node: http://example.org/data/proc_potassium_2823_3
	Message: https://w3id.org/shexmap/resource/ontology-schema/d285f599-dc2e-4bd0-83f1-df21defa8821/hasPerformedDate is not a property of the vocabulary
Constraint Violation in UndeclaredProperty:
	Severity: sh:Violation
	Focus Node: http://example.org/data/proc_potassium_2823_3
	Message: https://w3id.org/shexmap/resource/ontology-schema/d285f599-dc2e-4bd0-83f1-df21defa8821/hasPerformer is not a property of the vocabulary
Constraint Violation in UndeclaredProperty:
	Severity: sh:Violation
	Focus Node: http://example.org/data/proc_potassium_2823_3
	Message: https://w3id.org/shexmap/resource/ontology-schema/d285f599-dc2e-4bd0-83f1-df21defa8821/hasResult is not a property of the vocabulary
Constraint Violation in UndeclaredProperty:
	Severity: sh:Violation
	Focus Node: http://example.org/data/proc_potassium_2823_3
	Message: https://w3id.org/shexmap/resource/ontology-schema/d285f599-dc2e-4bd0-83f1-df21defa8821/hasStatus is not a property of the vocabulary
Constraint Violation in UndeclaredProperty:
	Severity: sh:Violation
	Focus Node: http://example.org/data/proc_potassium_6298_4
	Message: https://w3id.org/shexmap/resource/ontology-schema/d285f599-dc2e-4bd0-83f1-df21defa8821/hasPatient is not a property of the vocabulary
Constraint Violation in UndeclaredProperty:
	Severity: sh:Violation
	Focus Node: http://example.org/data/proc_potassium_6298_4
	Message: https://w3id.org/shexmap/resource/ontology-schema/d285f599-dc2e-4bd0-83f1-df21defa8821/hasPerformedDate is not a property of the vocabulary
Constraint Violation in UndeclaredProperty:
	Severity: sh:Violation
	Focus Node: http://example.org/data/proc_potassium_6298_4
	Message: https://w3id.org/shexmap/resource/ontology-schema/d285f599-dc2e-4bd0-83f1-df21defa8821/hasPerformer is not a property of the vocabulary
Constraint Violation in UndeclaredProperty:
	Severity: sh:Violation
	Focus Node: http://example.org/data/proc_potassium_6298_4
	Message: https://w3id.org/shexmap/resource/ontology-schema/d285f599-dc2e-4bd0-83f1-df21defa8821/hasResult is not a property of the vocabulary
Constraint Violation in UndeclaredProperty:
	Severity: sh:Violation
	Focus Node: http://example.org/data/proc_potassium_6298_4
	Message: https://w3id.org/shexmap/resource/ontology-schema/d285f599-dc2e-4bd0-83f1-df21defa8821/hasStatus is not a property of the vocabulary
Constraint Violation in UndeclaredProperty:
	Severity: sh:Violation
	Focus Node: http://example.org/data/proc_protein_5804_0
	Message: https://w3id.org/shexmap/resource/ontology-schema/d285f599-dc2e-4bd0-83f1-df21defa8821/hasPatient is not a property of the vocabulary
Constraint Violation in UndeclaredProperty:
	Severity: sh:Violation
	Focus Node: http://example.org/data/proc_protein_5804_0
	Message: https://w3id.org/shexmap/resource/ontology-schema/d285f599-dc2e-4bd0-83f1-df21defa8821/hasPerformedDate is not a property of the vocabulary
Constraint Violation in UndeclaredProperty:
	Severity: sh:Violation
	Focus Node: http://example.org/data/proc_protein_5804_0
	Message: https://w3id.org/shexmap/resource/ontology-schema/d285f599-dc2e-4bd0-83f1-df21defa8821/hasPerformer is not a property of the vocabulary
Constraint Violation in UndeclaredProperty:
	Severity: sh:Violation
	Focus Node: http://example.org/data/proc_protein_5804_0
	Message: https://w3id.org/shexmap/resource/ontology-schema/d285f599-dc2e-4bd0-83f1-df21defa8821/hasResult is not a property of the vocabulary
Constraint Violation in UndeclaredProperty:
	Severity: sh:Violation
	Focus Node: http://example.org/data/proc_protein_5804_0
	Message: https://w3id.org/shexmap/resource/ontology-schema/d285f599-dc2e-4bd0-83f1-df21defa8821/hasStatus is not a property of the vocabulary
Constraint Violation in UndeclaredProperty:
	Severity: sh:Violation
	Focus Node: http://example.org/data/proc_resp_rate_9279_1
	Message: https://w3id.org/shexmap/resource/ontology-schema/d285f599-dc2e-4bd0-83f1-df21defa8821/hasPatient is not a property of the vocabulary
Constraint Violation in UndeclaredProperty:
	Severity: sh:Violation
	Focus Node: http://example.org/data/proc_resp_rate_9279_1
	Message: https://w3id.org/shexmap/resource/ontology-schema/d285f599-dc2e-4bd0-83f1-df21defa8821/hasPerformedDate is not a property of the vocabulary
Constraint Violation in UndeclaredProperty:
	Severity: sh:Violation
	Focus Node: http://example.org/data/proc_resp_rate_9279_1
	Message: https://w3id.org/shexmap/resource/ontology-schema/d285f599-dc2e-4bd0-83f1-df21defa8821/hasPerformer is not a property of the vocabulary
Constraint Violation in UndeclaredProperty:
	Severity: sh:Violation
	Focus Node: http://example.org/data/proc_resp_rate_9279_1
	Message: https://w3id.org/shexmap/resource/ontology-schema/d285f599-dc2e-4bd0-83f1-df21defa8821/hasResult is not a property of the vocabulary
Constraint Violation in UndeclaredProperty:
	Severity: sh:Violation
	Focus Node: http://example.org/data/proc_resp_rate_9279_1
	Message: https://w3id.org/shexmap/resource/ontology-schema/d285f599-dc2e-4bd0-83f1-df21defa8821/hasStatus is not a property of the vocabulary
Constraint Violation in UndeclaredProperty:
	Severity: sh:Violation
	Focus Node: http://example.org/data/proc_sodium_2947_0
	Message: https://w3id.org/shexmap/resource/ontology-schema/d285f599-dc2e-4bd0-83f1-df21defa8821/hasPatient is not a property of the vocabulary
Constraint Violation in UndeclaredProperty:
	Severity: sh:Violation
	Focus Node: http://example.org/data/proc_sodium_2947_0
	Message: https://w3id.org/shexmap/resource/ontology-schema/d285f599-dc2e-4bd0-83f1-df21defa8821/hasPerformedDate is not a property of the vocabulary
Constraint Violation in UndeclaredProperty:
	Severity: sh:Violation
	Focus Node: http://example.org/data/proc_sodium_2947_0
	Message: https://w3id.org/shexmap/resource/ontology-schema/d285f599-dc2e-4bd0-83f1-df21defa8821/hasPerformer is not a property of the vocabulary
Constraint Violation in UndeclaredProperty:
	Severity: sh:Violation
	Focus Node: http://example.org/data/proc_sodium_2947_0
	Message: https://w3id.org/shexmap/resource/ontology-schema/d285f599-dc2e-4bd0-83f1-df21defa8821/hasResult is not a property of the vocabulary
Constraint Violation in UndeclaredProperty:
	Severity: sh:Violation
	Focus Node: http://example.org/data/proc_sodium_2947_0
	Message: https://w3id.org/shexmap/resource/ontology-schema/d285f599-dc2e-4bd0-83f1-df21defa8821/hasStatus is not a property of the vocabulary
Constraint Violation in UndeclaredProperty:
	Severity: sh:Violation
	Focus Node: http://example.org/data/proc_sodium_2951_2
	Message: https://w3id.org/shexmap/resource/ontology-schema/d285f599-dc2e-4bd0-83f1-df21defa8821/hasPatient is not a property of the vocabulary
Constraint Violation in UndeclaredProperty:
	Severity: sh:Violation
	Focus Node: http://example.org/data/proc_sodium_2951_2
	Message: https://w3id.org/shexmap/resource/ontology-schema/d285f599-dc2e-4bd0-83f1-df21defa8821/hasPerformedDate is not a property of the vocabulary
Constraint Violation in UndeclaredProperty:
	Severity: sh:Violation
	Focus Node: http://example.org/data/proc_sodium_2951_2
	Message: https://w3id.org/shexmap/resource/ontology-schema/d285f599-dc2e-4bd0-83f1-df21defa8821/hasPerformer is not a property of the vocabulary
Constraint Violation in UndeclaredProperty:
	Severity: sh:Violation
	Focus Node: http://example.org/data/proc_sodium_2951_2
	Message: https://w3id.org/shexmap/resource/ontology-schema/d285f599-dc2e-4bd0-83f1-df21defa8821/hasResult is not a property of the vocabulary
Constraint Violation in UndeclaredProperty:
	Severity: sh:Violation
	Focus Node: http://example.org/data/proc_sodium_2951_2
	Message: https://w3id.org/shexmap/resource/ontology-schema/d285f599-dc2e-4bd0-83f1-df21defa8821/hasStatus is not a property of the vocabulary
Constraint Violation in UndeclaredProperty:
	Severity: sh:Violation
	Focus Node: http://example.org/data/proc_spec_gravity_5811_5
	Message: https://w3id.org/shexmap/resource/ontology-schema/d285f599-dc2e-4bd0-83f1-df21defa8821/hasPatient is not a property of the vocabulary
Constraint Violation in UndeclaredProperty:
	Severity: sh:Violation
	Focus Node: http://example.org/data/proc_spec_gravity_5811_5
	Message: https://w3id.org/shexmap/resource/ontology-schema/d285f599-dc2e-4bd0-83f1-df21defa8821/hasPerformedDate is not a property of the vocabulary
Constraint Violation in UndeclaredProperty:
	Severity: sh:Violation
	Focus Node: http://example.org/data/proc_spec_gravity_5811_5
	Message: https://w3id.org/shexmap/resource/ontology-schema/d285f599-dc2e-4bd0-83f1-df21defa8821/hasPerformer is not a property of the vocabulary
Constraint Violation in UndeclaredProperty:
	Severity: sh:Violation
	Focus Node: http://example.org/data/proc_spec_gravity_5811_5
	Message: https://w3id.org/shexmap/resource/ontology-schema/d285f599-dc2e-4bd0-83f1-df21defa8821/hasResult is not a property of the vocabulary
Constraint Violation in UndeclaredProperty:
	Severity: sh:Violation
	Focus Node: http://example.org/data/proc_spec_gravity_5811_5
	Message: https://w3id.org/shexmap/resource/ontology-schema/d285f599-dc2e-4bd0-83f1-df21defa8821/hasStatus is not a property of the vocabulary
Constraint Violation in UndeclaredProperty:
	Severity: sh:Violation
	Focus Node: http://example.org/data/proc_triglyceride_2571_8
	Message: https://w3id.org/shexmap/resource/ontology-schema/d285f599-dc2e-4bd0-83f1-df21defa8821/hasPatient is not a property of the vocabulary
Constraint Violation in UndeclaredProperty:
	Severity: sh:Violation
	Focus Node: http://example.org/data/proc_triglyceride_2571_8
	Message: https://w3id.org/shexmap/resource/ontology-schema/d285f599-dc2e-4bd0-83f1-df21defa8821/hasPerformedDate is not a property of the vocabulary
Constraint Violation in UndeclaredProperty:
	Severity: sh:Violation
	Focus Node: http://example.org/data/proc_triglyceride_2571_8
	Message: https://w3id.org/shexmap/resource/ontology-schema/d285f599-dc2e-4bd0-83f1-df21defa8821/hasPerformer is not a property of the vocabulary
Constraint Violation in UndeclaredProperty:
	Severity: sh:Violation
	Focus Node: http://example.org/data/proc_triglyceride_2571_8
	Message: https://w3id.org/shexmap/resource/ontology-schema/d285f599-dc2e-4bd0-83f1-df21defa8821/hasResult is not a property of the vocabulary
Constraint Violation in UndeclaredProperty:
	Severity: sh:Violation
	Focus Node: http://example.org/data/proc_triglyceride_2571_8
	Message: https://w3id.org/shexmap/resource/ontology-schema/d285f599-dc2e-4bd0-83f1-df21defa8821/hasStatus is not a property of the vocabulary
Constraint Violation in UndeclaredProperty:
	Severity: sh:Violation
	Focus Node: http://example.org/data/proc_urea_3094_0
	Message: https://w3id.org/shexmap/resource/ontology-schema/d285f599-dc2e-4bd0-83f1-df21defa8821/hasPatient is not a property of the vocabulary
Constraint Violation in UndeclaredProperty:
	Severity: sh:Violation
	Focus Node: http://example.org/data/proc_urea_3094_0
	Message: https://w3id.org/shexmap/resource/ontology-schema/d285f599-dc2e-4bd0-83f1-df21defa8821/hasPerformedDate is not a property of the vocabulary
Constraint Violation in UndeclaredProperty:
	Severity: sh:Violation
	Focus Node: http://example.org/data/proc_urea_3094_0
	Message: https://w3id.org/shexmap/resource/ontology-schema/d285f599-dc2e-4bd0-83f1-df21defa8821/hasPerformer is not a property of the vocabulary
Constraint Violation in UndeclaredProperty:
	Severity: sh:Violation
	Focus Node: http://example.org/data/proc_urea_3094_0
	Message: https://w3id.org/shexmap/resource/ontology-schema/d285f599-dc2e-4bd0-83f1-df21defa8821/hasResult is not a property of the vocabulary
Constraint Violation in UndeclaredProperty:
	Severity: sh:Violation
	Focus Node: http://example.org/data/proc_urea_3094_0
	Message: https://w3id.org/shexmap/resource/ontology-schema/d285f599-dc2e-4bd0-83f1-df21defa8821/hasStatus is not a property of the vocabulary
Constraint Violation in UndeclaredProperty:
	Severity: sh:Violation
	Focus Node: http://example.org/data/proc_urea_6299_2
	Message: https://w3id.org/shexmap/resource/ontology-schema/d285f599-dc2e-4bd0-83f1-df21defa8821/hasPatient is not a property of the vocabulary
Constraint Violation in UndeclaredProperty:
	Severity: sh:Violation
	Focus Node: http://example.org/data/proc_urea_6299_2
	Message: https://w3id.org/shexmap/resource/ontology-schema/d285f599-dc2e-4bd0-83f1-df21defa8821/hasPerformedDate is not a property of the vocabulary
Constraint Violation in UndeclaredProperty:
	Severity: sh:Violation
	Focus Node: http://example.org/data/proc_urea_6299_2
	Message: https://w3id.org/shexmap/resource/ontology-schema/d285f599-dc2e-4bd0-83f1-df21defa8821/hasPerformer is not a property of the vocabulary
Constraint Violation in UndeclaredProperty:
	Severity: sh:Violation
	Focus Node: http://example.org/data/proc_urea_6299_2
	Message: https://w3id.org/shexmap/resource/ontology-schema/d285f599-dc2e-4bd0-83f1-df21defa8821/hasResult is not a property of the vocabulary
Constraint Violation in UndeclaredProperty:
	Severity: sh:Violation
	Focus Node: http://example.org/data/proc_urea_6299_2
	Message: https://w3id.org/shexmap/resource/ontology-schema/d285f599-dc2e-4bd0-83f1-df21defa8821/hasStatus is not a property of the vocabulary
Constraint Violation in UndeclaredProperty:
	Severity: sh:Violation
	Focus Node: http://example.org/data/proc_weight_29463_7
	Message: https://w3id.org/shexmap/resource/ontology-schema/d285f599-dc2e-4bd0-83f1-df21defa8821/hasPatient is not a property of the vocabulary
Constraint Violation in UndeclaredProperty:
	Severity: sh:Violation
	Focus Node: http://example.org/data/proc_weight_29463_7
	Message: https://w3id.org/shexmap/resource/ontology-schema/d285f599-dc2e-4bd0-83f1-df21defa8821/hasPerformedDate is not a property of the vocabulary
Constraint Violation in UndeclaredProperty:
	Severity: sh:Violation
	Focus Node: http://example.org/data/proc_weight_29463_7
	Message: https://w3id.org/shexmap/resource/ontology-schema/d285f599-dc2e-4bd0-83f1-df21defa8821/hasPerformer is not a property of the vocabulary
Constraint Violation in UndeclaredProperty:
	Severity: sh:Violation
	Focus Node: http://example.org/data/proc_weight_29463_7
	Message: https://w3id.org/shexmap/resource/ontology-schema/d285f599-dc2e-4bd0-83f1-df21defa8821/hasResult is not a property of the vocabulary
Constraint Violation in UndeclaredProperty:
	Severity: sh:Violation
	Focus Node: http://example.org/data/proc_weight_29463_7
	Message: https://w3id.org/shexmap/resource/ontology-schema/d285f599-dc2e-4bd0-83f1-df21defa8821/hasStatus is not a property of the vocabulary
Constraint Violation in ClosedConstraintComponent (http://www.w3.org/ns/shacl#ClosedConstraintComponent):
	Severity: sh:Violation
	Source Shape: chr:SchemaPropertyVocabularyShape
	Focus Node: ex:Measurement_bilirubin_20505_4
	Value Node: <https://loinc.org/20505-4>
	Result Path: <https://w3id.org/shexmap/resource/ontology-schema/d285f599-dc2e-4bd0-83f1-df21defa8821/hasCode>
	Message: Only the 24 properties declared in the CHR schema (plus rdf:type and rdfs:label) may be used on an individual.
Constraint Violation in ClosedConstraintComponent (http://www.w3.org/ns/shacl#ClosedConstraintComponent):
	Severity: sh:Violation
	Source Shape: chr:SchemaPropertyVocabularyShape
	Focus Node: ex:Measurement_bilirubin_20505_4
	Value Node: Literal("1.1822", datatype=xsd:float)
	Result Path: <https://w3id.org/shexmap/resource/ontology-schema/d285f599-dc2e-4bd0-83f1-df21defa8821/hasQuantityValue>
	Message: Only the 24 properties declared in the CHR schema (plus rdf:type and rdfs:label) may be used on an individual.
Constraint Violation in ClosedConstraintComponent (http://www.w3.org/ns/shacl#ClosedConstraintComponent):
	Severity: sh:Violation
	Source Shape: chr:SchemaPropertyVocabularyShape
	Focus Node: ex:Measurement_bilirubin_20505_4
	Value Node: Literal("2025-08-06T16:47:23+02:00" = 2025-08-06 16:47:23+02:00, datatype=xsd:dateTime)
	Result Path: <https://w3id.org/shexmap/resource/ontology-schema/d285f599-dc2e-4bd0-83f1-df21defa8821/hasMeasuredDate>
	Message: Only the 24 properties declared in the CHR schema (plus rdf:type and rdfs:label) may be used on an individual.
Constraint Violation in ClosedConstraintComponent (http://www.w3.org/ns/shacl#ClosedConstraintComponent):
	Severity: sh:Violation
	Source Shape: chr:SchemaPropertyVocabularyShape
	Focus Node: ex:Measurement_bilirubin_20505_4
	Value Node: ex:Unit_mgperdL
	Result Path: <https://w3id.org/shexmap/resource/ontology-schema/d285f599-dc2e-4bd0-83f1-df21defa8821/hasUnit>
	Message: Only the 24 properties declared in the CHR schema (plus rdf:type and rdfs:label) may be used on an individual.
Constraint Violation in ClosedConstraintComponent (http://www.w3.org/ns/shacl#ClosedConstraintComponent):
	Severity: sh:Violation
	Source Shape: chr:SchemaPropertyVocabularyShape
	Focus Node: ex:Measurement_bmi_39156_5
	Value Node: <https://loinc.org/39156-5>
	Result Path: <https://w3id.org/shexmap/resource/ontology-schema/d285f599-dc2e-4bd0-83f1-df21defa8821/hasCode>
	Message: Only the 24 properties declared in the CHR schema (plus rdf:type and rdfs:label) may be used on an individual.
Constraint Violation in ClosedConstraintComponent (http://www.w3.org/ns/shacl#ClosedConstraintComponent):
	Severity: sh:Violation
	Source Shape: chr:SchemaPropertyVocabularyShape
	Focus Node: ex:Measurement_bmi_39156_5
	Value Node: Literal("2025-08-06T16:47:23+02:00" = 2025-08-06 16:47:23+02:00, datatype=xsd:dateTime)
	Result Path: <https://w3id.org/shexmap/resource/ontology-schema/d285f599-dc2e-4bd0-83f1-df21defa8821/hasMeasuredDate>
	Message: Only the 24 properties declared in the CHR schema (plus rdf:type and rdfs:label) may be used on an individual.
Constraint Violation in ClosedConstraintComponent (http://www.w3.org/ns/shacl#ClosedConstraintComponent):
	Severity: sh:Violation
	Source Shape: chr:SchemaPropertyVocabularyShape
	Focus Node: ex:Measurement_bmi_39156_5
	Value Node: Literal("27.45", datatype=xsd:float)
	Result Path: <https://w3id.org/shexmap/resource/ontology-schema/d285f599-dc2e-4bd0-83f1-df21defa8821/hasQuantityValue>
	Message: Only the 24 properties declared in the CHR schema (plus rdf:type and rdfs:label) may be used on an individual.
Constraint Violation in ClosedConstraintComponent (http://www.w3.org/ns/shacl#ClosedConstraintComponent):
	Severity: sh:Violation
	Source Shape: chr:SchemaPropertyVocabularyShape
	Focus Node: ex:Measurement_bmi_39156_5
	Value Node: ex:Unit_kgperm2
	Result Path: <https://w3id.org/shexmap/resource/ontology-schema/d285f599-dc2e-4bd0-83f1-df21defa8821/hasUnit>
	Message: Only the 24 properties declared in the CHR schema (plus rdf:type and rdfs:label) may be used on an individual.
Constraint Violation in ClosedConstraintComponent (http://www.w3.org/ns/shacl#ClosedConstraintComponent):
	Severity: sh:Violation
	Source Shape: chr:SchemaPropertyVocabularyShape
	Focus Node: ex:Measurement_calcium_17861_6
	Value Node: <https://loinc.org/17861-6>
	Result Path: <https://w3id.org/shexmap/resource/ontology-schema/d285f599-dc2e-4bd0-83f1-df21defa8821/hasCode>
	Message: Only the 24 properties declared in the CHR schema (plus rdf:type and rdfs:label) may be used on an individual.
Constraint Violation in ClosedConstraintComponent (http://www.w3.org/ns/shacl#ClosedConstraintComponent):
	Severity: sh:Violation
	Source Shape: chr:SchemaPropertyVocabularyShape
	Focus Node: ex:Measurement_calcium_17861_6
	Value Node: Literal("2025-08-06T16:47:23+02:00" = 2025-08-06 16:47:23+02:00, datatype=xsd:dateTime)
	Result Path: <https://w3id.org/shexmap/resource/ontology-schema/d285f599-dc2e-4bd0-83f1-df21defa8821/hasMeasuredDate>
	Message: Only the 24 properties declared in the CHR schema (plus rdf:type and rdfs:label) may be used on an individual.
Constraint Violation in ClosedConstraintComponent (http://www.w3.org/ns/shacl#ClosedConstraintComponent):
	Severity: sh:Violation
	Source Shape: chr:SchemaPropertyVocabularyShape
	Focus Node: ex:Measurement_calcium_17861_6
	Value Node: Literal("8.97", datatype=xsd:float)
	Result Path: <https://w3id.org/shexmap/resource/ontology-schema/d285f599-dc2e-4bd0-83f1-df21defa8821/hasQuantityValue>
	Message: Only the 24 properties declared in the CHR schema (plus rdf:type and rdfs:label) may be used on an individual.
Constraint Violation in ClosedConstraintComponent (http://www.w3.org/ns/shacl#ClosedConstraintComponent):
	Severity: sh:Violation
	Source Shape: chr:SchemaPropertyVocabularyShape
	Focus Node: ex:Measurement_calcium_17861_6
	Value Node: ex:Unit_mgperdL
	Result Path: <https://w3id.org/shexmap/resource/ontology-schema/d285f599-dc2e-4bd0-83f1-df21defa8821/hasUnit>
	Message: Only the 24 properties declared in the CHR schema (plus rdf:type and rdfs:label) may be used on an individual.
Constraint Violation in ClosedConstraintComponent (http://www.w3.org/ns/shacl#ClosedConstraintComponent):
	Severity: sh:Violation
	Source Shape: chr:SchemaPropertyVocabularyShape
	Focus Node: ex:Measurement_calcium_49765_1
	Value Node: <https://loinc.org/49765-1>
	Result Path: <https://w3id.org/shexmap/resource/ontology-schema/d285f599-dc2e-4bd0-83f1-df21defa8821/hasCode>
	Message: Only the 24 properties declared in the CHR schema (plus rdf:type and rdfs:label) may be used on an individual.
Constraint Violation in ClosedConstraintComponent (http://www.w3.org/ns/shacl#ClosedConstraintComponent):
	Severity: sh:Violation
	Source Shape: chr:SchemaPropertyVocabularyShape
	Focus Node: ex:Measurement_calcium_49765_1
	Value Node: Literal("2025-08-06T16:47:23+02:00" = 2025-08-06 16:47:23+02:00, datatype=xsd:dateTime)
	Result Path: <https://w3id.org/shexmap/resource/ontology-schema/d285f599-dc2e-4bd0-83f1-df21defa8821/hasMeasuredDate>
	Message: Only the 24 properties declared in the CHR schema (plus rdf:type and rdfs:label) may be used on an individual.
Constraint Violation in ClosedConstraintComponent (http://www.w3.org/ns/shacl#ClosedConstraintComponent):
	Severity: sh:Violation
	Source Shape: chr:SchemaPropertyVocabularyShape
	Focus Node: ex:Measurement_calcium_49765_1
	Value Node: Literal("8.97", datatype=xsd:float)
	Result Path: <https://w3id.org/shexmap/resource/ontology-schema/d285f599-dc2e-4bd0-83f1-df21defa8821/hasQuantityValue>
	Message: Only the 24 properties declared in the CHR schema (plus rdf:type and rdfs:label) may be used on an individual.
Constraint Violation in ClosedConstraintComponent (http://www.w3.org/ns/shacl#ClosedConstraintComponent):
	Severity: sh:Violation
	Source Shape: chr:SchemaPropertyVocabularyShape
	Focus Node: ex:Measurement_calcium_49765_1
	Value Node: ex:Unit_mgperdL
	Result Path: <https://w3id.org/shexmap/resource/ontology-schema/d285f599-dc2e-4bd0-83f1-df21defa8821/hasUnit>
	Message: Only the 24 properties declared in the CHR schema (plus rdf:type and rdfs:label) may be used on an individual.
Constraint Violation in ClosedConstraintComponent (http://www.w3.org/ns/shacl#ClosedConstraintComponent):
	Severity: sh:Violation
	Source Shape: chr:SchemaPropertyVocabularyShape
	Focus Node: ex:Measurement_chloride_2069_3
	Value Node: <https://loinc.org/2069-3>
	Result Path: <https://w3id.org/shexmap/resource/ontology-schema/d285f599-dc2e-4bd0-83f1-df21defa8821/hasCode>
	Message: Only the 24 properties declared in the CHR schema (plus rdf:type and rdfs:label) may be used on an individual.
Constraint Violation in ClosedConstraintComponent (http://www.w3.org/ns/shacl#ClosedConstraintComponent):
	Severity: sh:Violation
	Source Shape: chr:SchemaPropertyVocabularyShape
	Focus Node: ex:Measurement_chloride_2069_3
	Value Node: Literal("105.6", datatype=xsd:float)
	Result Path: <https://w3id.org/shexmap/resource/ontology-schema/d285f599-dc2e-4bd0-83f1-df21defa8821/hasQuantityValue>
	Message: Only the 24 properties declared in the CHR schema (plus rdf:type and rdfs:label) may be used on an individual.
Constraint Violation in ClosedConstraintComponent (http://www.w3.org/ns/shacl#ClosedConstraintComponent):
	Severity: sh:Violation
	Source Shape: chr:SchemaPropertyVocabularyShape
	Focus Node: ex:Measurement_chloride_2069_3
	Value Node: Literal("2025-08-06T16:47:23+02:00" = 2025-08-06 16:47:23+02:00, datatype=xsd:dateTime)
	Result Path: <https://w3id.org/shexmap/resource/ontology-schema/d285f599-dc2e-4bd0-83f1-df21defa8821/hasMeasuredDate>
	Message: Only the 24 properties declared in the CHR schema (plus rdf:type and rdfs:label) may be used on an individual.
Constraint Violation in ClosedConstraintComponent (http://www.w3.org/ns/shacl#ClosedConstraintComponent):
	Severity: sh:Violation
	Source Shape: chr:SchemaPropertyVocabularyShape
	Focus Node: ex:Measurement_chloride_2069_3
	Value Node: ex:Unit_mmolperL
	Result Path: <https://w3id.org/shexmap/resource/ontology-schema/d285f599-dc2e-4bd0-83f1-df21defa8821/hasUnit>
	Message: Only the 24 properties declared in the CHR schema (plus rdf:type and rdfs:label) may be used on an individual.
Constraint Violation in ClosedConstraintComponent (http://www.w3.org/ns/shacl#ClosedConstraintComponent):
	Severity: sh:Violation
	Source Shape: chr:SchemaPropertyVocabularyShape
	Focus Node: ex:Measurement_chloride_2075_0
	Value Node: <https://loinc.org/2075-0>
	Result Path: <https://w3id.org/shexmap/resource/ontology-schema/d285f599-dc2e-4bd0-83f1-df21defa8821/hasCode>
	Message: Only the 24 properties declared in the CHR schema (plus rdf:type and rdfs:label) may be used on an individual.
Constraint Violation in ClosedConstraintComponent (http://www.w3.org/ns/shacl#ClosedConstraintComponent):
	Severity: sh:Violation
	Source Shape: chr:SchemaPropertyVocabularyShape
	Focus Node: ex:Measurement_chloride_2075_0
	Value Node: Literal("105.6", datatype=xsd:float)
	Result Path: <https://w3id.org/shexmap/resource/ontology-schema/d285f599-dc2e-4bd0-83f1-df21defa8821/hasQuantityValue>
	Message: Only the 24 properties declared in the CHR schema (plus rdf:type and rdfs:label) may be used on an individual.
Constraint Violation in ClosedConstraintComponent (http://www.w3.org/ns/shacl#ClosedConstraintComponent):
	Severity: sh:Violation
	Source Shape: chr:SchemaPropertyVocabularyShape
	Focus Node: ex:Measurement_chloride_2075_0
	Value Node: Literal("2025-08-06T16:47:23+02:00" = 2025-08-06 16:47:23+02:00, datatype=xsd:dateTime)
	Result Path: <https://w3id.org/shexmap/resource/ontology-schema/d285f599-dc2e-4bd0-83f1-df21defa8821/hasMeasuredDate>
	Message: Only the 24 properties declared in the CHR schema (plus rdf:type and rdfs:label) may be used on an individual.
Constraint Violation in ClosedConstraintComponent (http://www.w3.org/ns/shacl#ClosedConstraintComponent):
	Severity: sh:Violation
	Source Shape: chr:SchemaPropertyVocabularyShape
	Focus Node: ex:Measurement_chloride_2075_0
	Value Node: ex:Unit_mmolperL
	Result Path: <https://w3id.org/shexmap/resource/ontology-schema/d285f599-dc2e-4bd0-83f1-df21defa8821/hasUnit>
	Message: Only the 24 properties declared in the CHR schema (plus rdf:type and rdfs:label) may be used on an individual.
Constraint Violation in ClosedConstraintComponent (http://www.w3.org/ns/shacl#ClosedConstraintComponent):
	Severity: sh:Violation
	Source Shape: chr:SchemaPropertyVocabularyShape
	Focus Node: ex:Measurement_cholesterol_2093_3
	Value Node: <https://loinc.org/2093-3>
	Result Path: <https://w3id.org/shexmap/resource/ontology-schema/d285f599-dc2e-4bd0-83f1-df21defa8821/hasCode>
	Message: Only the 24 properties declared in the CHR schema (plus rdf:type and rdfs:label) may be used on an individual.
Constraint Violation in ClosedConstraintComponent (http://www.w3.org/ns/shacl#ClosedConstraintComponent):
	Severity: sh:Violation
	Source Shape: chr:SchemaPropertyVocabularyShape
	Focus Node: ex:Measurement_cholesterol_2093_3
	Value Node: Literal("2025-08-06T16:47:23+02:00" = 2025-08-06 16:47:23+02:00, datatype=xsd:dateTime)
	Result Path: <https://w3id.org/shexmap/resource/ontology-schema/d285f599-dc2e-4bd0-83f1-df21defa8821/hasMeasuredDate>
	Message: Only the 24 properties declared in the CHR schema (plus rdf:type and rdfs:label) may be used on an individual.
Constraint Violation in ClosedConstraintComponent (http://www.w3.org/ns/shacl#ClosedConstraintComponent):
	Severity: sh:Violation
	Source Shape: chr:SchemaPropertyVocabularyShape
	Focus Node: ex:Measurement_cholesterol_2093_3
	Value Node: Literal("249.7", datatype=xsd:float)
	Result Path: <https://w3id.org/shexmap/resource/ontology-schema/d285f599-dc2e-4bd0-83f1-df21defa8821/hasQuantityValue>
	Message: Only the 24 properties declared in the CHR schema (plus rdf:type and rdfs:label) may be used on an individual.
Constraint Violation in ClosedConstraintComponent (http://www.w3.org/ns/shacl#ClosedConstraintComponent):
	Severity: sh:Violation
	Source Shape: chr:SchemaPropertyVocabularyShape
	Focus Node: ex:Measurement_cholesterol_2093_3
	Value Node: ex:Unit_mgperdL
	Result Path: <https://w3id.org/shexmap/resource/ontology-schema/d285f599-dc2e-4bd0-83f1-df21defa8821/hasUnit>
	Message: Only the 24 properties declared in the CHR schema (plus rdf:type and rdfs:label) may be used on an individual.
Constraint Violation in ClosedConstraintComponent (http://www.w3.org/ns/shacl#ClosedConstraintComponent):
	Severity: sh:Violation
	Source Shape: chr:SchemaPropertyVocabularyShape
	Focus Node: ex:Measurement_cholesterol_hdl_2085_9
	Value Node: <https://loinc.org/2085-9>
	Result Path: <https://w3id.org/shexmap/resource/ontology-schema/d285f599-dc2e-4bd0-83f1-df21defa8821/hasCode>
	Message: Only the 24 properties declared in the CHR schema (plus rdf:type and rdfs:label) may be used on an individual.
Constraint Violation in ClosedConstraintComponent (http://www.w3.org/ns/shacl#ClosedConstraintComponent):
	Severity: sh:Violation
	Source Shape: chr:SchemaPropertyVocabularyShape
	Focus Node: ex:Measurement_cholesterol_hdl_2085_9
	Value Node: Literal("2025-08-06T16:47:23+02:00" = 2025-08-06 16:47:23+02:00, datatype=xsd:dateTime)
	Result Path: <https://w3id.org/shexmap/resource/ontology-schema/d285f599-dc2e-4bd0-83f1-df21defa8821/hasMeasuredDate>
	Message: Only the 24 properties declared in the CHR schema (plus rdf:type and rdfs:label) may be used on an individual.
Constraint Violation in ClosedConstraintComponent (http://www.w3.org/ns/shacl#ClosedConstraintComponent):
	Severity: sh:Violation
	Source Shape: chr:SchemaPropertyVocabularyShape
	Focus Node: ex:Measurement_cholesterol_hdl_2085_9
	Value Node: Literal("23.32", datatype=xsd:float)
	Result Path: <https://w3id.org/shexmap/resource/ontology-schema/d285f599-dc2e-4bd0-83f1-df21defa8821/hasQuantityValue>
	Message: Only the 24 properties declared in the CHR schema (plus rdf:type and rdfs:label) may be used on an individual.
Constraint Violation in ClosedConstraintComponent (http://www.w3.org/ns/shacl#ClosedConstraintComponent):
	Severity: sh:Violation
	Source Shape: chr:SchemaPropertyVocabularyShape
	Focus Node: ex:Measurement_cholesterol_hdl_2085_9
	Value Node: ex:Unit_mgperdL
	Result Path: <https://w3id.org/shexmap/resource/ontology-schema/d285f599-dc2e-4bd0-83f1-df21defa8821/hasUnit>
	Message: Only the 24 properties declared in the CHR schema (plus rdf:type and rdfs:label) may be used on an individual.
Constraint Violation in ClosedConstraintComponent (http://www.w3.org/ns/shacl#ClosedConstraintComponent):
	Severity: sh:Violation
	Source Shape: chr:SchemaPropertyVocabularyShape
	Focus Node: ex:Measurement_cholesterol_ldl_18262_6
	Value Node: <https://loinc.org/18262-6>
	Result Path: <https://w3id.org/shexmap/resource/ontology-schema/d285f599-dc2e-4bd0-83f1-df21defa8821/hasCode>
	Message: Only the 24 properties declared in the CHR schema (plus rdf:type and rdfs:label) may be used on an individual.
Constraint Violation in ClosedConstraintComponent (http://www.w3.org/ns/shacl#ClosedConstraintComponent):
	Severity: sh:Violation
	Source Shape: chr:SchemaPropertyVocabularyShape
	Focus Node: ex:Measurement_cholesterol_ldl_18262_6
	Value Node: Literal("155.65", datatype=xsd:float)
	Result Path: <https://w3id.org/shexmap/resource/ontology-schema/d285f599-dc2e-4bd0-83f1-df21defa8821/hasQuantityValue>
	Message: Only the 24 properties declared in the CHR schema (plus rdf:type and rdfs:label) may be used on an individual.
Constraint Violation in ClosedConstraintComponent (http://www.w3.org/ns/shacl#ClosedConstraintComponent):
	Severity: sh:Violation
	Source Shape: chr:SchemaPropertyVocabularyShape
	Focus Node: ex:Measurement_cholesterol_ldl_18262_6
	Value Node: Literal("2025-08-06T16:47:23+02:00" = 2025-08-06 16:47:23+02:00, datatype=xsd:dateTime)
	Result Path: <https://w3id.org/shexmap/resource/ontology-schema/d285f599-dc2e-4bd0-83f1-df21defa8821/hasMeasuredDate>
	Message: Only the 24 properties declared in the CHR schema (plus rdf:type and rdfs:label) may be used on an individual.
Constraint Violation in ClosedConstraintComponent (http://www.w3.org/ns/shacl#ClosedConstraintComponent):
	Severity: sh:Violation
	Source Shape: chr:SchemaPropertyVocabularyShape
	Focus Node: ex:Measurement_cholesterol_ldl_18262_6
	Value Node: ex:Unit_mgperdL
	Result Path: <https://w3id.org/shexmap/resource/ontology-schema/d285f599-dc2e-4bd0-83f1-df21defa8821/hasUnit>
	Message: Only the 24 properties declared in the CHR schema (plus rdf:type and rdfs:label) may be used on an individual.
Constraint Violation in ClosedConstraintComponent (http://www.w3.org/ns/shacl#ClosedConstraintComponent):
	Severity: sh:Violation
	Source Shape: chr:SchemaPropertyVocabularyShape
	Focus Node: ex:Measurement_co2_2028_9
	Value Node: <https://loinc.org/2028-9>
	Result Path: <https://w3id.org/shexmap/resource/ontology-schema/d285f599-dc2e-4bd0-83f1-df21defa8821/hasCode>
	Message: Only the 24 properties declared in the CHR schema (plus rdf:type and rdfs:label) may be used on an individual.
Constraint Violation in ClosedConstraintComponent (http://www.w3.org/ns/shacl#ClosedConstraintComponent):
	Severity: sh:Violation
	Source Shape: chr:SchemaPropertyVocabularyShape
	Focus Node: ex:Measurement_co2_2028_9
	Value Node: Literal("2025-08-06T16:47:23+02:00" = 2025-08-06 16:47:23+02:00, datatype=xsd:dateTime)
	Result Path: <https://w3id.org/shexmap/resource/ontology-schema/d285f599-dc2e-4bd0-83f1-df21defa8821/hasMeasuredDate>
	Message: Only the 24 properties declared in the CHR schema (plus rdf:type and rdfs:label) may be used on an individual.
Constraint Violation in ClosedConstraintComponent (http://www.w3.org/ns/shacl#ClosedConstraintComponent):
	Severity: sh:Violation
	Source Shape: chr:SchemaPropertyVocabularyShape
	Focus Node: ex:Measurement_co2_2028_9
	Value Node: Literal("28.03", datatype=xsd:float)
	Result Path: <https://w3id.org/shexmap/resource/ontology-schema/d285f599-dc2e-4bd0-83f1-df21defa8821/hasQuantityValue>
	Message: Only the 24 properties declared in the CHR schema (plus rdf:type and rdfs:label) may be used on an individual.
Constraint Violation in ClosedConstraintComponent (http://www.w3.org/ns/shacl#ClosedConstraintComponent):
	Severity: sh:Violation
	Source Shape: chr:SchemaPropertyVocabularyShape
	Focus Node: ex:Measurement_co2_2028_9
	Value Node: ex:Unit_mmolperL
	Result Path: <https://w3id.org/shexmap/resource/ontology-schema/d285f599-dc2e-4bd0-83f1-df21defa8821/hasUnit>
	Message: Only the 24 properties declared in the CHR schema (plus rdf:type and rdfs:label) may be used on an individual.
Constraint Violation in ClosedConstraintComponent (http://www.w3.org/ns/shacl#ClosedConstraintComponent):
	Severity: sh:Violation
	Source Shape: chr:SchemaPropertyVocabularyShape
	Focus Node: ex:Measurement_co2_20565_8
	Value Node: <https://loinc.org/20565-8>
	Result Path: <https://w3id.org/shexmap/resource/ontology-schema/d285f599-dc2e-4bd0-83f1-df21defa8821/hasCode>
	Message: Only the 24 properties declared in the CHR schema (plus rdf:type and rdfs:label) may be used on an individual.
Constraint Violation in ClosedConstraintComponent (http://www.w3.org/ns/shacl#ClosedConstraintComponent):
	Severity: sh:Violation
	Source Shape: chr:SchemaPropertyVocabularyShape
	Focus Node: ex:Measurement_co2_20565_8
	Value Node: Literal("2025-08-06T16:47:23+02:00" = 2025-08-06 16:47:23+02:00, datatype=xsd:dateTime)
	Result Path: <https://w3id.org/shexmap/resource/ontology-schema/d285f599-dc2e-4bd0-83f1-df21defa8821/hasMeasuredDate>
	Message: Only the 24 properties declared in the CHR schema (plus rdf:type and rdfs:label) may be used on an individual.
Constraint Violation in ClosedConstraintComponent (http://www.w3.org/ns/shacl#ClosedConstraintComponent):
	Severity: sh:Violation
	Source Shape: chr:SchemaPropertyVocabularyShape
	Focus Node: ex:Measurement_co2_20565_8
	Value Node: Literal("28.03", datatype=xsd:float)
	Result Path: <https://w3id.org/shexmap/resource/ontology-schema/d285f599-dc2e-4bd0-83f1-df21defa8821/hasQuantityValue>
	Message: Only the 24 properties declared in the CHR schema (plus rdf:type and rdfs:label) may be used on an individual.
Constraint Violation in ClosedConstraintComponent (http://www.w3.org/ns/shacl#ClosedConstraintComponent):
	Severity: sh:Violation
	Source Shape: chr:SchemaPropertyVocabularyShape
	Focus Node: ex:Measurement_co2_20565_8
	Value Node: ex:Unit_mmolperL
	Result Path: <https://w3id.org/shexmap/resource/ontology-schema/d285f599-dc2e-4bd0-83f1-df21defa8821/hasUnit>
	Message: Only the 24 properties declared in the CHR schema (plus rdf:type and rdfs:label) may be used on an individual.
Constraint Violation in ClosedConstraintComponent (http://www.w3.org/ns/shacl#ClosedConstraintComponent):
	Severity: sh:Violation
	Source Shape: chr:SchemaPropertyVocabularyShape
	Focus Node: ex:Measurement_creatinine_2160_0
	Value Node: <https://loinc.org/2160-0>
	Result Path: <https://w3id.org/shexmap/resource/ontology-schema/d285f599-dc2e-4bd0-83f1-df21defa8821/hasCode>
	Message: Only the 24 properties declared in the CHR schema (plus rdf:type and rdfs:label) may be used on an individual.
Constraint Violation in ClosedConstraintComponent (http://www.w3.org/ns/shacl#ClosedConstraintComponent):
	Severity: sh:Violation
	Source Shape: chr:SchemaPropertyVocabularyShape
	Focus Node: ex:Measurement_creatinine_2160_0
	Value Node: Literal("2.0623", datatype=xsd:float)
	Result Path: <https://w3id.org/shexmap/resource/ontology-schema/d285f599-dc2e-4bd0-83f1-df21defa8821/hasQuantityValue>
	Message: Only the 24 properties declared in the CHR schema (plus rdf:type and rdfs:label) may be used on an individual.
Constraint Violation in ClosedConstraintComponent (http://www.w3.org/ns/shacl#ClosedConstraintComponent):
	Severity: sh:Violation
	Source Shape: chr:SchemaPropertyVocabularyShape
	Focus Node: ex:Measurement_creatinine_2160_0
	Value Node: Literal("2025-08-06T16:47:23+02:00" = 2025-08-06 16:47:23+02:00, datatype=xsd:dateTime)
	Result Path: <https://w3id.org/shexmap/resource/ontology-schema/d285f599-dc2e-4bd0-83f1-df21defa8821/hasMeasuredDate>
	Message: Only the 24 properties declared in the CHR schema (plus rdf:type and rdfs:label) may be used on an individual.
Constraint Violation in ClosedConstraintComponent (http://www.w3.org/ns/shacl#ClosedConstraintComponent):
	Severity: sh:Violation
	Source Shape: chr:SchemaPropertyVocabularyShape
	Focus Node: ex:Measurement_creatinine_2160_0
	Value Node: ex:Unit_mgperdL
	Result Path: <https://w3id.org/shexmap/resource/ontology-schema/d285f599-dc2e-4bd0-83f1-df21defa8821/hasUnit>
	Message: Only the 24 properties declared in the CHR schema (plus rdf:type and rdfs:label) may be used on an individual.
Constraint Violation in ClosedConstraintComponent (http://www.w3.org/ns/shacl#ClosedConstraintComponent):
	Severity: sh:Violation
	Source Shape: chr:SchemaPropertyVocabularyShape
	Focus Node: ex:Measurement_creatinine_38483_4
	Value Node: <https://loinc.org/38483-4>
	Result Path: <https://w3id.org/shexmap/resource/ontology-schema/d285f599-dc2e-4bd0-83f1-df21defa8821/hasCode>
	Message: Only the 24 properties declared in the CHR schema (plus rdf:type and rdfs:label) may be used on an individual.
Constraint Violation in ClosedConstraintComponent (http://www.w3.org/ns/shacl#ClosedConstraintComponent):
	Severity: sh:Violation
	Source Shape: chr:SchemaPropertyVocabularyShape
	Focus Node: ex:Measurement_creatinine_38483_4
	Value Node: Literal("2025-08-06T16:47:23+02:00" = 2025-08-06 16:47:23+02:00, datatype=xsd:dateTime)
	Result Path: <https://w3id.org/shexmap/resource/ontology-schema/d285f599-dc2e-4bd0-83f1-df21defa8821/hasMeasuredDate>
	Message: Only the 24 properties declared in the CHR schema (plus rdf:type and rdfs:label) may be used on an individual.
Constraint Violation in ClosedConstraintComponent (http://www.w3.org/ns/shacl#ClosedConstraintComponent):
	Severity: sh:Violation
	Source Shape: chr:SchemaPropertyVocabularyShape
	Focus Node: ex:Measurement_creatinine_38483_4
	Value Node: Literal("4.76", datatype=xsd:float)
	Result Path: <https://w3id.org/shexmap/resource/ontology-schema/d285f599-dc2e-4bd0-83f1-df21defa8821/hasQuantityValue>
	Message: Only the 24 properties declared in the CHR schema (plus rdf:type and rdfs:label) may be used on an individual.
Constraint Violation in ClosedConstraintComponent (http://www.w3.org/ns/shacl#ClosedConstraintComponent):
	Severity: sh:Violation
	Source Shape: chr:SchemaPropertyVocabularyShape
	Focus Node: ex:Measurement_creatinine_38483_4
	Value Node: ex:Unit_mgperdL
	Result Path: <https://w3id.org/shexmap/resource/ontology-schema/d285f599-dc2e-4bd0-83f1-df21defa8821/hasUnit>
	Message: Only the 24 properties declared in the CHR schema (plus rdf:type and rdfs:label) may be used on an individual.
Constraint Violation in ClosedConstraintComponent (http://www.w3.org/ns/shacl#ClosedConstraintComponent):
	Severity: sh:Violation
	Source Shape: chr:SchemaPropertyVocabularyShape
	Focus Node: ex:Measurement_gfr_33914_3_1
	Value Node: <https://loinc.org/33914-3>
	Result Path: <https://w3id.org/shexmap/resource/ontology-schema/d285f599-dc2e-4bd0-83f1-df21defa8821/hasCode>
	Message: Only the 24 properties declared in the CHR schema (plus rdf:type and rdfs:label) may be used on an individual.
Constraint Violation in ClosedConstraintComponent (http://www.w3.org/ns/shacl#ClosedConstraintComponent):
	Severity: sh:Violation
	Source Shape: chr:SchemaPropertyVocabularyShape
	Focus Node: ex:Measurement_gfr_33914_3_1
	Value Node: Literal("2025-08-06T16:47:23+02:00" = 2025-08-06 16:47:23+02:00, datatype=xsd:dateTime)
	Result Path: <https://w3id.org/shexmap/resource/ontology-schema/d285f599-dc2e-4bd0-83f1-df21defa8821/hasMeasuredDate>
	Message: Only the 24 properties declared in the CHR schema (plus rdf:type and rdfs:label) may be used on an individual.
Constraint Violation in ClosedConstraintComponent (http://www.w3.org/ns/shacl#ClosedConstraintComponent):
	Severity: sh:Violation
	Source Shape: chr:SchemaPropertyVocabularyShape
	Focus Node: ex:Measurement_gfr_33914_3_1
	Value Node: Literal("42.721", datatype=xsd:float)
	Result Path: <https://w3id.org/shexmap/resource/ontology-schema/d285f599-dc2e-4bd0-83f1-df21defa8821/hasQuantityValue>
	Message: Only the 24 properties declared in the CHR schema (plus rdf:type and rdfs:label) may be used on an individual.
Constraint Violation in ClosedConstraintComponent (http://www.w3.org/ns/shacl#ClosedConstraintComponent):
	Severity: sh:Violation
	Source Shape: chr:SchemaPropertyVocabularyShape
	Focus Node: ex:Measurement_gfr_33914_3_1
	Value Node: ex:Unit_mLpermincbl1dot73sbr
	Result Path: <https://w3id.org/shexmap/resource/ontology-schema/d285f599-dc2e-4bd0-83f1-df21defa8821/hasUnit>
	Message: Only the 24 properties declared in the CHR schema (plus rdf:type and rdfs:label) may be used on an individual.
Constraint Violation in ClosedConstraintComponent (http://www.w3.org/ns/shacl#ClosedConstraintComponent):
	Severity: sh:Violation
	Source Shape: chr:SchemaPropertyVocabularyShape
	Focus Node: ex:Measurement_gfr_33914_3_2
	Value Node: <https://loinc.org/33914-3>
	Result Path: <https://w3id.org/shexmap/resource/ontology-schema/d285f599-dc2e-4bd0-83f1-df21defa8821/hasCode>
	Message: Only the 24 properties declared in the CHR schema (plus rdf:type and rdfs:label) may be used on an individual.
Constraint Violation in ClosedConstraintComponent (http://www.w3.org/ns/shacl#ClosedConstraintComponent):
	Severity: sh:Violation
	Source Shape: chr:SchemaPropertyVocabularyShape
	Focus Node: ex:Measurement_gfr_33914_3_2
	Value Node: Literal("17.05", datatype=xsd:float)
	Result Path: <https://w3id.org/shexmap/resource/ontology-schema/d285f599-dc2e-4bd0-83f1-df21defa8821/hasQuantityValue>
	Message: Only the 24 properties declared in the CHR schema (plus rdf:type and rdfs:label) may be used on an individual.
Constraint Violation in ClosedConstraintComponent (http://www.w3.org/ns/shacl#ClosedConstraintComponent):
	Severity: sh:Violation
	Source Shape: chr:SchemaPropertyVocabularyShape
	Focus Node: ex:Measurement_gfr_33914_3_2
	Value Node: Literal("2025-08-06T16:47:23+02:00" = 2025-08-06 16:47:23+02:00, datatype=xsd:dateTime)
	Result Path: <https://w3id.org/shexmap/resource/ontology-schema/d285f599-dc2e-4bd0-83f1-df21defa8821/hasMeasuredDate>
	Message: Only the 24 properties declared in the CHR schema (plus rdf:type and rdfs:label) may be used on an individual.
Constraint Violation in ClosedConstraintComponent (http://www.w3.org/ns/shacl#ClosedConstraintComponent):
	Severity: sh:Violation
	Source Shape: chr:SchemaPropertyVocabularyShape
	Focus Node: ex:Measurement_gfr_33914_3_2
	Value Node: ex:Unit_mLpermincbl1dot73sbr
	Result Path: <https://w3id.org/shexmap/resource/ontology-schema/d285f599-dc2e-4bd0-83f1-df21defa8821/hasUnit>
	Message: Only the 24 properties declared in the CHR schema (plus rdf:type and rdfs:label) may be used on an individual.
Constraint Violation in ClosedConstraintComponent (http://www.w3.org/ns/shacl#ClosedConstraintComponent):
	Severity: sh:Violation
	Source Shape: chr:SchemaPropertyVocabularyShape
	Focus Node: ex:Measurement_glucose_2339_0
	Value Node: <https://loinc.org/2339-0>
	Result Path: <https://w3id.org/shexmap/resource/ontology-schema/d285f599-dc2e-4bd0-83f1-df21defa8821/hasCode>
	Message: Only the 24 properties declared in the CHR schema (plus rdf:type and rdfs:label) may be used on an individual.
Constraint Violation in ClosedConstraintComponent (http://www.w3.org/ns/shacl#ClosedConstraintComponent):
	Severity: sh:Violation
	Source Shape: chr:SchemaPropertyVocabularyShape
	Focus Node: ex:Measurement_glucose_2339_0
	Value Node: Literal("168.57", datatype=xsd:float)
	Result Path: <https://w3id.org/shexmap/resource/ontology-schema/d285f599-dc2e-4bd0-83f1-df21defa8821/hasQuantityValue>
	Message: Only the 24 properties declared in the CHR schema (plus rdf:type and rdfs:label) may be used on an individual.
Constraint Violation in ClosedConstraintComponent (http://www.w3.org/ns/shacl#ClosedConstraintComponent):
	Severity: sh:Violation
	Source Shape: chr:SchemaPropertyVocabularyShape
	Focus Node: ex:Measurement_glucose_2339_0
	Value Node: Literal("2025-08-06T16:47:23+02:00" = 2025-08-06 16:47:23+02:00, datatype=xsd:dateTime)
	Result Path: <https://w3id.org/shexmap/resource/ontology-schema/d285f599-dc2e-4bd0-83f1-df21defa8821/hasMeasuredDate>
	Message: Only the 24 properties declared in the CHR schema (plus rdf:type and rdfs:label) may be used on an individual.
Constraint Violation in ClosedConstraintComponent (http://www.w3.org/ns/shacl#ClosedConstraintComponent):
	Severity: sh:Violation
	Source Shape: chr:SchemaPropertyVocabularyShape
	Focus Node: ex:Measurement_glucose_2339_0
	Value Node: ex:Unit_mgperdL
	Result Path: <https://w3id.org/shexmap/resource/ontology-schema/d285f599-dc2e-4bd0-83f1-df21defa8821/hasUnit>
	Message: Only the 24 properties declared in the CHR schema (plus rdf:type and rdfs:label) may be used on an individual.
Constraint Violation in ClosedConstraintComponent (http://www.w3.org/ns/shacl#ClosedConstraintComponent):
	Severity: sh:Violation
	Source Shape: chr:SchemaPropertyVocabularyShape
	Focus Node: ex:Measurement_glucose_2345_7
	Value Node: <https://loinc.org/2345-7>
	Result Path: <https://w3id.org/shexmap/resource/ontology-schema/d285f599-dc2e-4bd0-83f1-df21defa8821/hasCode>
	Message: Only the 24 properties declared in the CHR schema (plus rdf:type and rdfs:label) may be used on an individual.
Constraint Violation in ClosedConstraintComponent (http://www.w3.org/ns/shacl#ClosedConstraintComponent):
	Severity: sh:Violation
	Source Shape: chr:SchemaPropertyVocabularyShape
	Focus Node: ex:Measurement_glucose_2345_7
	Value Node: Literal("168.57", datatype=xsd:float)
	Result Path: <https://w3id.org/shexmap/resource/ontology-schema/d285f599-dc2e-4bd0-83f1-df21defa8821/hasQuantityValue>
	Message: Only the 24 properties declared in the CHR schema (plus rdf:type and rdfs:label) may be used on an individual.
Constraint Violation in ClosedConstraintComponent (http://www.w3.org/ns/shacl#ClosedConstraintComponent):
	Severity: sh:Violation
	Source Shape: chr:SchemaPropertyVocabularyShape
	Focus Node: ex:Measurement_glucose_2345_7
	Value Node: Literal("2025-08-06T16:47:23+02:00" = 2025-08-06 16:47:23+02:00, datatype=xsd:dateTime)
	Result Path: <https://w3id.org/shexmap/resource/ontology-schema/d285f599-dc2e-4bd0-83f1-df21defa8821/hasMeasuredDate>
	Message: Only the 24 properties declared in the CHR schema (plus rdf:type and rdfs:label) may be used on an individual.
Constraint Violation in ClosedConstraintComponent (http://www.w3.org/ns/shacl#ClosedConstraintComponent):
	Severity: sh:Violation
	Source Shape: chr:SchemaPropertyVocabularyShape
	Focus Node: ex:Measurement_glucose_2345_7
	Value Node: ex:Unit_mgperdL
	Result Path: <https://w3id.org/shexmap/resource/ontology-schema/d285f599-dc2e-4bd0-83f1-df21defa8821/hasUnit>
	Message: Only the 24 properties declared in the CHR schema (plus rdf:type and rdfs:label) may be used on an individual.
Constraint Violation in ClosedConstraintComponent (http://www.w3.org/ns/shacl#ClosedConstraintComponent):
	Severity: sh:Violation
	Source Shape: chr:SchemaPropertyVocabularyShape
	Focus Node: ex:Measurement_glucose_5792_7
	Value Node: <https://loinc.org/5792-7>
	Result Path: <https://w3id.org/shexmap/resource/ontology-schema/d285f599-dc2e-4bd0-83f1-df21defa8821/hasCode>
	Message: Only the 24 properties declared in the CHR schema (plus rdf:type and rdfs:label) may be used on an individual.
Constraint Violation in ClosedConstraintComponent (http://www.w3.org/ns/shacl#ClosedConstraintComponent):
	Severity: sh:Violation
	Source Shape: chr:SchemaPropertyVocabularyShape
	Focus Node: ex:Measurement_glucose_5792_7
	Value Node: Literal("2.4423", datatype=xsd:float)
	Result Path: <https://w3id.org/shexmap/resource/ontology-schema/d285f599-dc2e-4bd0-83f1-df21defa8821/hasQuantityValue>
	Message: Only the 24 properties declared in the CHR schema (plus rdf:type and rdfs:label) may be used on an individual.
Constraint Violation in ClosedConstraintComponent (http://www.w3.org/ns/shacl#ClosedConstraintComponent):
	Severity: sh:Violation
	Source Shape: chr:SchemaPropertyVocabularyShape
	Focus Node: ex:Measurement_glucose_5792_7
	Value Node: Literal("2025-08-06T16:47:23+02:00" = 2025-08-06 16:47:23+02:00, datatype=xsd:dateTime)
	Result Path: <https://w3id.org/shexmap/resource/ontology-schema/d285f599-dc2e-4bd0-83f1-df21defa8821/hasMeasuredDate>
	Message: Only the 24 properties declared in the CHR schema (plus rdf:type and rdfs:label) may be used on an individual.
Constraint Violation in ClosedConstraintComponent (http://www.w3.org/ns/shacl#ClosedConstraintComponent):
	Severity: sh:Violation
	Source Shape: chr:SchemaPropertyVocabularyShape
	Focus Node: ex:Measurement_glucose_5792_7
	Value Node: ex:Unit_mgperdL
	Result Path: <https://w3id.org/shexmap/resource/ontology-schema/d285f599-dc2e-4bd0-83f1-df21defa8821/hasUnit>
	Message: Only the 24 properties declared in the CHR schema (plus rdf:type and rdfs:label) may be used on an individual.
Constraint Violation in ClosedConstraintComponent (http://www.w3.org/ns/shacl#ClosedConstraintComponent):
	Severity: sh:Violation
	Source Shape: chr:SchemaPropertyVocabularyShape
	Focus Node: ex:Measurement_hba1c_4548_4
	Value Node: <https://loinc.org/4548-4>
	Result Path: <https://w3id.org/shexmap/resource/ontology-schema/d285f599-dc2e-4bd0-83f1-df21defa8821/hasCode>
	Message: Only the 24 properties declared in the CHR schema (plus rdf:type and rdfs:label) may be used on an individual.
Constraint Violation in ClosedConstraintComponent (http://www.w3.org/ns/shacl#ClosedConstraintComponent):
	Severity: sh:Violation
	Source Shape: chr:SchemaPropertyVocabularyShape
	Focus Node: ex:Measurement_hba1c_4548_4
	Value Node: Literal("2025-08-06T16:47:23+02:00" = 2025-08-06 16:47:23+02:00, datatype=xsd:dateTime)
	Result Path: <https://w3id.org/shexmap/resource/ontology-schema/d285f599-dc2e-4bd0-83f1-df21defa8821/hasMeasuredDate>
	Message: Only the 24 properties declared in the CHR schema (plus rdf:type and rdfs:label) may be used on an individual.
Constraint Violation in ClosedConstraintComponent (http://www.w3.org/ns/shacl#ClosedConstraintComponent):
	Severity: sh:Violation
	Source Shape: chr:SchemaPropertyVocabularyShape
	Focus Node: ex:Measurement_hba1c_4548_4
	Value Node: Literal("5.36", datatype=xsd:float)
	Result Path: <https://w3id.org/shexmap/resource/ontology-schema/d285f599-dc2e-4bd0-83f1-df21defa8821/hasQuantityValue>
	Message: Only the 24 properties declared in the CHR schema (plus rdf:type and rdfs:label) may be used on an individual.
Constraint Violation in ClosedConstraintComponent (http://www.w3.org/ns/shacl#ClosedConstraintComponent):
	Severity: sh:Violation
	Source Shape: chr:SchemaPropertyVocabularyShape
	Focus Node: ex:Measurement_hba1c_4548_4
	Value Node: ex:Unit_percent
	Result Path: <https://w3id.org/shexmap/resource/ontology-schema/d285f599-dc2e-4bd0-83f1-df21defa8821/hasUnit>
	Message: Only the 24 properties declared in the CHR schema (plus rdf:type and rdfs:label) may be used on an individual.
Constraint Violation in ClosedConstraintComponent (http://www.w3.org/ns/shacl#ClosedConstraintComponent):
	Severity: sh:Violation
	Source Shape: chr:SchemaPropertyVocabularyShape
	Focus Node: ex:Measurement_heart_rate_8867_4
	Value Node: <https://loinc.org/8867-4>
	Result Path: <https://w3id.org/shexmap/resource/ontology-schema/d285f599-dc2e-4bd0-83f1-df21defa8821/hasCode>
	Message: Only the 24 properties declared in the CHR schema (plus rdf:type and rdfs:label) may be used on an individual.
Constraint Violation in ClosedConstraintComponent (http://www.w3.org/ns/shacl#ClosedConstraintComponent):
	Severity: sh:Violation
	Source Shape: chr:SchemaPropertyVocabularyShape
	Focus Node: ex:Measurement_heart_rate_8867_4
	Value Node: Literal("2025-08-06T16:47:23+02:00" = 2025-08-06 16:47:23+02:00, datatype=xsd:dateTime)
	Result Path: <https://w3id.org/shexmap/resource/ontology-schema/d285f599-dc2e-4bd0-83f1-df21defa8821/hasMeasuredDate>
	Message: Only the 24 properties declared in the CHR schema (plus rdf:type and rdfs:label) may be used on an individual.
Constraint Violation in ClosedConstraintComponent (http://www.w3.org/ns/shacl#ClosedConstraintComponent):
	Severity: sh:Violation
	Source Shape: chr:SchemaPropertyVocabularyShape
	Focus Node: ex:Measurement_heart_rate_8867_4
	Value Node: Literal("77.0", datatype=xsd:float)
	Result Path: <https://w3id.org/shexmap/resource/ontology-schema/d285f599-dc2e-4bd0-83f1-df21defa8821/hasQuantityValue>
	Message: Only the 24 properties declared in the CHR schema (plus rdf:type and rdfs:label) may be used on an individual.
Constraint Violation in ClosedConstraintComponent (http://www.w3.org/ns/shacl#ClosedConstraintComponent):
	Severity: sh:Violation
	Source Shape: chr:SchemaPropertyVocabularyShape
	Focus Node: ex:Measurement_heart_rate_8867_4
	Value Node: ex:Unit_permin
	Result Path: <https://w3id.org/shexmap/resource/ontology-schema/d285f599-dc2e-4bd0-83f1-df21defa8821/hasUnit>
	Message: Only the 24 properties declared in the CHR schema (plus rdf:type and rdfs:label) may be used on an individual.
Constraint Violation in ClosedConstraintComponent (http://www.w3.org/ns/shacl#ClosedConstraintComponent):
	Severity: sh:Violation
	Source Shape: chr:SchemaPropertyVocabularyShape
	Focus Node: ex:Measurement_height_8302_2
	Value Node: <https://loinc.org/8302-2>
	Result Path: <https://w3id.org/shexmap/resource/ontology-schema/d285f599-dc2e-4bd0-83f1-df21defa8821/hasCode>
	Message: Only the 24 properties declared in the CHR schema (plus rdf:type and rdfs:label) may be used on an individual.
Constraint Violation in ClosedConstraintComponent (http://www.w3.org/ns/shacl#ClosedConstraintComponent):
	Severity: sh:Violation
	Source Shape: chr:SchemaPropertyVocabularyShape
	Focus Node: ex:Measurement_height_8302_2
	Value Node: Literal("177.0", datatype=xsd:float)
	Result Path: <https://w3id.org/shexmap/resource/ontology-schema/d285f599-dc2e-4bd0-83f1-df21defa8821/hasQuantityValue>
	Message: Only the 24 properties declared in the CHR schema (plus rdf:type and rdfs:label) may be used on an individual.
Constraint Violation in ClosedConstraintComponent (http://www.w3.org/ns/shacl#ClosedConstraintComponent):
	Severity: sh:Violation
	Source Shape: chr:SchemaPropertyVocabularyShape
	Focus Node: ex:Measurement_height_8302_2
	Value Node: Literal("2025-08-06T16:47:23+02:00" = 2025-08-06 16:47:23+02:00, datatype=xsd:dateTime)
	Result Path: <https://w3id.org/shexmap/resource/ontology-schema/d285f599-dc2e-4bd0-83f1-df21defa8821/hasMeasuredDate>
	Message: Only the 24 properties declared in the CHR schema (plus rdf:type and rdfs:label) may be used on an individual.
Constraint Violation in ClosedConstraintComponent (http://www.w3.org/ns/shacl#ClosedConstraintComponent):
	Severity: sh:Violation
	Source Shape: chr:SchemaPropertyVocabularyShape
	Focus Node: ex:Measurement_height_8302_2
	Value Node: ex:Unit_cm
	Result Path: <https://w3id.org/shexmap/resource/ontology-schema/d285f599-dc2e-4bd0-83f1-df21defa8821/hasUnit>
	Message: Only the 24 properties declared in the CHR schema (plus rdf:type and rdfs:label) may be used on an individual.
Constraint Violation in ClosedConstraintComponent (http://www.w3.org/ns/shacl#ClosedConstraintComponent):
	Severity: sh:Violation
	Source Shape: chr:SchemaPropertyVocabularyShape
	Focus Node: ex:Measurement_ketones_5797_6
	Value Node: <https://loinc.org/5797-6>
	Result Path: <https://w3id.org/shexmap/resource/ontology-schema/d285f599-dc2e-4bd0-83f1-df21defa8821/hasCode>
	Message: Only the 24 properties declared in the CHR schema (plus rdf:type and rdfs:label) may be used on an individual.
Constraint Violation in ClosedConstraintComponent (http://www.w3.org/ns/shacl#ClosedConstraintComponent):
	Severity: sh:Violation
	Source Shape: chr:SchemaPropertyVocabularyShape
	Focus Node: ex:Measurement_ketones_5797_6
	Value Node: Literal("16.425", datatype=xsd:float)
	Result Path: <https://w3id.org/shexmap/resource/ontology-schema/d285f599-dc2e-4bd0-83f1-df21defa8821/hasQuantityValue>
	Message: Only the 24 properties declared in the CHR schema (plus rdf:type and rdfs:label) may be used on an individual.
Constraint Violation in ClosedConstraintComponent (http://www.w3.org/ns/shacl#ClosedConstraintComponent):
	Severity: sh:Violation
	Source Shape: chr:SchemaPropertyVocabularyShape
	Focus Node: ex:Measurement_ketones_5797_6
	Value Node: Literal("2025-08-06T16:47:23+02:00" = 2025-08-06 16:47:23+02:00, datatype=xsd:dateTime)
	Result Path: <https://w3id.org/shexmap/resource/ontology-schema/d285f599-dc2e-4bd0-83f1-df21defa8821/hasMeasuredDate>
	Message: Only the 24 properties declared in the CHR schema (plus rdf:type and rdfs:label) may be used on an individual.
Constraint Violation in ClosedConstraintComponent (http://www.w3.org/ns/shacl#ClosedConstraintComponent):
	Severity: sh:Violation
	Source Shape: chr:SchemaPropertyVocabularyShape
	Focus Node: ex:Measurement_ketones_5797_6
	Value Node: ex:Unit_mgperdL
	Result Path: <https://w3id.org/shexmap/resource/ontology-schema/d285f599-dc2e-4bd0-83f1-df21defa8821/hasUnit>
	Message: Only the 24 properties declared in the CHR schema (plus rdf:type and rdfs:label) may be used on an individual.
Constraint Violation in ClosedConstraintComponent (http://www.w3.org/ns/shacl#ClosedConstraintComponent):
	Severity: sh:Violation
	Source Shape: chr:SchemaPropertyVocabularyShape
	Focus Node: ex:Measurement_microalbumin_14959_1
	Value Node: <https://loinc.org/14959-1>
	Result Path: <https://w3id.org/shexmap/resource/ontology-schema/d285f599-dc2e-4bd0-83f1-df21defa8821/hasCode>
	Message: Only the 24 properties declared in the CHR schema (plus rdf:type and rdfs:label) may be used on an individual.
Constraint Violation in ClosedConstraintComponent (http://www.w3.org/ns/shacl#ClosedConstraintComponent):
	Severity: sh:Violation
	Source Shape: chr:SchemaPropertyVocabularyShape
	Focus Node: ex:Measurement_microalbumin_14959_1
	Value Node: Literal("2025-08-06T16:47:23+02:00" = 2025-08-06 16:47:23+02:00, datatype=xsd:dateTime)
	Result Path: <https://w3id.org/shexmap/resource/ontology-schema/d285f599-dc2e-4bd0-83f1-df21defa8821/hasMeasuredDate>
	Message: Only the 24 properties declared in the CHR schema (plus rdf:type and rdfs:label) may be used on an individual.
Constraint Violation in ClosedConstraintComponent (http://www.w3.org/ns/shacl#ClosedConstraintComponent):
	Severity: sh:Violation
	Source Shape: chr:SchemaPropertyVocabularyShape
	Focus Node: ex:Measurement_microalbumin_14959_1
	Value Node: Literal("34.58", datatype=xsd:float)
	Result Path: <https://w3id.org/shexmap/resource/ontology-schema/d285f599-dc2e-4bd0-83f1-df21defa8821/hasQuantityValue>
	Message: Only the 24 properties declared in the CHR schema (plus rdf:type and rdfs:label) may be used on an individual.
Constraint Violation in ClosedConstraintComponent (http://www.w3.org/ns/shacl#ClosedConstraintComponent):
	Severity: sh:Violation
	Source Shape: chr:SchemaPropertyVocabularyShape
	Focus Node: ex:Measurement_microalbumin_14959_1
	Value Node: ex:Unit_mgperg
	Result Path: <https://w3id.org/shexmap/resource/ontology-schema/d285f599-dc2e-4bd0-83f1-df21defa8821/hasUnit>
	Message: Only the 24 properties declared in the CHR schema (plus rdf:type and rdfs:label) may be used on an individual.
Constraint Violation in ClosedConstraintComponent (http://www.w3.org/ns/shacl#ClosedConstraintComponent):
	Severity: sh:Violation
	Source Shape: chr:SchemaPropertyVocabularyShape
	Focus Node: ex:Measurement_pain_72514_3
	Value Node: <https://loinc.org/72514-3>
	Result Path: <https://w3id.org/shexmap/resource/ontology-schema/d285f599-dc2e-4bd0-83f1-df21defa8821/hasCode>
	Message: Only the 24 properties declared in the CHR schema (plus rdf:type and rdfs:label) may be used on an individual.
Constraint Violation in ClosedConstraintComponent (http://www.w3.org/ns/shacl#ClosedConstraintComponent):
	Severity: sh:Violation
	Source Shape: chr:SchemaPropertyVocabularyShape
	Focus Node: ex:Measurement_pain_72514_3
	Value Node: Literal("1.0", datatype=xsd:float)
	Result Path: <https://w3id.org/shexmap/resource/ontology-schema/d285f599-dc2e-4bd0-83f1-df21defa8821/hasQuantityValue>
	Message: Only the 24 properties declared in the CHR schema (plus rdf:type and rdfs:label) may be used on an individual.
Constraint Violation in ClosedConstraintComponent (http://www.w3.org/ns/shacl#ClosedConstraintComponent):
	Severity: sh:Violation
	Source Shape: chr:SchemaPropertyVocabularyShape
	Focus Node: ex:Measurement_pain_72514_3
	Value Node: Literal("2025-08-06T16:47:23+02:00" = 2025-08-06 16:47:23+02:00, datatype=xsd:dateTime)
	Result Path: <https://w3id.org/shexmap/resource/ontology-schema/d285f599-dc2e-4bd0-83f1-df21defa8821/hasMeasuredDate>
	Message: Only the 24 properties declared in the CHR schema (plus rdf:type and rdfs:label) may be used on an individual.
Constraint Violation in ClosedConstraintComponent (http://www.w3.org/ns/shacl#ClosedConstraintComponent):
	Severity: sh:Violation
	Source Shape: chr:SchemaPropertyVocabularyShape
	Focus Node: ex:Measurement_pain_72514_3
	Value Node: ex:Unit_cblscorecbr
	Result Path: <https://w3id.org/shexmap/resource/ontology-schema/d285f599-dc2e-4bd0-83f1-df21defa8821/hasUnit>
	Message: Only the 24 properties declared in the CHR schema (plus rdf:type and rdfs:label) may be used on an individual.
Constraint Violation in ClosedConstraintComponent (http://www.w3.org/ns/shacl#ClosedConstraintComponent):
	Severity: sh:Violation
	Source Shape: chr:SchemaPropertyVocabularyShape
	Focus Node: ex:Measurement_ph_5803_2
	Value Node: <https://loinc.org/5803-2>
	Result Path: <https://w3id.org/shexmap/resource/ontology-schema/d285f599-dc2e-4bd0-83f1-df21defa8821/hasCode>
	Message: Only the 24 properties declared in the CHR schema (plus rdf:type and rdfs:label) may be used on an individual.
Constraint Violation in ClosedConstraintComponent (http://www.w3.org/ns/shacl#ClosedConstraintComponent):
	Severity: sh:Violation
	Source Shape: chr:SchemaPropertyVocabularyShape
	Focus Node: ex:Measurement_ph_5803_2
	Value Node: Literal("2025-08-06T16:47:23+02:00" = 2025-08-06 16:47:23+02:00, datatype=xsd:dateTime)
	Result Path: <https://w3id.org/shexmap/resource/ontology-schema/d285f599-dc2e-4bd0-83f1-df21defa8821/hasMeasuredDate>
	Message: Only the 24 properties declared in the CHR schema (plus rdf:type and rdfs:label) may be used on an individual.
Constraint Violation in ClosedConstraintComponent (http://www.w3.org/ns/shacl#ClosedConstraintComponent):
	Severity: sh:Violation
	Source Shape: chr:SchemaPropertyVocabularyShape
	Focus Node: ex:Measurement_ph_5803_2
	Value Node: Literal("5.9202", datatype=xsd:float)
	Result Path: <https://w3id.org/shexmap/resource/ontology-schema/d285f599-dc2e-4bd0-83f1-df21defa8821/hasQuantityValue>
	Message: Only the 24 properties declared in the CHR schema (plus rdf:type and rdfs:label) may be used on an individual.
Constraint Violation in ClosedConstraintComponent (http://www.w3.org/ns/shacl#ClosedConstraintComponent):
	Severity: sh:Violation
	Source Shape: chr:SchemaPropertyVocabularyShape
	Focus Node: ex:Measurement_ph_5803_2
	Value Node: ex:Unit_pH
	Result Path: <https://w3id.org/shexmap/resource/ontology-schema/d285f599-dc2e-4bd0-83f1-df21defa8821/hasUnit>
	Message: Only the 24 properties declared in the CHR schema (plus rdf:type and rdfs:label) may be used on an individual.
Constraint Violation in ClosedConstraintComponent (http://www.w3.org/ns/shacl#ClosedConstraintComponent):
	Severity: sh:Violation
	Source Shape: chr:SchemaPropertyVocabularyShape
	Focus Node: ex:Measurement_phq2_55758_7
	Value Node: <https://loinc.org/55758-7>
	Result Path: <https://w3id.org/shexmap/resource/ontology-schema/d285f599-dc2e-4bd0-83f1-df21defa8821/hasCode>
	Message: Only the 24 properties declared in the CHR schema (plus rdf:type and rdfs:label) may be used on an individual.
Constraint Violation in ClosedConstraintComponent (http://www.w3.org/ns/shacl#ClosedConstraintComponent):
	Severity: sh:Violation
	Source Shape: chr:SchemaPropertyVocabularyShape
	Focus Node: ex:Measurement_phq2_55758_7
	Value Node: Literal("1.0", datatype=xsd:float)
	Result Path: <https://w3id.org/shexmap/resource/ontology-schema/d285f599-dc2e-4bd0-83f1-df21defa8821/hasQuantityValue>
	Message: Only the 24 properties declared in the CHR schema (plus rdf:type and rdfs:label) may be used on an individual.
Constraint Violation in ClosedConstraintComponent (http://www.w3.org/ns/shacl#ClosedConstraintComponent):
	Severity: sh:Violation
	Source Shape: chr:SchemaPropertyVocabularyShape
	Focus Node: ex:Measurement_phq2_55758_7
	Value Node: Literal("2025-08-06T17:58:37+02:00" = 2025-08-06 17:58:37+02:00, datatype=xsd:dateTime)
	Result Path: <https://w3id.org/shexmap/resource/ontology-schema/d285f599-dc2e-4bd0-83f1-df21defa8821/hasMeasuredDate>
	Message: Only the 24 properties declared in the CHR schema (plus rdf:type and rdfs:label) may be used on an individual.
Constraint Violation in ClosedConstraintComponent (http://www.w3.org/ns/shacl#ClosedConstraintComponent):
	Severity: sh:Violation
	Source Shape: chr:SchemaPropertyVocabularyShape
	Focus Node: ex:Measurement_phq2_55758_7
	Value Node: ex:Unit_cblscorecbr
	Result Path: <https://w3id.org/shexmap/resource/ontology-schema/d285f599-dc2e-4bd0-83f1-df21defa8821/hasUnit>
	Message: Only the 24 properties declared in the CHR schema (plus rdf:type and rdfs:label) may be used on an individual.
Constraint Violation in ClosedConstraintComponent (http://www.w3.org/ns/shacl#ClosedConstraintComponent):
	Severity: sh:Violation
	Source Shape: chr:SchemaPropertyVocabularyShape
	Focus Node: ex:Measurement_potassium_2823_3
	Value Node: <https://loinc.org/2823-3>
	Result Path: <https://w3id.org/shexmap/resource/ontology-schema/d285f599-dc2e-4bd0-83f1-df21defa8821/hasCode>
	Message: Only the 24 properties declared in the CHR schema (plus rdf:type and rdfs:label) may be used on an individual.
Constraint Violation in ClosedConstraintComponent (http://www.w3.org/ns/shacl#ClosedConstraintComponent):
	Severity: sh:Violation
	Source Shape: chr:SchemaPropertyVocabularyShape
	Focus Node: ex:Measurement_potassium_2823_3
	Value Node: Literal("2025-08-06T16:47:23+02:00" = 2025-08-06 16:47:23+02:00, datatype=xsd:dateTime)
	Result Path: <https://w3id.org/shexmap/resource/ontology-schema/d285f599-dc2e-4bd0-83f1-df21defa8821/hasMeasuredDate>
	Message: Only the 24 properties declared in the CHR schema (plus rdf:type and rdfs:label) may be used on an individual.
Constraint Violation in ClosedConstraintComponent (http://www.w3.org/ns/shacl#ClosedConstraintComponent):
	Severity: sh:Violation
	Source Shape: chr:SchemaPropertyVocabularyShape
	Focus Node: ex:Measurement_potassium_2823_3
	Value Node: Literal("3.9", datatype=xsd:float)
	Result Path: <https://w3id.org/shexmap/resource/ontology-schema/d285f599-dc2e-4bd0-83f1-df21defa8821/hasQuantityValue>
	Message: Only the 24 properties declared in the CHR schema (plus rdf:type and rdfs:label) may be used on an individual.
Constraint Violation in ClosedConstraintComponent (http://www.w3.org/ns/shacl#ClosedConstraintComponent):
	Severity: sh:Violation
	Source Shape: chr:SchemaPropertyVocabularyShape
	Focus Node: ex:Measurement_potassium_2823_3
	Value Node: ex:Unit_mmolperL
	Result Path: <https://w3id.org/shexmap/resource/ontology-schema/d285f599-dc2e-4bd0-83f1-df21defa8821/hasUnit>
	Message: Only the 24 properties declared in the CHR schema (plus rdf:type and rdfs:label) may be used on an individual.
Constraint Violation in ClosedConstraintComponent (http://www.w3.org/ns/shacl#ClosedConstraintComponent):
	Severity: sh:Violation
	Source Shape: chr:SchemaPropertyVocabularyShape
	Focus Node: ex:Measurement_potassium_6298_4
	Value Node: <https://loinc.org/6298-4>
	Result Path: <https://w3id.org/shexmap/resource/ontology-schema/d285f599-dc2e-4bd0-83f1-df21defa8821/hasCode>
	Message: Only the 24 properties declared in the CHR schema (plus rdf:type and rdfs:label) may be used on an individual.
Constraint Violation in ClosedConstraintComponent (http://www.w3.org/ns/shacl#ClosedConstraintComponent):
	Severity: sh:Violation
	Source Shape: chr:SchemaPropertyVocabularyShape
	Focus Node: ex:Measurement_potassium_6298_4
	Value Node: Literal("2025-08-06T16:47:23+02:00" = 2025-08-06 16:47:23+02:00, datatype=xsd:dateTime)
	Result Path: <https://w3id.org/shexmap/resource/ontology-schema/d285f599-dc2e-4bd0-83f1-df21defa8821/hasMeasuredDate>
	Message: Only the 24 properties declared in the CHR schema (plus rdf:type and rdfs:label) may be used on an individual.
Constraint Violation in ClosedConstraintComponent (http://www.w3.org/ns/shacl#ClosedConstraintComponent):
	Severity: sh:Violation
	Source Shape: chr:SchemaPropertyVocabularyShape
	Focus Node: ex:Measurement_potassium_6298_4
	Value Node: Literal("3.9", datatype=xsd:float)
	Result Path: <https://w3id.org/shexmap/resource/ontology-schema/d285f599-dc2e-4bd0-83f1-df21defa8821/hasQuantityValue>
	Message: Only the 24 properties declared in the CHR schema (plus rdf:type and rdfs:label) may be used on an individual.
Constraint Violation in ClosedConstraintComponent (http://www.w3.org/ns/shacl#ClosedConstraintComponent):
	Severity: sh:Violation
	Source Shape: chr:SchemaPropertyVocabularyShape
	Focus Node: ex:Measurement_potassium_6298_4
	Value Node: ex:Unit_mmolperL
	Result Path: <https://w3id.org/shexmap/resource/ontology-schema/d285f599-dc2e-4bd0-83f1-df21defa8821/hasUnit>
	Message: Only the 24 properties declared in the CHR schema (plus rdf:type and rdfs:label) may be used on an individual.
Constraint Violation in ClosedConstraintComponent (http://www.w3.org/ns/shacl#ClosedConstraintComponent):
	Severity: sh:Violation
	Source Shape: chr:SchemaPropertyVocabularyShape
	Focus Node: ex:Measurement_protein_5804_0
	Value Node: <https://loinc.org/5804-0>
	Result Path: <https://w3id.org/shexmap/resource/ontology-schema/d285f599-dc2e-4bd0-83f1-df21defa8821/hasCode>
	Message: Only the 24 properties declared in the CHR schema (plus rdf:type and rdfs:label) may be used on an individual.
Constraint Violation in ClosedConstraintComponent (http://www.w3.org/ns/shacl#ClosedConstraintComponent):
	Severity: sh:Violation
	Source Shape: chr:SchemaPropertyVocabularyShape
	Focus Node: ex:Measurement_protein_5804_0
	Value Node: Literal("2025-08-06T16:47:23+02:00" = 2025-08-06 16:47:23+02:00, datatype=xsd:dateTime)
	Result Path: <https://w3id.org/shexmap/resource/ontology-schema/d285f599-dc2e-4bd0-83f1-df21defa8821/hasMeasuredDate>
	Message: Only the 24 properties declared in the CHR schema (plus rdf:type and rdfs:label) may be used on an individual.
Constraint Violation in ClosedConstraintComponent (http://www.w3.org/ns/shacl#ClosedConstraintComponent):
	Severity: sh:Violation
	Source Shape: chr:SchemaPropertyVocabularyShape
	Focus Node: ex:Measurement_protein_5804_0
	Value Node: Literal("268.66", datatype=xsd:float)
	Result Path: <https://w3id.org/shexmap/resource/ontology-schema/d285f599-dc2e-4bd0-83f1-df21defa8821/hasQuantityValue>
	Message: Only the 24 properties declared in the CHR schema (plus rdf:type and rdfs:label) may be used on an individual.
Constraint Violation in ClosedConstraintComponent (http://www.w3.org/ns/shacl#ClosedConstraintComponent):
	Severity: sh:Violation
	Source Shape: chr:SchemaPropertyVocabularyShape
	Focus Node: ex:Measurement_protein_5804_0
	Value Node: ex:Unit_mgperdL
	Result Path: <https://w3id.org/shexmap/resource/ontology-schema/d285f599-dc2e-4bd0-83f1-df21defa8821/hasUnit>
	Message: Only the 24 properties declared in the CHR schema (plus rdf:type and rdfs:label) may be used on an individual.
Constraint Violation in ClosedConstraintComponent (http://www.w3.org/ns/shacl#ClosedConstraintComponent):
	Severity: sh:Violation
	Source Shape: chr:SchemaPropertyVocabularyShape
	Focus Node: ex:Measurement_resp_rate_9279_1
	Value Node: <https://loinc.org/9279-1>
	Result Path: <https://w3id.org/shexmap/resource/ontology-schema/d285f599-dc2e-4bd0-83f1-df21defa8821/hasCode>
	Message: Only the 24 properties declared in the CHR schema (plus rdf:type and rdfs:label) may be used on an individual.
Constraint Violation in ClosedConstraintComponent (http://www.w3.org/ns/shacl#ClosedConstraintComponent):
	Severity: sh:Violation
	Source Shape: chr:SchemaPropertyVocabularyShape
	Focus Node: ex:Measurement_resp_rate_9279_1
	Value Node: Literal("12.0", datatype=xsd:float)
	Result Path: <https://w3id.org/shexmap/resource/ontology-schema/d285f599-dc2e-4bd0-83f1-df21defa8821/hasQuantityValue>
	Message: Only the 24 properties declared in the CHR schema (plus rdf:type and rdfs:label) may be used on an individual.
Constraint Violation in ClosedConstraintComponent (http://www.w3.org/ns/shacl#ClosedConstraintComponent):
	Severity: sh:Violation
	Source Shape: chr:SchemaPropertyVocabularyShape
	Focus Node: ex:Measurement_resp_rate_9279_1
	Value Node: Literal("2025-08-06T16:47:23+02:00" = 2025-08-06 16:47:23+02:00, datatype=xsd:dateTime)
	Result Path: <https://w3id.org/shexmap/resource/ontology-schema/d285f599-dc2e-4bd0-83f1-df21defa8821/hasMeasuredDate>
	Message: Only the 24 properties declared in the CHR schema (plus rdf:type and rdfs:label) may be used on an individual.
Constraint Violation in ClosedConstraintComponent (http://www.w3.org/ns/shacl#ClosedConstraintComponent):
	Severity: sh:Violation
	Source Shape: chr:SchemaPropertyVocabularyShape
	Focus Node: ex:Measurement_resp_rate_9279_1
	Value Node: ex:Unit_permin
	Result Path: <https://w3id.org/shexmap/resource/ontology-schema/d285f599-dc2e-4bd0-83f1-df21defa8821/hasUnit>
	Message: Only the 24 properties declared in the CHR schema (plus rdf:type and rdfs:label) may be used on an individual.
Constraint Violation in ClosedConstraintComponent (http://www.w3.org/ns/shacl#ClosedConstraintComponent):
	Severity: sh:Violation
	Source Shape: chr:SchemaPropertyVocabularyShape
	Focus Node: ex:Measurement_sodium_2947_0
	Value Node: <https://loinc.org/2947-0>
	Result Path: <https://w3id.org/shexmap/resource/ontology-schema/d285f599-dc2e-4bd0-83f1-df21defa8821/hasCode>
	Message: Only the 24 properties declared in the CHR schema (plus rdf:type and rdfs:label) may be used on an individual.
Constraint Violation in ClosedConstraintComponent (http://www.w3.org/ns/shacl#ClosedConstraintComponent):
	Severity: sh:Violation
	Source Shape: chr:SchemaPropertyVocabularyShape
	Focus Node: ex:Measurement_sodium_2947_0
	Value Node: Literal("140.59", datatype=xsd:float)
	Result Path: <https://w3id.org/shexmap/resource/ontology-schema/d285f599-dc2e-4bd0-83f1-df21defa8821/hasQuantityValue>
	Message: Only the 24 properties declared in the CHR schema (plus rdf:type and rdfs:label) may be used on an individual.
Constraint Violation in ClosedConstraintComponent (http://www.w3.org/ns/shacl#ClosedConstraintComponent):
	Severity: sh:Violation
	Source Shape: chr:SchemaPropertyVocabularyShape
	Focus Node: ex:Measurement_sodium_2947_0
	Value Node: Literal("2025-08-06T16:47:23+02:00" = 2025-08-06 16:47:23+02:00, datatype=xsd:dateTime)
	Result Path: <https://w3id.org/shexmap/resource/ontology-schema/d285f599-dc2e-4bd0-83f1-df21defa8821/hasMeasuredDate>
	Message: Only the 24 properties declared in the CHR schema (plus rdf:type and rdfs:label) may be used on an individual.
Constraint Violation in ClosedConstraintComponent (http://www.w3.org/ns/shacl#ClosedConstraintComponent):
	Severity: sh:Violation
	Source Shape: chr:SchemaPropertyVocabularyShape
	Focus Node: ex:Measurement_sodium_2947_0
	Value Node: ex:Unit_mmolperL
	Result Path: <https://w3id.org/shexmap/resource/ontology-schema/d285f599-dc2e-4bd0-83f1-df21defa8821/hasUnit>
	Message: Only the 24 properties declared in the CHR schema (plus rdf:type and rdfs:label) may be used on an individual.
Constraint Violation in ClosedConstraintComponent (http://www.w3.org/ns/shacl#ClosedConstraintComponent):
	Severity: sh:Violation
	Source Shape: chr:SchemaPropertyVocabularyShape
	Focus Node: ex:Measurement_sodium_2951_2
	Value Node: <https://loinc.org/2951-2>
	Result Path: <https://w3id.org/shexmap/resource/ontology-schema/d285f599-dc2e-4bd0-83f1-df21defa8821/hasCode>
	Message: Only the 24 properties declared in the CHR schema (plus rdf:type and rdfs:label) may be used on an individual.
Constraint Violation in ClosedConstraintComponent (http://www.w3.org/ns/shacl#ClosedConstraintComponent):
	Severity: sh:Violation
	Source Shape: chr:SchemaPropertyVocabularyShape
	Focus Node: ex:Measurement_sodium_2951_2
	Value Node: Literal("140.59", datatype=xsd:float)
	Result Path: <https://w3id.org/shexmap/resource/ontology-schema/d285f599-dc2e-4bd0-83f1-df21defa8821/hasQuantityValue>
	Message: Only the 24 properties declared in the CHR schema (plus rdf:type and rdfs:label) may be used on an individual.
Constraint Violation in ClosedConstraintComponent (http://www.w3.org/ns/shacl#ClosedConstraintComponent):
	Severity: sh:Violation
	Source Shape: chr:SchemaPropertyVocabularyShape
	Focus Node: ex:Measurement_sodium_2951_2
	Value Node: Literal("2025-08-06T16:47:23+02:00" = 2025-08-06 16:47:23+02:00, datatype=xsd:dateTime)
	Result Path: <https://w3id.org/shexmap/resource/ontology-schema/d285f599-dc2e-4bd0-83f1-df21defa8821/hasMeasuredDate>
	Message: Only the 24 properties declared in the CHR schema (plus rdf:type and rdfs:label) may be used on an individual.
Constraint Violation in ClosedConstraintComponent (http://www.w3.org/ns/shacl#ClosedConstraintComponent):
	Severity: sh:Violation
	Source Shape: chr:SchemaPropertyVocabularyShape
	Focus Node: ex:Measurement_sodium_2951_2
	Value Node: ex:Unit_mmolperL
	Result Path: <https://w3id.org/shexmap/resource/ontology-schema/d285f599-dc2e-4bd0-83f1-df21defa8821/hasUnit>
	Message: Only the 24 properties declared in the CHR schema (plus rdf:type and rdfs:label) may be used on an individual.
Constraint Violation in ClosedConstraintComponent (http://www.w3.org/ns/shacl#ClosedConstraintComponent):
	Severity: sh:Violation
	Source Shape: chr:SchemaPropertyVocabularyShape
	Focus Node: ex:Measurement_spec_gravity_5811_5
	Value Node: <https://loinc.org/5811-5>
	Result Path: <https://w3id.org/shexmap/resource/ontology-schema/d285f599-dc2e-4bd0-83f1-df21defa8821/hasCode>
	Message: Only the 24 properties declared in the CHR schema (plus rdf:type and rdfs:label) may be used on an individual.
Constraint Violation in ClosedConstraintComponent (http://www.w3.org/ns/shacl#ClosedConstraintComponent):
	Severity: sh:Violation
	Source Shape: chr:SchemaPropertyVocabularyShape
	Focus Node: ex:Measurement_spec_gravity_5811_5
	Value Node: Literal("1.0226", datatype=xsd:float)
	Result Path: <https://w3id.org/shexmap/resource/ontology-schema/d285f599-dc2e-4bd0-83f1-df21defa8821/hasQuantityValue>
	Message: Only the 24 properties declared in the CHR schema (plus rdf:type and rdfs:label) may be used on an individual.
Constraint Violation in ClosedConstraintComponent (http://www.w3.org/ns/shacl#ClosedConstraintComponent):
	Severity: sh:Violation
	Source Shape: chr:SchemaPropertyVocabularyShape
	Focus Node: ex:Measurement_spec_gravity_5811_5
	Value Node: Literal("2025-08-06T16:47:23+02:00" = 2025-08-06 16:47:23+02:00, datatype=xsd:dateTime)
	Result Path: <https://w3id.org/shexmap/resource/ontology-schema/d285f599-dc2e-4bd0-83f1-df21defa8821/hasMeasuredDate>
	Message: Only the 24 properties declared in the CHR schema (plus rdf:type and rdfs:label) may be used on an individual.
Constraint Violation in ClosedConstraintComponent (http://www.w3.org/ns/shacl#ClosedConstraintComponent):
	Severity: sh:Violation
	Source Shape: chr:SchemaPropertyVocabularyShape
	Focus Node: ex:Measurement_spec_gravity_5811_5
	Value Node: ex:Unit_nominal
	Result Path: <https://w3id.org/shexmap/resource/ontology-schema/d285f599-dc2e-4bd0-83f1-df21defa8821/hasUnit>
	Message: Only the 24 properties declared in the CHR schema (plus rdf:type and rdfs:label) may be used on an individual.
Constraint Violation in ClosedConstraintComponent (http://www.w3.org/ns/shacl#ClosedConstraintComponent):
	Severity: sh:Violation
	Source Shape: chr:SchemaPropertyVocabularyShape
	Focus Node: ex:Measurement_triglyceride_2571_8
	Value Node: <https://loinc.org/2571-8>
	Result Path: <https://w3id.org/shexmap/resource/ontology-schema/d285f599-dc2e-4bd0-83f1-df21defa8821/hasCode>
	Message: Only the 24 properties declared in the CHR schema (plus rdf:type and rdfs:label) may be used on an individual.
Constraint Violation in ClosedConstraintComponent (http://www.w3.org/ns/shacl#ClosedConstraintComponent):
	Severity: sh:Violation
	Source Shape: chr:SchemaPropertyVocabularyShape
	Focus Node: ex:Measurement_triglyceride_2571_8
	Value Node: Literal("2025-08-06T16:47:23+02:00" = 2025-08-06 16:47:23+02:00, datatype=xsd:dateTime)
	Result Path: <https://w3id.org/shexmap/resource/ontology-schema/d285f599-dc2e-4bd0-83f1-df21defa8821/hasMeasuredDate>
	Message: Only the 24 properties declared in the CHR schema (plus rdf:type and rdfs:label) may be used on an individual.
Constraint Violation in ClosedConstraintComponent (http://www.w3.org/ns/shacl#ClosedConstraintComponent):
	Severity: sh:Violation
	Source Shape: chr:SchemaPropertyVocabularyShape
	Focus Node: ex:Measurement_triglyceride_2571_8
	Value Node: Literal("353.69", datatype=xsd:float)
	Result Path: <https://w3id.org/shexmap/resource/ontology-schema/d285f599-dc2e-4bd0-83f1-df21defa8821/hasQuantityValue>
	Message: Only the 24 properties declared in the CHR schema (plus rdf:type and rdfs:label) may be used on an individual.
Constraint Violation in ClosedConstraintComponent (http://www.w3.org/ns/shacl#ClosedConstraintComponent):
	Severity: sh:Violation
	Source Shape: chr:SchemaPropertyVocabularyShape
	Focus Node: ex:Measurement_triglyceride_2571_8
	Value Node: ex:Unit_mgperdL
	Result Path: <https://w3id.org/shexmap/resource/ontology-schema/d285f599-dc2e-4bd0-83f1-df21defa8821/hasUnit>
	Message: Only the 24 properties declared in the CHR schema (plus rdf:type and rdfs:label) may be used on an individual.
Constraint Violation in ClosedConstraintComponent (http://www.w3.org/ns/shacl#ClosedConstraintComponent):
	Severity: sh:Violation
	Source Shape: chr:SchemaPropertyVocabularyShape
	Focus Node: ex:Measurement_urea_3094_0
	Value Node: <https://loinc.org/3094-0>
	Result Path: <https://w3id.org/shexmap/resource/ontology-schema/d285f599-dc2e-4bd0-83f1-df21defa8821/hasCode>
	Message: Only the 24 properties declared in the CHR schema (plus rdf:type and rdfs:label) may be used on an individual.
Constraint Violation in ClosedConstraintComponent (http://www.w3.org/ns/shacl#ClosedConstraintComponent):
	Severity: sh:Violation
	Source Shape: chr:SchemaPropertyVocabularyShape
	Focus Node: ex:Measurement_urea_3094_0
	Value Node: Literal("16.77", datatype=xsd:float)
	Result Path: <https://w3id.org/shexmap/resource/ontology-schema/d285f599-dc2e-4bd0-83f1-df21defa8821/hasQuantityValue>
	Message: Only the 24 properties declared in the CHR schema (plus rdf:type and rdfs:label) may be used on an individual.
Constraint Violation in ClosedConstraintComponent (http://www.w3.org/ns/shacl#ClosedConstraintComponent):
	Severity: sh:Violation
	Source Shape: chr:SchemaPropertyVocabularyShape
	Focus Node: ex:Measurement_urea_3094_0
	Value Node: Literal("2025-08-06T16:47:23+02:00" = 2025-08-06 16:47:23+02:00, datatype=xsd:dateTime)
	Result Path: <https://w3id.org/shexmap/resource/ontology-schema/d285f599-dc2e-4bd0-83f1-df21defa8821/hasMeasuredDate>
	Message: Only the 24 properties declared in the CHR schema (plus rdf:type and rdfs:label) may be used on an individual.
Constraint Violation in ClosedConstraintComponent (http://www.w3.org/ns/shacl#ClosedConstraintComponent):
	Severity: sh:Violation
	Source Shape: chr:SchemaPropertyVocabularyShape
	Focus Node: ex:Measurement_urea_3094_0
	Value Node: ex:Unit_mgperdL
	Result Path: <https://w3id.org/shexmap/resource/ontology-schema/d285f599-dc2e-4bd0-83f1-df21defa8821/hasUnit>
	Message: Only the 24 properties declared in the CHR schema (plus rdf:type and rdfs:label) may be used on an individual.
Constraint Violation in ClosedConstraintComponent (http://www.w3.org/ns/shacl#ClosedConstraintComponent):
	Severity: sh:Violation
	Source Shape: chr:SchemaPropertyVocabularyShape
	Focus Node: ex:Measurement_urea_6299_2
	Value Node: <https://loinc.org/6299-2>
	Result Path: <https://w3id.org/shexmap/resource/ontology-schema/d285f599-dc2e-4bd0-83f1-df21defa8821/hasCode>
	Message: Only the 24 properties declared in the CHR schema (plus rdf:type and rdfs:label) may be used on an individual.
Constraint Violation in ClosedConstraintComponent (http://www.w3.org/ns/shacl#ClosedConstraintComponent):
	Severity: sh:Violation
	Source Shape: chr:SchemaPropertyVocabularyShape
	Focus Node: ex:Measurement_urea_6299_2
	Value Node: Literal("16.77", datatype=xsd:float)
	Result Path: <https://w3id.org/shexmap/resource/ontology-schema/d285f599-dc2e-4bd0-83f1-df21defa8821/hasQuantityValue>
	Message: Only the 24 properties declared in the CHR schema (plus rdf:type and rdfs:label) may be used on an individual.
Constraint Violation in ClosedConstraintComponent (http://www.w3.org/ns/shacl#ClosedConstraintComponent):
	Severity: sh:Violation
	Source Shape: chr:SchemaPropertyVocabularyShape
	Focus Node: ex:Measurement_urea_6299_2
	Value Node: Literal("2025-08-06T16:47:23+02:00" = 2025-08-06 16:47:23+02:00, datatype=xsd:dateTime)
	Result Path: <https://w3id.org/shexmap/resource/ontology-schema/d285f599-dc2e-4bd0-83f1-df21defa8821/hasMeasuredDate>
	Message: Only the 24 properties declared in the CHR schema (plus rdf:type and rdfs:label) may be used on an individual.
Constraint Violation in ClosedConstraintComponent (http://www.w3.org/ns/shacl#ClosedConstraintComponent):
	Severity: sh:Violation
	Source Shape: chr:SchemaPropertyVocabularyShape
	Focus Node: ex:Measurement_urea_6299_2
	Value Node: ex:Unit_mgperdL
	Result Path: <https://w3id.org/shexmap/resource/ontology-schema/d285f599-dc2e-4bd0-83f1-df21defa8821/hasUnit>
	Message: Only the 24 properties declared in the CHR schema (plus rdf:type and rdfs:label) may be used on an individual.
Constraint Violation in ClosedConstraintComponent (http://www.w3.org/ns/shacl#ClosedConstraintComponent):
	Severity: sh:Violation
	Source Shape: chr:SchemaPropertyVocabularyShape
	Focus Node: ex:Measurement_weight_29463_7
	Value Node: <https://loinc.org/29463-7>
	Result Path: <https://w3id.org/shexmap/resource/ontology-schema/d285f599-dc2e-4bd0-83f1-df21defa8821/hasCode>
	Message: Only the 24 properties declared in the CHR schema (plus rdf:type and rdfs:label) may be used on an individual.
Constraint Violation in ClosedConstraintComponent (http://www.w3.org/ns/shacl#ClosedConstraintComponent):
	Severity: sh:Violation
	Source Shape: chr:SchemaPropertyVocabularyShape
	Focus Node: ex:Measurement_weight_29463_7
	Value Node: Literal("2025-08-06T16:47:23+02:00" = 2025-08-06 16:47:23+02:00, datatype=xsd:dateTime)
	Result Path: <https://w3id.org/shexmap/resource/ontology-schema/d285f599-dc2e-4bd0-83f1-df21defa8821/hasMeasuredDate>
	Message: Only the 24 properties declared in the CHR schema (plus rdf:type and rdfs:label) may be used on an individual.
Constraint Violation in ClosedConstraintComponent (http://www.w3.org/ns/shacl#ClosedConstraintComponent):
	Severity: sh:Violation
	Source Shape: chr:SchemaPropertyVocabularyShape
	Focus Node: ex:Measurement_weight_29463_7
	Value Node: Literal("86.0", datatype=xsd:float)
	Result Path: <https://w3id.org/shexmap/resource/ontology-schema/d285f599-dc2e-4bd0-83f1-df21defa8821/hasQuantityValue>
	Message: Only the 24 properties declared in the CHR schema (plus rdf:type and rdfs:label) may be used on an individual.
Constraint Violation in ClosedConstraintComponent (http://www.w3.org/ns/shacl#ClosedConstraintComponent):
	Severity: sh:Violation
	Source Shape: chr:SchemaPropertyVocabularyShape
	Focus Node: ex:Measurement_weight_29463_7
	Value Node: ex:Unit_kg
	Result Path: <https://w3id.org/shexmap/resource/ontology-schema/d285f599-dc2e-4bd0-83f1-df21defa8821/hasUnit>
	Message: Only the 24 properties declared in the CHR schema (plus rdf:type and rdfs:label) may be used on an individual.
Constraint Violation in ClosedConstraintComponent (http://www.w3.org/ns/shacl#ClosedConstraintComponent):
	Severity: sh:Violation
	Source Shape: chr:SchemaPropertyVocabularyShape
	Focus Node: ex:Medication_review_due_314529007
	Value Node: <http://snomed.info/id/314529007>
	Result Path: <https://w3id.org/shexmap/resource/ontology-schema/d285f599-dc2e-4bd0-83f1-df21defa8821/hasCode>
	Message: Only the 24 properties declared in the CHR schema (plus rdf:type and rdfs:label) may be used on an individual.
Constraint Violation in ClosedConstraintComponent (http://www.w3.org/ns/shacl#ClosedConstraintComponent):
	Severity: sh:Violation
	Source Shape: chr:SchemaPropertyVocabularyShape
	Focus Node: ex:Medication_review_due_314529007
	Value Node: Literal("2025-08-06T16:47:23+02:00" = 2025-08-06 16:47:23+02:00, datatype=xsd:dateTime)
	Result Path: <https://w3id.org/shexmap/resource/ontology-schema/d285f599-dc2e-4bd0-83f1-df21defa8821/hasRecordDate>
	Message: Only the 24 properties declared in the CHR schema (plus rdf:type and rdfs:label) may be used on an individual.
Constraint Violation in ClosedConstraintComponent (http://www.w3.org/ns/shacl#ClosedConstraintComponent):
	Severity: sh:Violation
	Source Shape: chr:SchemaPropertyVocabularyShape
	Focus Node: ex:Pain_severity_0-10_verbal_numeric_rating_Score
	Value Node: <https://loinc.org/72514-3>
	Result Path: <https://w3id.org/shexmap/resource/ontology-schema/d285f599-dc2e-4bd0-83f1-df21defa8821/hasCode>
	Message: Only the 24 properties declared in the CHR schema (plus rdf:type and rdfs:label) may be used on an individual.
Constraint Violation in ClosedConstraintComponent (http://www.w3.org/ns/shacl#ClosedConstraintComponent):
	Severity: sh:Violation
	Source Shape: chr:SchemaPropertyVocabularyShape
	Focus Node: ex:proc_bilirubin_20505_4
	Value Node: Literal("2025-08-06T16:47:23+02:00" = 2025-08-06 16:47:23+02:00, datatype=xsd:dateTime)
	Result Path: <https://w3id.org/shexmap/resource/ontology-schema/d285f599-dc2e-4bd0-83f1-df21defa8821/hasPerformedDate>
	Message: Only the 24 properties declared in the CHR schema (plus rdf:type and rdfs:label) may be used on an individual.
Constraint Violation in ClosedConstraintComponent (http://www.w3.org/ns/shacl#ClosedConstraintComponent):
	Severity: sh:Violation
	Source Shape: chr:SchemaPropertyVocabularyShape
	Focus Node: ex:proc_bilirubin_20505_4
	Value Node: ex:Arlen68_Olson653
	Result Path: <https://w3id.org/shexmap/resource/ontology-schema/d285f599-dc2e-4bd0-83f1-df21defa8821/hasPatient>
	Message: Only the 24 properties declared in the CHR schema (plus rdf:type and rdfs:label) may be used on an individual.
Constraint Violation in ClosedConstraintComponent (http://www.w3.org/ns/shacl#ClosedConstraintComponent):
	Severity: sh:Violation
	Source Shape: chr:SchemaPropertyVocabularyShape
	Focus Node: ex:proc_bilirubin_20505_4
	Value Node: ex:Dr_Christeen33_Toy286
	Result Path: <https://w3id.org/shexmap/resource/ontology-schema/d285f599-dc2e-4bd0-83f1-df21defa8821/hasPerformer>
	Message: Only the 24 properties declared in the CHR schema (plus rdf:type and rdfs:label) may be used on an individual.
Constraint Violation in ClosedConstraintComponent (http://www.w3.org/ns/shacl#ClosedConstraintComponent):
	Severity: sh:Violation
	Source Shape: chr:SchemaPropertyVocabularyShape
	Focus Node: ex:proc_bilirubin_20505_4
	Value Node: ex:Measurement_bilirubin_20505_4
	Result Path: <https://w3id.org/shexmap/resource/ontology-schema/d285f599-dc2e-4bd0-83f1-df21defa8821/hasResult>
	Message: Only the 24 properties declared in the CHR schema (plus rdf:type and rdfs:label) may be used on an individual.
Constraint Violation in ClosedConstraintComponent (http://www.w3.org/ns/shacl#ClosedConstraintComponent):
	Severity: sh:Violation
	Source Shape: chr:SchemaPropertyVocabularyShape
	Focus Node: ex:proc_bilirubin_20505_4
	Value Node: ex:status_completed
	Result Path: <https://w3id.org/shexmap/resource/ontology-schema/d285f599-dc2e-4bd0-83f1-df21defa8821/hasStatus>
	Message: Only the 24 properties declared in the CHR schema (plus rdf:type and rdfs:label) may be used on an individual.
Constraint Violation in ClosedConstraintComponent (http://www.w3.org/ns/shacl#ClosedConstraintComponent):
	Severity: sh:Violation
	Source Shape: chr:SchemaPropertyVocabularyShape
	Focus Node: ex:proc_bmi_39156_5
	Value Node: Literal("2025-08-06T16:47:23+02:00" = 2025-08-06 16:47:23+02:00, datatype=xsd:dateTime)
	Result Path: <https://w3id.org/shexmap/resource/ontology-schema/d285f599-dc2e-4bd0-83f1-df21defa8821/hasPerformedDate>
	Message: Only the 24 properties declared in the CHR schema (plus rdf:type and rdfs:label) may be used on an individual.
Constraint Violation in ClosedConstraintComponent (http://www.w3.org/ns/shacl#ClosedConstraintComponent):
	Severity: sh:Violation
	Source Shape: chr:SchemaPropertyVocabularyShape
	Focus Node: ex:proc_bmi_39156_5
	Value Node: ex:Arlen68_Olson653
	Result Path: <https://w3id.org/shexmap/resource/ontology-schema/d285f599-dc2e-4bd0-83f1-df21defa8821/hasPatient>
	Message: Only the 24 properties declared in the CHR schema (plus rdf:type and rdfs:label) may be used on an individual.
Constraint Violation in ClosedConstraintComponent (http://www.w3.org/ns/shacl#ClosedConstraintComponent):
	Severity: sh:Violation
	Source Shape: chr:SchemaPropertyVocabularyShape
	Focus Node: ex:proc_bmi_39156_5
	Value Node: ex:Dr_Christeen33_Toy286
	Result Path: <https://w3id.org/shexmap/resource/ontology-schema/d285f599-dc2e-4bd0-83f1-df21defa8821/hasPerformer>
	Message: Only the 24 properties declared in the CHR schema (plus rdf:type and rdfs:label) may be used on an individual.
Constraint Violation in ClosedConstraintComponent (http://www.w3.org/ns/shacl#ClosedConstraintComponent):
	Severity: sh:Violation
	Source Shape: chr:SchemaPropertyVocabularyShape
	Focus Node: ex:proc_bmi_39156_5
	Value Node: ex:Measurement_bmi_39156_5
	Result Path: <https://w3id.org/shexmap/resource/ontology-schema/d285f599-dc2e-4bd0-83f1-df21defa8821/hasResult>
	Message: Only the 24 properties declared in the CHR schema (plus rdf:type and rdfs:label) may be used on an individual.
Constraint Violation in ClosedConstraintComponent (http://www.w3.org/ns/shacl#ClosedConstraintComponent):
	Severity: sh:Violation
	Source Shape: chr:SchemaPropertyVocabularyShape
	Focus Node: ex:proc_bmi_39156_5
	Value Node: ex:status_completed
	Result Path: <https://w3id.org/shexmap/resource/ontology-schema/d285f599-dc2e-4bd0-83f1-df21defa8821/hasStatus>
	Message: Only the 24 properties declared in the CHR schema (plus rdf:type and rdfs:label) may be used on an individual.
Constraint Violation in ClosedConstraintComponent (http://www.w3.org/ns/shacl#ClosedConstraintComponent):
	Severity: sh:Violation
	Source Shape: chr:SchemaPropertyVocabularyShape
	Focus Node: ex:proc_calcium_17861_6
	Value Node: Literal("2025-08-06T16:47:23+02:00" = 2025-08-06 16:47:23+02:00, datatype=xsd:dateTime)
	Result Path: <https://w3id.org/shexmap/resource/ontology-schema/d285f599-dc2e-4bd0-83f1-df21defa8821/hasPerformedDate>
	Message: Only the 24 properties declared in the CHR schema (plus rdf:type and rdfs:label) may be used on an individual.
Constraint Violation in ClosedConstraintComponent (http://www.w3.org/ns/shacl#ClosedConstraintComponent):
	Severity: sh:Violation
	Source Shape: chr:SchemaPropertyVocabularyShape
	Focus Node: ex:proc_calcium_17861_6
	Value Node: ex:Arlen68_Olson653
	Result Path: <https://w3id.org/shexmap/resource/ontology-schema/d285f599-dc2e-4bd0-83f1-df21defa8821/hasPatient>
	Message: Only the 24 properties declared in the CHR schema (plus rdf:type and rdfs:label) may be used on an individual.
Constraint Violation in ClosedConstraintComponent (http://www.w3.org/ns/shacl#ClosedConstraintComponent):
	Severity: sh:Violation
	Source Shape: chr:SchemaPropertyVocabularyShape
	Focus Node: ex:proc_calcium_17861_6
	Value Node: ex:Dr_Christeen33_Toy286
	Result Path: <https://w3id.org/shexmap/resource/ontology-schema/d285f599-dc2e-4bd0-83f1-df21defa8821/hasPerformer>
	Message: Only the 24 properties declared in the CHR schema (plus rdf:type and rdfs:label) may be used on an individual.
Constraint Violation in ClosedConstraintComponent (http://www.w3.org/ns/shacl#ClosedConstraintComponent):
	Severity: sh:Violation
	Source Shape: chr:SchemaPropertyVocabularyShape
	Focus Node: ex:proc_calcium_17861_6
	Value Node: ex:Measurement_calcium_17861_6
	Result Path: <https://w3id.org/shexmap/resource/ontology-schema/d285f599-dc2e-4bd0-83f1-df21defa8821/hasResult>
	Message: Only the 24 properties declared in the CHR schema (plus rdf:type and rdfs:label) may be used on an individual.
Constraint Violation in ClosedConstraintComponent (http://www.w3.org/ns/shacl#ClosedConstraintComponent):
	Severity: sh:Violation
	Source Shape: chr:SchemaPropertyVocabularyShape
	Focus Node: ex:proc_calcium_17861_6
	Value Node: ex:status_completed
	Result Path: <https://w3id.org/shexmap/resource/ontology-schema/d285f599-dc2e-4bd0-83f1-df21defa8821/hasStatus>
	Message: Only the 24 properties declared in the CHR schema (plus rdf:type and rdfs:label) may be used on an individual.
Constraint Violation in ClosedConstraintComponent (http://www.w3.org/ns/shacl#ClosedConstraintComponent):
	Severity: sh:Violation
	Source Shape: chr:SchemaPropertyVocabularyShape
	Focus Node: ex:proc_calcium_49765_1
	Value Node: Literal("2025-08-06T16:47:23+02:00" = 2025-08-06 16:47:23+02:00, datatype=xsd:dateTime)
	Result Path: <https://w3id.org/shexmap/resource/ontology-schema/d285f599-dc2e-4bd0-83f1-df21defa8821/hasPerformedDate>
	Message: Only the 24 properties declared in the CHR schema (plus rdf:type and rdfs:label) may be used on an individual.
Constraint Violation in ClosedConstraintComponent (http://www.w3.org/ns/shacl#ClosedConstraintComponent):
	Severity: sh:Violation
	Source Shape: chr:SchemaPropertyVocabularyShape
	Focus Node: ex:proc_calcium_49765_1
	Value Node: ex:Arlen68_Olson653
	Result Path: <https://w3id.org/shexmap/resource/ontology-schema/d285f599-dc2e-4bd0-83f1-df21defa8821/hasPatient>
	Message: Only the 24 properties declared in the CHR schema (plus rdf:type and rdfs:label) may be used on an individual.
Constraint Violation in ClosedConstraintComponent (http://www.w3.org/ns/shacl#ClosedConstraintComponent):
	Severity: sh:Violation
	Source Shape: chr:SchemaPropertyVocabularyShape
	Focus Node: ex:proc_calcium_49765_1
	Value Node: ex:Dr_Christeen33_Toy286
	Result Path: <https://w3id.org/shexmap/resource/ontology-schema/d285f599-dc2e-4bd0-83f1-df21defa8821/hasPerformer>
	Message: Only the 24 properties declared in the CHR schema (plus rdf:type and rdfs:label) may be used on an individual.
Constraint Violation in ClosedConstraintComponent (http://www.w3.org/ns/shacl#ClosedConstraintComponent):
	Severity: sh:Violation
	Source Shape: chr:SchemaPropertyVocabularyShape
	Focus Node: ex:proc_calcium_49765_1
	Value Node: ex:Measurement_calcium_49765_1
	Result Path: <https://w3id.org/shexmap/resource/ontology-schema/d285f599-dc2e-4bd0-83f1-df21defa8821/hasResult>
	Message: Only the 24 properties declared in the CHR schema (plus rdf:type and rdfs:label) may be used on an individual.
Constraint Violation in ClosedConstraintComponent (http://www.w3.org/ns/shacl#ClosedConstraintComponent):
	Severity: sh:Violation
	Source Shape: chr:SchemaPropertyVocabularyShape
	Focus Node: ex:proc_calcium_49765_1
	Value Node: ex:status_completed
	Result Path: <https://w3id.org/shexmap/resource/ontology-schema/d285f599-dc2e-4bd0-83f1-df21defa8821/hasStatus>
	Message: Only the 24 properties declared in the CHR schema (plus rdf:type and rdfs:label) may be used on an individual.
Constraint Violation in ClosedConstraintComponent (http://www.w3.org/ns/shacl#ClosedConstraintComponent):
	Severity: sh:Violation
	Source Shape: chr:SchemaPropertyVocabularyShape
	Focus Node: ex:proc_chloride_2069_3
	Value Node: Literal("2025-08-06T16:47:23+02:00" = 2025-08-06 16:47:23+02:00, datatype=xsd:dateTime)
	Result Path: <https://w3id.org/shexmap/resource/ontology-schema/d285f599-dc2e-4bd0-83f1-df21defa8821/hasPerformedDate>
	Message: Only the 24 properties declared in the CHR schema (plus rdf:type and rdfs:label) may be used on an individual.
Constraint Violation in ClosedConstraintComponent (http://www.w3.org/ns/shacl#ClosedConstraintComponent):
	Severity: sh:Violation
	Source Shape: chr:SchemaPropertyVocabularyShape
	Focus Node: ex:proc_chloride_2069_3
	Value Node: ex:Arlen68_Olson653
	Result Path: <https://w3id.org/shexmap/resource/ontology-schema/d285f599-dc2e-4bd0-83f1-df21defa8821/hasPatient>
	Message: Only the 24 properties declared in the CHR schema (plus rdf:type and rdfs:label) may be used on an individual.
Constraint Violation in ClosedConstraintComponent (http://www.w3.org/ns/shacl#ClosedConstraintComponent):
	Severity: sh:Violation
	Source Shape: chr:SchemaPropertyVocabularyShape
	Focus Node: ex:proc_chloride_2069_3
	Value Node: ex:Dr_Christeen33_Toy286
	Result Path: <https://w3id.org/shexmap/resource/ontology-schema/d285f599-dc2e-4bd0-83f1-df21defa8821/hasPerformer>
	Message: Only the 24 properties declared in the CHR schema (plus rdf:type and rdfs:label) may be used on an individual.
Constraint Violation in ClosedConstraintComponent (http://www.w3.org/ns/shacl#ClosedConstraintComponent):
	Severity: sh:Violation
	Source Shape: chr:SchemaPropertyVocabularyShape
	Focus Node: ex:proc_chloride_2069_3
	Value Node: ex:Measurement_chloride_2069_3
	Result Path: <https://w3id.org/shexmap/resource/ontology-schema/d285f599-dc2e-4bd0-83f1-df21defa8821/hasResult>
	Message: Only the 24 properties declared in the CHR schema (plus rdf:type and rdfs:label) may be used on an individual.
Constraint Violation in ClosedConstraintComponent (http://www.w3.org/ns/shacl#ClosedConstraintComponent):
	Severity: sh:Violation
	Source Shape: chr:SchemaPropertyVocabularyShape
	Focus Node: ex:proc_chloride_2069_3
	Value Node: ex:status_completed
	Result Path: <https://w3id.org/shexmap/resource/ontology-schema/d285f599-dc2e-4bd0-83f1-df21defa8821/hasStatus>
	Message: Only the 24 properties declared in the CHR schema (plus rdf:type and rdfs:label) may be used on an individual.
Constraint Violation in ClosedConstraintComponent (http://www.w3.org/ns/shacl#ClosedConstraintComponent):
	Severity: sh:Violation
	Source Shape: chr:SchemaPropertyVocabularyShape
	Focus Node: ex:proc_chloride_2075_0
	Value Node: Literal("2025-08-06T16:47:23+02:00" = 2025-08-06 16:47:23+02:00, datatype=xsd:dateTime)
	Result Path: <https://w3id.org/shexmap/resource/ontology-schema/d285f599-dc2e-4bd0-83f1-df21defa8821/hasPerformedDate>
	Message: Only the 24 properties declared in the CHR schema (plus rdf:type and rdfs:label) may be used on an individual.
Constraint Violation in ClosedConstraintComponent (http://www.w3.org/ns/shacl#ClosedConstraintComponent):
	Severity: sh:Violation
	Source Shape: chr:SchemaPropertyVocabularyShape
	Focus Node: ex:proc_chloride_2075_0
	Value Node: ex:Arlen68_Olson653
	Result Path: <https://w3id.org/shexmap/resource/ontology-schema/d285f599-dc2e-4bd0-83f1-df21defa8821/hasPatient>
	Message: Only the 24 properties declared in the CHR schema (plus rdf:type and rdfs:label) may be used on an individual.
Constraint Violation in ClosedConstraintComponent (http://www.w3.org/ns/shacl#ClosedConstraintComponent):
	Severity: sh:Violation
	Source Shape: chr:SchemaPropertyVocabularyShape
	Focus Node: ex:proc_chloride_2075_0
	Value Node: ex:Dr_Christeen33_Toy286
	Result Path: <https://w3id.org/shexmap/resource/ontology-schema/d285f599-dc2e-4bd0-83f1-df21defa8821/hasPerformer>
	Message: Only the 24 properties declared in the CHR schema (plus rdf:type and rdfs:label) may be used on an individual.
Constraint Violation in ClosedConstraintComponent (http://www.w3.org/ns/shacl#ClosedConstraintComponent):
	Severity: sh:Violation
	Source Shape: chr:SchemaPropertyVocabularyShape
	Focus Node: ex:proc_chloride_2075_0
	Value Node: ex:Measurement_chloride_2075_0
	Result Path: <https://w3id.org/shexmap/resource/ontology-schema/d285f599-dc2e-4bd0-83f1-df21defa8821/hasResult>
	Message: Only the 24 properties declared in the CHR schema (plus rdf:type and rdfs:label) may be used on an individual.
Constraint Violation in ClosedConstraintComponent (http://www.w3.org/ns/shacl#ClosedConstraintComponent):
	Severity: sh:Violation
	Source Shape: chr:SchemaPropertyVocabularyShape
	Focus Node: ex:proc_chloride_2075_0
	Value Node: ex:status_completed
	Result Path: <https://w3id.org/shexmap/resource/ontology-schema/d285f599-dc2e-4bd0-83f1-df21defa8821/hasStatus>
	Message: Only the 24 properties declared in the CHR schema (plus rdf:type and rdfs:label) may be used on an individual.
Constraint Violation in ClosedConstraintComponent (http://www.w3.org/ns/shacl#ClosedConstraintComponent):
	Severity: sh:Violation
	Source Shape: chr:SchemaPropertyVocabularyShape
	Focus Node: ex:proc_cholesterol_2093_3
	Value Node: Literal("2025-08-06T16:47:23+02:00" = 2025-08-06 16:47:23+02:00, datatype=xsd:dateTime)
	Result Path: <https://w3id.org/shexmap/resource/ontology-schema/d285f599-dc2e-4bd0-83f1-df21defa8821/hasPerformedDate>
	Message: Only the 24 properties declared in the CHR schema (plus rdf:type and rdfs:label) may be used on an individual.
Constraint Violation in ClosedConstraintComponent (http://www.w3.org/ns/shacl#ClosedConstraintComponent):
	Severity: sh:Violation
	Source Shape: chr:SchemaPropertyVocabularyShape
	Focus Node: ex:proc_cholesterol_2093_3
	Value Node: ex:Arlen68_Olson653
	Result Path: <https://w3id.org/shexmap/resource/ontology-schema/d285f599-dc2e-4bd0-83f1-df21defa8821/hasPatient>
	Message: Only the 24 properties declared in the CHR schema (plus rdf:type and rdfs:label) may be used on an individual.
Constraint Violation in ClosedConstraintComponent (http://www.w3.org/ns/shacl#ClosedConstraintComponent):
	Severity: sh:Violation
	Source Shape: chr:SchemaPropertyVocabularyShape
	Focus Node: ex:proc_cholesterol_2093_3
	Value Node: ex:Dr_Christeen33_Toy286
	Result Path: <https://w3id.org/shexmap/resource/ontology-schema/d285f599-dc2e-4bd0-83f1-df21defa8821/hasPerformer>
	Message: Only the 24 properties declared in the CHR schema (plus rdf:type and rdfs:label) may be used on an individual.
Constraint Violation in ClosedConstraintComponent (http://www.w3.org/ns/shacl#ClosedConstraintComponent):
	Severity: sh:Violation
	Source Shape: chr:SchemaPropertyVocabularyShape
	Focus Node: ex:proc_cholesterol_2093_3
	Value Node: ex:Measurement_cholesterol_2093_3
	Result Path: <https://w3id.org/shexmap/resource/ontology-schema/d285f599-dc2e-4bd0-83f1-df21defa8821/hasResult>
	Message: Only the 24 properties declared in the CHR schema (plus rdf:type and rdfs:label) may be used on an individual.
Constraint Violation in ClosedConstraintComponent (http://www.w3.org/ns/shacl#ClosedConstraintComponent):
	Severity: sh:Violation
	Source Shape: chr:SchemaPropertyVocabularyShape
	Focus Node: ex:proc_cholesterol_2093_3
	Value Node: ex:status_completed
	Result Path: <https://w3id.org/shexmap/resource/ontology-schema/d285f599-dc2e-4bd0-83f1-df21defa8821/hasStatus>
	Message: Only the 24 properties declared in the CHR schema (plus rdf:type and rdfs:label) may be used on an individual.
Constraint Violation in ClosedConstraintComponent (http://www.w3.org/ns/shacl#ClosedConstraintComponent):
	Severity: sh:Violation
	Source Shape: chr:SchemaPropertyVocabularyShape
	Focus Node: ex:proc_cholesterol_hdl_2085_9
	Value Node: Literal("2025-08-06T16:47:23+02:00" = 2025-08-06 16:47:23+02:00, datatype=xsd:dateTime)
	Result Path: <https://w3id.org/shexmap/resource/ontology-schema/d285f599-dc2e-4bd0-83f1-df21defa8821/hasPerformedDate>
	Message: Only the 24 properties declared in the CHR schema (plus rdf:type and rdfs:label) may be used on an individual.
Constraint Violation in ClosedConstraintComponent (http://www.w3.org/ns/shacl#ClosedConstraintComponent):
	Severity: sh:Violation
	Source Shape: chr:SchemaPropertyVocabularyShape
	Focus Node: ex:proc_cholesterol_hdl_2085_9
	Value Node: ex:Arlen68_Olson653
	Result Path: <https://w3id.org/shexmap/resource/ontology-schema/d285f599-dc2e-4bd0-83f1-df21defa8821/hasPatient>
	Message: Only the 24 properties declared in the CHR schema (plus rdf:type and rdfs:label) may be used on an individual.
Constraint Violation in ClosedConstraintComponent (http://www.w3.org/ns/shacl#ClosedConstraintComponent):
	Severity: sh:Violation
	Source Shape: chr:SchemaPropertyVocabularyShape
	Focus Node: ex:proc_cholesterol_hdl_2085_9
	Value Node: ex:Dr_Christeen33_Toy286
	Result Path: <https://w3id.org/shexmap/resource/ontology-schema/d285f599-dc2e-4bd0-83f1-df21defa8821/hasPerformer>
	Message: Only the 24 properties declared in the CHR schema (plus rdf:type and rdfs:label) may be used on an individual.
Constraint Violation in ClosedConstraintComponent (http://www.w3.org/ns/shacl#ClosedConstraintComponent):
	Severity: sh:Violation
	Source Shape: chr:SchemaPropertyVocabularyShape
	Focus Node: ex:proc_cholesterol_hdl_2085_9
	Value Node: ex:Measurement_cholesterol_hdl_2085_9
	Result Path: <https://w3id.org/shexmap/resource/ontology-schema/d285f599-dc2e-4bd0-83f1-df21defa8821/hasResult>
	Message: Only the 24 properties declared in the CHR schema (plus rdf:type and rdfs:label) may be used on an individual.
Constraint Violation in ClosedConstraintComponent (http://www.w3.org/ns/shacl#ClosedConstraintComponent):
	Severity: sh:Violation
	Source Shape: chr:SchemaPropertyVocabularyShape
	Focus Node: ex:proc_cholesterol_hdl_2085_9
	Value Node: ex:status_completed
	Result Path: <https://w3id.org/shexmap/resource/ontology-schema/d285f599-dc2e-4bd0-83f1-df21defa8821/hasStatus>
	Message: Only the 24 properties declared in the CHR schema (plus rdf:type and rdfs:label) may be used on an individual.
Constraint Violation in ClosedConstraintComponent (http://www.w3.org/ns/shacl#ClosedConstraintComponent):
	Severity: sh:Violation
	Source Shape: chr:SchemaPropertyVocabularyShape
	Focus Node: ex:proc_cholesterol_ldl_18262_6
	Value Node: Literal("2025-08-06T16:47:23+02:00" = 2025-08-06 16:47:23+02:00, datatype=xsd:dateTime)
	Result Path: <https://w3id.org/shexmap/resource/ontology-schema/d285f599-dc2e-4bd0-83f1-df21defa8821/hasPerformedDate>
	Message: Only the 24 properties declared in the CHR schema (plus rdf:type and rdfs:label) may be used on an individual.
Constraint Violation in ClosedConstraintComponent (http://www.w3.org/ns/shacl#ClosedConstraintComponent):
	Severity: sh:Violation
	Source Shape: chr:SchemaPropertyVocabularyShape
	Focus Node: ex:proc_cholesterol_ldl_18262_6
	Value Node: ex:Arlen68_Olson653
	Result Path: <https://w3id.org/shexmap/resource/ontology-schema/d285f599-dc2e-4bd0-83f1-df21defa8821/hasPatient>
	Message: Only the 24 properties declared in the CHR schema (plus rdf:type and rdfs:label) may be used on an individual.
Constraint Violation in ClosedConstraintComponent (http://www.w3.org/ns/shacl#ClosedConstraintComponent):
	Severity: sh:Violation
	Source Shape: chr:SchemaPropertyVocabularyShape
	Focus Node: ex:proc_cholesterol_ldl_18262_6
	Value Node: ex:Dr_Christeen33_Toy286
	Result Path: <https://w3id.org/shexmap/resource/ontology-schema/d285f599-dc2e-4bd0-83f1-df21defa8821/hasPerformer>
	Message: Only the 24 properties declared in the CHR schema (plus rdf:type and rdfs:label) may be used on an individual.
Constraint Violation in ClosedConstraintComponent (http://www.w3.org/ns/shacl#ClosedConstraintComponent):
	Severity: sh:Violation
	Source Shape: chr:SchemaPropertyVocabularyShape
	Focus Node: ex:proc_cholesterol_ldl_18262_6
	Value Node: ex:Measurement_cholesterol_ldl_18262_6
	Result Path: <https://w3id.org/shexmap/resource/ontology-schema/d285f599-dc2e-4bd0-83f1-df21defa8821/hasResult>
	Message: Only the 24 properties declared in the CHR schema (plus rdf:type and rdfs:label) may be used on an individual.
Constraint Violation in ClosedConstraintComponent (http://www.w3.org/ns/shacl#ClosedConstraintComponent):
	Severity: sh:Violation
	Source Shape: chr:SchemaPropertyVocabularyShape
	Focus Node: ex:proc_cholesterol_ldl_18262_6
	Value Node: ex:status_completed
	Result Path: <https://w3id.org/shexmap/resource/ontology-schema/d285f599-dc2e-4bd0-83f1-df21defa8821/hasStatus>
	Message: Only the 24 properties declared in the CHR schema (plus rdf:type and rdfs:label) may be used on an individual.
Constraint Violation in ClosedConstraintComponent (http://www.w3.org/ns/shacl#ClosedConstraintComponent):
	Severity: sh:Violation
	Source Shape: chr:SchemaPropertyVocabularyShape
	Focus Node: ex:proc_co2_2028_9
	Value Node: Literal("2025-08-06T16:47:23+02:00" = 2025-08-06 16:47:23+02:00, datatype=xsd:dateTime)
	Result Path: <https://w3id.org/shexmap/resource/ontology-schema/d285f599-dc2e-4bd0-83f1-df21defa8821/hasPerformedDate>
	Message: Only the 24 properties declared in the CHR schema (plus rdf:type and rdfs:label) may be used on an individual.
Constraint Violation in ClosedConstraintComponent (http://www.w3.org/ns/shacl#ClosedConstraintComponent):
	Severity: sh:Violation
	Source Shape: chr:SchemaPropertyVocabularyShape
	Focus Node: ex:proc_co2_2028_9
	Value Node: ex:Arlen68_Olson653
	Result Path: <https://w3id.org/shexmap/resource/ontology-schema/d285f599-dc2e-4bd0-83f1-df21defa8821/hasPatient>
	Message: Only the 24 properties declared in the CHR schema (plus rdf:type and rdfs:label) may be used on an individual.
Constraint Violation in ClosedConstraintComponent (http://www.w3.org/ns/shacl#ClosedConstraintComponent):
	Severity: sh:Violation
	Source Shape: chr:SchemaPropertyVocabularyShape
	Focus Node: ex:proc_co2_2028_9
	Value Node: ex:Dr_Christeen33_Toy286
	Result Path: <https://w3id.org/shexmap/resource/ontology-schema/d285f599-dc2e-4bd0-83f1-df21defa8821/hasPerformer>
	Message: Only the 24 properties declared in the CHR schema (plus rdf:type and rdfs:label) may be used on an individual.
Constraint Violation in ClosedConstraintComponent (http://www.w3.org/ns/shacl#ClosedConstraintComponent):
	Severity: sh:Violation
	Source Shape: chr:SchemaPropertyVocabularyShape
	Focus Node: ex:proc_co2_2028_9
	Value Node: ex:Measurement_co2_2028_9
	Result Path: <https://w3id.org/shexmap/resource/ontology-schema/d285f599-dc2e-4bd0-83f1-df21defa8821/hasResult>
	Message: Only the 24 properties declared in the CHR schema (plus rdf:type and rdfs:label) may be used on an individual.
Constraint Violation in ClosedConstraintComponent (http://www.w3.org/ns/shacl#ClosedConstraintComponent):
	Severity: sh:Violation
	Source Shape: chr:SchemaPropertyVocabularyShape
	Focus Node: ex:proc_co2_2028_9
	Value Node: ex:status_completed
	Result Path: <https://w3id.org/shexmap/resource/ontology-schema/d285f599-dc2e-4bd0-83f1-df21defa8821/hasStatus>
	Message: Only the 24 properties declared in the CHR schema (plus rdf:type and rdfs:label) may be used on an individual.
Constraint Violation in ClosedConstraintComponent (http://www.w3.org/ns/shacl#ClosedConstraintComponent):
	Severity: sh:Violation
	Source Shape: chr:SchemaPropertyVocabularyShape
	Focus Node: ex:proc_co2_20565_8
	Value Node: Literal("2025-08-06T16:47:23+02:00" = 2025-08-06 16:47:23+02:00, datatype=xsd:dateTime)
	Result Path: <https://w3id.org/shexmap/resource/ontology-schema/d285f599-dc2e-4bd0-83f1-df21defa8821/hasPerformedDate>
	Message: Only the 24 properties declared in the CHR schema (plus rdf:type and rdfs:label) may be used on an individual.
Constraint Violation in ClosedConstraintComponent (http://www.w3.org/ns/shacl#ClosedConstraintComponent):
	Severity: sh:Violation
	Source Shape: chr:SchemaPropertyVocabularyShape
	Focus Node: ex:proc_co2_20565_8
	Value Node: ex:Arlen68_Olson653
	Result Path: <https://w3id.org/shexmap/resource/ontology-schema/d285f599-dc2e-4bd0-83f1-df21defa8821/hasPatient>
	Message: Only the 24 properties declared in the CHR schema (plus rdf:type and rdfs:label) may be used on an individual.
Constraint Violation in ClosedConstraintComponent (http://www.w3.org/ns/shacl#ClosedConstraintComponent):
	Severity: sh:Violation
	Source Shape: chr:SchemaPropertyVocabularyShape
	Focus Node: ex:proc_co2_20565_8
	Value Node: ex:Dr_Christeen33_Toy286
	Result Path: <https://w3id.org/shexmap/resource/ontology-schema/d285f599-dc2e-4bd0-83f1-df21defa8821/hasPerformer>
	Message: Only the 24 properties declared in the CHR schema (plus rdf:type and rdfs:label) may be used on an individual.
Constraint Violation in ClosedConstraintComponent (http://www.w3.org/ns/shacl#ClosedConstraintComponent):
	Severity: sh:Violation
	Source Shape: chr:SchemaPropertyVocabularyShape
	Focus Node: ex:proc_co2_20565_8
	Value Node: ex:Measurement_co2_20565_8
	Result Path: <https://w3id.org/shexmap/resource/ontology-schema/d285f599-dc2e-4bd0-83f1-df21defa8821/hasResult>
	Message: Only the 24 properties declared in the CHR schema (plus rdf:type and rdfs:label) may be used on an individual.
Constraint Violation in ClosedConstraintComponent (http://www.w3.org/ns/shacl#ClosedConstraintComponent):
	Severity: sh:Violation
	Source Shape: chr:SchemaPropertyVocabularyShape
	Focus Node: ex:proc_co2_20565_8
	Value Node: ex:status_completed
	Result Path: <https://w3id.org/shexmap/resource/ontology-schema/d285f599-dc2e-4bd0-83f1-df21defa8821/hasStatus>
	Message: Only the 24 properties declared in the CHR schema (plus rdf:type and rdfs:label) may be used on an individual.
Constraint Violation in ClosedConstraintComponent (http://www.w3.org/ns/shacl#ClosedConstraintComponent):
	Severity: sh:Violation
	Source Shape: chr:SchemaPropertyVocabularyShape
	Focus Node: ex:proc_creatinine_2160_0
	Value Node: Literal("2025-08-06T16:47:23+02:00" = 2025-08-06 16:47:23+02:00, datatype=xsd:dateTime)
	Result Path: <https://w3id.org/shexmap/resource/ontology-schema/d285f599-dc2e-4bd0-83f1-df21defa8821/hasPerformedDate>
	Message: Only the 24 properties declared in the CHR schema (plus rdf:type and rdfs:label) may be used on an individual.
Constraint Violation in ClosedConstraintComponent (http://www.w3.org/ns/shacl#ClosedConstraintComponent):
	Severity: sh:Violation
	Source Shape: chr:SchemaPropertyVocabularyShape
	Focus Node: ex:proc_creatinine_2160_0
	Value Node: ex:Arlen68_Olson653
	Result Path: <https://w3id.org/shexmap/resource/ontology-schema/d285f599-dc2e-4bd0-83f1-df21defa8821/hasPatient>
	Message: Only the 24 properties declared in the CHR schema (plus rdf:type and rdfs:label) may be used on an individual.
Constraint Violation in ClosedConstraintComponent (http://www.w3.org/ns/shacl#ClosedConstraintComponent):
	Severity: sh:Violation
	Source Shape: chr:SchemaPropertyVocabularyShape
	Focus Node: ex:proc_creatinine_2160_0
	Value Node: ex:Dr_Christeen33_Toy286
	Result Path: <https://w3id.org/shexmap/resource/ontology-schema/d285f599-dc2e-4bd0-83f1-df21defa8821/hasPerformer>
	Message: Only the 24 properties declared in the CHR schema (plus rdf:type and rdfs:label) may be used on an individual.
Constraint Violation in ClosedConstraintComponent (http://www.w3.org/ns/shacl#ClosedConstraintComponent):
	Severity: sh:Violation
	Source Shape: chr:SchemaPropertyVocabularyShape
	Focus Node: ex:proc_creatinine_2160_0
	Value Node: ex:Measurement_creatinine_2160_0
	Result Path: <https://w3id.org/shexmap/resource/ontology-schema/d285f599-dc2e-4bd0-83f1-df21defa8821/hasResult>
	Message: Only the 24 properties declared in the CHR schema (plus rdf:type and rdfs:label) may be used on an individual.
Constraint Violation in ClosedConstraintComponent (http://www.w3.org/ns/shacl#ClosedConstraintComponent):
	Severity: sh:Violation
	Source Shape: chr:SchemaPropertyVocabularyShape
	Focus Node: ex:proc_creatinine_2160_0
	Value Node: ex:status_completed
	Result Path: <https://w3id.org/shexmap/resource/ontology-schema/d285f599-dc2e-4bd0-83f1-df21defa8821/hasStatus>
	Message: Only the 24 properties declared in the CHR schema (plus rdf:type and rdfs:label) may be used on an individual.
Constraint Violation in ClosedConstraintComponent (http://www.w3.org/ns/shacl#ClosedConstraintComponent):
	Severity: sh:Violation
	Source Shape: chr:SchemaPropertyVocabularyShape
	Focus Node: ex:proc_creatinine_38483_4
	Value Node: Literal("2025-08-06T16:47:23+02:00" = 2025-08-06 16:47:23+02:00, datatype=xsd:dateTime)
	Result Path: <https://w3id.org/shexmap/resource/ontology-schema/d285f599-dc2e-4bd0-83f1-df21defa8821/hasPerformedDate>
	Message: Only the 24 properties declared in the CHR schema (plus rdf:type and rdfs:label) may be used on an individual.
Constraint Violation in ClosedConstraintComponent (http://www.w3.org/ns/shacl#ClosedConstraintComponent):
	Severity: sh:Violation
	Source Shape: chr:SchemaPropertyVocabularyShape
	Focus Node: ex:proc_creatinine_38483_4
	Value Node: ex:Arlen68_Olson653
	Result Path: <https://w3id.org/shexmap/resource/ontology-schema/d285f599-dc2e-4bd0-83f1-df21defa8821/hasPatient>
	Message: Only the 24 properties declared in the CHR schema (plus rdf:type and rdfs:label) may be used on an individual.
Constraint Violation in ClosedConstraintComponent (http://www.w3.org/ns/shacl#ClosedConstraintComponent):
	Severity: sh:Violation
	Source Shape: chr:SchemaPropertyVocabularyShape
	Focus Node: ex:proc_creatinine_38483_4
	Value Node: ex:Dr_Christeen33_Toy286
	Result Path: <https://w3id.org/shexmap/resource/ontology-schema/d285f599-dc2e-4bd0-83f1-df21defa8821/hasPerformer>
	Message: Only the 24 properties declared in the CHR schema (plus rdf:type and rdfs:label) may be used on an individual.
Constraint Violation in ClosedConstraintComponent (http://www.w3.org/ns/shacl#ClosedConstraintComponent):
	Severity: sh:Violation
	Source Shape: chr:SchemaPropertyVocabularyShape
	Focus Node: ex:proc_creatinine_38483_4
	Value Node: ex:Measurement_creatinine_38483_4
	Result Path: <https://w3id.org/shexmap/resource/ontology-schema/d285f599-dc2e-4bd0-83f1-df21defa8821/hasResult>
	Message: Only the 24 properties declared in the CHR schema (plus rdf:type and rdfs:label) may be used on an individual.
Constraint Violation in ClosedConstraintComponent (http://www.w3.org/ns/shacl#ClosedConstraintComponent):
	Severity: sh:Violation
	Source Shape: chr:SchemaPropertyVocabularyShape
	Focus Node: ex:proc_creatinine_38483_4
	Value Node: ex:status_completed
	Result Path: <https://w3id.org/shexmap/resource/ontology-schema/d285f599-dc2e-4bd0-83f1-df21defa8821/hasStatus>
	Message: Only the 24 properties declared in the CHR schema (plus rdf:type and rdfs:label) may be used on an individual.
Constraint Violation in ClosedConstraintComponent (http://www.w3.org/ns/shacl#ClosedConstraintComponent):
	Severity: sh:Violation
	Source Shape: chr:SchemaPropertyVocabularyShape
	Focus Node: ex:proc_gfr_33914_3_1
	Value Node: Literal("2025-08-06T16:47:23+02:00" = 2025-08-06 16:47:23+02:00, datatype=xsd:dateTime)
	Result Path: <https://w3id.org/shexmap/resource/ontology-schema/d285f599-dc2e-4bd0-83f1-df21defa8821/hasPerformedDate>
	Message: Only the 24 properties declared in the CHR schema (plus rdf:type and rdfs:label) may be used on an individual.
Constraint Violation in ClosedConstraintComponent (http://www.w3.org/ns/shacl#ClosedConstraintComponent):
	Severity: sh:Violation
	Source Shape: chr:SchemaPropertyVocabularyShape
	Focus Node: ex:proc_gfr_33914_3_1
	Value Node: ex:Arlen68_Olson653
	Result Path: <https://w3id.org/shexmap/resource/ontology-schema/d285f599-dc2e-4bd0-83f1-df21defa8821/hasPatient>
	Message: Only the 24 properties declared in the CHR schema (plus rdf:type and rdfs:label) may be used on an individual.
Constraint Violation in ClosedConstraintComponent (http://www.w3.org/ns/shacl#ClosedConstraintComponent):
	Severity: sh:Violation
	Source Shape: chr:SchemaPropertyVocabularyShape
	Focus Node: ex:proc_gfr_33914_3_1
	Value Node: ex:Dr_Christeen33_Toy286
	Result Path: <https://w3id.org/shexmap/resource/ontology-schema/d285f599-dc2e-4bd0-83f1-df21defa8821/hasPerformer>
	Message: Only the 24 properties declared in the CHR schema (plus rdf:type and rdfs:label) may be used on an individual.
Constraint Violation in ClosedConstraintComponent (http://www.w3.org/ns/shacl#ClosedConstraintComponent):
	Severity: sh:Violation
	Source Shape: chr:SchemaPropertyVocabularyShape
	Focus Node: ex:proc_gfr_33914_3_1
	Value Node: ex:Measurement_gfr_33914_3_1
	Result Path: <https://w3id.org/shexmap/resource/ontology-schema/d285f599-dc2e-4bd0-83f1-df21defa8821/hasResult>
	Message: Only the 24 properties declared in the CHR schema (plus rdf:type and rdfs:label) may be used on an individual.
Constraint Violation in ClosedConstraintComponent (http://www.w3.org/ns/shacl#ClosedConstraintComponent):
	Severity: sh:Violation
	Source Shape: chr:SchemaPropertyVocabularyShape
	Focus Node: ex:proc_gfr_33914_3_1
	Value Node: ex:status_completed
	Result Path: <https://w3id.org/shexmap/resource/ontology-schema/d285f599-dc2e-4bd0-83f1-df21defa8821/hasStatus>
	Message: Only the 24 properties declared in the CHR schema (plus rdf:type and rdfs:label) may be used on an individual.
Constraint Violation in ClosedConstraintComponent (http://www.w3.org/ns/shacl#ClosedConstraintComponent):
	Severity: sh:Violation
	Source Shape: chr:SchemaPropertyVocabularyShape
	Focus Node: ex:proc_gfr_33914_3_2
	Value Node: Literal("2025-08-06T16:47:23+02:00" = 2025-08-06 16:47:23+02:00, datatype=xsd:dateTime)
	Result Path: <https://w3id.org/shexmap/resource/ontology-schema/d285f599-dc2e-4bd0-83f1-df21defa8821/hasPerformedDate>
	Message: Only the 24 properties declared in the CHR schema (plus rdf:type and rdfs:label) may be used on an individual.
Constraint Violation in ClosedConstraintComponent (http://www.w3.org/ns/shacl#ClosedConstraintComponent):
	Severity: sh:Violation
	Source Shape: chr:SchemaPropertyVocabularyShape
	Focus Node: ex:proc_gfr_33914_3_2
	Value Node: ex:Arlen68_Olson653
	Result Path: <https://w3id.org/shexmap/resource/ontology-schema/d285f599-dc2e-4bd0-83f1-df21defa8821/hasPatient>
	Message: Only the 24 properties declared in the CHR schema (plus rdf:type and rdfs:label) may be used on an individual.
Constraint Violation in ClosedConstraintComponent (http://www.w3.org/ns/shacl#ClosedConstraintComponent):
	Severity: sh:Violation
	Source Shape: chr:SchemaPropertyVocabularyShape
	Focus Node: ex:proc_gfr_33914_3_2
	Value Node: ex:Dr_Christeen33_Toy286
	Result Path: <https://w3id.org/shexmap/resource/ontology-schema/d285f599-dc2e-4bd0-83f1-df21defa8821/hasPerformer>
	Message: Only the 24 properties declared in the CHR schema (plus rdf:type and rdfs:label) may be used on an individual.
Constraint Violation in ClosedConstraintComponent (http://www.w3.org/ns/shacl#ClosedConstraintComponent):
	Severity: sh:Violation
	Source Shape: chr:SchemaPropertyVocabularyShape
	Focus Node: ex:proc_gfr_33914_3_2
	Value Node: ex:Measurement_gfr_33914_3_2
	Result Path: <https://w3id.org/shexmap/resource/ontology-schema/d285f599-dc2e-4bd0-83f1-df21defa8821/hasResult>
	Message: Only the 24 properties declared in the CHR schema (plus rdf:type and rdfs:label) may be used on an individual.
Constraint Violation in ClosedConstraintComponent (http://www.w3.org/ns/shacl#ClosedConstraintComponent):
	Severity: sh:Violation
	Source Shape: chr:SchemaPropertyVocabularyShape
	Focus Node: ex:proc_gfr_33914_3_2
	Value Node: ex:status_completed
	Result Path: <https://w3id.org/shexmap/resource/ontology-schema/d285f599-dc2e-4bd0-83f1-df21defa8821/hasStatus>
	Message: Only the 24 properties declared in the CHR schema (plus rdf:type and rdfs:label) may be used on an individual.
Constraint Violation in ClosedConstraintComponent (http://www.w3.org/ns/shacl#ClosedConstraintComponent):
	Severity: sh:Violation
	Source Shape: chr:SchemaPropertyVocabularyShape
	Focus Node: ex:proc_glucose_2339_0
	Value Node: Literal("2025-08-06T16:47:23+02:00" = 2025-08-06 16:47:23+02:00, datatype=xsd:dateTime)
	Result Path: <https://w3id.org/shexmap/resource/ontology-schema/d285f599-dc2e-4bd0-83f1-df21defa8821/hasPerformedDate>
	Message: Only the 24 properties declared in the CHR schema (plus rdf:type and rdfs:label) may be used on an individual.
Constraint Violation in ClosedConstraintComponent (http://www.w3.org/ns/shacl#ClosedConstraintComponent):
	Severity: sh:Violation
	Source Shape: chr:SchemaPropertyVocabularyShape
	Focus Node: ex:proc_glucose_2339_0
	Value Node: ex:Arlen68_Olson653
	Result Path: <https://w3id.org/shexmap/resource/ontology-schema/d285f599-dc2e-4bd0-83f1-df21defa8821/hasPatient>
	Message: Only the 24 properties declared in the CHR schema (plus rdf:type and rdfs:label) may be used on an individual.
Constraint Violation in ClosedConstraintComponent (http://www.w3.org/ns/shacl#ClosedConstraintComponent):
	Severity: sh:Violation
	Source Shape: chr:SchemaPropertyVocabularyShape
	Focus Node: ex:proc_glucose_2339_0
	Value Node: ex:Dr_Christeen33_Toy286
	Result Path: <https://w3id.org/shexmap/resource/ontology-schema/d285f599-dc2e-4bd0-83f1-df21defa8821/hasPerformer>
	Message: Only the 24 properties declared in the CHR schema (plus rdf:type and rdfs:label) may be used on an individual.
Constraint Violation in ClosedConstraintComponent (http://www.w3.org/ns/shacl#ClosedConstraintComponent):
	Severity: sh:Violation
	Source Shape: chr:SchemaPropertyVocabularyShape
	Focus Node: ex:proc_glucose_2339_0
	Value Node: ex:Measurement_glucose_2339_0
	Result Path: <https://w3id.org/shexmap/resource/ontology-schema/d285f599-dc2e-4bd0-83f1-df21defa8821/hasResult>
	Message: Only the 24 properties declared in the CHR schema (plus rdf:type and rdfs:label) may be used on an individual.
Constraint Violation in ClosedConstraintComponent (http://www.w3.org/ns/shacl#ClosedConstraintComponent):
	Severity: sh:Violation
	Source Shape: chr:SchemaPropertyVocabularyShape
	Focus Node: ex:proc_glucose_2339_0
	Value Node: ex:status_completed
	Result Path: <https://w3id.org/shexmap/resource/ontology-schema/d285f599-dc2e-4bd0-83f1-df21defa8821/hasStatus>
	Message: Only the 24 properties declared in the CHR schema (plus rdf:type and rdfs:label) may be used on an individual.
Constraint Violation in ClosedConstraintComponent (http://www.w3.org/ns/shacl#ClosedConstraintComponent):
	Severity: sh:Violation
	Source Shape: chr:SchemaPropertyVocabularyShape
	Focus Node: ex:proc_glucose_2345_7
	Value Node: Literal("2025-08-06T16:47:23+02:00" = 2025-08-06 16:47:23+02:00, datatype=xsd:dateTime)
	Result Path: <https://w3id.org/shexmap/resource/ontology-schema/d285f599-dc2e-4bd0-83f1-df21defa8821/hasPerformedDate>
	Message: Only the 24 properties declared in the CHR schema (plus rdf:type and rdfs:label) may be used on an individual.
Constraint Violation in ClosedConstraintComponent (http://www.w3.org/ns/shacl#ClosedConstraintComponent):
	Severity: sh:Violation
	Source Shape: chr:SchemaPropertyVocabularyShape
	Focus Node: ex:proc_glucose_2345_7
	Value Node: ex:Arlen68_Olson653
	Result Path: <https://w3id.org/shexmap/resource/ontology-schema/d285f599-dc2e-4bd0-83f1-df21defa8821/hasPatient>
	Message: Only the 24 properties declared in the CHR schema (plus rdf:type and rdfs:label) may be used on an individual.
Constraint Violation in ClosedConstraintComponent (http://www.w3.org/ns/shacl#ClosedConstraintComponent):
	Severity: sh:Violation
	Source Shape: chr:SchemaPropertyVocabularyShape
	Focus Node: ex:proc_glucose_2345_7
	Value Node: ex:Dr_Christeen33_Toy286
	Result Path: <https://w3id.org/shexmap/resource/ontology-schema/d285f599-dc2e-4bd0-83f1-df21defa8821/hasPerformer>
	Message: Only the 24 properties declared in the CHR schema (plus rdf:type and rdfs:label) may be used on an individual.
Constraint Violation in ClosedConstraintComponent (http://www.w3.org/ns/shacl#ClosedConstraintComponent):
	Severity: sh:Violation
	Source Shape: chr:SchemaPropertyVocabularyShape
	Focus Node: ex:proc_glucose_2345_7
	Value Node: ex:Measurement_glucose_2345_7
	Result Path: <https://w3id.org/shexmap/resource/ontology-schema/d285f599-dc2e-4bd0-83f1-df21defa8821/hasResult>
	Message: Only the 24 properties declared in the CHR schema (plus rdf:type and rdfs:label) may be used on an individual.
Constraint Violation in ClosedConstraintComponent (http://www.w3.org/ns/shacl#ClosedConstraintComponent):
	Severity: sh:Violation
	Source Shape: chr:SchemaPropertyVocabularyShape
	Focus Node: ex:proc_glucose_2345_7
	Value Node: ex:status_completed
	Result Path: <https://w3id.org/shexmap/resource/ontology-schema/d285f599-dc2e-4bd0-83f1-df21defa8821/hasStatus>
	Message: Only the 24 properties declared in the CHR schema (plus rdf:type and rdfs:label) may be used on an individual.
Constraint Violation in ClosedConstraintComponent (http://www.w3.org/ns/shacl#ClosedConstraintComponent):
	Severity: sh:Violation
	Source Shape: chr:SchemaPropertyVocabularyShape
	Focus Node: ex:proc_glucose_5792_7
	Value Node: Literal("2025-08-06T16:47:23+02:00" = 2025-08-06 16:47:23+02:00, datatype=xsd:dateTime)
	Result Path: <https://w3id.org/shexmap/resource/ontology-schema/d285f599-dc2e-4bd0-83f1-df21defa8821/hasPerformedDate>
	Message: Only the 24 properties declared in the CHR schema (plus rdf:type and rdfs:label) may be used on an individual.
Constraint Violation in ClosedConstraintComponent (http://www.w3.org/ns/shacl#ClosedConstraintComponent):
	Severity: sh:Violation
	Source Shape: chr:SchemaPropertyVocabularyShape
	Focus Node: ex:proc_glucose_5792_7
	Value Node: ex:Arlen68_Olson653
	Result Path: <https://w3id.org/shexmap/resource/ontology-schema/d285f599-dc2e-4bd0-83f1-df21defa8821/hasPatient>
	Message: Only the 24 properties declared in the CHR schema (plus rdf:type and rdfs:label) may be used on an individual.
Constraint Violation in ClosedConstraintComponent (http://www.w3.org/ns/shacl#ClosedConstraintComponent):
	Severity: sh:Violation
	Source Shape: chr:SchemaPropertyVocabularyShape
	Focus Node: ex:proc_glucose_5792_7
	Value Node: ex:Dr_Christeen33_Toy286
	Result Path: <https://w3id.org/shexmap/resource/ontology-schema/d285f599-dc2e-4bd0-83f1-df21defa8821/hasPerformer>
	Message: Only the 24 properties declared in the CHR schema (plus rdf:type and rdfs:label) may be used on an individual.
Constraint Violation in ClosedConstraintComponent (http://www.w3.org/ns/shacl#ClosedConstraintComponent):
	Severity: sh:Violation
	Source Shape: chr:SchemaPropertyVocabularyShape
	Focus Node: ex:proc_glucose_5792_7
	Value Node: ex:Measurement_glucose_5792_7
	Result Path: <https://w3id.org/shexmap/resource/ontology-schema/d285f599-dc2e-4bd0-83f1-df21defa8821/hasResult>
	Message: Only the 24 properties declared in the CHR schema (plus rdf:type and rdfs:label) may be used on an individual.
Constraint Violation in ClosedConstraintComponent (http://www.w3.org/ns/shacl#ClosedConstraintComponent):
	Severity: sh:Violation
	Source Shape: chr:SchemaPropertyVocabularyShape
	Focus Node: ex:proc_glucose_5792_7
	Value Node: ex:status_completed
	Result Path: <https://w3id.org/shexmap/resource/ontology-schema/d285f599-dc2e-4bd0-83f1-df21defa8821/hasStatus>
	Message: Only the 24 properties declared in the CHR schema (plus rdf:type and rdfs:label) may be used on an individual.
Constraint Violation in ClosedConstraintComponent (http://www.w3.org/ns/shacl#ClosedConstraintComponent):
	Severity: sh:Violation
	Source Shape: chr:SchemaPropertyVocabularyShape
	Focus Node: ex:proc_hba1c_4548_4
	Value Node: Literal("2025-08-06T16:47:23+02:00" = 2025-08-06 16:47:23+02:00, datatype=xsd:dateTime)
	Result Path: <https://w3id.org/shexmap/resource/ontology-schema/d285f599-dc2e-4bd0-83f1-df21defa8821/hasPerformedDate>
	Message: Only the 24 properties declared in the CHR schema (plus rdf:type and rdfs:label) may be used on an individual.
Constraint Violation in ClosedConstraintComponent (http://www.w3.org/ns/shacl#ClosedConstraintComponent):
	Severity: sh:Violation
	Source Shape: chr:SchemaPropertyVocabularyShape
	Focus Node: ex:proc_hba1c_4548_4
	Value Node: ex:Arlen68_Olson653
	Result Path: <https://w3id.org/shexmap/resource/ontology-schema/d285f599-dc2e-4bd0-83f1-df21defa8821/hasPatient>
	Message: Only the 24 properties declared in the CHR schema (plus rdf:type and rdfs:label) may be used on an individual.
Constraint Violation in ClosedConstraintComponent (http://www.w3.org/ns/shacl#ClosedConstraintComponent):
	Severity: sh:Violation
	Source Shape: chr:SchemaPropertyVocabularyShape
	Focus Node: ex:proc_hba1c_4548_4
	Value Node: ex:Dr_Christeen33_Toy286
	Result Path: <https://w3id.org/shexmap/resource/ontology-schema/d285f599-dc2e-4bd0-83f1-df21defa8821/hasPerformer>
	Message: Only the 24 properties declared in the CHR schema (plus rdf:type and rdfs:label) may be used on an individual.
Constraint Violation in ClosedConstraintComponent (http://www.w3.org/ns/shacl#ClosedConstraintComponent):
	Severity: sh:Violation
	Source Shape: chr:SchemaPropertyVocabularyShape
	Focus Node: ex:proc_hba1c_4548_4
	Value Node: ex:Measurement_hba1c_4548_4
	Result Path: <https://w3id.org/shexmap/resource/ontology-schema/d285f599-dc2e-4bd0-83f1-df21defa8821/hasResult>
	Message: Only the 24 properties declared in the CHR schema (plus rdf:type and rdfs:label) may be used on an individual.
Constraint Violation in ClosedConstraintComponent (http://www.w3.org/ns/shacl#ClosedConstraintComponent):
	Severity: sh:Violation
	Source Shape: chr:SchemaPropertyVocabularyShape
	Focus Node: ex:proc_hba1c_4548_4
	Value Node: ex:status_completed
	Result Path: <https://w3id.org/shexmap/resource/ontology-schema/d285f599-dc2e-4bd0-83f1-df21defa8821/hasStatus>
	Message: Only the 24 properties declared in the CHR schema (plus rdf:type and rdfs:label) may be used on an individual.
Constraint Violation in ClosedConstraintComponent (http://www.w3.org/ns/shacl#ClosedConstraintComponent):
	Severity: sh:Violation
	Source Shape: chr:SchemaPropertyVocabularyShape
	Focus Node: ex:proc_heart_rate_8867_4
	Value Node: Literal("2025-08-06T16:47:23+02:00" = 2025-08-06 16:47:23+02:00, datatype=xsd:dateTime)
	Result Path: <https://w3id.org/shexmap/resource/ontology-schema/d285f599-dc2e-4bd0-83f1-df21defa8821/hasPerformedDate>
	Message: Only the 24 properties declared in the CHR schema (plus rdf:type and rdfs:label) may be used on an individual.
Constraint Violation in ClosedConstraintComponent (http://www.w3.org/ns/shacl#ClosedConstraintComponent):
	Severity: sh:Violation
	Source Shape: chr:SchemaPropertyVocabularyShape
	Focus Node: ex:proc_heart_rate_8867_4
	Value Node: ex:Arlen68_Olson653
	Result Path: <https://w3id.org/shexmap/resource/ontology-schema/d285f599-dc2e-4bd0-83f1-df21defa8821/hasPatient>
	Message: Only the 24 properties declared in the CHR schema (plus rdf:type and rdfs:label) may be used on an individual.
Constraint Violation in ClosedConstraintComponent (http://www.w3.org/ns/shacl#ClosedConstraintComponent):
	Severity: sh:Violation
	Source Shape: chr:SchemaPropertyVocabularyShape
	Focus Node: ex:proc_heart_rate_8867_4
	Value Node: ex:Dr_Christeen33_Toy286
	Result Path: <https://w3id.org/shexmap/resource/ontology-schema/d285f599-dc2e-4bd0-83f1-df21defa8821/hasPerformer>
	Message: Only the 24 properties declared in the CHR schema (plus rdf:type and rdfs:label) may be used on an individual.
Constraint Violation in ClosedConstraintComponent (http://www.w3.org/ns/shacl#ClosedConstraintComponent):
	Severity: sh:Violation
	Source Shape: chr:SchemaPropertyVocabularyShape
	Focus Node: ex:proc_heart_rate_8867_4
	Value Node: ex:Measurement_heart_rate_8867_4
	Result Path: <https://w3id.org/shexmap/resource/ontology-schema/d285f599-dc2e-4bd0-83f1-df21defa8821/hasResult>
	Message: Only the 24 properties declared in the CHR schema (plus rdf:type and rdfs:label) may be used on an individual.
Constraint Violation in ClosedConstraintComponent (http://www.w3.org/ns/shacl#ClosedConstraintComponent):
	Severity: sh:Violation
	Source Shape: chr:SchemaPropertyVocabularyShape
	Focus Node: ex:proc_heart_rate_8867_4
	Value Node: ex:status_completed
	Result Path: <https://w3id.org/shexmap/resource/ontology-schema/d285f599-dc2e-4bd0-83f1-df21defa8821/hasStatus>
	Message: Only the 24 properties declared in the CHR schema (plus rdf:type and rdfs:label) may be used on an individual.
Constraint Violation in ClosedConstraintComponent (http://www.w3.org/ns/shacl#ClosedConstraintComponent):
	Severity: sh:Violation
	Source Shape: chr:SchemaPropertyVocabularyShape
	Focus Node: ex:proc_height_8302_2
	Value Node: Literal("2025-08-06T16:47:23+02:00" = 2025-08-06 16:47:23+02:00, datatype=xsd:dateTime)
	Result Path: <https://w3id.org/shexmap/resource/ontology-schema/d285f599-dc2e-4bd0-83f1-df21defa8821/hasPerformedDate>
	Message: Only the 24 properties declared in the CHR schema (plus rdf:type and rdfs:label) may be used on an individual.
Constraint Violation in ClosedConstraintComponent (http://www.w3.org/ns/shacl#ClosedConstraintComponent):
	Severity: sh:Violation
	Source Shape: chr:SchemaPropertyVocabularyShape
	Focus Node: ex:proc_height_8302_2
	Value Node: ex:Arlen68_Olson653
	Result Path: <https://w3id.org/shexmap/resource/ontology-schema/d285f599-dc2e-4bd0-83f1-df21defa8821/hasPatient>
	Message: Only the 24 properties declared in the CHR schema (plus rdf:type and rdfs:label) may be used on an individual.
Constraint Violation in ClosedConstraintComponent (http://www.w3.org/ns/shacl#ClosedConstraintComponent):
	Severity: sh:Violation
	Source Shape: chr:SchemaPropertyVocabularyShape
	Focus Node: ex:proc_height_8302_2
	Value Node: ex:Dr_Christeen33_Toy286
	Result Path: <https://w3id.org/shexmap/resource/ontology-schema/d285f599-dc2e-4bd0-83f1-df21defa8821/hasPerformer>
	Message: Only the 24 properties declared in the CHR schema (plus rdf:type and rdfs:label) may be used on an individual.
Constraint Violation in ClosedConstraintComponent (http://www.w3.org/ns/shacl#ClosedConstraintComponent):
	Severity: sh:Violation
	Source Shape: chr:SchemaPropertyVocabularyShape
	Focus Node: ex:proc_height_8302_2
	Value Node: ex:Measurement_height_8302_2
	Result Path: <https://w3id.org/shexmap/resource/ontology-schema/d285f599-dc2e-4bd0-83f1-df21defa8821/hasResult>
	Message: Only the 24 properties declared in the CHR schema (plus rdf:type and rdfs:label) may be used on an individual.
Constraint Violation in ClosedConstraintComponent (http://www.w3.org/ns/shacl#ClosedConstraintComponent):
	Severity: sh:Violation
	Source Shape: chr:SchemaPropertyVocabularyShape
	Focus Node: ex:proc_height_8302_2
	Value Node: ex:status_completed
	Result Path: <https://w3id.org/shexmap/resource/ontology-schema/d285f599-dc2e-4bd0-83f1-df21defa8821/hasStatus>
	Message: Only the 24 properties declared in the CHR schema (plus rdf:type and rdfs:label) may be used on an individual.
Constraint Violation in ClosedConstraintComponent (http://www.w3.org/ns/shacl#ClosedConstraintComponent):
	Severity: sh:Violation
	Source Shape: chr:SchemaPropertyVocabularyShape
	Focus Node: ex:proc_ketones_5797_6
	Value Node: Literal("2025-08-06T16:47:23+02:00" = 2025-08-06 16:47:23+02:00, datatype=xsd:dateTime)
	Result Path: <https://w3id.org/shexmap/resource/ontology-schema/d285f599-dc2e-4bd0-83f1-df21defa8821/hasPerformedDate>
	Message: Only the 24 properties declared in the CHR schema (plus rdf:type and rdfs:label) may be used on an individual.
Constraint Violation in ClosedConstraintComponent (http://www.w3.org/ns/shacl#ClosedConstraintComponent):
	Severity: sh:Violation
	Source Shape: chr:SchemaPropertyVocabularyShape
	Focus Node: ex:proc_ketones_5797_6
	Value Node: ex:Arlen68_Olson653
	Result Path: <https://w3id.org/shexmap/resource/ontology-schema/d285f599-dc2e-4bd0-83f1-df21defa8821/hasPatient>
	Message: Only the 24 properties declared in the CHR schema (plus rdf:type and rdfs:label) may be used on an individual.
Constraint Violation in ClosedConstraintComponent (http://www.w3.org/ns/shacl#ClosedConstraintComponent):
	Severity: sh:Violation
	Source Shape: chr:SchemaPropertyVocabularyShape
	Focus Node: ex:proc_ketones_5797_6
	Value Node: ex:Dr_Christeen33_Toy286
	Result Path: <https://w3id.org/shexmap/resource/ontology-schema/d285f599-dc2e-4bd0-83f1-df21defa8821/hasPerformer>
	Message: Only the 24 properties declared in the CHR schema (plus rdf:type and rdfs:label) may be used on an individual.
Constraint Violation in ClosedConstraintComponent (http://www.w3.org/ns/shacl#ClosedConstraintComponent):
	Severity: sh:Violation
	Source Shape: chr:SchemaPropertyVocabularyShape
	Focus Node: ex:proc_ketones_5797_6
	Value Node: ex:Measurement_ketones_5797_6
	Result Path: <https://w3id.org/shexmap/resource/ontology-schema/d285f599-dc2e-4bd0-83f1-df21defa8821/hasResult>
	Message: Only the 24 properties declared in the CHR schema (plus rdf:type and rdfs:label) may be used on an individual.
Constraint Violation in ClosedConstraintComponent (http://www.w3.org/ns/shacl#ClosedConstraintComponent):
	Severity: sh:Violation
	Source Shape: chr:SchemaPropertyVocabularyShape
	Focus Node: ex:proc_ketones_5797_6
	Value Node: ex:status_completed
	Result Path: <https://w3id.org/shexmap/resource/ontology-schema/d285f599-dc2e-4bd0-83f1-df21defa8821/hasStatus>
	Message: Only the 24 properties declared in the CHR schema (plus rdf:type and rdfs:label) may be used on an individual.
Constraint Violation in ClosedConstraintComponent (http://www.w3.org/ns/shacl#ClosedConstraintComponent):
	Severity: sh:Violation
	Source Shape: chr:SchemaPropertyVocabularyShape
	Focus Node: ex:proc_microalbumin_14959_1
	Value Node: Literal("2025-08-06T16:47:23+02:00" = 2025-08-06 16:47:23+02:00, datatype=xsd:dateTime)
	Result Path: <https://w3id.org/shexmap/resource/ontology-schema/d285f599-dc2e-4bd0-83f1-df21defa8821/hasPerformedDate>
	Message: Only the 24 properties declared in the CHR schema (plus rdf:type and rdfs:label) may be used on an individual.
Constraint Violation in ClosedConstraintComponent (http://www.w3.org/ns/shacl#ClosedConstraintComponent):
	Severity: sh:Violation
	Source Shape: chr:SchemaPropertyVocabularyShape
	Focus Node: ex:proc_microalbumin_14959_1
	Value Node: ex:Arlen68_Olson653
	Result Path: <https://w3id.org/shexmap/resource/ontology-schema/d285f599-dc2e-4bd0-83f1-df21defa8821/hasPatient>
	Message: Only the 24 properties declared in the CHR schema (plus rdf:type and rdfs:label) may be used on an individual.
Constraint Violation in ClosedConstraintComponent (http://www.w3.org/ns/shacl#ClosedConstraintComponent):
	Severity: sh:Violation
	Source Shape: chr:SchemaPropertyVocabularyShape
	Focus Node: ex:proc_microalbumin_14959_1
	Value Node: ex:Dr_Christeen33_Toy286
	Result Path: <https://w3id.org/shexmap/resource/ontology-schema/d285f599-dc2e-4bd0-83f1-df21defa8821/hasPerformer>
	Message: Only the 24 properties declared in the CHR schema (plus rdf:type and rdfs:label) may be used on an individual.
Constraint Violation in ClosedConstraintComponent (http://www.w3.org/ns/shacl#ClosedConstraintComponent):
	Severity: sh:Violation
	Source Shape: chr:SchemaPropertyVocabularyShape
	Focus Node: ex:proc_microalbumin_14959_1
	Value Node: ex:Measurement_microalbumin_14959_1
	Result Path: <https://w3id.org/shexmap/resource/ontology-schema/d285f599-dc2e-4bd0-83f1-df21defa8821/hasResult>
	Message: Only the 24 properties declared in the CHR schema (plus rdf:type and rdfs:label) may be used on an individual.
Constraint Violation in ClosedConstraintComponent (http://www.w3.org/ns/shacl#ClosedConstraintComponent):
	Severity: sh:Violation
	Source Shape: chr:SchemaPropertyVocabularyShape
	Focus Node: ex:proc_microalbumin_14959_1
	Value Node: ex:status_completed
	Result Path: <https://w3id.org/shexmap/resource/ontology-schema/d285f599-dc2e-4bd0-83f1-df21defa8821/hasStatus>
	Message: Only the 24 properties declared in the CHR schema (plus rdf:type and rdfs:label) may be used on an individual.
Constraint Violation in ClosedConstraintComponent (http://www.w3.org/ns/shacl#ClosedConstraintComponent):
	Severity: sh:Violation
	Source Shape: chr:SchemaPropertyVocabularyShape
	Focus Node: ex:proc_pain_72514_3
	Value Node: Literal("2025-08-06T16:47:23+02:00" = 2025-08-06 16:47:23+02:00, datatype=xsd:dateTime)
	Result Path: <https://w3id.org/shexmap/resource/ontology-schema/d285f599-dc2e-4bd0-83f1-df21defa8821/hasPerformedDate>
	Message: Only the 24 properties declared in the CHR schema (plus rdf:type and rdfs:label) may be used on an individual.
Constraint Violation in ClosedConstraintComponent (http://www.w3.org/ns/shacl#ClosedConstraintComponent):
	Severity: sh:Violation
	Source Shape: chr:SchemaPropertyVocabularyShape
	Focus Node: ex:proc_pain_72514_3
	Value Node: ex:Arlen68_Olson653
	Result Path: <https://w3id.org/shexmap/resource/ontology-schema/d285f599-dc2e-4bd0-83f1-df21defa8821/hasPatient>
	Message: Only the 24 properties declared in the CHR schema (plus rdf:type and rdfs:label) may be used on an individual.
Constraint Violation in ClosedConstraintComponent (http://www.w3.org/ns/shacl#ClosedConstraintComponent):
	Severity: sh:Violation
	Source Shape: chr:SchemaPropertyVocabularyShape
	Focus Node: ex:proc_pain_72514_3
	Value Node: ex:Dr_Christeen33_Toy286
	Result Path: <https://w3id.org/shexmap/resource/ontology-schema/d285f599-dc2e-4bd0-83f1-df21defa8821/hasPerformer>
	Message: Only the 24 properties declared in the CHR schema (plus rdf:type and rdfs:label) may be used on an individual.
Constraint Violation in ClosedConstraintComponent (http://www.w3.org/ns/shacl#ClosedConstraintComponent):
	Severity: sh:Violation
	Source Shape: chr:SchemaPropertyVocabularyShape
	Focus Node: ex:proc_pain_72514_3
	Value Node: ex:Measurement_pain_72514_3
	Result Path: <https://w3id.org/shexmap/resource/ontology-schema/d285f599-dc2e-4bd0-83f1-df21defa8821/hasResult>
	Message: Only the 24 properties declared in the CHR schema (plus rdf:type and rdfs:label) may be used on an individual.
Constraint Violation in ClosedConstraintComponent (http://www.w3.org/ns/shacl#ClosedConstraintComponent):
	Severity: sh:Violation
	Source Shape: chr:SchemaPropertyVocabularyShape
	Focus Node: ex:proc_pain_72514_3
	Value Node: ex:status_completed
	Result Path: <https://w3id.org/shexmap/resource/ontology-schema/d285f599-dc2e-4bd0-83f1-df21defa8821/hasStatus>
	Message: Only the 24 properties declared in the CHR schema (plus rdf:type and rdfs:label) may be used on an individual.
Constraint Violation in ClosedConstraintComponent (http://www.w3.org/ns/shacl#ClosedConstraintComponent):
	Severity: sh:Violation
	Source Shape: chr:SchemaPropertyVocabularyShape
	Focus Node: ex:proc_ph_5803_2
	Value Node: Literal("2025-08-06T16:47:23+02:00" = 2025-08-06 16:47:23+02:00, datatype=xsd:dateTime)
	Result Path: <https://w3id.org/shexmap/resource/ontology-schema/d285f599-dc2e-4bd0-83f1-df21defa8821/hasPerformedDate>
	Message: Only the 24 properties declared in the CHR schema (plus rdf:type and rdfs:label) may be used on an individual.
Constraint Violation in ClosedConstraintComponent (http://www.w3.org/ns/shacl#ClosedConstraintComponent):
	Severity: sh:Violation
	Source Shape: chr:SchemaPropertyVocabularyShape
	Focus Node: ex:proc_ph_5803_2
	Value Node: ex:Arlen68_Olson653
	Result Path: <https://w3id.org/shexmap/resource/ontology-schema/d285f599-dc2e-4bd0-83f1-df21defa8821/hasPatient>
	Message: Only the 24 properties declared in the CHR schema (plus rdf:type and rdfs:label) may be used on an individual.
Constraint Violation in ClosedConstraintComponent (http://www.w3.org/ns/shacl#ClosedConstraintComponent):
	Severity: sh:Violation
	Source Shape: chr:SchemaPropertyVocabularyShape
	Focus Node: ex:proc_ph_5803_2
	Value Node: ex:Dr_Christeen33_Toy286
	Result Path: <https://w3id.org/shexmap/resource/ontology-schema/d285f599-dc2e-4bd0-83f1-df21defa8821/hasPerformer>
	Message: Only the 24 properties declared in the CHR schema (plus rdf:type and rdfs:label) may be used on an individual.
Constraint Violation in ClosedConstraintComponent (http://www.w3.org/ns/shacl#ClosedConstraintComponent):
	Severity: sh:Violation
	Source Shape: chr:SchemaPropertyVocabularyShape
	Focus Node: ex:proc_ph_5803_2
	Value Node: ex:Measurement_ph_5803_2
	Result Path: <https://w3id.org/shexmap/resource/ontology-schema/d285f599-dc2e-4bd0-83f1-df21defa8821/hasResult>
	Message: Only the 24 properties declared in the CHR schema (plus rdf:type and rdfs:label) may be used on an individual.
Constraint Violation in ClosedConstraintComponent (http://www.w3.org/ns/shacl#ClosedConstraintComponent):
	Severity: sh:Violation
	Source Shape: chr:SchemaPropertyVocabularyShape
	Focus Node: ex:proc_ph_5803_2
	Value Node: ex:status_completed
	Result Path: <https://w3id.org/shexmap/resource/ontology-schema/d285f599-dc2e-4bd0-83f1-df21defa8821/hasStatus>
	Message: Only the 24 properties declared in the CHR schema (plus rdf:type and rdfs:label) may be used on an individual.
Constraint Violation in ClosedConstraintComponent (http://www.w3.org/ns/shacl#ClosedConstraintComponent):
	Severity: sh:Violation
	Source Shape: chr:SchemaPropertyVocabularyShape
	Focus Node: ex:proc_phq2_55758_7
	Value Node: Literal("2025-08-06T17:58:37+02:00" = 2025-08-06 17:58:37+02:00, datatype=xsd:dateTime)
	Result Path: <https://w3id.org/shexmap/resource/ontology-schema/d285f599-dc2e-4bd0-83f1-df21defa8821/hasPerformedDate>
	Message: Only the 24 properties declared in the CHR schema (plus rdf:type and rdfs:label) may be used on an individual.
Constraint Violation in ClosedConstraintComponent (http://www.w3.org/ns/shacl#ClosedConstraintComponent):
	Severity: sh:Violation
	Source Shape: chr:SchemaPropertyVocabularyShape
	Focus Node: ex:proc_phq2_55758_7
	Value Node: ex:Arlen68_Olson653
	Result Path: <https://w3id.org/shexmap/resource/ontology-schema/d285f599-dc2e-4bd0-83f1-df21defa8821/hasPatient>
	Message: Only the 24 properties declared in the CHR schema (plus rdf:type and rdfs:label) may be used on an individual.
Constraint Violation in ClosedConstraintComponent (http://www.w3.org/ns/shacl#ClosedConstraintComponent):
	Severity: sh:Violation
	Source Shape: chr:SchemaPropertyVocabularyShape
	Focus Node: ex:proc_phq2_55758_7
	Value Node: ex:Dr_Christeen33_Toy286
	Result Path: <https://w3id.org/shexmap/resource/ontology-schema/d285f599-dc2e-4bd0-83f1-df21defa8821/hasPerformer>
	Message: Only the 24 properties declared in the CHR schema (plus rdf:type and rdfs:label) may be used on an individual.
Constraint Violation in ClosedConstraintComponent (http://www.w3.org/ns/shacl#ClosedConstraintComponent):
	Severity: sh:Violation
	Source Shape: chr:SchemaPropertyVocabularyShape
	Focus Node: ex:proc_phq2_55758_7
	Value Node: ex:Measurement_phq2_55758_7
	Result Path: <https://w3id.org/shexmap/resource/ontology-schema/d285f599-dc2e-4bd0-83f1-df21defa8821/hasResult>
	Message: Only the 24 properties declared in the CHR schema (plus rdf:type and rdfs:label) may be used on an individual.
Constraint Violation in ClosedConstraintComponent (http://www.w3.org/ns/shacl#ClosedConstraintComponent):
	Severity: sh:Violation
	Source Shape: chr:SchemaPropertyVocabularyShape
	Focus Node: ex:proc_phq2_55758_7
	Value Node: ex:status_completed
	Result Path: <https://w3id.org/shexmap/resource/ontology-schema/d285f599-dc2e-4bd0-83f1-df21defa8821/hasStatus>
	Message: Only the 24 properties declared in the CHR schema (plus rdf:type and rdfs:label) may be used on an individual.
Constraint Violation in ClosedConstraintComponent (http://www.w3.org/ns/shacl#ClosedConstraintComponent):
	Severity: sh:Violation
	Source Shape: chr:SchemaPropertyVocabularyShape
	Focus Node: ex:proc_potassium_2823_3
	Value Node: Literal("2025-08-06T16:47:23+02:00" = 2025-08-06 16:47:23+02:00, datatype=xsd:dateTime)
	Result Path: <https://w3id.org/shexmap/resource/ontology-schema/d285f599-dc2e-4bd0-83f1-df21defa8821/hasPerformedDate>
	Message: Only the 24 properties declared in the CHR schema (plus rdf:type and rdfs:label) may be used on an individual.
Constraint Violation in ClosedConstraintComponent (http://www.w3.org/ns/shacl#ClosedConstraintComponent):
	Severity: sh:Violation
	Source Shape: chr:SchemaPropertyVocabularyShape
	Focus Node: ex:proc_potassium_2823_3
	Value Node: ex:Arlen68_Olson653
	Result Path: <https://w3id.org/shexmap/resource/ontology-schema/d285f599-dc2e-4bd0-83f1-df21defa8821/hasPatient>
	Message: Only the 24 properties declared in the CHR schema (plus rdf:type and rdfs:label) may be used on an individual.
Constraint Violation in ClosedConstraintComponent (http://www.w3.org/ns/shacl#ClosedConstraintComponent):
	Severity: sh:Violation
	Source Shape: chr:SchemaPropertyVocabularyShape
	Focus Node: ex:proc_potassium_2823_3
	Value Node: ex:Dr_Christeen33_Toy286
	Result Path: <https://w3id.org/shexmap/resource/ontology-schema/d285f599-dc2e-4bd0-83f1-df21defa8821/hasPerformer>
	Message: Only the 24 properties declared in the CHR schema (plus rdf:type and rdfs:label) may be used on an individual.
Constraint Violation in ClosedConstraintComponent (http://www.w3.org/ns/shacl#ClosedConstraintComponent):
	Severity: sh:Violation
	Source Shape: chr:SchemaPropertyVocabularyShape
	Focus Node: ex:proc_potassium_2823_3
	Value Node: ex:Measurement_potassium_2823_3
	Result Path: <https://w3id.org/shexmap/resource/ontology-schema/d285f599-dc2e-4bd0-83f1-df21defa8821/hasResult>
	Message: Only the 24 properties declared in the CHR schema (plus rdf:type and rdfs:label) may be used on an individual.
Constraint Violation in ClosedConstraintComponent (http://www.w3.org/ns/shacl#ClosedConstraintComponent):
	Severity: sh:Violation
	Source Shape: chr:SchemaPropertyVocabularyShape
	Focus Node: ex:proc_potassium_2823_3
	Value Node: ex:status_completed
	Result Path: <https://w3id.org/shexmap/resource/ontology-schema/d285f599-dc2e-4bd0-83f1-df21defa8821/hasStatus>
	Message: Only the 24 properties declared in the CHR schema (plus rdf:type and rdfs:label) may be used on an individual.
Constraint Violation in ClosedConstraintComponent (http://www.w3.org/ns/shacl#ClosedConstraintComponent):
	Severity: sh:Violation
	Source Shape: chr:SchemaPropertyVocabularyShape
	Focus Node: ex:proc_potassium_6298_4
	Value Node: Literal("2025-08-06T16:47:23+02:00" = 2025-08-06 16:47:23+02:00, datatype=xsd:dateTime)
	Result Path: <https://w3id.org/shexmap/resource/ontology-schema/d285f599-dc2e-4bd0-83f1-df21defa8821/hasPerformedDate>
	Message: Only the 24 properties declared in the CHR schema (plus rdf:type and rdfs:label) may be used on an individual.
Constraint Violation in ClosedConstraintComponent (http://www.w3.org/ns/shacl#ClosedConstraintComponent):
	Severity: sh:Violation
	Source Shape: chr:SchemaPropertyVocabularyShape
	Focus Node: ex:proc_potassium_6298_4
	Value Node: ex:Arlen68_Olson653
	Result Path: <https://w3id.org/shexmap/resource/ontology-schema/d285f599-dc2e-4bd0-83f1-df21defa8821/hasPatient>
	Message: Only the 24 properties declared in the CHR schema (plus rdf:type and rdfs:label) may be used on an individual.
Constraint Violation in ClosedConstraintComponent (http://www.w3.org/ns/shacl#ClosedConstraintComponent):
	Severity: sh:Violation
	Source Shape: chr:SchemaPropertyVocabularyShape
	Focus Node: ex:proc_potassium_6298_4
	Value Node: ex:Dr_Christeen33_Toy286
	Result Path: <https://w3id.org/shexmap/resource/ontology-schema/d285f599-dc2e-4bd0-83f1-df21defa8821/hasPerformer>
	Message: Only the 24 properties declared in the CHR schema (plus rdf:type and rdfs:label) may be used on an individual.
Constraint Violation in ClosedConstraintComponent (http://www.w3.org/ns/shacl#ClosedConstraintComponent):
	Severity: sh:Violation
	Source Shape: chr:SchemaPropertyVocabularyShape
	Focus Node: ex:proc_potassium_6298_4
	Value Node: ex:Measurement_potassium_6298_4
	Result Path: <https://w3id.org/shexmap/resource/ontology-schema/d285f599-dc2e-4bd0-83f1-df21defa8821/hasResult>
	Message: Only the 24 properties declared in the CHR schema (plus rdf:type and rdfs:label) may be used on an individual.
Constraint Violation in ClosedConstraintComponent (http://www.w3.org/ns/shacl#ClosedConstraintComponent):
	Severity: sh:Violation
	Source Shape: chr:SchemaPropertyVocabularyShape
	Focus Node: ex:proc_potassium_6298_4
	Value Node: ex:status_completed
	Result Path: <https://w3id.org/shexmap/resource/ontology-schema/d285f599-dc2e-4bd0-83f1-df21defa8821/hasStatus>
	Message: Only the 24 properties declared in the CHR schema (plus rdf:type and rdfs:label) may be used on an individual.
Constraint Violation in ClosedConstraintComponent (http://www.w3.org/ns/shacl#ClosedConstraintComponent):
	Severity: sh:Violation
	Source Shape: chr:SchemaPropertyVocabularyShape
	Focus Node: ex:proc_protein_5804_0
	Value Node: Literal("2025-08-06T16:47:23+02:00" = 2025-08-06 16:47:23+02:00, datatype=xsd:dateTime)
	Result Path: <https://w3id.org/shexmap/resource/ontology-schema/d285f599-dc2e-4bd0-83f1-df21defa8821/hasPerformedDate>
	Message: Only the 24 properties declared in the CHR schema (plus rdf:type and rdfs:label) may be used on an individual.
Constraint Violation in ClosedConstraintComponent (http://www.w3.org/ns/shacl#ClosedConstraintComponent):
	Severity: sh:Violation
	Source Shape: chr:SchemaPropertyVocabularyShape
	Focus Node: ex:proc_protein_5804_0
	Value Node: ex:Arlen68_Olson653
	Result Path: <https://w3id.org/shexmap/resource/ontology-schema/d285f599-dc2e-4bd0-83f1-df21defa8821/hasPatient>
	Message: Only the 24 properties declared in the CHR schema (plus rdf:type and rdfs:label) may be used on an individual.
Constraint Violation in ClosedConstraintComponent (http://www.w3.org/ns/shacl#ClosedConstraintComponent):
	Severity: sh:Violation
	Source Shape: chr:SchemaPropertyVocabularyShape
	Focus Node: ex:proc_protein_5804_0
	Value Node: ex:Dr_Christeen33_Toy286
	Result Path: <https://w3id.org/shexmap/resource/ontology-schema/d285f599-dc2e-4bd0-83f1-df21defa8821/hasPerformer>
	Message: Only the 24 properties declared in the CHR schema (plus rdf:type and rdfs:label) may be used on an individual.
Constraint Violation in ClosedConstraintComponent (http://www.w3.org/ns/shacl#ClosedConstraintComponent):
	Severity: sh:Violation
	Source Shape: chr:SchemaPropertyVocabularyShape
	Focus Node: ex:proc_protein_5804_0
	Value Node: ex:Measurement_protein_5804_0
	Result Path: <https://w3id.org/shexmap/resource/ontology-schema/d285f599-dc2e-4bd0-83f1-df21defa8821/hasResult>
	Message: Only the 24 properties declared in the CHR schema (plus rdf:type and rdfs:label) may be used on an individual.
Constraint Violation in ClosedConstraintComponent (http://www.w3.org/ns/shacl#ClosedConstraintComponent):
	Severity: sh:Violation
	Source Shape: chr:SchemaPropertyVocabularyShape
	Focus Node: ex:proc_protein_5804_0
	Value Node: ex:status_completed
	Result Path: <https://w3id.org/shexmap/resource/ontology-schema/d285f599-dc2e-4bd0-83f1-df21defa8821/hasStatus>
	Message: Only the 24 properties declared in the CHR schema (plus rdf:type and rdfs:label) may be used on an individual.
Constraint Violation in ClosedConstraintComponent (http://www.w3.org/ns/shacl#ClosedConstraintComponent):
	Severity: sh:Violation
	Source Shape: chr:SchemaPropertyVocabularyShape
	Focus Node: ex:proc_resp_rate_9279_1
	Value Node: Literal("2025-08-06T16:47:23+02:00" = 2025-08-06 16:47:23+02:00, datatype=xsd:dateTime)
	Result Path: <https://w3id.org/shexmap/resource/ontology-schema/d285f599-dc2e-4bd0-83f1-df21defa8821/hasPerformedDate>
	Message: Only the 24 properties declared in the CHR schema (plus rdf:type and rdfs:label) may be used on an individual.
Constraint Violation in ClosedConstraintComponent (http://www.w3.org/ns/shacl#ClosedConstraintComponent):
	Severity: sh:Violation
	Source Shape: chr:SchemaPropertyVocabularyShape
	Focus Node: ex:proc_resp_rate_9279_1
	Value Node: ex:Arlen68_Olson653
	Result Path: <https://w3id.org/shexmap/resource/ontology-schema/d285f599-dc2e-4bd0-83f1-df21defa8821/hasPatient>
	Message: Only the 24 properties declared in the CHR schema (plus rdf:type and rdfs:label) may be used on an individual.
Constraint Violation in ClosedConstraintComponent (http://www.w3.org/ns/shacl#ClosedConstraintComponent):
	Severity: sh:Violation
	Source Shape: chr:SchemaPropertyVocabularyShape
	Focus Node: ex:proc_resp_rate_9279_1
	Value Node: ex:Dr_Christeen33_Toy286
	Result Path: <https://w3id.org/shexmap/resource/ontology-schema/d285f599-dc2e-4bd0-83f1-df21defa8821/hasPerformer>
	Message: Only the 24 properties declared in the CHR schema (plus rdf:type and rdfs:label) may be used on an individual.
Constraint Violation in ClosedConstraintComponent (http://www.w3.org/ns/shacl#ClosedConstraintComponent):
	Severity: sh:Violation
	Source Shape: chr:SchemaPropertyVocabularyShape
	Focus Node: ex:proc_resp_rate_9279_1
	Value Node: ex:Measurement_resp_rate_9279_1
	Result Path: <https://w3id.org/shexmap/resource/ontology-schema/d285f599-dc2e-4bd0-83f1-df21defa8821/hasResult>
	Message: Only the 24 properties declared in the CHR schema (plus rdf:type and rdfs:label) may be used on an individual.
Constraint Violation in ClosedConstraintComponent (http://www.w3.org/ns/shacl#ClosedConstraintComponent):
	Severity: sh:Violation
	Source Shape: chr:SchemaPropertyVocabularyShape
	Focus Node: ex:proc_resp_rate_9279_1
	Value Node: ex:status_completed
	Result Path: <https://w3id.org/shexmap/resource/ontology-schema/d285f599-dc2e-4bd0-83f1-df21defa8821/hasStatus>
	Message: Only the 24 properties declared in the CHR schema (plus rdf:type and rdfs:label) may be used on an individual.
Constraint Violation in ClosedConstraintComponent (http://www.w3.org/ns/shacl#ClosedConstraintComponent):
	Severity: sh:Violation
	Source Shape: chr:SchemaPropertyVocabularyShape
	Focus Node: ex:proc_sodium_2947_0
	Value Node: Literal("2025-08-06T16:47:23+02:00" = 2025-08-06 16:47:23+02:00, datatype=xsd:dateTime)
	Result Path: <https://w3id.org/shexmap/resource/ontology-schema/d285f599-dc2e-4bd0-83f1-df21defa8821/hasPerformedDate>
	Message: Only the 24 properties declared in the CHR schema (plus rdf:type and rdfs:label) may be used on an individual.
Constraint Violation in ClosedConstraintComponent (http://www.w3.org/ns/shacl#ClosedConstraintComponent):
	Severity: sh:Violation
	Source Shape: chr:SchemaPropertyVocabularyShape
	Focus Node: ex:proc_sodium_2947_0
	Value Node: ex:Arlen68_Olson653
	Result Path: <https://w3id.org/shexmap/resource/ontology-schema/d285f599-dc2e-4bd0-83f1-df21defa8821/hasPatient>
	Message: Only the 24 properties declared in the CHR schema (plus rdf:type and rdfs:label) may be used on an individual.
Constraint Violation in ClosedConstraintComponent (http://www.w3.org/ns/shacl#ClosedConstraintComponent):
	Severity: sh:Violation
	Source Shape: chr:SchemaPropertyVocabularyShape
	Focus Node: ex:proc_sodium_2947_0
	Value Node: ex:Dr_Christeen33_Toy286
	Result Path: <https://w3id.org/shexmap/resource/ontology-schema/d285f599-dc2e-4bd0-83f1-df21defa8821/hasPerformer>
	Message: Only the 24 properties declared in the CHR schema (plus rdf:type and rdfs:label) may be used on an individual.
Constraint Violation in ClosedConstraintComponent (http://www.w3.org/ns/shacl#ClosedConstraintComponent):
	Severity: sh:Violation
	Source Shape: chr:SchemaPropertyVocabularyShape
	Focus Node: ex:proc_sodium_2947_0
	Value Node: ex:Measurement_sodium_2947_0
	Result Path: <https://w3id.org/shexmap/resource/ontology-schema/d285f599-dc2e-4bd0-83f1-df21defa8821/hasResult>
	Message: Only the 24 properties declared in the CHR schema (plus rdf:type and rdfs:label) may be used on an individual.
Constraint Violation in ClosedConstraintComponent (http://www.w3.org/ns/shacl#ClosedConstraintComponent):
	Severity: sh:Violation
	Source Shape: chr:SchemaPropertyVocabularyShape
	Focus Node: ex:proc_sodium_2947_0
	Value Node: ex:status_completed
	Result Path: <https://w3id.org/shexmap/resource/ontology-schema/d285f599-dc2e-4bd0-83f1-df21defa8821/hasStatus>
	Message: Only the 24 properties declared in the CHR schema (plus rdf:type and rdfs:label) may be used on an individual.
Constraint Violation in ClosedConstraintComponent (http://www.w3.org/ns/shacl#ClosedConstraintComponent):
	Severity: sh:Violation
	Source Shape: chr:SchemaPropertyVocabularyShape
	Focus Node: ex:proc_sodium_2951_2
	Value Node: Literal("2025-08-06T16:47:23+02:00" = 2025-08-06 16:47:23+02:00, datatype=xsd:dateTime)
	Result Path: <https://w3id.org/shexmap/resource/ontology-schema/d285f599-dc2e-4bd0-83f1-df21defa8821/hasPerformedDate>
	Message: Only the 24 properties declared in the CHR schema (plus rdf:type and rdfs:label) may be used on an individual.
Constraint Violation in ClosedConstraintComponent (http://www.w3.org/ns/shacl#ClosedConstraintComponent):
	Severity: sh:Violation
	Source Shape: chr:SchemaPropertyVocabularyShape
	Focus Node: ex:proc_sodium_2951_2
	Value Node: ex:Arlen68_Olson653
	Result Path: <https://w3id.org/shexmap/resource/ontology-schema/d285f599-dc2e-4bd0-83f1-df21defa8821/hasPatient>
	Message: Only the 24 properties declared in the CHR schema (plus rdf:type and rdfs:label) may be used on an individual.
Constraint Violation in ClosedConstraintComponent (http://www.w3.org/ns/shacl#ClosedConstraintComponent):
	Severity: sh:Violation
	Source Shape: chr:SchemaPropertyVocabularyShape
	Focus Node: ex:proc_sodium_2951_2
	Value Node: ex:Dr_Christeen33_Toy286
	Result Path: <https://w3id.org/shexmap/resource/ontology-schema/d285f599-dc2e-4bd0-83f1-df21defa8821/hasPerformer>
	Message: Only the 24 properties declared in the CHR schema (plus rdf:type and rdfs:label) may be used on an individual.
Constraint Violation in ClosedConstraintComponent (http://www.w3.org/ns/shacl#ClosedConstraintComponent):
	Severity: sh:Violation
	Source Shape: chr:SchemaPropertyVocabularyShape
	Focus Node: ex:proc_sodium_2951_2
	Value Node: ex:Measurement_sodium_2951_2
	Result Path: <https://w3id.org/shexmap/resource/ontology-schema/d285f599-dc2e-4bd0-83f1-df21defa8821/hasResult>
	Message: Only the 24 properties declared in the CHR schema (plus rdf:type and rdfs:label) may be used on an individual.
Constraint Violation in ClosedConstraintComponent (http://www.w3.org/ns/shacl#ClosedConstraintComponent):
	Severity: sh:Violation
	Source Shape: chr:SchemaPropertyVocabularyShape
	Focus Node: ex:proc_sodium_2951_2
	Value Node: ex:status_completed
	Result Path: <https://w3id.org/shexmap/resource/ontology-schema/d285f599-dc2e-4bd0-83f1-df21defa8821/hasStatus>
	Message: Only the 24 properties declared in the CHR schema (plus rdf:type and rdfs:label) may be used on an individual.
Constraint Violation in ClosedConstraintComponent (http://www.w3.org/ns/shacl#ClosedConstraintComponent):
	Severity: sh:Violation
	Source Shape: chr:SchemaPropertyVocabularyShape
	Focus Node: ex:proc_spec_gravity_5811_5
	Value Node: Literal("2025-08-06T16:47:23+02:00" = 2025-08-06 16:47:23+02:00, datatype=xsd:dateTime)
	Result Path: <https://w3id.org/shexmap/resource/ontology-schema/d285f599-dc2e-4bd0-83f1-df21defa8821/hasPerformedDate>
	Message: Only the 24 properties declared in the CHR schema (plus rdf:type and rdfs:label) may be used on an individual.
Constraint Violation in ClosedConstraintComponent (http://www.w3.org/ns/shacl#ClosedConstraintComponent):
	Severity: sh:Violation
	Source Shape: chr:SchemaPropertyVocabularyShape
	Focus Node: ex:proc_spec_gravity_5811_5
	Value Node: ex:Arlen68_Olson653
	Result Path: <https://w3id.org/shexmap/resource/ontology-schema/d285f599-dc2e-4bd0-83f1-df21defa8821/hasPatient>
	Message: Only the 24 properties declared in the CHR schema (plus rdf:type and rdfs:label) may be used on an individual.
Constraint Violation in ClosedConstraintComponent (http://www.w3.org/ns/shacl#ClosedConstraintComponent):
	Severity: sh:Violation
	Source Shape: chr:SchemaPropertyVocabularyShape
	Focus Node: ex:proc_spec_gravity_5811_5
	Value Node: ex:Dr_Christeen33_Toy286
	Result Path: <https://w3id.org/shexmap/resource/ontology-schema/d285f599-dc2e-4bd0-83f1-df21defa8821/hasPerformer>
	Message: Only the 24 properties declared in the CHR schema (plus rdf:type and rdfs:label) may be used on an individual.
Constraint Violation in ClosedConstraintComponent (http://www.w3.org/ns/shacl#ClosedConstraintComponent):
	Severity: sh:Violation
	Source Shape: chr:SchemaPropertyVocabularyShape
	Focus Node: ex:proc_spec_gravity_5811_5
	Value Node: ex:Measurement_spec_gravity_5811_5
	Result Path: <https://w3id.org/shexmap/resource/ontology-schema/d285f599-dc2e-4bd0-83f1-df21defa8821/hasResult>
	Message: Only the 24 properties declared in the CHR schema (plus rdf:type and rdfs:label) may be used on an individual.
Constraint Violation in ClosedConstraintComponent (http://www.w3.org/ns/shacl#ClosedConstraintComponent):
	Severity: sh:Violation
	Source Shape: chr:SchemaPropertyVocabularyShape
	Focus Node: ex:proc_spec_gravity_5811_5
	Value Node: ex:status_completed
	Result Path: <https://w3id.org/shexmap/resource/ontology-schema/d285f599-dc2e-4bd0-83f1-df21defa8821/hasStatus>
	Message: Only the 24 properties declared in the CHR schema (plus rdf:type and rdfs:label) may be used on an individual.
Constraint Violation in ClosedConstraintComponent (http://www.w3.org/ns/shacl#ClosedConstraintComponent):
	Severity: sh:Violation
	Source Shape: chr:SchemaPropertyVocabularyShape
	Focus Node: ex:proc_triglyceride_2571_8
	Value Node: Literal("2025-08-06T16:47:23+02:00" = 2025-08-06 16:47:23+02:00, datatype=xsd:dateTime)
	Result Path: <https://w3id.org/shexmap/resource/ontology-schema/d285f599-dc2e-4bd0-83f1-df21defa8821/hasPerformedDate>
	Message: Only the 24 properties declared in the CHR schema (plus rdf:type and rdfs:label) may be used on an individual.
Constraint Violation in ClosedConstraintComponent (http://www.w3.org/ns/shacl#ClosedConstraintComponent):
	Severity: sh:Violation
	Source Shape: chr:SchemaPropertyVocabularyShape
	Focus Node: ex:proc_triglyceride_2571_8
	Value Node: ex:Arlen68_Olson653
	Result Path: <https://w3id.org/shexmap/resource/ontology-schema/d285f599-dc2e-4bd0-83f1-df21defa8821/hasPatient>
	Message: Only the 24 properties declared in the CHR schema (plus rdf:type and rdfs:label) may be used on an individual.
Constraint Violation in ClosedConstraintComponent (http://www.w3.org/ns/shacl#ClosedConstraintComponent):
	Severity: sh:Violation
	Source Shape: chr:SchemaPropertyVocabularyShape
	Focus Node: ex:proc_triglyceride_2571_8
	Value Node: ex:Dr_Christeen33_Toy286
	Result Path: <https://w3id.org/shexmap/resource/ontology-schema/d285f599-dc2e-4bd0-83f1-df21defa8821/hasPerformer>
	Message: Only the 24 properties declared in the CHR schema (plus rdf:type and rdfs:label) may be used on an individual.
Constraint Violation in ClosedConstraintComponent (http://www.w3.org/ns/shacl#ClosedConstraintComponent):
	Severity: sh:Violation
	Source Shape: chr:SchemaPropertyVocabularyShape
	Focus Node: ex:proc_triglyceride_2571_8
	Value Node: ex:Measurement_triglyceride_2571_8
	Result Path: <https://w3id.org/shexmap/resource/ontology-schema/d285f599-dc2e-4bd0-83f1-df21defa8821/hasResult>
	Message: Only the 24 properties declared in the CHR schema (plus rdf:type and rdfs:label) may be used on an individual.
Constraint Violation in ClosedConstraintComponent (http://www.w3.org/ns/shacl#ClosedConstraintComponent):
	Severity: sh:Violation
	Source Shape: chr:SchemaPropertyVocabularyShape
	Focus Node: ex:proc_triglyceride_2571_8
	Value Node: ex:status_completed
	Result Path: <https://w3id.org/shexmap/resource/ontology-schema/d285f599-dc2e-4bd0-83f1-df21defa8821/hasStatus>
	Message: Only the 24 properties declared in the CHR schema (plus rdf:type and rdfs:label) may be used on an individual.
Constraint Violation in ClosedConstraintComponent (http://www.w3.org/ns/shacl#ClosedConstraintComponent):
	Severity: sh:Violation
	Source Shape: chr:SchemaPropertyVocabularyShape
	Focus Node: ex:proc_urea_3094_0
	Value Node: Literal("2025-08-06T16:47:23+02:00" = 2025-08-06 16:47:23+02:00, datatype=xsd:dateTime)
	Result Path: <https://w3id.org/shexmap/resource/ontology-schema/d285f599-dc2e-4bd0-83f1-df21defa8821/hasPerformedDate>
	Message: Only the 24 properties declared in the CHR schema (plus rdf:type and rdfs:label) may be used on an individual.
Constraint Violation in ClosedConstraintComponent (http://www.w3.org/ns/shacl#ClosedConstraintComponent):
	Severity: sh:Violation
	Source Shape: chr:SchemaPropertyVocabularyShape
	Focus Node: ex:proc_urea_3094_0
	Value Node: ex:Arlen68_Olson653
	Result Path: <https://w3id.org/shexmap/resource/ontology-schema/d285f599-dc2e-4bd0-83f1-df21defa8821/hasPatient>
	Message: Only the 24 properties declared in the CHR schema (plus rdf:type and rdfs:label) may be used on an individual.
Constraint Violation in ClosedConstraintComponent (http://www.w3.org/ns/shacl#ClosedConstraintComponent):
	Severity: sh:Violation
	Source Shape: chr:SchemaPropertyVocabularyShape
	Focus Node: ex:proc_urea_3094_0
	Value Node: ex:Dr_Christeen33_Toy286
	Result Path: <https://w3id.org/shexmap/resource/ontology-schema/d285f599-dc2e-4bd0-83f1-df21defa8821/hasPerformer>
	Message: Only the 24 properties declared in the CHR schema (plus rdf:type and rdfs:label) may be used on an individual.
Constraint Violation in ClosedConstraintComponent (http://www.w3.org/ns/shacl#ClosedConstraintComponent):
	Severity: sh:Violation
	Source Shape: chr:SchemaPropertyVocabularyShape
	Focus Node: ex:proc_urea_3094_0
	Value Node: ex:Measurement_urea_3094_0
	Result Path: <https://w3id.org/shexmap/resource/ontology-schema/d285f599-dc2e-4bd0-83f1-df21defa8821/hasResult>
	Message: Only the 24 properties declared in the CHR schema (plus rdf:type and rdfs:label) may be used on an individual.
Constraint Violation in ClosedConstraintComponent (http://www.w3.org/ns/shacl#ClosedConstraintComponent):
	Severity: sh:Violation
	Source Shape: chr:SchemaPropertyVocabularyShape
	Focus Node: ex:proc_urea_3094_0
	Value Node: ex:status_completed
	Result Path: <https://w3id.org/shexmap/resource/ontology-schema/d285f599-dc2e-4bd0-83f1-df21defa8821/hasStatus>
	Message: Only the 24 properties declared in the CHR schema (plus rdf:type and rdfs:label) may be used on an individual.
Constraint Violation in ClosedConstraintComponent (http://www.w3.org/ns/shacl#ClosedConstraintComponent):
	Severity: sh:Violation
	Source Shape: chr:SchemaPropertyVocabularyShape
	Focus Node: ex:proc_urea_6299_2
	Value Node: Literal("2025-08-06T16:47:23+02:00" = 2025-08-06 16:47:23+02:00, datatype=xsd:dateTime)
	Result Path: <https://w3id.org/shexmap/resource/ontology-schema/d285f599-dc2e-4bd0-83f1-df21defa8821/hasPerformedDate>
	Message: Only the 24 properties declared in the CHR schema (plus rdf:type and rdfs:label) may be used on an individual.
Constraint Violation in ClosedConstraintComponent (http://www.w3.org/ns/shacl#ClosedConstraintComponent):
	Severity: sh:Violation
	Source Shape: chr:SchemaPropertyVocabularyShape
	Focus Node: ex:proc_urea_6299_2
	Value Node: ex:Arlen68_Olson653
	Result Path: <https://w3id.org/shexmap/resource/ontology-schema/d285f599-dc2e-4bd0-83f1-df21defa8821/hasPatient>
	Message: Only the 24 properties declared in the CHR schema (plus rdf:type and rdfs:label) may be used on an individual.
Constraint Violation in ClosedConstraintComponent (http://www.w3.org/ns/shacl#ClosedConstraintComponent):
	Severity: sh:Violation
	Source Shape: chr:SchemaPropertyVocabularyShape
	Focus Node: ex:proc_urea_6299_2
	Value Node: ex:Dr_Christeen33_Toy286
	Result Path: <https://w3id.org/shexmap/resource/ontology-schema/d285f599-dc2e-4bd0-83f1-df21defa8821/hasPerformer>
	Message: Only the 24 properties declared in the CHR schema (plus rdf:type and rdfs:label) may be used on an individual.
Constraint Violation in ClosedConstraintComponent (http://www.w3.org/ns/shacl#ClosedConstraintComponent):
	Severity: sh:Violation
	Source Shape: chr:SchemaPropertyVocabularyShape
	Focus Node: ex:proc_urea_6299_2
	Value Node: ex:Measurement_urea_6299_2
	Result Path: <https://w3id.org/shexmap/resource/ontology-schema/d285f599-dc2e-4bd0-83f1-df21defa8821/hasResult>
	Message: Only the 24 properties declared in the CHR schema (plus rdf:type and rdfs:label) may be used on an individual.
Constraint Violation in ClosedConstraintComponent (http://www.w3.org/ns/shacl#ClosedConstraintComponent):
	Severity: sh:Violation
	Source Shape: chr:SchemaPropertyVocabularyShape
	Focus Node: ex:proc_urea_6299_2
	Value Node: ex:status_completed
	Result Path: <https://w3id.org/shexmap/resource/ontology-schema/d285f599-dc2e-4bd0-83f1-df21defa8821/hasStatus>
	Message: Only the 24 properties declared in the CHR schema (plus rdf:type and rdfs:label) may be used on an individual.
Constraint Violation in ClosedConstraintComponent (http://www.w3.org/ns/shacl#ClosedConstraintComponent):
	Severity: sh:Violation
	Source Shape: chr:SchemaPropertyVocabularyShape
	Focus Node: ex:proc_weight_29463_7
	Value Node: Literal("2025-08-06T16:47:23+02:00" = 2025-08-06 16:47:23+02:00, datatype=xsd:dateTime)
	Result Path: <https://w3id.org/shexmap/resource/ontology-schema/d285f599-dc2e-4bd0-83f1-df21defa8821/hasPerformedDate>
	Message: Only the 24 properties declared in the CHR schema (plus rdf:type and rdfs:label) may be used on an individual.
Constraint Violation in ClosedConstraintComponent (http://www.w3.org/ns/shacl#ClosedConstraintComponent):
	Severity: sh:Violation
	Source Shape: chr:SchemaPropertyVocabularyShape
	Focus Node: ex:proc_weight_29463_7
	Value Node: ex:Arlen68_Olson653
	Result Path: <https://w3id.org/shexmap/resource/ontology-schema/d285f599-dc2e-4bd0-83f1-df21defa8821/hasPatient>
	Message: Only the 24 properties declared in the CHR schema (plus rdf:type and rdfs:label) may be used on an individual.
Constraint Violation in ClosedConstraintComponent (http://www.w3.org/ns/shacl#ClosedConstraintComponent):
	Severity: sh:Violation
	Source Shape: chr:SchemaPropertyVocabularyShape
	Focus Node: ex:proc_weight_29463_7
	Value Node: ex:Dr_Christeen33_Toy286
	Result Path: <https://w3id.org/shexmap/resource/ontology-schema/d285f599-dc2e-4bd0-83f1-df21defa8821/hasPerformer>
	Message: Only the 24 properties declared in the CHR schema (plus rdf:type and rdfs:label) may be used on an individual.
Constraint Violation in ClosedConstraintComponent (http://www.w3.org/ns/shacl#ClosedConstraintComponent):
	Severity: sh:Violation
	Source Shape: chr:SchemaPropertyVocabularyShape
	Focus Node: ex:proc_weight_29463_7
	Value Node: ex:Measurement_weight_29463_7
	Result Path: <https://w3id.org/shexmap/resource/ontology-schema/d285f599-dc2e-4bd0-83f1-df21defa8821/hasResult>
	Message: Only the 24 properties declared in the CHR schema (plus rdf:type and rdfs:label) may be used on an individual.
Constraint Violation in ClosedConstraintComponent (http://www.w3.org/ns/shacl#ClosedConstraintComponent):
	Severity: sh:Violation
	Source Shape: chr:SchemaPropertyVocabularyShape
	Focus Node: ex:proc_weight_29463_7
	Value Node: ex:status_completed
	Result Path: <https://w3id.org/shexmap/resource/ontology-schema/d285f599-dc2e-4bd0-83f1-df21defa8821/hasStatus>
	Message: Only the 24 properties declared in the CHR schema (plus rdf:type and rdfs:label) may be used on an individual.
Constraint Violation in HasValueConstraintComponent (http://www.w3.org/ns/shacl#HasValueConstraintComponent):
	Severity: sh:Violation
	Source Shape: [ sh:hasValue chr:CHRConcept ; sh:message Literal("rdf:type must be a class declared in the CHR schema (a subclass of chr:CHRConcept); this class is not in the schema.") ; sh:path [ sh:zeroOrMorePath rdfs:subClassOf ] ]
	Focus Node: ns1:ClinicalCondition
	Result Path: [ sh:zeroOrMorePath rdfs:subClassOf ]
	Message: rdf:type must be a class declared in the CHR schema (a subclass of chr:CHRConcept); this class is not in the schema.
Constraint Violation in HasValueConstraintComponent (http://www.w3.org/ns/shacl#HasValueConstraintComponent):
	Severity: sh:Violation
	Source Shape: [ sh:hasValue chr:CHRConcept ; sh:message Literal("rdf:type must be a class declared in the CHR schema (a subclass of chr:CHRConcept); this class is not in the schema.") ; sh:path [ sh:zeroOrMorePath rdfs:subClassOf ] ]
	Focus Node: ns1:Measurement
	Result Path: [ sh:zeroOrMorePath rdfs:subClassOf ]
	Message: rdf:type must be a class declared in the CHR schema (a subclass of chr:CHRConcept); this class is not in the schema.
Constraint Violation in HasValueConstraintComponent (http://www.w3.org/ns/shacl#HasValueConstraintComponent):
	Severity: sh:Violation
	Source Shape: [ sh:hasValue chr:CHRConcept ; sh:message Literal("rdf:type must be a class declared in the CHR schema (a subclass of chr:CHRConcept); this class is not in the schema.") ; sh:path [ sh:zeroOrMorePath rdfs:subClassOf ] ]
	Focus Node: ns1:MeasurementProcess
	Result Path: [ sh:zeroOrMorePath rdfs:subClassOf ]
	Message: rdf:type must be a class declared in the CHR schema (a subclass of chr:CHRConcept); this class is not in the schema.
Constraint Violation in HasValueConstraintComponent (http://www.w3.org/ns/shacl#HasValueConstraintComponent):
	Severity: sh:Violation
	Source Shape: [ sh:hasValue chr:CHRConcept ; sh:message Literal("rdf:type must be a class declared in the CHR schema (a subclass of chr:CHRConcept); this class is not in the schema.") ; sh:path [ sh:zeroOrMorePath rdfs:subClassOf ] ]
	Focus Node: ns1:ProcessStatus
	Result Path: [ sh:zeroOrMorePath rdfs:subClassOf ]
	Message: rdf:type must be a class declared in the CHR schema (a subclass of chr:CHRConcept); this class is not in the schema.
Constraint Violation in HasValueConstraintComponent (http://www.w3.org/ns/shacl#HasValueConstraintComponent):
	Severity: sh:Violation
	Source Shape: [ sh:hasValue chr:CHRConcept ; sh:message Literal("rdf:type must be a class declared in the CHR schema (a subclass of chr:CHRConcept); this class is not in the schema.") ; sh:path [ sh:zeroOrMorePath rdfs:subClassOf ] ]
	Focus Node: ns1:Severity
	Result Path: [ sh:zeroOrMorePath rdfs:subClassOf ]
	Message: rdf:type must be a class declared in the CHR schema (a subclass of chr:CHRConcept); this class is not in the schema.
Constraint Violation in PatternConstraintComponent (http://www.w3.org/ns/shacl#PatternConstraintComponent):
	Severity: sh:Violation
	Source Shape: chr:SchemaClassVocabularyShape
	Focus Node: ns1:ClinicalCondition
	Value Node: ns1:ClinicalCondition
	Message: rdf:type must be a class declared in the CHR schema; this class is not in the schema.
Constraint Violation in PatternConstraintComponent (http://www.w3.org/ns/shacl#PatternConstraintComponent):
	Severity: sh:Violation
	Source Shape: chr:SchemaClassVocabularyShape
	Focus Node: ns1:Measurement
	Value Node: ns1:Measurement
	Message: rdf:type must be a class declared in the CHR schema; this class is not in the schema.
Constraint Violation in PatternConstraintComponent (http://www.w3.org/ns/shacl#PatternConstraintComponent):
	Severity: sh:Violation
	Source Shape: chr:SchemaClassVocabularyShape
	Focus Node: ns1:MeasurementProcess
	Value Node: ns1:MeasurementProcess
	Message: rdf:type must be a class declared in the CHR schema; this class is not in the schema.
Constraint Violation in PatternConstraintComponent (http://www.w3.org/ns/shacl#PatternConstraintComponent):
	Severity: sh:Violation
	Source Shape: chr:SchemaClassVocabularyShape
	Focus Node: ns1:ProcessStatus
	Value Node: ns1:ProcessStatus
	Message: rdf:type must be a class declared in the CHR schema; this class is not in the schema.
Constraint Violation in PatternConstraintComponent (http://www.w3.org/ns/shacl#PatternConstraintComponent):
	Severity: sh:Violation
	Source Shape: chr:SchemaClassVocabularyShape
	Focus Node: ns1:Severity
	Value Node: ns1:Severity
	Message: rdf:type must be a class declared in the CHR schema; this class is not in the schema.

exit=1
