[   0.1s] segmenting (orchestrator) ...
[ 114.6s] 34 segments: s1[ClinicalVisit,Person,CareUnit,Person], s2[MeasurementProcess,Measurement,ProcessStatus], s3[MeasurementProcess,Measurement,ProcessStatus], s4[MeasurementProcess,Measurement,ProcessStatus], s5[MeasurementProcess,Measurement,ProcessStatus], s6[MeasurementProcess,Measurement,ProcessStatus], s7[MeasurementProcess,Measurement,ProcessStatus], s8[MeasurementProcess,Measurement,ProcessStatus], s9[MeasurementProcess,Measurement,ProcessStatus], s10[MeasurementProcess,Measurement,ProcessStatus], s11[MeasurementProcess,Measurement,ProcessStatus], s12[MeasurementProcess,Measurement,ProcessStatus], s13[MeasurementProcess,Measurement,ProcessStatus], s14[MeasurementProcess,Measurement,ProcessStatus], s15[MeasurementProcess,Measurement,ProcessStatus], s16[MeasurementProcess,Measurement,ProcessStatus], s17[MeasurementProcess,Measurement,ProcessStatus], s18[MeasurementProcess,Measurement,ProcessStatus], s19[MeasurementProcess,Measurement,ProcessStatus], s20[MeasurementProcess,Measurement,ProcessStatus], s21[MeasurementProcess,Measurement,ProcessStatus], s22[MeasurementProcess,Measurement,ProcessStatus], s23[MeasurementProcess,Measurement,ProcessStatus], s24[MeasurementProcess,Measurement,ProcessStatus], s25[MeasurementProcess,Measurement,ProcessStatus], s26[MeasurementProcess,Measurement,ProcessStatus], s27[MeasurementProcess,Measurement,ProcessStatus], s28[MeasurementProcess,Measurement,ProcessStatus], s29[MeasurementProcess,Measurement,ProcessStatus], s30[EvaluationProcess,DiagnosticStatement,ClinicalCondition], s31[EvaluationProcess,DiagnosticStatement,ClinicalCondition], s32[EvaluationProcess,DiagnosticStatement,ClinicalCondition], s33[EvaluationProcess,DiagnosticStatement,ClinicalCondition], s34[CarePlan]
[ 114.6s] build order: [CareUnit, ClinicalCondition, DiagnosticStatement, Measurement, Person, ProcessStatus] -> [EvaluationProcess, MeasurementProcess] -> [CarePlan, ClinicalVisit]
[ 114.6s] level 0: 6 agent(s), 0 known entities
[ 114.6s]   CareUnit: extracting (238 chars, 1 classes in view)
[ 114.6s]   ClinicalCondition: extracting (945 chars, 3 classes in view)
[ 114.7s]   DiagnosticStatement: extracting (945 chars, 1 classes in view)
[ 114.7s]   Measurement#1: extracting (2838 chars, 2 classes in view)
[ 122.5s]   CareUnit: cycle 0 -> conforms
[ 122.5s]   Measurement#2: extracting (3075 chars, 2 classes in view)
[ 128.5s]   DiagnosticStatement: cycle 0 -> conforms
[ 128.5s]   Measurement#3: extracting (1051 chars, 2 classes in view)
[ 131.9s]   ClinicalCondition: cycle 0 -> 1 violation(s)
[ 131.9s]   ClinicalCondition: fixing ...
[ 146.9s]   ClinicalCondition: cycle 1 -> 1 violation(s)
[ 146.9s]   ClinicalCondition: stopping (plateau)
[ 146.9s]   Person: extracting (238 chars, 1 classes in view)
[ 150.5s]   Measurement#3: dropped 2 individual(s) of other classes (already built by earlier levels)
[ 150.6s]   Measurement#3: cycle 0 -> 2 violation(s)
[ 150.6s]   Measurement#3: fixing ...
[ 154.4s]   Person: cycle 0 -> conforms
[ 154.4s]   ProcessStatus#1: extracting (2838 chars, 1 classes in view)
[ 159.8s]   ProcessStatus#1: cycle 0 -> 3 violation(s)
[ 159.8s]   ProcessStatus#1: fixing ...
[ 164.0s]   ProcessStatus#1: cycle 1 -> 3 violation(s)
[ 164.0s]   ProcessStatus#1: stopping (plateau)
[ 164.0s]   ProcessStatus#2: extracting (3075 chars, 1 classes in view)
[ 169.2s]   Measurement#3: cycle 1 -> conforms
[ 169.3s]   ProcessStatus#3: extracting (1051 chars, 1 classes in view)
[ 170.6s]   Measurement#1: dropped 8 individual(s) of other classes (already built by earlier levels)
[ 170.6s]   Measurement#1: cycle 0 -> 8 violation(s)
[ 170.6s]   Measurement#1: fixing ...
[ 173.5s]   Measurement#2: dropped 6 individual(s) of other classes (already built by earlier levels)
[ 173.6s]   Measurement#2: cycle 0 -> 6 violation(s)
[ 173.6s]   Measurement#2: fixing ...
[ 177.9s]   ProcessStatus#3: cycle 0 -> conforms
[ 192.9s]   ProcessStatus#2: cycle 0 -> 24 violation(s)
[ 192.9s]   ProcessStatus#2: fixing ...
[ 218.9s]   Measurement#1: cycle 1 -> conforms
[ 220.9s]   Measurement#2: cycle 1 -> conforms
[ 225.8s]   ProcessStatus#2: cycle 1 -> conforms
[ 225.8s]   ProcessStatus#2: 12 unresolved (honest gaps)
[ 225.9s] level 1: 2 agent(s), 69 known entities
[ 225.9s]   EvaluationProcess: extracting (945 chars, 7 classes in view)
[ 225.9s]   MeasurementProcess#1: extracting (2838 chars, 6 classes in view)
[ 225.9s]   MeasurementProcess#2: extracting (3075 chars, 6 classes in view)
[ 225.9s]   MeasurementProcess#3: extracting (1051 chars, 6 classes in view)
[ 245.4s]   EvaluationProcess: cycle 0 -> 41 violation(s)
[ 245.4s]   EvaluationProcess: fixing ...
[ 262.2s]   MeasurementProcess#3: cycle 0 -> 87 violation(s)
[ 262.2s]   MeasurementProcess#3: fixing ...
[ 267.1s]   EvaluationProcess: cycle 1 -> 41 violation(s)
[ 267.1s]   EvaluationProcess: stopping (plateau)
[ 298.5s]   MeasurementProcess#3: cycle 1 -> 3 violation(s)
[ 298.5s]   MeasurementProcess#3: fixing ...
[ 317.9s]   MeasurementProcess#1: cycle 0 -> 247 violation(s)
[ 317.9s]   MeasurementProcess#1: fixing ...
[ 323.6s]   MeasurementProcess#2: cycle 0 -> 247 violation(s)
[ 323.6s]   MeasurementProcess#2: fixing ...
[ 340.3s]   MeasurementProcess#3: cycle 2 -> 3 violation(s)
[ 340.3s]   MeasurementProcess#3: stopping (fix budget spent)
[ 407.8s]   MeasurementProcess#1: cycle 1 -> 247 violation(s)
[ 407.8s]   MeasurementProcess#1: stopping (plateau)
[ 413.8s]   MeasurementProcess#2: cycle 1 -> 247 violation(s)
[ 413.8s]   MeasurementProcess#2: stopping (plateau)
[ 413.9s] level 2: 2 agent(s), 125 known entities
[ 413.9s]   CarePlan: extracting (8370 chars, 4 classes in view)
[ 413.9s]   ClinicalVisit: extracting (8370 chars, 5 classes in view)
[ 426.7s]   CarePlan: cycle 0 -> 535 violation(s)
[ 426.7s]   CarePlan: fixing ...
[ 437.6s]   CarePlan: cycle 1 -> 535 violation(s)
[ 437.6s]   CarePlan: stopping (plateau)
[ 540.2s]   ClinicalVisit: cycle 0 -> 859 violation(s)
[ 540.2s]   ClinicalVisit: fixing ...
[ 654.5s]   ClinicalVisit: cycle 1 -> 859 violation(s)
[ 654.5s]   ClinicalVisit: stopping (plateau)
[ 654.8s] merging (orchestrator): 867 violation(s), 12 unresolved, 1 unparsed
[ 655.0s] merge FAILED (Error code: 400 - {'error': {'message': "litellm.ContextWindowExceededError: lit...) - returning the un-merged union
[ 655.2s] final: 867 violation(s)
conforms=False segments=16 llm_calls=31 unresolved=0
  orchestrator   1 calls     4637 in    5139 out  cost n/a  gemma4-g1
  total         30 calls   194015 in   53118 out  cost n/a  
  worker        29 calls   189378 in   47979 out  cost n/a  gemma4-g1
Constraint Violation in UndeclaredClass:
	Severity: sh:Violation
	Focus Node: http://example.org/data/Carbon_dioxide_20565-8
	Message: https://w3id.org/shexmap/resource/ontology-schema/d285f599-dc2e-4bd0-83f1-df21defa8821/Measurement is not a class of the vocabulary
Constraint Violation in UndeclaredClass:
	Severity: sh:Violation
	Focus Node: http://example.org/data/CarePlan_1
	Message: https://w3id.org/shexmap/resource/ontology-schema/d285f599-dc2e-4bd0-83f1-df21defa8821/CarePlan is not a class of the vocabulary
Constraint Violation in UndeclaredClass:
	Severity: sh:Violation
	Focus Node: http://example.org/data/Chloride_2069-3
	Message: https://w3id.org/shexmap/resource/ontology-schema/d285f599-dc2e-4bd0-83f1-df21defa8821/Measurement is not a class of the vocabulary
Constraint Violation in UndeclaredClass:
	Severity: sh:Violation
	Focus Node: http://example.org/data/Erythrocyte_788-0
	Message: https://w3id.org/shexmap/resource/ontology-schema/d285f599-dc2e-4bd0-83f1-df21defa8821/Measurement is not a class of the vocabulary
Constraint Violation in UndeclaredClass:
	Severity: sh:Violation
	Focus Node: http://example.org/data/Erythrocytes_789-8
	Message: https://w3id.org/shexmap/resource/ontology-schema/d285f599-dc2e-4bd0-83f1-df21defa8821/Measurement is not a class of the vocabulary
Constraint Violation in UndeclaredClass:
	Severity: sh:Violation
	Focus Node: http://example.org/data/Hematocrit_4544-3
	Message: https://w3id.org/shexmap/resource/ontology-schema/d285f599-dc2e-4bd0-83f1-df21defa8821/Measurement is not a class of the vocabulary
Constraint Violation in UndeclaredClass:
	Severity: sh:Violation
	Focus Node: http://example.org/data/Hemoglobin_718-7
	Message: https://w3id.org/shexmap/resource/ontology-schema/d285f599-dc2e-4bd0-83f1-df21defa8821/Measurement is not a class of the vocabulary
Constraint Violation in UndeclaredClass:
	Severity: sh:Violation
	Focus Node: http://example.org/data/Leukocytes_6690-2
	Message: https://w3id.org/shexmap/resource/ontology-schema/d285f599-dc2e-4bd0-83f1-df21defa8821/Measurement is not a class of the vocabulary
Constraint Violation in UndeclaredClass:
	Severity: sh:Violation
	Focus Node: http://example.org/data/MCHC_786-4
	Message: https://w3id.org/shexmap/resource/ontology-schema/d285f599-dc2e-4bd0-83f1-df21defa8821/Measurement is not a class of the vocabulary
Constraint Violation in UndeclaredClass:
	Severity: sh:Violation
	Focus Node: http://example.org/data/MCH_785-6
	Message: https://w3id.org/shexmap/resource/ontology-schema/d285f599-dc2e-4bd0-83f1-df21defa8821/Measurement is not a class of the vocabulary
Constraint Violation in UndeclaredClass:
	Severity: sh:Violation
	Focus Node: http://example.org/data/MCV_787-2
	Message: https://w3id.org/shexmap/resource/ontology-schema/d285f599-dc2e-4bd0-83f1-df21defa8821/Measurement is not a class of the vocabulary
Constraint Violation in UndeclaredClass:
	Severity: sh:Violation
	Focus Node: http://example.org/data/Platelets_777-3
	Message: https://w3id.org/shexmap/resource/ontology-schema/d285f599-dc2e-4bd0-83f1-df21defa8821/Measurement is not a class of the vocabulary
Constraint Violation in UndeclaredClass:
	Severity: sh:Violation
	Focus Node: http://example.org/data/Potassium_6298-4
	Message: https://w3id.org/shexmap/resource/ontology-schema/d285f599-dc2e-4bd0-83f1-df21defa8821/Measurement is not a class of the vocabulary
Constraint Violation in UndeclaredClass:
	Severity: sh:Violation
	Focus Node: http://example.org/data/evaluation_labor_force_20041227T212823
	Message: https://w3id.org/shexmap/resource/ontology-schema/d285f599-dc2e-4bd0-83f1-df21defa8821/EvaluationProcess is not a class of the vocabulary
Constraint Violation in UndeclaredClass:
	Severity: sh:Violation
	Focus Node: http://example.org/data/evaluation_medication_review_20041227T203554
	Message: https://w3id.org/shexmap/resource/ontology-schema/d285f599-dc2e-4bd0-83f1-df21defa8821/EvaluationProcess is not a class of the vocabulary
Constraint Violation in UndeclaredClass:
	Severity: sh:Violation
	Focus Node: http://example.org/data/evaluation_medication_review_20041227T203554
	Message: https://w3id.org/shexmap/resource/ontology-schema/d285f599-dc2e-4bd0-83f1-df21defa8821/MedicalProcedure is not a class of the vocabulary
Constraint Violation in UndeclaredClass:
	Severity: sh:Violation
	Focus Node: http://example.org/data/evaluation_obesity_20041227T203554
	Message: https://w3id.org/shexmap/resource/ontology-schema/d285f599-dc2e-4bd0-83f1-df21defa8821/EvaluationProcess is not a class of the vocabulary
Constraint Violation in UndeclaredClass:
	Severity: sh:Violation
	Focus Node: http://example.org/data/evaluation_stress_20041227T212823
	Message: https://w3id.org/shexmap/resource/ontology-schema/d285f599-dc2e-4bd0-83f1-df21defa8821/EvaluationProcess is not a class of the vocabulary
Constraint Violation in UndeclaredClass:
	Severity: sh:Violation
	Focus Node: http://example.org/data/measurement_BMI_39156_5
	Message: https://w3id.org/shexmap/resource/ontology-schema/d285f599-dc2e-4bd0-83f1-df21defa8821/Measurement is not a class of the vocabulary
Constraint Violation in UndeclaredClass:
	Severity: sh:Violation
	Focus Node: http://example.org/data/measurement_Body_Height_8302_2
	Message: https://w3id.org/shexmap/resource/ontology-schema/d285f599-dc2e-4bd0-83f1-df21defa8821/Measurement is not a class of the vocabulary
Constraint Violation in UndeclaredClass:
	Severity: sh:Violation
	Focus Node: http://example.org/data/measurement_Body_Weight_29463_7
	Message: https://w3id.org/shexmap/resource/ontology-schema/d285f599-dc2e-4bd0-83f1-df21defa8821/Measurement is not a class of the vocabulary
Constraint Violation in UndeclaredClass:
	Severity: sh:Violation
	Focus Node: http://example.org/data/measurement_Calcium_49765_1
	Message: https://w3id.org/shexmap/resource/ontology-schema/d285f599-dc2e-4bd0-83f1-df21defa8821/Measurement is not a class of the vocabulary
Constraint Violation in UndeclaredClass:
	Severity: sh:Violation
	Focus Node: http://example.org/data/measurement_Creatinine_38483_4
	Message: https://w3id.org/shexmap/resource/ontology-schema/d285f599-dc2e-4bd0-83f1-df21defa8821/Measurement is not a class of the vocabulary
Constraint Violation in UndeclaredClass:
	Severity: sh:Violation
	Focus Node: http://example.org/data/measurement_Glucose_2339_0
	Message: https://w3id.org/shexmap/resource/ontology-schema/d285f599-dc2e-4bd0-83f1-df21defa8821/Measurement is not a class of the vocabulary
Constraint Violation in UndeclaredClass:
	Severity: sh:Violation
	Focus Node: http://example.org/data/measurement_Heart_rate_8867_4
	Message: https://w3id.org/shexmap/resource/ontology-schema/d285f599-dc2e-4bd0-83f1-df21defa8821/Measurement is not a class of the vocabulary
Constraint Violation in UndeclaredClass:
	Severity: sh:Violation
	Focus Node: http://example.org/data/measurement_Hemoglobin_A1c_4548_4
	Message: https://w3id.org/shexmap/resource/ontology-schema/d285f599-dc2e-4bd0-83f1-df21defa8821/Measurement is not a class of the vocabulary
Constraint Violation in UndeclaredClass:
	Severity: sh:Violation
	Focus Node: http://example.org/data/measurement_Pain_severity_72514_3
	Message: https://w3id.org/shexmap/resource/ontology-schema/d285f599-dc2e-4bd0-83f1-df21defa8821/Measurement is not a class of the vocabulary
Constraint Violation in UndeclaredClass:
	Severity: sh:Violation
	Focus Node: http://example.org/data/measurement_Respiratory_rate_9279_1
	Message: https://w3id.org/shexmap/resource/ontology-schema/d285f599-dc2e-4bd0-83f1-df21defa8821/Measurement is not a class of the vocabulary
Constraint Violation in UndeclaredClass:
	Severity: sh:Violation
	Focus Node: http://example.org/data/measurement_Sodium_2947_0
	Message: https://w3id.org/shexmap/resource/ontology-schema/d285f599-dc2e-4bd0-83f1-df21defa8821/Measurement is not a class of the vocabulary
Constraint Violation in UndeclaredClass:
	Severity: sh:Violation
	Focus Node: http://example.org/data/measurement_Urea_nitrogen_6299_2
	Message: https://w3id.org/shexmap/resource/ontology-schema/d285f599-dc2e-4bd0-83f1-df21defa8821/Measurement is not a class of the vocabulary
Constraint Violation in UndeclaredClass:
	Severity: sh:Violation
	Focus Node: http://example.org/data/proc_AUDIT_C_75626_2
	Message: https://w3id.org/shexmap/resource/ontology-schema/d285f599-dc2e-4bd0-83f1-df21defa8821/MedicalProcedure is not a class of the vocabulary
Constraint Violation in UndeclaredClass:
	Severity: sh:Violation
	Focus Node: http://example.org/data/proc_BMI_39156_5
	Message: https://w3id.org/shexmap/resource/ontology-schema/d285f599-dc2e-4bd0-83f1-df21defa8821/MedicalProcedure is not a class of the vocabulary
Constraint Violation in UndeclaredClass:
	Severity: sh:Violation
	Focus Node: http://example.org/data/proc_BodyHeight_8302_2
	Message: https://w3id.org/shexmap/resource/ontology-schema/d285f599-dc2e-4bd0-83f1-df21defa8821/MedicalProcedure is not a class of the vocabulary
Constraint Violation in UndeclaredClass:
	Severity: sh:Violation
	Focus Node: http://example.org/data/proc_BodyWeight_29463_7
	Message: https://w3id.org/shexmap/resource/ontology-schema/d285f599-dc2e-4bd0-83f1-df21defa8821/MedicalProcedure is not a class of the vocabulary
Constraint Violation in UndeclaredClass:
	Severity: sh:Violation
	Focus Node: http://example.org/data/proc_CO2_20565_8
	Message: https://w3id.org/shexmap/resource/ontology-schema/d285f599-dc2e-4bd0-83f1-df21defa8821/MedicalProcedure is not a class of the vocabulary
Constraint Violation in UndeclaredClass:
	Severity: sh:Violation
	Focus Node: http://example.org/data/proc_Calcium_49765_1
	Message: https://w3id.org/shexmap/resource/ontology-schema/d285f599-dc2e-4bd0-83f1-df21defa8821/MedicalProcedure is not a class of the vocabulary
Constraint Violation in UndeclaredClass:
	Severity: sh:Violation
	Focus Node: http://example.org/data/proc_Chloride_2069_3
	Message: https://w3id.org/shexmap/resource/ontology-schema/d285f599-dc2e-4bd0-83f1-df21defa8821/MedicalProcedure is not a class of the vocabulary
Constraint Violation in UndeclaredClass:
	Severity: sh:Violation
	Focus Node: http://example.org/data/proc_Creatinine_38483_4
	Message: https://w3id.org/shexmap/resource/ontology-schema/d285f599-dc2e-4bd0-83f1-df21defa8821/MedicalProcedure is not a class of the vocabulary
Constraint Violation in UndeclaredClass:
	Severity: sh:Violation
	Focus Node: http://example.org/data/proc_ErythrocyteDistWidth_788_0
	Message: https://w3id.org/shexmap/resource/ontology-schema/d285f599-dc2e-4bd0-83f1-df21defa8821/MedicalProcedure is not a class of the vocabulary
Constraint Violation in UndeclaredClass:
	Severity: sh:Violation
	Focus Node: http://example.org/data/proc_Erythrocytes_789_8
	Message: https://w3id.org/shexmap/resource/ontology-schema/d285f599-dc2e-4bd0-83f1-df21defa8821/MedicalProcedure is not a class of the vocabulary
Constraint Violation in UndeclaredClass:
	Severity: sh:Violation
	Focus Node: http://example.org/data/proc_Glucose_2339_0
	Message: https://w3id.org/shexmap/resource/ontology-schema/d285f599-dc2e-4bd0-83f1-df21defa8821/MedicalProcedure is not a class of the vocabulary
Constraint Violation in UndeclaredClass:
	Severity: sh:Violation
	Focus Node: http://example.org/data/proc_HbA1c_4548_4
	Message: https://w3id.org/shexmap/resource/ontology-schema/d285f599-dc2e-4bd0-83f1-df21defa8821/MedicalProcedure is not a class of the vocabulary
Constraint Violation in UndeclaredClass:
	Severity: sh:Violation
	Focus Node: http://example.org/data/proc_HeartRate_8867_4
	Message: https://w3id.org/shexmap/resource/ontology-schema/d285f599-dc2e-4bd0-83f1-df21defa8821/MedicalProcedure is not a class of the vocabulary
Constraint Violation in UndeclaredClass:
	Severity: sh:Violation
	Focus Node: http://example.org/data/proc_Hematocrit_4544_3
	Message: https://w3id.org/shexmap/resource/ontology-schema/d285f599-dc2e-4bd0-83f1-df21defa8821/MedicalProcedure is not a class of the vocabulary
Constraint Violation in UndeclaredClass:
	Severity: sh:Violation
	Focus Node: http://example.org/data/proc_Hemoglobin_718_7
	Message: https://w3id.org/shexmap/resource/ontology-schema/d285f599-dc2e-4bd0-83f1-df21defa8821/MedicalProcedure is not a class of the vocabulary
Constraint Violation in UndeclaredClass:
	Severity: sh:Violation
	Focus Node: http://example.org/data/proc_LaborForce_741062008
	Message: https://w3id.org/shexmap/resource/ontology-schema/d285f599-dc2e-4bd0-83f1-df21defa8821/MedicalProcedure is not a class of the vocabulary
Constraint Violation in UndeclaredClass:
	Severity: sh:Violation
	Focus Node: http://example.org/data/proc_Leukocytes_6690_2
	Message: https://w3id.org/shexmap/resource/ontology-schema/d285f599-dc2e-4bd0-83f1-df21defa8821/MedicalProcedure is not a class of the vocabulary
Constraint Violation in UndeclaredClass:
	Severity: sh:Violation
	Focus Node: http://example.org/data/proc_MCHC_786_4
	Message: https://w3id.org/shexmap/resource/ontology-schema/d285f599-dc2e-4bd0-83f1-df21defa8821/MedicalProcedure is not a class of the vocabulary
Constraint Violation in UndeclaredClass:
	Severity: sh:Violation
	Focus Node: http://example.org/data/proc_MCH_785_6
	Message: https://w3id.org/shexmap/resource/ontology-schema/d285f599-dc2e-4bd0-83f1-df21defa8821/MedicalProcedure is not a class of the vocabulary
Constraint Violation in UndeclaredClass:
	Severity: sh:Violation
	Focus Node: http://example.org/data/proc_MCV_787_2
	Message: https://w3id.org/shexmap/resource/ontology-schema/d285f599-dc2e-4bd0-83f1-df21defa8821/MedicalProcedure is not a class of the vocabulary
Constraint Violation in UndeclaredClass:
	Severity: sh:Violation
	Focus Node: http://example.org/data/proc_MedicationReview_314529007
	Message: https://w3id.org/shexmap/resource/ontology-schema/d285f599-dc2e-4bd0-83f1-df21defa8821/MedicalProcedure is not a class of the vocabulary
Constraint Violation in UndeclaredClass:
	Severity: sh:Violation
	Focus Node: http://example.org/data/proc_Obesity_162864005
	Message: https://w3id.org/shexmap/resource/ontology-schema/d285f599-dc2e-4bd0-83f1-df21defa8821/MedicalProcedure is not a class of the vocabulary
Constraint Violation in UndeclaredClass:
	Severity: sh:Violation
	Focus Node: http://example.org/data/proc_PDW_32207_3
	Message: https://w3id.org/shexmap/resource/ontology-schema/d285f599-dc2e-4bd0-83f1-df21defa8821/MedicalProcedure is not a class of the vocabulary
Constraint Violation in UndeclaredClass:
	Severity: sh:Violation
	Focus Node: http://example.org/data/proc_PHQ2_55758_7
	Message: https://w3id.org/shexmap/resource/ontology-schema/d285f599-dc2e-4bd0-83f1-df21defa8821/MedicalProcedure is not a class of the vocabulary
Constraint Violation in UndeclaredClass:
	Severity: sh:Violation
	Focus Node: http://example.org/data/proc_PMCV_32623_1
	Message: https://w3id.org/shexmap/resource/ontology-schema/d285f599-dc2e-4bd0-83f1-df21defa8821/MedicalProcedure is not a class of the vocabulary
Constraint Violation in UndeclaredClass:
	Severity: sh:Violation
	Focus Node: http://example.org/data/proc_PainSeverity_72514_3
	Message: https://w3id.org/shexmap/resource/ontology-schema/d285f599-dc2e-4bd0-83f1-df21defa8821/MedicalProcedure is not a class of the vocabulary
Constraint Violation in UndeclaredClass:
	Severity: sh:Violation
	Focus Node: http://example.org/data/proc_Platelets_777_3
	Message: https://w3id.org/shexmap/resource/ontology-schema/d285f599-dc2e-4bd0-83f1-df21defa8821/MedicalProcedure is not a class of the vocabulary
Constraint Violation in UndeclaredClass:
	Severity: sh:Violation
	Focus Node: http://example.org/data/proc_Potassium_6298_4
	Message: https://w3id.org/shexmap/resource/ontology-schema/d285f599-dc2e-4bd0-83f1-df21defa8821/MedicalProcedure is not a class of the vocabulary
Constraint Violation in UndeclaredClass:
	Severity: sh:Violation
	Focus Node: http://example.org/data/proc_RespiratoryRate_9279_1
	Message: https://w3id.org/shexmap/resource/ontology-schema/d285f599-dc2e-4bd0-83f1-df21defa8821/MedicalProcedure is not a class of the vocabulary
Constraint Violation in UndeclaredClass:
	Severity: sh:Violation
	Focus Node: http://example.org/data/proc_Sodium_2947_0
	Message: https://w3id.org/shexmap/resource/ontology-schema/d285f599-dc2e-4bd0-83f1-df21defa8821/MedicalProcedure is not a class of the vocabulary
Constraint Violation in UndeclaredClass:
	Severity: sh:Violation
	Focus Node: http://example.org/data/proc_Stress_73595000
	Message: https://w3id.org/shexmap/resource/ontology-schema/d285f599-dc2e-4bd0-83f1-df21defa8821/MedicalProcedure is not a class of the vocabulary
Constraint Violation in UndeclaredClass:
	Severity: sh:Violation
	Focus Node: http://example.org/data/proc_UreaNitrogen_6299_2
	Message: https://w3id.org/shexmap/resource/ontology-schema/d285f599-dc2e-4bd0-83f1-df21defa8821/MedicalProcedure is not a class of the vocabulary
Constraint Violation in UndeclaredClass:
	Severity: sh:Violation
	Focus Node: http://example.org/data/process_BMI_39156_5
	Message: https://w3id.org/shexmap/resource/ontology-schema/d285f599-dc2e-4bd0-83f1-df21defa8821/MeasurementProcess is not a class of the vocabulary
Constraint Violation in UndeclaredClass:
	Severity: sh:Violation
	Focus Node: http://example.org/data/process_Body_Height_8302_2
	Message: https://w3id.org/shexmap/resource/ontology-schema/d285f599-dc2e-4bd0-83f1-df21defa8821/MeasurementProcess is not a class of the vocabulary
Constraint Violation in UndeclaredClass:
	Severity: sh:Violation
	Focus Node: http://example.org/data/process_Body_Weight_29463_7
	Message: https://w3id.org/shexmap/resource/ontology-schema/d285f599-dc2e-4bd0-83f1-df21defa8821/MeasurementProcess is not a class of the vocabulary
Constraint Violation in UndeclaredClass:
	Severity: sh:Violation
	Focus Node: http://example.org/data/process_Calcium_49765_1
	Message: https://w3id.org/shexmap/resource/ontology-schema/d285f599-dc2e-4bd0-83f1-df21defa8821/MeasurementProcess is not a class of the vocabulary
Constraint Violation in UndeclaredClass:
	Severity: sh:Violation
	Focus Node: http://example.org/data/process_Carbon_dioxide_20565_8
	Message: https://w3id.org/shexmap/resource/ontology-schema/d285f599-dc2e-4bd0-83f1-df21defa8821/MeasurementProcess is not a class of the vocabulary
Constraint Violation in UndeclaredClass:
	Severity: sh:Violation
	Focus Node: http://example.org/data/process_Chloride_2069_3
	Message: https://w3id.org/shexmap/resource/ontology-schema/d285f599-dc2e-4bd0-83f1-df21defa8821/MeasurementProcess is not a class of the vocabulary
Constraint Violation in UndeclaredClass:
	Severity: sh:Violation
	Focus Node: http://example.org/data/process_Creatinine_38483_4
	Message: https://w3id.org/shexmap/resource/ontology-schema/d285f599-dc2e-4bd0-83f1-df21defa8821/MeasurementProcess is not a class of the vocabulary
Constraint Violation in UndeclaredClass:
	Severity: sh:Violation
	Focus Node: http://example.org/data/process_Erythrocyte_788_0
	Message: https://w3id.org/shexmap/resource/ontology-schema/d285f599-dc2e-4bd0-83f1-df21defa8821/MeasurementProcess is not a class of the vocabulary
Constraint Violation in UndeclaredClass:
	Severity: sh:Violation
	Focus Node: http://example.org/data/process_Erythrocytes_789_8
	Message: https://w3id.org/shexmap/resource/ontology-schema/d285f599-dc2e-4bd0-83f1-df21defa8821/MeasurementProcess is not a class of the vocabulary
Constraint Violation in UndeclaredClass:
	Severity: sh:Violation
	Focus Node: http://example.org/data/process_Glucose_2339_0
	Message: https://w3id.org/shexmap/resource/ontology-schema/d285f599-dc2e-4bd0-83f1-df21defa8821/MeasurementProcess is not a class of the vocabulary
Constraint Violation in UndeclaredClass:
	Severity: sh:Violation
	Focus Node: http://example.org/data/process_Heart_rate_8867_4
	Message: https://w3id.org/shexmap/resource/ontology-schema/d285f599-dc2e-4bd0-83f1-df21defa8821/MeasurementProcess is not a class of the vocabulary
Constraint Violation in UndeclaredClass:
	Severity: sh:Violation
	Focus Node: http://example.org/data/process_Hematocrit_4544_3
	Message: https://w3id.org/shexmap/resource/ontology-schema/d285f599-dc2e-4bd0-83f1-df21defa8821/MeasurementProcess is not a class of the vocabulary
Constraint Violation in UndeclaredClass:
	Severity: sh:Violation
	Focus Node: http://example.org/data/process_Hemoglobin_718_7
	Message: https://w3id.org/shexmap/resource/ontology-schema/d285f599-dc2e-4bd0-83f1-df21defa8821/MeasurementProcess is not a class of the vocabulary
Constraint Violation in UndeclaredClass:
	Severity: sh:Violation
	Focus Node: http://example.org/data/process_Hemoglobin_A1c_4548_4
	Message: https://w3id.org/shexmap/resource/ontology-schema/d285f599-dc2e-4bd0-83f1-df21defa8821/MeasurementProcess is not a class of the vocabulary
Constraint Violation in UndeclaredClass:
	Severity: sh:Violation
	Focus Node: http://example.org/data/process_Leukocytes_6690_2
	Message: https://w3id.org/shexmap/resource/ontology-schema/d285f599-dc2e-4bd0-83f1-df21defa8821/MeasurementProcess is not a class of the vocabulary
Constraint Violation in UndeclaredClass:
	Severity: sh:Violation
	Focus Node: http://example.org/data/process_MCHC_786_4
	Message: https://w3id.org/shexmap/resource/ontology-schema/d285f599-dc2e-4bd0-83f1-df21defa8821/MeasurementProcess is not a class of the vocabulary
Constraint Violation in UndeclaredClass:
	Severity: sh:Violation
	Focus Node: http://example.org/data/process_MCH_785_6
	Message: https://w3id.org/shexmap/resource/ontology-schema/d285f599-dc2e-4bd0-83f1-df21defa8821/MeasurementProcess is not a class of the vocabulary
Constraint Violation in UndeclaredClass:
	Severity: sh:Violation
	Focus Node: http://example.org/data/process_MCV_787_2
	Message: https://w3id.org/shexmap/resource/ontology-schema/d285f599-dc2e-4bd0-83f1-df21defa8821/MeasurementProcess is not a class of the vocabulary
Constraint Violation in UndeclaredClass:
	Severity: sh:Violation
	Focus Node: http://example.org/data/process_Pain_severity_72514_3
	Message: https://w3id.org/shexmap/resource/ontology-schema/d285f599-dc2e-4bd0-83f1-df21defa8821/MeasurementProcess is not a class of the vocabulary
Constraint Violation in UndeclaredClass:
	Severity: sh:Violation
	Focus Node: http://example.org/data/process_Platelets_777_3
	Message: https://w3id.org/shexmap/resource/ontology-schema/d285f599-dc2e-4bd0-83f1-df21defa8821/MeasurementProcess is not a class of the vocabulary
Constraint Violation in UndeclaredClass:
	Severity: sh:Violation
	Focus Node: http://example.org/data/process_Potassium_6298_4
	Message: https://w3id.org/shexmap/resource/ontology-schema/d285f599-dc2e-4bd0-83f1-df21defa8821/MeasurementProcess is not a class of the vocabulary
Constraint Violation in UndeclaredClass:
	Severity: sh:Violation
	Focus Node: http://example.org/data/process_Respiratory_rate_9279_1
	Message: https://w3id.org/shexmap/resource/ontology-schema/d285f599-dc2e-4bd0-83f1-df21defa8821/MeasurementProcess is not a class of the vocabulary
Constraint Violation in UndeclaredClass:
	Severity: sh:Violation
	Focus Node: http://example.org/data/process_Sodium_2947_0
	Message: https://w3id.org/shexmap/resource/ontology-schema/d285f599-dc2e-4bd0-83f1-df21defa8821/MeasurementProcess is not a class of the vocabulary
Constraint Violation in UndeclaredClass:
	Severity: sh:Violation
	Focus Node: http://example.org/data/process_Urea_nitrogen_6299_2
	Message: https://w3id.org/shexmap/resource/ontology-schema/d285f599-dc2e-4bd0-83f1-df21defa8821/MeasurementProcess is not a class of the vocabulary
Constraint Violation in UndeclaredClass:
	Severity: sh:Violation
	Focus Node: http://example.org/data/status_completed
	Message: https://w3id.org/shexmap/resource/ontology-schema/d285f599-dc2e-4bd0-83f1-df21defa8821/ProcessStatus is not a class of the vocabulary
Constraint Violation in UndeclaredClass:
	Severity: sh:Violation
	Focus Node: http://example.org/data/visit_20041227T203554
	Message: https://w3id.org/shexmap/resource/ontology-schema/d285f599-dc2e-4bd0-83f1-df21defa8821/ClinicalVisit is not a class of the vocabulary
Constraint Violation in UndeclaredProperty:
	Severity: sh:Violation
	Focus Node: http://example.org/data/Carbon_dioxide_20565-8
	Message: https://w3id.org/shexmap/resource/ontology-schema/d285f599-dc2e-4bd0-83f1-df21defa8821/hasCode is not a property of the vocabulary
Constraint Violation in UndeclaredProperty:
	Severity: sh:Violation
	Focus Node: http://example.org/data/Carbon_dioxide_20565-8
	Message: https://w3id.org/shexmap/resource/ontology-schema/d285f599-dc2e-4bd0-83f1-df21defa8821/hasMeasuredDate is not a property of the vocabulary
Constraint Violation in UndeclaredProperty:
	Severity: sh:Violation
	Focus Node: http://example.org/data/Carbon_dioxide_20565-8
	Message: https://w3id.org/shexmap/resource/ontology-schema/d285f599-dc2e-4bd0-83f1-df21defa8821/hasQuantityValue is not a property of the vocabulary
Constraint Violation in UndeclaredProperty:
	Severity: sh:Violation
	Focus Node: http://example.org/data/Carbon_dioxide_20565-8
	Message: https://w3id.org/shexmap/resource/ontology-schema/d285f599-dc2e-4bd0-83f1-df21defa8821/hasUnit is not a property of the vocabulary
Constraint Violation in UndeclaredProperty:
	Severity: sh:Violation
	Focus Node: http://example.org/data/CarePlan_1
	Message: https://w3id.org/shexmap/resource/ontology-schema/d285f599-dc2e-4bd0-83f1-df21defa8821/hasMedicalProcedure is not a property of the vocabulary
Constraint Violation in UndeclaredProperty:
	Severity: sh:Violation
	Focus Node: http://example.org/data/Chloride_2069-3
	Message: https://w3id.org/shexmap/resource/ontology-schema/d285f599-dc2e-4bd0-83f1-df21defa8821/hasCode is not a property of the vocabulary
Constraint Violation in UndeclaredProperty:
	Severity: sh:Violation
	Focus Node: http://example.org/data/Chloride_2069-3
	Message: https://w3id.org/shexmap/resource/ontology-schema/d285f599-dc2e-4bd0-83f1-df21defa8821/hasMeasuredDate is not a property of the vocabulary
Constraint Violation in UndeclaredProperty:
	Severity: sh:Violation
	Focus Node: http://example.org/data/Chloride_2069-3
	Message: https://w3id.org/shexmap/resource/ontology-schema/d285f599-dc2e-4bd0-83f1-df21defa8821/hasQuantityValue is not a property of the vocabulary
Constraint Violation in UndeclaredProperty:
	Severity: sh:Violation
	Focus Node: http://example.org/data/Chloride_2069-3
	Message: https://w3id.org/shexmap/resource/ontology-schema/d285f599-dc2e-4bd0-83f1-df21defa8821/hasUnit is not a property of the vocabulary
Constraint Violation in UndeclaredProperty:
	Severity: sh:Violation
	Focus Node: http://example.org/data/Erythrocyte_788-0
	Message: https://w3id.org/shexmap/resource/ontology-schema/d285f599-dc2e-4bd0-83f1-df21defa8821/hasCode is not a property of the vocabulary
Constraint Violation in UndeclaredProperty:
	Severity: sh:Violation
	Focus Node: http://example.org/data/Erythrocyte_788-0
	Message: https://w3id.org/shexmap/resource/ontology-schema/d285f599-dc2e-4bd0-83f1-df21defa8821/hasMeasuredDate is not a property of the vocabulary
Constraint Violation in UndeclaredProperty:
	Severity: sh:Violation
	Focus Node: http://example.org/data/Erythrocyte_788-0
	Message: https://w3id.org/shexmap/resource/ontology-schema/d285f599-dc2e-4bd0-83f1-df21defa8821/hasQuantityValue is not a property of the vocabulary
Constraint Violation in UndeclaredProperty:
	Severity: sh:Violation
	Focus Node: http://example.org/data/Erythrocyte_788-0
	Message: https://w3id.org/shexmap/resource/ontology-schema/d285f599-dc2e-4bd0-83f1-df21defa8821/hasUnit is not a property of the vocabulary
Constraint Violation in UndeclaredProperty:
	Severity: sh:Violation
	Focus Node: http://example.org/data/Erythrocytes_789-8
	Message: https://w3id.org/shexmap/resource/ontology-schema/d285f599-dc2e-4bd0-83f1-df21defa8821/hasCode is not a property of the vocabulary
Constraint Violation in UndeclaredProperty:
	Severity: sh:Violation
	Focus Node: http://example.org/data/Erythrocytes_789-8
	Message: https://w3id.org/shexmap/resource/ontology-schema/d285f599-dc2e-4bd0-83f1-df21defa8821/hasMeasuredDate is not a property of the vocabulary
Constraint Violation in UndeclaredProperty:
	Severity: sh:Violation
	Focus Node: http://example.org/data/Erythrocytes_789-8
	Message: https://w3id.org/shexmap/resource/ontology-schema/d285f599-dc2e-4bd0-83f1-df21defa8821/hasQuantityValue is not a property of the vocabulary
Constraint Violation in UndeclaredProperty:
	Severity: sh:Violation
	Focus Node: http://example.org/data/Erythrocytes_789-8
	Message: https://w3id.org/shexmap/resource/ontology-schema/d285f599-dc2e-4bd0-83f1-df21defa8821/hasUnit is not a property of the vocabulary
Constraint Violation in UndeclaredProperty:
	Severity: sh:Violation
	Focus Node: http://example.org/data/Hematocrit_4544-3
	Message: https://w3id.org/shexmap/resource/ontology-schema/d285f599-dc2e-4bd0-83f1-df21defa8821/hasCode is not a property of the vocabulary
Constraint Violation in UndeclaredProperty:
	Severity: sh:Violation
	Focus Node: http://example.org/data/Hematocrit_4544-3
	Message: https://w3id.org/shexmap/resource/ontology-schema/d285f599-dc2e-4bd0-83f1-df21defa8821/hasMeasuredDate is not a property of the vocabulary
Constraint Violation in UndeclaredProperty:
	Severity: sh:Violation
	Focus Node: http://example.org/data/Hematocrit_4544-3
	Message: https://w3id.org/shexmap/resource/ontology-schema/d285f599-dc2e-4bd0-83f1-df21defa8821/hasQuantityValue is not a property of the vocabulary
Constraint Violation in UndeclaredProperty:
	Severity: sh:Violation
	Focus Node: http://example.org/data/Hematocrit_4544-3
	Message: https://w3id.org/shexmap/resource/ontology-schema/d285f599-dc2e-4bd0-83f1-df21defa8821/hasUnit is not a property of the vocabulary
Constraint Violation in UndeclaredProperty:
	Severity: sh:Violation
	Focus Node: http://example.org/data/Hemoglobin_718-7
	Message: https://w3id.org/shexmap/resource/ontology-schema/d285f599-dc2e-4bd0-83f1-df21defa8821/hasCode is not a property of the vocabulary
Constraint Violation in UndeclaredProperty:
	Severity: sh:Violation
	Focus Node: http://example.org/data/Hemoglobin_718-7
	Message: https://w3id.org/shexmap/resource/ontology-schema/d285f599-dc2e-4bd0-83f1-df21defa8821/hasMeasuredDate is not a property of the vocabulary
Constraint Violation in UndeclaredProperty:
	Severity: sh:Violation
	Focus Node: http://example.org/data/Hemoglobin_718-7
	Message: https://w3id.org/shexmap/resource/ontology-schema/d285f599-dc2e-4bd0-83f1-df21defa8821/hasQuantityValue is not a property of the vocabulary
Constraint Violation in UndeclaredProperty:
	Severity: sh:Violation
	Focus Node: http://example.org/data/Hemoglobin_718-7
	Message: https://w3id.org/shexmap/resource/ontology-schema/d285f599-dc2e-4bd0-83f1-df21defa8821/hasUnit is not a property of the vocabulary
Constraint Violation in UndeclaredProperty:
	Severity: sh:Violation
	Focus Node: http://example.org/data/Leukocytes_6690-2
	Message: https://w3id.org/shexmap/resource/ontology-schema/d285f599-dc2e-4bd0-83f1-df21defa8821/hasCode is not a property of the vocabulary
Constraint Violation in UndeclaredProperty:
	Severity: sh:Violation
	Focus Node: http://example.org/data/Leukocytes_6690-2
	Message: https://w3id.org/shexmap/resource/ontology-schema/d285f599-dc2e-4bd0-83f1-df21defa8821/hasMeasuredDate is not a property of the vocabulary
Constraint Violation in UndeclaredProperty:
	Severity: sh:Violation
	Focus Node: http://example.org/data/Leukocytes_6690-2
	Message: https://w3id.org/shexmap/resource/ontology-schema/d285f599-dc2e-4bd0-83f1-df21defa8821/hasQuantityValue is not a property of the vocabulary
Constraint Violation in UndeclaredProperty:
	Severity: sh:Violation
	Focus Node: http://example.org/data/Leukocytes_6690-2
	Message: https://w3id.org/shexmap/resource/ontology-schema/d285f599-dc2e-4bd0-83f1-df21defa8821/hasUnit is not a property of the vocabulary
Constraint Violation in UndeclaredProperty:
	Severity: sh:Violation
	Focus Node: http://example.org/data/MCHC_786-4
	Message: https://w3id.org/shexmap/resource/ontology-schema/d285f599-dc2e-4bd0-83f1-df21defa8821/hasCode is not a property of the vocabulary
Constraint Violation in UndeclaredProperty:
	Severity: sh:Violation
	Focus Node: http://example.org/data/MCHC_786-4
	Message: https://w3id.org/shexmap/resource/ontology-schema/d285f599-dc2e-4bd0-83f1-df21defa8821/hasMeasuredDate is not a property of the vocabulary
Constraint Violation in UndeclaredProperty:
	Severity: sh:Violation
	Focus Node: http://example.org/data/MCHC_786-4
	Message: https://w3id.org/shexmap/resource/ontology-schema/d285f599-dc2e-4bd0-83f1-df21defa8821/hasQuantityValue is not a property of the vocabulary
Constraint Violation in UndeclaredProperty:
	Severity: sh:Violation
	Focus Node: http://example.org/data/MCHC_786-4
	Message: https://w3id.org/shexmap/resource/ontology-schema/d285f599-dc2e-4bd0-83f1-df21defa8821/hasUnit is not a property of the vocabulary
Constraint Violation in UndeclaredProperty:
	Severity: sh:Violation
	Focus Node: http://example.org/data/MCH_785-6
	Message: https://w3id.org/shexmap/resource/ontology-schema/d285f599-dc2e-4bd0-83f1-df21defa8821/hasCode is not a property of the vocabulary
Constraint Violation in UndeclaredProperty:
	Severity: sh:Violation
	Focus Node: http://example.org/data/MCH_785-6
	Message: https://w3id.org/shexmap/resource/ontology-schema/d285f599-dc2e-4bd0-83f1-df21defa8821/hasMeasuredDate is not a property of the vocabulary
Constraint Violation in UndeclaredProperty:
	Severity: sh:Violation
	Focus Node: http://example.org/data/MCH_785-6
	Message: https://w3id.org/shexmap/resource/ontology-schema/d285f599-dc2e-4bd0-83f1-df21defa8821/hasQuantityValue is not a property of the vocabulary
Constraint Violation in UndeclaredProperty:
	Severity: sh:Violation
	Focus Node: http://example.org/data/MCH_785-6
	Message: https://w3id.org/shexmap/resource/ontology-schema/d285f599-dc2e-4bd0-83f1-df21defa8821/hasUnit is not a property of the vocabulary
Constraint Violation in UndeclaredProperty:
	Severity: sh:Violation
	Focus Node: http://example.org/data/MCV_787-2
	Message: https://w3id.org/shexmap/resource/ontology-schema/d285f599-dc2e-4bd0-83f1-df21defa8821/hasCode is not a property of the vocabulary
Constraint Violation in UndeclaredProperty:
	Severity: sh:Violation
	Focus Node: http://example.org/data/MCV_787-2
	Message: https://w3id.org/shexmap/resource/ontology-schema/d285f599-dc2e-4bd0-83f1-df21defa8821/hasMeasuredDate is not a property of the vocabulary
Constraint Violation in UndeclaredProperty:
	Severity: sh:Violation
	Focus Node: http://example.org/data/MCV_787-2
	Message: https://w3id.org/shexmap/resource/ontology-schema/d285f599-dc2e-4bd0-83f1-df21defa8821/hasQuantityValue is not a property of the vocabulary
Constraint Violation in UndeclaredProperty:
	Severity: sh:Violation
	Focus Node: http://example.org/data/MCV_787-2
	Message: https://w3id.org/shexmap/resource/ontology-schema/d285f599-dc2e-4bd0-83f1-df21defa8821/hasUnit is not a property of the vocabulary
Constraint Violation in UndeclaredProperty:
	Severity: sh:Violation
	Focus Node: http://example.org/data/Platelets_777-3
	Message: https://w3id.org/shexmap/resource/ontology-schema/d285f599-dc2e-4bd0-83f1-df21defa8821/hasCode is not a property of the vocabulary
Constraint Violation in UndeclaredProperty:
	Severity: sh:Violation
	Focus Node: http://example.org/data/Platelets_777-3
	Message: https://w3id.org/shexmap/resource/ontology-schema/d285f599-dc2e-4bd0-83f1-df21defa8821/hasMeasuredDate is not a property of the vocabulary
Constraint Violation in UndeclaredProperty:
	Severity: sh:Violation
	Focus Node: http://example.org/data/Platelets_777-3
	Message: https://w3id.org/shexmap/resource/ontology-schema/d285f599-dc2e-4bd0-83f1-df21defa8821/hasQuantityValue is not a property of the vocabulary
Constraint Violation in UndeclaredProperty:
	Severity: sh:Violation
	Focus Node: http://example.org/data/Platelets_777-3
	Message: https://w3id.org/shexmap/resource/ontology-schema/d285f599-dc2e-4bd0-83f1-df21defa8821/hasUnit is not a property of the vocabulary
Constraint Violation in UndeclaredProperty:
	Severity: sh:Violation
	Focus Node: http://example.org/data/Potassium_6298-4
	Message: https://w3id.org/shexmap/resource/ontology-schema/d285f599-dc2e-4bd0-83f1-df21defa8821/hasCode is not a property of the vocabulary
Constraint Violation in UndeclaredProperty:
	Severity: sh:Violation
	Focus Node: http://example.org/data/Potassium_6298-4
	Message: https://w3id.org/shexmap/resource/ontology-schema/d285f599-dc2e-4bd0-83f1-df21defa8821/hasMeasuredDate is not a property of the vocabulary
Constraint Violation in UndeclaredProperty:
	Severity: sh:Violation
	Focus Node: http://example.org/data/Potassium_6298-4
	Message: https://w3id.org/shexmap/resource/ontology-schema/d285f599-dc2e-4bd0-83f1-df21defa8821/hasQuantityValue is not a property of the vocabulary
Constraint Violation in UndeclaredProperty:
	Severity: sh:Violation
	Focus Node: http://example.org/data/Potassium_6298-4
	Message: https://w3id.org/shexmap/resource/ontology-schema/d285f599-dc2e-4bd0-83f1-df21defa8821/hasUnit is not a property of the vocabulary
Constraint Violation in UndeclaredProperty:
	Severity: sh:Violation
	Focus Node: http://example.org/data/evaluation_labor_force_20041227T212823
	Message: https://w3id.org/shexmap/resource/ontology-schema/d285f599-dc2e-4bd0-83f1-df21defa8821/hasObservation is not a property of the vocabulary
Constraint Violation in UndeclaredProperty:
	Severity: sh:Violation
	Focus Node: http://example.org/data/evaluation_labor_force_20041227T212823
	Message: https://w3id.org/shexmap/resource/ontology-schema/d285f599-dc2e-4bd0-83f1-df21defa8821/hasPatient is not a property of the vocabulary
Constraint Violation in UndeclaredProperty:
	Severity: sh:Violation
	Focus Node: http://example.org/data/evaluation_labor_force_20041227T212823
	Message: https://w3id.org/shexmap/resource/ontology-schema/d285f599-dc2e-4bd0-83f1-df21defa8821/hasPerformedDate is not a property of the vocabulary
Constraint Violation in UndeclaredProperty:
	Severity: sh:Violation
	Focus Node: http://example.org/data/evaluation_labor_force_20041227T212823
	Message: https://w3id.org/shexmap/resource/ontology-schema/d285f599-dc2e-4bd0-83f1-df21defa8821/hasPerformer is not a property of the vocabulary
Constraint Violation in UndeclaredProperty:
	Severity: sh:Violation
	Focus Node: http://example.org/data/evaluation_medication_review_20041227T203554
	Message: https://w3id.org/shexmap/resource/ontology-schema/d285f599-dc2e-4bd0-83f1-df21defa8821/hasObservation is not a property of the vocabulary
Constraint Violation in UndeclaredProperty:
	Severity: sh:Violation
	Focus Node: http://example.org/data/evaluation_medication_review_20041227T203554
	Message: https://w3id.org/shexmap/resource/ontology-schema/d285f599-dc2e-4bd0-83f1-df21defa8821/hasPatient is not a property of the vocabulary
Constraint Violation in UndeclaredProperty:
	Severity: sh:Violation
	Focus Node: http://example.org/data/evaluation_medication_review_20041227T203554
	Message: https://w3id.org/shexmap/resource/ontology-schema/d285f599-dc2e-4bd0-83f1-df21defa8821/hasPerformedDate is not a property of the vocabulary
Constraint Violation in UndeclaredProperty:
	Severity: sh:Violation
	Focus Node: http://example.org/data/evaluation_medication_review_20041227T203554
	Message: https://w3id.org/shexmap/resource/ontology-schema/d285f599-dc2e-4bd0-83f1-df21defa8821/hasPerformer is not a property of the vocabulary
Constraint Violation in UndeclaredProperty:
	Severity: sh:Violation
	Focus Node: http://example.org/data/evaluation_medication_review_20041227T203554
	Message: https://w3id.org/shexmap/resource/ontology-schema/d285f599-dc2e-4bd0-83f1-df21defa8821/hasStatus is not a property of the vocabulary
Constraint Violation in UndeclaredProperty:
	Severity: sh:Violation
	Focus Node: http://example.org/data/evaluation_obesity_20041227T203554
	Message: https://w3id.org/shexmap/resource/ontology-schema/d285f599-dc2e-4bd0-83f1-df21defa8821/hasObservation is not a property of the vocabulary
Constraint Violation in UndeclaredProperty:
	Severity: sh:Violation
	Focus Node: http://example.org/data/evaluation_obesity_20041227T203554
	Message: https://w3id.org/shexmap/resource/ontology-schema/d285f599-dc2e-4bd0-83f1-df21defa8821/hasPatient is not a property of the vocabulary
Constraint Violation in UndeclaredProperty:
	Severity: sh:Violation
	Focus Node: http://example.org/data/evaluation_obesity_20041227T203554
	Message: https://w3id.org/shexmap/resource/ontology-schema/d285f599-dc2e-4bd0-83f1-df21defa8821/hasPerformedDate is not a property of the vocabulary
Constraint Violation in UndeclaredProperty:
	Severity: sh:Violation
	Focus Node: http://example.org/data/evaluation_obesity_20041227T203554
	Message: https://w3id.org/shexmap/resource/ontology-schema/d285f599-dc2e-4bd0-83f1-df21defa8821/hasPerformer is not a property of the vocabulary
Constraint Violation in UndeclaredProperty:
	Severity: sh:Violation
	Focus Node: http://example.org/data/evaluation_stress_20041227T212823
	Message: https://w3id.org/shexmap/resource/ontology-schema/d285f599-dc2e-4bd0-83f1-df21defa8821/hasObservation is not a property of the vocabulary
Constraint Violation in UndeclaredProperty:
	Severity: sh:Violation
	Focus Node: http://example.org/data/evaluation_stress_20041227T212823
	Message: https://w3id.org/shexmap/resource/ontology-schema/d285f599-dc2e-4bd0-83f1-df21defa8821/hasPatient is not a property of the vocabulary
Constraint Violation in UndeclaredProperty:
	Severity: sh:Violation
	Focus Node: http://example.org/data/evaluation_stress_20041227T212823
	Message: https://w3id.org/shexmap/resource/ontology-schema/d285f599-dc2e-4bd0-83f1-df21defa8821/hasPerformedDate is not a property of the vocabulary
Constraint Violation in UndeclaredProperty:
	Severity: sh:Violation
	Focus Node: http://example.org/data/evaluation_stress_20041227T212823
	Message: https://w3id.org/shexmap/resource/ontology-schema/d285f599-dc2e-4bd0-83f1-df21defa8821/hasPerformer is not a property of the vocabulary
Constraint Violation in UndeclaredProperty:
	Severity: sh:Violation
	Focus Node: http://example.org/data/measurement_BMI_39156_5
	Message: https://w3id.org/shexmap/resource/ontology-schema/d285f599-dc2e-4bd0-83f1-df21defa8821/hasCode is not a property of the vocabulary
Constraint Violation in UndeclaredProperty:
	Severity: sh:Violation
	Focus Node: http://example.org/data/measurement_BMI_39156_5
	Message: https://w3id.org/shexmap/resource/ontology-schema/d285f599-dc2e-4bd0-83f1-df21defa8821/hasMeasuredDate is not a property of the vocabulary
Constraint Violation in UndeclaredProperty:
	Severity: sh:Violation
	Focus Node: http://example.org/data/measurement_BMI_39156_5
	Message: https://w3id.org/shexmap/resource/ontology-schema/d285f599-dc2e-4bd0-83f1-df21defa8821/hasQuantityValue is not a property of the vocabulary
Constraint Violation in UndeclaredProperty:
	Severity: sh:Violation
	Focus Node: http://example.org/data/measurement_BMI_39156_5
	Message: https://w3id.org/shexmap/resource/ontology-schema/d285f599-dc2e-4bd0-83f1-df21defa8821/hasUnit is not a property of the vocabulary
Constraint Violation in UndeclaredProperty:
	Severity: sh:Violation
	Focus Node: http://example.org/data/measurement_Body_Height_8302_2
	Message: https://w3id.org/shexmap/resource/ontology-schema/d285f599-dc2e-4bd0-83f1-df21defa8821/hasCode is not a property of the vocabulary
Constraint Violation in UndeclaredProperty:
	Severity: sh:Violation
	Focus Node: http://example.org/data/measurement_Body_Height_8302_2
	Message: https://w3id.org/shexmap/resource/ontology-schema/d285f599-dc2e-4bd0-83f1-df21defa8821/hasMeasuredDate is not a property of the vocabulary
Constraint Violation in UndeclaredProperty:
	Severity: sh:Violation
	Focus Node: http://example.org/data/measurement_Body_Height_8302_2
	Message: https://w3id.org/shexmap/resource/ontology-schema/d285f599-dc2e-4bd0-83f1-df21defa8821/hasQuantityValue is not a property of the vocabulary
Constraint Violation in UndeclaredProperty:
	Severity: sh:Violation
	Focus Node: http://example.org/data/measurement_Body_Height_8302_2
	Message: https://w3id.org/shexmap/resource/ontology-schema/d285f599-dc2e-4bd0-83f1-df21defa8821/hasUnit is not a property of the vocabulary
Constraint Violation in UndeclaredProperty:
	Severity: sh:Violation
	Focus Node: http://example.org/data/measurement_Body_Weight_29463_7
	Message: https://w3id.org/shexmap/resource/ontology-schema/d285f599-dc2e-4bd0-83f1-df21defa8821/hasCode is not a property of the vocabulary
Constraint Violation in UndeclaredProperty:
	Severity: sh:Violation
	Focus Node: http://example.org/data/measurement_Body_Weight_29463_7
	Message: https://w3id.org/shexmap/resource/ontology-schema/d285f599-dc2e-4bd0-83f1-df21defa8821/hasMeasuredDate is not a property of the vocabulary
Constraint Violation in UndeclaredProperty:
	Severity: sh:Violation
	Focus Node: http://example.org/data/measurement_Body_Weight_29463_7
	Message: https://w3id.org/shexmap/resource/ontology-schema/d285f599-dc2e-4bd0-83f1-df21defa8821/hasQuantityValue is not a property of the vocabulary
Constraint Violation in UndeclaredProperty:
	Severity: sh:Violation
	Focus Node: http://example.org/data/measurement_Body_Weight_29463_7
	Message: https://w3id.org/shexmap/resource/ontology-schema/d285f599-dc2e-4bd0-83f1-df21defa8821/hasUnit is not a property of the vocabulary
Constraint Violation in UndeclaredProperty:
	Severity: sh:Violation
	Focus Node: http://example.org/data/measurement_Calcium_49765_1
	Message: https://w3id.org/shexmap/resource/ontology-schema/d285f599-dc2e-4bd0-83f1-df21defa8821/hasCode is not a property of the vocabulary
Constraint Violation in UndeclaredProperty:
	Severity: sh:Violation
	Focus Node: http://example.org/data/measurement_Calcium_49765_1
	Message: https://w3id.org/shexmap/resource/ontology-schema/d285f599-dc2e-4bd0-83f1-df21defa8821/hasMeasuredDate is not a property of the vocabulary
Constraint Violation in UndeclaredProperty:
	Severity: sh:Violation
	Focus Node: http://example.org/data/measurement_Calcium_49765_1
	Message: https://w3id.org/shexmap/resource/ontology-schema/d285f599-dc2e-4bd0-83f1-df21defa8821/hasQuantityValue is not a property of the vocabulary
Constraint Violation in UndeclaredProperty:
	Severity: sh:Violation
	Focus Node: http://example.org/data/measurement_Calcium_49765_1
	Message: https://w3id.org/shexmap/resource/ontology-schema/d285f599-dc2e-4bd0-83f1-df21defa8821/hasUnit is not a property of the vocabulary
Constraint Violation in UndeclaredProperty:
	Severity: sh:Violation
	Focus Node: http://example.org/data/measurement_Creatinine_38483_4
	Message: https://w3id.org/shexmap/resource/ontology-schema/d285f599-dc2e-4bd0-83f1-df21defa8821/hasCode is not a property of the vocabulary
Constraint Violation in UndeclaredProperty:
	Severity: sh:Violation
	Focus Node: http://example.org/data/measurement_Creatinine_38483_4
	Message: https://w3id.org/shexmap/resource/ontology-schema/d285f599-dc2e-4bd0-83f1-df21defa8821/hasMeasuredDate is not a property of the vocabulary
Constraint Violation in UndeclaredProperty:
	Severity: sh:Violation
	Focus Node: http://example.org/data/measurement_Creatinine_38483_4
	Message: https://w3id.org/shexmap/resource/ontology-schema/d285f599-dc2e-4bd0-83f1-df21defa8821/hasQuantityValue is not a property of the vocabulary
Constraint Violation in UndeclaredProperty:
	Severity: sh:Violation
	Focus Node: http://example.org/data/measurement_Creatinine_38483_4
	Message: https://w3id.org/shexmap/resource/ontology-schema/d285f599-dc2e-4bd0-83f1-df21defa8821/hasUnit is not a property of the vocabulary
Constraint Violation in UndeclaredProperty:
	Severity: sh:Violation
	Focus Node: http://example.org/data/measurement_Glucose_2339_0
	Message: https://w3id.org/shexmap/resource/ontology-schema/d285f599-dc2e-4bd0-83f1-df21defa8821/hasCode is not a property of the vocabulary
Constraint Violation in UndeclaredProperty:
	Severity: sh:Violation
	Focus Node: http://example.org/data/measurement_Glucose_2339_0
	Message: https://w3id.org/shexmap/resource/ontology-schema/d285f599-dc2e-4bd0-83f1-df21defa8821/hasMeasuredDate is not a property of the vocabulary
Constraint Violation in UndeclaredProperty:
	Severity: sh:Violation
	Focus Node: http://example.org/data/measurement_Glucose_2339_0
	Message: https://w3id.org/shexmap/resource/ontology-schema/d285f599-dc2e-4bd0-83f1-df21defa8821/hasQuantityValue is not a property of the vocabulary
Constraint Violation in UndeclaredProperty:
	Severity: sh:Violation
	Focus Node: http://example.org/data/measurement_Glucose_2339_0
	Message: https://w3id.org/shexmap/resource/ontology-schema/d285f599-dc2e-4bd0-83f1-df21defa8821/hasUnit is not a property of the vocabulary
Constraint Violation in UndeclaredProperty:
	Severity: sh:Violation
	Focus Node: http://example.org/data/measurement_Heart_rate_8867_4
	Message: https://w3id.org/shexmap/resource/ontology-schema/d285f599-dc2e-4bd0-83f1-df21defa8821/hasCode is not a property of the vocabulary
Constraint Violation in UndeclaredProperty:
	Severity: sh:Violation
	Focus Node: http://example.org/data/measurement_Heart_rate_8867_4
	Message: https://w3id.org/shexmap/resource/ontology-schema/d285f599-dc2e-4bd0-83f1-df21defa8821/hasMeasuredDate is not a property of the vocabulary
Constraint Violation in UndeclaredProperty:
	Severity: sh:Violation
	Focus Node: http://example.org/data/measurement_Heart_rate_8867_4
	Message: https://w3id.org/shexmap/resource/ontology-schema/d285f599-dc2e-4bd0-83f1-df21defa8821/hasQuantityValue is not a property of the vocabulary
Constraint Violation in UndeclaredProperty:
	Severity: sh:Violation
	Focus Node: http://example.org/data/measurement_Heart_rate_8867_4
	Message: https://w3id.org/shexmap/resource/ontology-schema/d285f599-dc2e-4bd0-83f1-df21defa8821/hasUnit is not a property of the vocabulary
Constraint Violation in UndeclaredProperty:
	Severity: sh:Violation
	Focus Node: http://example.org/data/measurement_Hemoglobin_A1c_4548_4
	Message: https://w3id.org/shexmap/resource/ontology-schema/d285f599-dc2e-4bd0-83f1-df21defa8821/hasCode is not a property of the vocabulary
Constraint Violation in UndeclaredProperty:
	Severity: sh:Violation
	Focus Node: http://example.org/data/measurement_Hemoglobin_A1c_4548_4
	Message: https://w3id.org/shexmap/resource/ontology-schema/d285f599-dc2e-4bd0-83f1-df21defa8821/hasMeasuredDate is not a property of the vocabulary
Constraint Violation in UndeclaredProperty:
	Severity: sh:Violation
	Focus Node: http://example.org/data/measurement_Hemoglobin_A1c_4548_4
	Message: https://w3id.org/shexmap/resource/ontology-schema/d285f599-dc2e-4bd0-83f1-df21defa8821/hasQuantityValue is not a property of the vocabulary
Constraint Violation in UndeclaredProperty:
	Severity: sh:Violation
	Focus Node: http://example.org/data/measurement_Hemoglobin_A1c_4548_4
	Message: https://w3id.org/shexmap/resource/ontology-schema/d285f599-dc2e-4bd0-83f1-df21defa8821/hasUnit is not a property of the vocabulary
Constraint Violation in UndeclaredProperty:
	Severity: sh:Violation
	Focus Node: http://example.org/data/measurement_Pain_severity_72514_3
	Message: https://w3id.org/shexmap/resource/ontology-schema/d285f599-dc2e-4bd0-83f1-df21defa8821/hasCode is not a property of the vocabulary
Constraint Violation in UndeclaredProperty:
	Severity: sh:Violation
	Focus Node: http://example.org/data/measurement_Pain_severity_72514_3
	Message: https://w3id.org/shexmap/resource/ontology-schema/d285f599-dc2e-4bd0-83f1-df21defa8821/hasMeasuredDate is not a property of the vocabulary
Constraint Violation in UndeclaredProperty:
	Severity: sh:Violation
	Focus Node: http://example.org/data/measurement_Pain_severity_72514_3
	Message: https://w3id.org/shexmap/resource/ontology-schema/d285f599-dc2e-4bd0-83f1-df21defa8821/hasQuantityValue is not a property of the vocabulary
Constraint Violation in UndeclaredProperty:
	Severity: sh:Violation
	Focus Node: http://example.org/data/measurement_Pain_severity_72514_3
	Message: https://w3id.org/shexmap/resource/ontology-schema/d285f599-dc2e-4bd0-83f1-df21defa8821/hasUnit is not a property of the vocabulary
Constraint Violation in UndeclaredProperty:
	Severity: sh:Violation
	Focus Node: http://example.org/data/measurement_Respiratory_rate_9279_1
	Message: https://w3id.org/shexmap/resource/ontology-schema/d285f599-dc2e-4bd0-83f1-df21defa8821/hasCode is not a property of the vocabulary
Constraint Violation in UndeclaredProperty:
	Severity: sh:Violation
	Focus Node: http://example.org/data/measurement_Respiratory_rate_9279_1
	Message: https://w3id.org/shexmap/resource/ontology-schema/d285f599-dc2e-4bd0-83f1-df21defa8821/hasMeasuredDate is not a property of the vocabulary
Constraint Violation in UndeclaredProperty:
	Severity: sh:Violation
	Focus Node: http://example.org/data/measurement_Respiratory_rate_9279_1
	Message: https://w3id.org/shexmap/resource/ontology-schema/d285f599-dc2e-4bd0-83f1-df21defa8821/hasQuantityValue is not a property of the vocabulary
Constraint Violation in UndeclaredProperty:
	Severity: sh:Violation
	Focus Node: http://example.org/data/measurement_Respiratory_rate_9279_1
	Message: https://w3id.org/shexmap/resource/ontology-schema/d285f599-dc2e-4bd0-83f1-df21defa8821/hasUnit is not a property of the vocabulary
Constraint Violation in UndeclaredProperty:
	Severity: sh:Violation
	Focus Node: http://example.org/data/measurement_Sodium_2947_0
	Message: https://w3id.org/shexmap/resource/ontology-schema/d285f599-dc2e-4bd0-83f1-df21defa8821/hasCode is not a property of the vocabulary
Constraint Violation in UndeclaredProperty:
	Severity: sh:Violation
	Focus Node: http://example.org/data/measurement_Sodium_2947_0
	Message: https://w3id.org/shexmap/resource/ontology-schema/d285f599-dc2e-4bd0-83f1-df21defa8821/hasMeasuredDate is not a property of the vocabulary
Constraint Violation in UndeclaredProperty:
	Severity: sh:Violation
	Focus Node: http://example.org/data/measurement_Sodium_2947_0
	Message: https://w3id.org/shexmap/resource/ontology-schema/d285f599-dc2e-4bd0-83f1-df21defa8821/hasQuantityValue is not a property of the vocabulary
Constraint Violation in UndeclaredProperty:
	Severity: sh:Violation
	Focus Node: http://example.org/data/measurement_Sodium_2947_0
	Message: https://w3id.org/shexmap/resource/ontology-schema/d285f599-dc2e-4bd0-83f1-df21defa8821/hasUnit is not a property of the vocabulary
Constraint Violation in UndeclaredProperty:
	Severity: sh:Violation
	Focus Node: http://example.org/data/measurement_Urea_nitrogen_6299_2
	Message: https://w3id.org/shexmap/resource/ontology-schema/d285f599-dc2e-4bd0-83f1-df21defa8821/hasCode is not a property of the vocabulary
Constraint Violation in UndeclaredProperty:
	Severity: sh:Violation
	Focus Node: http://example.org/data/measurement_Urea_nitrogen_6299_2
	Message: https://w3id.org/shexmap/resource/ontology-schema/d285f599-dc2e-4bd0-83f1-df21defa8821/hasMeasuredDate is not a property of the vocabulary
Constraint Violation in UndeclaredProperty:
	Severity: sh:Violation
	Focus Node: http://example.org/data/measurement_Urea_nitrogen_6299_2
	Message: https://w3id.org/shexmap/resource/ontology-schema/d285f599-dc2e-4bd0-83f1-df21defa8821/hasQuantityValue is not a property of the vocabulary
Constraint Violation in UndeclaredProperty:
	Severity: sh:Violation
	Focus Node: http://example.org/data/measurement_Urea_nitrogen_6299_2
	Message: https://w3id.org/shexmap/resource/ontology-schema/d285f599-dc2e-4bd0-83f1-df21defa8821/hasUnit is not a property of the vocabulary
Constraint Violation in UndeclaredProperty:
	Severity: sh:Violation
	Focus Node: http://example.org/data/proc_AUDIT_C_75626_2
	Message: https://w3id.org/shexmap/resource/ontology-schema/d285f599-dc2e-4bd0-83f1-df21defa8821/hasPatient is not a property of the vocabulary
Constraint Violation in UndeclaredProperty:
	Severity: sh:Violation
	Focus Node: http://example.org/data/proc_AUDIT_C_75626_2
	Message: https://w3id.org/shexmap/resource/ontology-schema/d285f599-dc2e-4bd0-83f1-df21defa8821/hasPerformedDate is not a property of the vocabulary
Constraint Violation in UndeclaredProperty:
	Severity: sh:Violation
	Focus Node: http://example.org/data/proc_AUDIT_C_75626_2
	Message: https://w3id.org/shexmap/resource/ontology-schema/d285f599-dc2e-4bd0-83f1-df21defa8821/hasPerformer is not a property of the vocabulary
Constraint Violation in UndeclaredProperty:
	Severity: sh:Violation
	Focus Node: http://example.org/data/proc_AUDIT_C_75626_2
	Message: https://w3id.org/shexmap/resource/ontology-schema/d285f599-dc2e-4bd0-83f1-df21defa8821/hasStatus is not a property of the vocabulary
Constraint Violation in UndeclaredProperty:
	Severity: sh:Violation
	Focus Node: http://example.org/data/proc_BMI_39156_5
	Message: https://w3id.org/shexmap/resource/ontology-schema/d285f599-dc2e-4bd0-83f1-df21defa8821/hasPatient is not a property of the vocabulary
Constraint Violation in UndeclaredProperty:
	Severity: sh:Violation
	Focus Node: http://example.org/data/proc_BMI_39156_5
	Message: https://w3id.org/shexmap/resource/ontology-schema/d285f599-dc2e-4bd0-83f1-df21defa8821/hasPerformedDate is not a property of the vocabulary
Constraint Violation in UndeclaredProperty:
	Severity: sh:Violation
	Focus Node: http://example.org/data/proc_BMI_39156_5
	Message: https://w3id.org/shexmap/resource/ontology-schema/d285f599-dc2e-4bd0-83f1-df21defa8821/hasPerformer is not a property of the vocabulary
Constraint Violation in UndeclaredProperty:
	Severity: sh:Violation
	Focus Node: http://example.org/data/proc_BMI_39156_5
	Message: https://w3id.org/shexmap/resource/ontology-schema/d285f599-dc2e-4bd0-83f1-df21defa8821/hasStatus is not a property of the vocabulary
Constraint Violation in UndeclaredProperty:
	Severity: sh:Violation
	Focus Node: http://example.org/data/proc_BodyHeight_8302_2
	Message: https://w3id.org/shexmap/resource/ontology-schema/d285f599-dc2e-4bd0-83f1-df21defa8821/hasPatient is not a property of the vocabulary
Constraint Violation in UndeclaredProperty:
	Severity: sh:Violation
	Focus Node: http://example.org/data/proc_BodyHeight_8302_2
	Message: https://w3id.org/shexmap/resource/ontology-schema/d285f599-dc2e-4bd0-83f1-df21defa8821/hasPerformedDate is not a property of the vocabulary
Constraint Violation in UndeclaredProperty:
	Severity: sh:Violation
	Focus Node: http://example.org/data/proc_BodyHeight_8302_2
	Message: https://w3id.org/shexmap/resource/ontology-schema/d285f599-dc2e-4bd0-83f1-df21defa8821/hasPerformer is not a property of the vocabulary
Constraint Violation in UndeclaredProperty:
	Severity: sh:Violation
	Focus Node: http://example.org/data/proc_BodyHeight_8302_2
	Message: https://w3id.org/shexmap/resource/ontology-schema/d285f599-dc2e-4bd0-83f1-df21defa8821/hasStatus is not a property of the vocabulary
Constraint Violation in UndeclaredProperty:
	Severity: sh:Violation
	Focus Node: http://example.org/data/proc_BodyWeight_29463_7
	Message: https://w3id.org/shexmap/resource/ontology-schema/d285f599-dc2e-4bd0-83f1-df21defa8821/hasPatient is not a property of the vocabulary
Constraint Violation in UndeclaredProperty:
	Severity: sh:Violation
	Focus Node: http://example.org/data/proc_BodyWeight_29463_7
	Message: https://w3id.org/shexmap/resource/ontology-schema/d285f599-dc2e-4bd0-83f1-df21defa8821/hasPerformedDate is not a property of the vocabulary
Constraint Violation in UndeclaredProperty:
	Severity: sh:Violation
	Focus Node: http://example.org/data/proc_BodyWeight_29463_7
	Message: https://w3id.org/shexmap/resource/ontology-schema/d285f599-dc2e-4bd0-83f1-df21defa8821/hasPerformer is not a property of the vocabulary
Constraint Violation in UndeclaredProperty:
	Severity: sh:Violation
	Focus Node: http://example.org/data/proc_BodyWeight_29463_7
	Message: https://w3id.org/shexmap/resource/ontology-schema/d285f599-dc2e-4bd0-83f1-df21defa8821/hasStatus is not a property of the vocabulary
Constraint Violation in UndeclaredProperty:
	Severity: sh:Violation
	Focus Node: http://example.org/data/proc_CO2_20565_8
	Message: https://w3id.org/shexmap/resource/ontology-schema/d285f599-dc2e-4bd0-83f1-df21defa8821/hasPatient is not a property of the vocabulary
Constraint Violation in UndeclaredProperty:
	Severity: sh:Violation
	Focus Node: http://example.org/data/proc_CO2_20565_8
	Message: https://w3id.org/shexmap/resource/ontology-schema/d285f599-dc2e-4bd0-83f1-df21defa8821/hasPerformedDate is not a property of the vocabulary
Constraint Violation in UndeclaredProperty:
	Severity: sh:Violation
	Focus Node: http://example.org/data/proc_CO2_20565_8
	Message: https://w3id.org/shexmap/resource/ontology-schema/d285f599-dc2e-4bd0-83f1-df21defa8821/hasPerformer is not a property of the vocabulary
Constraint Violation in UndeclaredProperty:
	Severity: sh:Violation
	Focus Node: http://example.org/data/proc_CO2_20565_8
	Message: https://w3id.org/shexmap/resource/ontology-schema/d285f599-dc2e-4bd0-83f1-df21defa8821/hasStatus is not a property of the vocabulary
Constraint Violation in UndeclaredProperty:
	Severity: sh:Violation
	Focus Node: http://example.org/data/proc_Calcium_49765_1
	Message: https://w3id.org/shexmap/resource/ontology-schema/d285f599-dc2e-4bd0-83f1-df21defa8821/hasPatient is not a property of the vocabulary
Constraint Violation in UndeclaredProperty:
	Severity: sh:Violation
	Focus Node: http://example.org/data/proc_Calcium_49765_1
	Message: https://w3id.org/shexmap/resource/ontology-schema/d285f599-dc2e-4bd0-83f1-df21defa8821/hasPerformedDate is not a property of the vocabulary
Constraint Violation in UndeclaredProperty:
	Severity: sh:Violation
	Focus Node: http://example.org/data/proc_Calcium_49765_1
	Message: https://w3id.org/shexmap/resource/ontology-schema/d285f599-dc2e-4bd0-83f1-df21defa8821/hasPerformer is not a property of the vocabulary
Constraint Violation in UndeclaredProperty:
	Severity: sh:Violation
	Focus Node: http://example.org/data/proc_Calcium_49765_1
	Message: https://w3id.org/shexmap/resource/ontology-schema/d285f599-dc2e-4bd0-83f1-df21defa8821/hasStatus is not a property of the vocabulary
Constraint Violation in UndeclaredProperty:
	Severity: sh:Violation
	Focus Node: http://example.org/data/proc_Chloride_2069_3
	Message: https://w3id.org/shexmap/resource/ontology-schema/d285f599-dc2e-4bd0-83f1-df21defa8821/hasPatient is not a property of the vocabulary
Constraint Violation in UndeclaredProperty:
	Severity: sh:Violation
	Focus Node: http://example.org/data/proc_Chloride_2069_3
	Message: https://w3id.org/shexmap/resource/ontology-schema/d285f599-dc2e-4bd0-83f1-df21defa8821/hasPerformedDate is not a property of the vocabulary
Constraint Violation in UndeclaredProperty:
	Severity: sh:Violation
	Focus Node: http://example.org/data/proc_Chloride_2069_3
	Message: https://w3id.org/shexmap/resource/ontology-schema/d285f599-dc2e-4bd0-83f1-df21defa8821/hasPerformer is not a property of the vocabulary
Constraint Violation in UndeclaredProperty:
	Severity: sh:Violation
	Focus Node: http://example.org/data/proc_Chloride_2069_3
	Message: https://w3id.org/shexmap/resource/ontology-schema/d285f599-dc2e-4bd0-83f1-df21defa8821/hasStatus is not a property of the vocabulary
Constraint Violation in UndeclaredProperty:
	Severity: sh:Violation
	Focus Node: http://example.org/data/proc_Creatinine_38483_4
	Message: https://w3id.org/shexmap/resource/ontology-schema/d285f599-dc2e-4bd0-83f1-df21defa8821/hasPatient is not a property of the vocabulary
Constraint Violation in UndeclaredProperty:
	Severity: sh:Violation
	Focus Node: http://example.org/data/proc_Creatinine_38483_4
	Message: https://w3id.org/shexmap/resource/ontology-schema/d285f599-dc2e-4bd0-83f1-df21defa8821/hasPerformedDate is not a property of the vocabulary
Constraint Violation in UndeclaredProperty:
	Severity: sh:Violation
	Focus Node: http://example.org/data/proc_Creatinine_38483_4
	Message: https://w3id.org/shexmap/resource/ontology-schema/d285f599-dc2e-4bd0-83f1-df21defa8821/hasPerformer is not a property of the vocabulary
Constraint Violation in UndeclaredProperty:
	Severity: sh:Violation
	Focus Node: http://example.org/data/proc_Creatinine_38483_4
	Message: https://w3id.org/shexmap/resource/ontology-schema/d285f599-dc2e-4bd0-83f1-df21defa8821/hasStatus is not a property of the vocabulary
Constraint Violation in UndeclaredProperty:
	Severity: sh:Violation
	Focus Node: http://example.org/data/proc_ErythrocyteDistWidth_788_0
	Message: https://w3id.org/shexmap/resource/ontology-schema/d285f599-dc2e-4bd0-83f1-df21defa8821/hasPatient is not a property of the vocabulary
Constraint Violation in UndeclaredProperty:
	Severity: sh:Violation
	Focus Node: http://example.org/data/proc_ErythrocyteDistWidth_788_0
	Message: https://w3id.org/shexmap/resource/ontology-schema/d285f599-dc2e-4bd0-83f1-df21defa8821/hasPerformedDate is not a property of the vocabulary
Constraint Violation in UndeclaredProperty:
	Severity: sh:Violation
	Focus Node: http://example.org/data/proc_ErythrocyteDistWidth_788_0
	Message: https://w3id.org/shexmap/resource/ontology-schema/d285f599-dc2e-4bd0-83f1-df21defa8821/hasPerformer is not a property of the vocabulary
Constraint Violation in UndeclaredProperty:
	Severity: sh:Violation
	Focus Node: http://example.org/data/proc_ErythrocyteDistWidth_788_0
	Message: https://w3id.org/shexmap/resource/ontology-schema/d285f599-dc2e-4bd0-83f1-df21defa8821/hasStatus is not a property of the vocabulary
Constraint Violation in UndeclaredProperty:
	Severity: sh:Violation
	Focus Node: http://example.org/data/proc_Erythrocytes_789_8
	Message: https://w3id.org/shexmap/resource/ontology-schema/d285f599-dc2e-4bd0-83f1-df21defa8821/hasPatient is not a property of the vocabulary
Constraint Violation in UndeclaredProperty:
	Severity: sh:Violation
	Focus Node: http://example.org/data/proc_Erythrocytes_789_8
	Message: https://w3id.org/shexmap/resource/ontology-schema/d285f599-dc2e-4bd0-83f1-df21defa8821/hasPerformedDate is not a property of the vocabulary
Constraint Violation in UndeclaredProperty:
	Severity: sh:Violation
	Focus Node: http://example.org/data/proc_Erythrocytes_789_8
	Message: https://w3id.org/shexmap/resource/ontology-schema/d285f599-dc2e-4bd0-83f1-df21defa8821/hasPerformer is not a property of the vocabulary
Constraint Violation in UndeclaredProperty:
	Severity: sh:Violation
	Focus Node: http://example.org/data/proc_Erythrocytes_789_8
	Message: https://w3id.org/shexmap/resource/ontology-schema/d285f599-dc2e-4bd0-83f1-df21defa8821/hasStatus is not a property of the vocabulary
Constraint Violation in UndeclaredProperty:
	Severity: sh:Violation
	Focus Node: http://example.org/data/proc_Glucose_2339_0
	Message: https://w3id.org/shexmap/resource/ontology-schema/d285f599-dc2e-4bd0-83f1-df21defa8821/hasPatient is not a property of the vocabulary
Constraint Violation in UndeclaredProperty:
	Severity: sh:Violation
	Focus Node: http://example.org/data/proc_Glucose_2339_0
	Message: https://w3id.org/shexmap/resource/ontology-schema/d285f599-dc2e-4bd0-83f1-df21defa8821/hasPerformedDate is not a property of the vocabulary
Constraint Violation in UndeclaredProperty:
	Severity: sh:Violation
	Focus Node: http://example.org/data/proc_Glucose_2339_0
	Message: https://w3id.org/shexmap/resource/ontology-schema/d285f599-dc2e-4bd0-83f1-df21defa8821/hasPerformer is not a property of the vocabulary
Constraint Violation in UndeclaredProperty:
	Severity: sh:Violation
	Focus Node: http://example.org/data/proc_Glucose_2339_0
	Message: https://w3id.org/shexmap/resource/ontology-schema/d285f599-dc2e-4bd0-83f1-df21defa8821/hasStatus is not a property of the vocabulary
Constraint Violation in UndeclaredProperty:
	Severity: sh:Violation
	Focus Node: http://example.org/data/proc_HbA1c_4548_4
	Message: https://w3id.org/shexmap/resource/ontology-schema/d285f599-dc2e-4bd0-83f1-df21defa8821/hasPatient is not a property of the vocabulary
Constraint Violation in UndeclaredProperty:
	Severity: sh:Violation
	Focus Node: http://example.org/data/proc_HbA1c_4548_4
	Message: https://w3id.org/shexmap/resource/ontology-schema/d285f599-dc2e-4bd0-83f1-df21defa8821/hasPerformedDate is not a property of the vocabulary
Constraint Violation in UndeclaredProperty:
	Severity: sh:Violation
	Focus Node: http://example.org/data/proc_HbA1c_4548_4
	Message: https://w3id.org/shexmap/resource/ontology-schema/d285f599-dc2e-4bd0-83f1-df21defa8821/hasPerformer is not a property of the vocabulary
Constraint Violation in UndeclaredProperty:
	Severity: sh:Violation
	Focus Node: http://example.org/data/proc_HbA1c_4548_4
	Message: https://w3id.org/shexmap/resource/ontology-schema/d285f599-dc2e-4bd0-83f1-df21defa8821/hasStatus is not a property of the vocabulary
Constraint Violation in UndeclaredProperty:
	Severity: sh:Violation
	Focus Node: http://example.org/data/proc_HeartRate_8867_4
	Message: https://w3id.org/shexmap/resource/ontology-schema/d285f599-dc2e-4bd0-83f1-df21defa8821/hasPatient is not a property of the vocabulary
Constraint Violation in UndeclaredProperty:
	Severity: sh:Violation
	Focus Node: http://example.org/data/proc_HeartRate_8867_4
	Message: https://w3id.org/shexmap/resource/ontology-schema/d285f599-dc2e-4bd0-83f1-df21defa8821/hasPerformedDate is not a property of the vocabulary
Constraint Violation in UndeclaredProperty:
	Severity: sh:Violation
	Focus Node: http://example.org/data/proc_HeartRate_8867_4
	Message: https://w3id.org/shexmap/resource/ontology-schema/d285f599-dc2e-4bd0-83f1-df21defa8821/hasPerformer is not a property of the vocabulary
Constraint Violation in UndeclaredProperty:
	Severity: sh:Violation
	Focus Node: http://example.org/data/proc_HeartRate_8867_4
	Message: https://w3id.org/shexmap/resource/ontology-schema/d285f599-dc2e-4bd0-83f1-df21defa8821/hasStatus is not a property of the vocabulary
Constraint Violation in UndeclaredProperty:
	Severity: sh:Violation
	Focus Node: http://example.org/data/proc_Hematocrit_4544_3
	Message: https://w3id.org/shexmap/resource/ontology-schema/d285f599-dc2e-4bd0-83f1-df21defa8821/hasPatient is not a property of the vocabulary
Constraint Violation in UndeclaredProperty:
	Severity: sh:Violation
	Focus Node: http://example.org/data/proc_Hematocrit_4544_3
	Message: https://w3id.org/shexmap/resource/ontology-schema/d285f599-dc2e-4bd0-83f1-df21defa8821/hasPerformedDate is not a property of the vocabulary
Constraint Violation in UndeclaredProperty:
	Severity: sh:Violation
	Focus Node: http://example.org/data/proc_Hematocrit_4544_3
	Message: https://w3id.org/shexmap/resource/ontology-schema/d285f599-dc2e-4bd0-83f1-df21defa8821/hasPerformer is not a property of the vocabulary
Constraint Violation in UndeclaredProperty:
	Severity: sh:Violation
	Focus Node: http://example.org/data/proc_Hematocrit_4544_3
	Message: https://w3id.org/shexmap/resource/ontology-schema/d285f599-dc2e-4bd0-83f1-df21defa8821/hasStatus is not a property of the vocabulary
Constraint Violation in UndeclaredProperty:
	Severity: sh:Violation
	Focus Node: http://example.org/data/proc_Hemoglobin_718_7
	Message: https://w3id.org/shexmap/resource/ontology-schema/d285f599-dc2e-4bd0-83f1-df21defa8821/hasPatient is not a property of the vocabulary
Constraint Violation in UndeclaredProperty:
	Severity: sh:Violation
	Focus Node: http://example.org/data/proc_Hemoglobin_718_7
	Message: https://w3id.org/shexmap/resource/ontology-schema/d285f599-dc2e-4bd0-83f1-df21defa8821/hasPerformedDate is not a property of the vocabulary
Constraint Violation in UndeclaredProperty:
	Severity: sh:Violation
	Focus Node: http://example.org/data/proc_Hemoglobin_718_7
	Message: https://w3id.org/shexmap/resource/ontology-schema/d285f599-dc2e-4bd0-83f1-df21defa8821/hasPerformer is not a property of the vocabulary
Constraint Violation in UndeclaredProperty:
	Severity: sh:Violation
	Focus Node: http://example.org/data/proc_Hemoglobin_718_7
	Message: https://w3id.org/shexmap/resource/ontology-schema/d285f599-dc2e-4bd0-83f1-df21defa8821/hasStatus is not a property of the vocabulary
Constraint Violation in UndeclaredProperty:
	Severity: sh:Violation
	Focus Node: http://example.org/data/proc_LaborForce_741062008
	Message: https://w3id.org/shexmap/resource/ontology-schema/d285f599-dc2e-4bd0-83f1-df21defa8821/hasPatient is not a property of the vocabulary
Constraint Violation in UndeclaredProperty:
	Severity: sh:Violation
	Focus Node: http://example.org/data/proc_LaborForce_741062008
	Message: https://w3id.org/shexmap/resource/ontology-schema/d285f599-dc2e-4bd0-83f1-df21defa8821/hasPerformedDate is not a property of the vocabulary
Constraint Violation in UndeclaredProperty:
	Severity: sh:Violation
	Focus Node: http://example.org/data/proc_LaborForce_741062008
	Message: https://w3id.org/shexmap/resource/ontology-schema/d285f599-dc2e-4bd0-83f1-df21defa8821/hasPerformer is not a property of the vocabulary
Constraint Violation in UndeclaredProperty:
	Severity: sh:Violation
	Focus Node: http://example.org/data/proc_LaborForce_741062008
	Message: https://w3id.org/shexmap/resource/ontology-schema/d285f599-dc2e-4bd0-83f1-df21defa8821/hasStatus is not a property of the vocabulary
Constraint Violation in UndeclaredProperty:
	Severity: sh:Violation
	Focus Node: http://example.org/data/proc_Leukocytes_6690_2
	Message: https://w3id.org/shexmap/resource/ontology-schema/d285f599-dc2e-4bd0-83f1-df21defa8821/hasPatient is not a property of the vocabulary
Constraint Violation in UndeclaredProperty:
	Severity: sh:Violation
	Focus Node: http://example.org/data/proc_Leukocytes_6690_2
	Message: https://w3id.org/shexmap/resource/ontology-schema/d285f599-dc2e-4bd0-83f1-df21defa8821/hasPerformedDate is not a property of the vocabulary
Constraint Violation in UndeclaredProperty:
	Severity: sh:Violation
	Focus Node: http://example.org/data/proc_Leukocytes_6690_2
	Message: https://w3id.org/shexmap/resource/ontology-schema/d285f599-dc2e-4bd0-83f1-df21defa8821/hasPerformer is not a property of the vocabulary
Constraint Violation in UndeclaredProperty:
	Severity: sh:Violation
	Focus Node: http://example.org/data/proc_Leukocytes_6690_2
	Message: https://w3id.org/shexmap/resource/ontology-schema/d285f599-dc2e-4bd0-83f1-df21defa8821/hasStatus is not a property of the vocabulary
Constraint Violation in UndeclaredProperty:
	Severity: sh:Violation
	Focus Node: http://example.org/data/proc_MCHC_786_4
	Message: https://w3id.org/shexmap/resource/ontology-schema/d285f599-dc2e-4bd0-83f1-df21defa8821/hasPatient is not a property of the vocabulary
Constraint Violation in UndeclaredProperty:
	Severity: sh:Violation
	Focus Node: http://example.org/data/proc_MCHC_786_4
	Message: https://w3id.org/shexmap/resource/ontology-schema/d285f599-dc2e-4bd0-83f1-df21defa8821/hasPerformedDate is not a property of the vocabulary
Constraint Violation in UndeclaredProperty:
	Severity: sh:Violation
	Focus Node: http://example.org/data/proc_MCHC_786_4
	Message: https://w3id.org/shexmap/resource/ontology-schema/d285f599-dc2e-4bd0-83f1-df21defa8821/hasPerformer is not a property of the vocabulary
Constraint Violation in UndeclaredProperty:
	Severity: sh:Violation
	Focus Node: http://example.org/data/proc_MCHC_786_4
	Message: https://w3id.org/shexmap/resource/ontology-schema/d285f599-dc2e-4bd0-83f1-df21defa8821/hasStatus is not a property of the vocabulary
Constraint Violation in UndeclaredProperty:
	Severity: sh:Violation
	Focus Node: http://example.org/data/proc_MCH_785_6
	Message: https://w3id.org/shexmap/resource/ontology-schema/d285f599-dc2e-4bd0-83f1-df21defa8821/hasPatient is not a property of the vocabulary
Constraint Violation in UndeclaredProperty:
	Severity: sh:Violation
	Focus Node: http://example.org/data/proc_MCH_785_6
	Message: https://w3id.org/shexmap/resource/ontology-schema/d285f599-dc2e-4bd0-83f1-df21defa8821/hasPerformedDate is not a property of the vocabulary
Constraint Violation in UndeclaredProperty:
	Severity: sh:Violation
	Focus Node: http://example.org/data/proc_MCH_785_6
	Message: https://w3id.org/shexmap/resource/ontology-schema/d285f599-dc2e-4bd0-83f1-df21defa8821/hasPerformer is not a property of the vocabulary
Constraint Violation in UndeclaredProperty:
	Severity: sh:Violation
	Focus Node: http://example.org/data/proc_MCH_785_6
	Message: https://w3id.org/shexmap/resource/ontology-schema/d285f599-dc2e-4bd0-83f1-df21defa8821/hasStatus is not a property of the vocabulary
Constraint Violation in UndeclaredProperty:
	Severity: sh:Violation
	Focus Node: http://example.org/data/proc_MCV_787_2
	Message: https://w3id.org/shexmap/resource/ontology-schema/d285f599-dc2e-4bd0-83f1-df21defa8821/hasPatient is not a property of the vocabulary
Constraint Violation in UndeclaredProperty:
	Severity: sh:Violation
	Focus Node: http://example.org/data/proc_MCV_787_2
	Message: https://w3id.org/shexmap/resource/ontology-schema/d285f599-dc2e-4bd0-83f1-df21defa8821/hasPerformedDate is not a property of the vocabulary
Constraint Violation in UndeclaredProperty:
	Severity: sh:Violation
	Focus Node: http://example.org/data/proc_MCV_787_2
	Message: https://w3id.org/shexmap/resource/ontology-schema/d285f599-dc2e-4bd0-83f1-df21defa8821/hasPerformer is not a property of the vocabulary
Constraint Violation in UndeclaredProperty:
	Severity: sh:Violation
	Focus Node: http://example.org/data/proc_MCV_787_2
	Message: https://w3id.org/shexmap/resource/ontology-schema/d285f599-dc2e-4bd0-83f1-df21defa8821/hasStatus is not a property of the vocabulary
Constraint Violation in UndeclaredProperty:
	Severity: sh:Violation
	Focus Node: http://example.org/data/proc_MedicationReview_314529007
	Message: https://w3id.org/shexmap/resource/ontology-schema/d285f599-dc2e-4bd0-83f1-df21defa8821/hasPatient is not a property of the vocabulary
Constraint Violation in UndeclaredProperty:
	Severity: sh:Violation
	Focus Node: http://example.org/data/proc_MedicationReview_314529007
	Message: https://w3id.org/shexmap/resource/ontology-schema/d285f599-dc2e-4bd0-83f1-df21defa8821/hasPerformedDate is not a property of the vocabulary
Constraint Violation in UndeclaredProperty:
	Severity: sh:Violation
	Focus Node: http://example.org/data/proc_MedicationReview_314529007
	Message: https://w3id.org/shexmap/resource/ontology-schema/d285f599-dc2e-4bd0-83f1-df21defa8821/hasPerformer is not a property of the vocabulary
Constraint Violation in UndeclaredProperty:
	Severity: sh:Violation
	Focus Node: http://example.org/data/proc_MedicationReview_314529007
	Message: https://w3id.org/shexmap/resource/ontology-schema/d285f599-dc2e-4bd0-83f1-df21defa8821/hasStatus is not a property of the vocabulary
Constraint Violation in UndeclaredProperty:
	Severity: sh:Violation
	Focus Node: http://example.org/data/proc_Obesity_162864005
	Message: https://w3id.org/shexmap/resource/ontology-schema/d285f599-dc2e-4bd0-83f1-df21defa8821/hasPatient is not a property of the vocabulary
Constraint Violation in UndeclaredProperty:
	Severity: sh:Violation
	Focus Node: http://example.org/data/proc_Obesity_162864005
	Message: https://w3id.org/shexmap/resource/ontology-schema/d285f599-dc2e-4bd0-83f1-df21defa8821/hasPerformedDate is not a property of the vocabulary
Constraint Violation in UndeclaredProperty:
	Severity: sh:Violation
	Focus Node: http://example.org/data/proc_Obesity_162864005
	Message: https://w3id.org/shexmap/resource/ontology-schema/d285f599-dc2e-4bd0-83f1-df21defa8821/hasPerformer is not a property of the vocabulary
Constraint Violation in UndeclaredProperty:
	Severity: sh:Violation
	Focus Node: http://example.org/data/proc_Obesity_162864005
	Message: https://w3id.org/shexmap/resource/ontology-schema/d285f599-dc2e-4bd0-83f1-df21defa8821/hasStatus is not a property of the vocabulary
Constraint Violation in UndeclaredProperty:
	Severity: sh:Violation
	Focus Node: http://example.org/data/proc_PDW_32207_3
	Message: https://w3id.org/shexmap/resource/ontology-schema/d285f599-dc2e-4bd0-83f1-df21defa8821/hasPatient is not a property of the vocabulary
Constraint Violation in UndeclaredProperty:
	Severity: sh:Violation
	Focus Node: http://example.org/data/proc_PDW_32207_3
	Message: https://w3id.org/shexmap/resource/ontology-schema/d285f599-dc2e-4bd0-83f1-df21defa8821/hasPerformedDate is not a property of the vocabulary
Constraint Violation in UndeclaredProperty:
	Severity: sh:Violation
	Focus Node: http://example.org/data/proc_PDW_32207_3
	Message: https://w3id.org/shexmap/resource/ontology-schema/d285f599-dc2e-4bd0-83f1-df21defa8821/hasPerformer is not a property of the vocabulary
Constraint Violation in UndeclaredProperty:
	Severity: sh:Violation
	Focus Node: http://example.org/data/proc_PDW_32207_3
	Message: https://w3id.org/shexmap/resource/ontology-schema/d285f599-dc2e-4bd0-83f1-df21defa8821/hasStatus is not a property of the vocabulary
Constraint Violation in UndeclaredProperty:
	Severity: sh:Violation
	Focus Node: http://example.org/data/proc_PHQ2_55758_7
	Message: https://w3id.org/shexmap/resource/ontology-schema/d285f599-dc2e-4bd0-83f1-df21defa8821/hasPatient is not a property of the vocabulary
Constraint Violation in UndeclaredProperty:
	Severity: sh:Violation
	Focus Node: http://example.org/data/proc_PHQ2_55758_7
	Message: https://w3id.org/shexmap/resource/ontology-schema/d285f599-dc2e-4bd0-83f1-df21defa8821/hasPerformedDate is not a property of the vocabulary
Constraint Violation in UndeclaredProperty:
	Severity: sh:Violation
	Focus Node: http://example.org/data/proc_PHQ2_55758_7
	Message: https://w3id.org/shexmap/resource/ontology-schema/d285f599-dc2e-4bd0-83f1-df21defa8821/hasPerformer is not a property of the vocabulary
Constraint Violation in UndeclaredProperty:
	Severity: sh:Violation
	Focus Node: http://example.org/data/proc_PHQ2_55758_7
	Message: https://w3id.org/shexmap/resource/ontology-schema/d285f599-dc2e-4bd0-83f1-df21defa8821/hasStatus is not a property of the vocabulary
Constraint Violation in UndeclaredProperty:
	Severity: sh:Violation
	Focus Node: http://example.org/data/proc_PMCV_32623_1
	Message: https://w3id.org/shexmap/resource/ontology-schema/d285f599-dc2e-4bd0-83f1-df21defa8821/hasPatient is not a property of the vocabulary
Constraint Violation in UndeclaredProperty:
	Severity: sh:Violation
	Focus Node: http://example.org/data/proc_PMCV_32623_1
	Message: https://w3id.org/shexmap/resource/ontology-schema/d285f599-dc2e-4bd0-83f1-df21defa8821/hasPerformedDate is not a property of the vocabulary
Constraint Violation in UndeclaredProperty:
	Severity: sh:Violation
	Focus Node: http://example.org/data/proc_PMCV_32623_1
	Message: https://w3id.org/shexmap/resource/ontology-schema/d285f599-dc2e-4bd0-83f1-df21defa8821/hasPerformer is not a property of the vocabulary
Constraint Violation in UndeclaredProperty:
	Severity: sh:Violation
	Focus Node: http://example.org/data/proc_PMCV_32623_1
	Message: https://w3id.org/shexmap/resource/ontology-schema/d285f599-dc2e-4bd0-83f1-df21defa8821/hasStatus is not a property of the vocabulary
Constraint Violation in UndeclaredProperty:
	Severity: sh:Violation
	Focus Node: http://example.org/data/proc_PainSeverity_72514_3
	Message: https://w3id.org/shexmap/resource/ontology-schema/d285f599-dc2e-4bd0-83f1-df21defa8821/hasPatient is not a property of the vocabulary
Constraint Violation in UndeclaredProperty:
	Severity: sh:Violation
	Focus Node: http://example.org/data/proc_PainSeverity_72514_3
	Message: https://w3id.org/shexmap/resource/ontology-schema/d285f599-dc2e-4bd0-83f1-df21defa8821/hasPerformedDate is not a property of the vocabulary
Constraint Violation in UndeclaredProperty:
	Severity: sh:Violation
	Focus Node: http://example.org/data/proc_PainSeverity_72514_3
	Message: https://w3id.org/shexmap/resource/ontology-schema/d285f599-dc2e-4bd0-83f1-df21defa8821/hasPerformer is not a property of the vocabulary
Constraint Violation in UndeclaredProperty:
	Severity: sh:Violation
	Focus Node: http://example.org/data/proc_PainSeverity_72514_3
	Message: https://w3id.org/shexmap/resource/ontology-schema/d285f599-dc2e-4bd0-83f1-df21defa8821/hasStatus is not a property of the vocabulary
Constraint Violation in UndeclaredProperty:
	Severity: sh:Violation
	Focus Node: http://example.org/data/proc_Platelets_777_3
	Message: https://w3id.org/shexmap/resource/ontology-schema/d285f599-dc2e-4bd0-83f1-df21defa8821/hasPatient is not a property of the vocabulary
Constraint Violation in UndeclaredProperty:
	Severity: sh:Violation
	Focus Node: http://example.org/data/proc_Platelets_777_3
	Message: https://w3id.org/shexmap/resource/ontology-schema/d285f599-dc2e-4bd0-83f1-df21defa8821/hasPerformedDate is not a property of the vocabulary
Constraint Violation in UndeclaredProperty:
	Severity: sh:Violation
	Focus Node: http://example.org/data/proc_Platelets_777_3
	Message: https://w3id.org/shexmap/resource/ontology-schema/d285f599-dc2e-4bd0-83f1-df21defa8821/hasPerformer is not a property of the vocabulary
Constraint Violation in UndeclaredProperty:
	Severity: sh:Violation
	Focus Node: http://example.org/data/proc_Platelets_777_3
	Message: https://w3id.org/shexmap/resource/ontology-schema/d285f599-dc2e-4bd0-83f1-df21defa8821/hasStatus is not a property of the vocabulary
Constraint Violation in UndeclaredProperty:
	Severity: sh:Violation
	Focus Node: http://example.org/data/proc_Potassium_6298_4
	Message: https://w3id.org/shexmap/resource/ontology-schema/d285f599-dc2e-4bd0-83f1-df21defa8821/hasPatient is not a property of the vocabulary
Constraint Violation in UndeclaredProperty:
	Severity: sh:Violation
	Focus Node: http://example.org/data/proc_Potassium_6298_4
	Message: https://w3id.org/shexmap/resource/ontology-schema/d285f599-dc2e-4bd0-83f1-df21defa8821/hasPerformedDate is not a property of the vocabulary
Constraint Violation in UndeclaredProperty:
	Severity: sh:Violation
	Focus Node: http://example.org/data/proc_Potassium_6298_4
	Message: https://w3id.org/shexmap/resource/ontology-schema/d285f599-dc2e-4bd0-83f1-df21defa8821/hasPerformer is not a property of the vocabulary
Constraint Violation in UndeclaredProperty:
	Severity: sh:Violation
	Focus Node: http://example.org/data/proc_Potassium_6298_4
	Message: https://w3id.org/shexmap/resource/ontology-schema/d285f599-dc2e-4bd0-83f1-df21defa8821/hasStatus is not a property of the vocabulary
Constraint Violation in UndeclaredProperty:
	Severity: sh:Violation
	Focus Node: http://example.org/data/proc_RespiratoryRate_9279_1
	Message: https://w3id.org/shexmap/resource/ontology-schema/d285f599-dc2e-4bd0-83f1-df21defa8821/hasPatient is not a property of the vocabulary
Constraint Violation in UndeclaredProperty:
	Severity: sh:Violation
	Focus Node: http://example.org/data/proc_RespiratoryRate_9279_1
	Message: https://w3id.org/shexmap/resource/ontology-schema/d285f599-dc2e-4bd0-83f1-df21defa8821/hasPerformedDate is not a property of the vocabulary
Constraint Violation in UndeclaredProperty:
	Severity: sh:Violation
	Focus Node: http://example.org/data/proc_RespiratoryRate_9279_1
	Message: https://w3id.org/shexmap/resource/ontology-schema/d285f599-dc2e-4bd0-83f1-df21defa8821/hasPerformer is not a property of the vocabulary
Constraint Violation in UndeclaredProperty:
	Severity: sh:Violation
	Focus Node: http://example.org/data/proc_RespiratoryRate_9279_1
	Message: https://w3id.org/shexmap/resource/ontology-schema/d285f599-dc2e-4bd0-83f1-df21defa8821/hasStatus is not a property of the vocabulary
Constraint Violation in UndeclaredProperty:
	Severity: sh:Violation
	Focus Node: http://example.org/data/proc_Sodium_2947_0
	Message: https://w3id.org/shexmap/resource/ontology-schema/d285f599-dc2e-4bd0-83f1-df21defa8821/hasPatient is not a property of the vocabulary
Constraint Violation in UndeclaredProperty:
	Severity: sh:Violation
	Focus Node: http://example.org/data/proc_Sodium_2947_0
	Message: https://w3id.org/shexmap/resource/ontology-schema/d285f599-dc2e-4bd0-83f1-df21defa8821/hasPerformedDate is not a property of the vocabulary
Constraint Violation in UndeclaredProperty:
	Severity: sh:Violation
	Focus Node: http://example.org/data/proc_Sodium_2947_0
	Message: https://w3id.org/shexmap/resource/ontology-schema/d285f599-dc2e-4bd0-83f1-df21defa8821/hasPerformer is not a property of the vocabulary
Constraint Violation in UndeclaredProperty:
	Severity: sh:Violation
	Focus Node: http://example.org/data/proc_Sodium_2947_0
	Message: https://w3id.org/shexmap/resource/ontology-schema/d285f599-dc2e-4bd0-83f1-df21defa8821/hasStatus is not a property of the vocabulary
Constraint Violation in UndeclaredProperty:
	Severity: sh:Violation
	Focus Node: http://example.org/data/proc_Stress_73595000
	Message: https://w3id.org/shexmap/resource/ontology-schema/d285f599-dc2e-4bd0-83f1-df21defa8821/hasPatient is not a property of the vocabulary
Constraint Violation in UndeclaredProperty:
	Severity: sh:Violation
	Focus Node: http://example.org/data/proc_Stress_73595000
	Message: https://w3id.org/shexmap/resource/ontology-schema/d285f599-dc2e-4bd0-83f1-df21defa8821/hasPerformedDate is not a property of the vocabulary
Constraint Violation in UndeclaredProperty:
	Severity: sh:Violation
	Focus Node: http://example.org/data/proc_Stress_73595000
	Message: https://w3id.org/shexmap/resource/ontology-schema/d285f599-dc2e-4bd0-83f1-df21defa8821/hasPerformer is not a property of the vocabulary
Constraint Violation in UndeclaredProperty:
	Severity: sh:Violation
	Focus Node: http://example.org/data/proc_Stress_73595000
	Message: https://w3id.org/shexmap/resource/ontology-schema/d285f599-dc2e-4bd0-83f1-df21defa8821/hasStatus is not a property of the vocabulary
Constraint Violation in UndeclaredProperty:
	Severity: sh:Violation
	Focus Node: http://example.org/data/proc_UreaNitrogen_6299_2
	Message: https://w3id.org/shexmap/resource/ontology-schema/d285f599-dc2e-4bd0-83f1-df21defa8821/hasPatient is not a property of the vocabulary
Constraint Violation in UndeclaredProperty:
	Severity: sh:Violation
	Focus Node: http://example.org/data/proc_UreaNitrogen_6299_2
	Message: https://w3id.org/shexmap/resource/ontology-schema/d285f599-dc2e-4bd0-83f1-df21defa8821/hasPerformedDate is not a property of the vocabulary
Constraint Violation in UndeclaredProperty:
	Severity: sh:Violation
	Focus Node: http://example.org/data/proc_UreaNitrogen_6299_2
	Message: https://w3id.org/shexmap/resource/ontology-schema/d285f599-dc2e-4bd0-83f1-df21defa8821/hasPerformer is not a property of the vocabulary
Constraint Violation in UndeclaredProperty:
	Severity: sh:Violation
	Focus Node: http://example.org/data/proc_UreaNitrogen_6299_2
	Message: https://w3id.org/shexmap/resource/ontology-schema/d285f599-dc2e-4bd0-83f1-df21defa8821/hasStatus is not a property of the vocabulary
Constraint Violation in UndeclaredProperty:
	Severity: sh:Violation
	Focus Node: http://example.org/data/process_BMI_39156_5
	Message: https://w3id.org/shexmap/resource/ontology-schema/d285f599-dc2e-4bd0-83f1-df21defa8821/hasPatient is not a property of the vocabulary
Constraint Violation in UndeclaredProperty:
	Severity: sh:Violation
	Focus Node: http://example.org/data/process_BMI_39156_5
	Message: https://w3id.org/shexmap/resource/ontology-schema/d285f599-dc2e-4bd0-83f1-df21defa8821/hasPerformedDate is not a property of the vocabulary
Constraint Violation in UndeclaredProperty:
	Severity: sh:Violation
	Focus Node: http://example.org/data/process_BMI_39156_5
	Message: https://w3id.org/shexmap/resource/ontology-schema/d285f599-dc2e-4bd0-83f1-df21defa8821/hasPerformer is not a property of the vocabulary
Constraint Violation in UndeclaredProperty:
	Severity: sh:Violation
	Focus Node: http://example.org/data/process_BMI_39156_5
	Message: https://w3id.org/shexmap/resource/ontology-schema/d285f599-dc2e-4bd0-83f1-df21defa8821/hasResult is not a property of the vocabulary
Constraint Violation in UndeclaredProperty:
	Severity: sh:Violation
	Focus Node: http://example.org/data/process_BMI_39156_5
	Message: https://w3id.org/shexmap/resource/ontology-schema/d285f599-dc2e-4bd0-83f1-df21defa8821/hasStatus is not a property of the vocabulary
Constraint Violation in UndeclaredProperty:
	Severity: sh:Violation
	Focus Node: http://example.org/data/process_Body_Height_8302_2
	Message: https://w3id.org/shexmap/resource/ontology-schema/d285f599-dc2e-4bd0-83f1-df21defa8821/hasPatient is not a property of the vocabulary
Constraint Violation in UndeclaredProperty:
	Severity: sh:Violation
	Focus Node: http://example.org/data/process_Body_Height_8302_2
	Message: https://w3id.org/shexmap/resource/ontology-schema/d285f599-dc2e-4bd0-83f1-df21defa8821/hasPerformedDate is not a property of the vocabulary
Constraint Violation in UndeclaredProperty:
	Severity: sh:Violation
	Focus Node: http://example.org/data/process_Body_Height_8302_2
	Message: https://w3id.org/shexmap/resource/ontology-schema/d285f599-dc2e-4bd0-83f1-df21defa8821/hasPerformer is not a property of the vocabulary
Constraint Violation in UndeclaredProperty:
	Severity: sh:Violation
	Focus Node: http://example.org/data/process_Body_Height_8302_2
	Message: https://w3id.org/shexmap/resource/ontology-schema/d285f599-dc2e-4bd0-83f1-df21defa8821/hasResult is not a property of the vocabulary
Constraint Violation in UndeclaredProperty:
	Severity: sh:Violation
	Focus Node: http://example.org/data/process_Body_Height_8302_2
	Message: https://w3id.org/shexmap/resource/ontology-schema/d285f599-dc2e-4bd0-83f1-df21defa8821/hasStatus is not a property of the vocabulary
Constraint Violation in UndeclaredProperty:
	Severity: sh:Violation
	Focus Node: http://example.org/data/process_Body_Weight_29463_7
	Message: https://w3id.org/shexmap/resource/ontology-schema/d285f599-dc2e-4bd0-83f1-df21defa8821/hasPatient is not a property of the vocabulary
Constraint Violation in UndeclaredProperty:
	Severity: sh:Violation
	Focus Node: http://example.org/data/process_Body_Weight_29463_7
	Message: https://w3id.org/shexmap/resource/ontology-schema/d285f599-dc2e-4bd0-83f1-df21defa8821/hasPerformedDate is not a property of the vocabulary
Constraint Violation in UndeclaredProperty:
	Severity: sh:Violation
	Focus Node: http://example.org/data/process_Body_Weight_29463_7
	Message: https://w3id.org/shexmap/resource/ontology-schema/d285f599-dc2e-4bd0-83f1-df21defa8821/hasPerformer is not a property of the vocabulary
Constraint Violation in UndeclaredProperty:
	Severity: sh:Violation
	Focus Node: http://example.org/data/process_Body_Weight_29463_7
	Message: https://w3id.org/shexmap/resource/ontology-schema/d285f599-dc2e-4bd0-83f1-df21defa8821/hasResult is not a property of the vocabulary
Constraint Violation in UndeclaredProperty:
	Severity: sh:Violation
	Focus Node: http://example.org/data/process_Body_Weight_29463_7
	Message: https://w3id.org/shexmap/resource/ontology-schema/d285f599-dc2e-4bd0-83f1-df21defa8821/hasStatus is not a property of the vocabulary
Constraint Violation in UndeclaredProperty:
	Severity: sh:Violation
	Focus Node: http://example.org/data/process_Calcium_49765_1
	Message: https://w3id.org/shexmap/resource/ontology-schema/d285f599-dc2e-4bd0-83f1-df21defa8821/hasPatient is not a property of the vocabulary
Constraint Violation in UndeclaredProperty:
	Severity: sh:Violation
	Focus Node: http://example.org/data/process_Calcium_49765_1
	Message: https://w3id.org/shexmap/resource/ontology-schema/d285f599-dc2e-4bd0-83f1-df21defa8821/hasPerformedDate is not a property of the vocabulary
Constraint Violation in UndeclaredProperty:
	Severity: sh:Violation
	Focus Node: http://example.org/data/process_Calcium_49765_1
	Message: https://w3id.org/shexmap/resource/ontology-schema/d285f599-dc2e-4bd0-83f1-df21defa8821/hasPerformer is not a property of the vocabulary
Constraint Violation in UndeclaredProperty:
	Severity: sh:Violation
	Focus Node: http://example.org/data/process_Calcium_49765_1
	Message: https://w3id.org/shexmap/resource/ontology-schema/d285f599-dc2e-4bd0-83f1-df21defa8821/hasResult is not a property of the vocabulary
Constraint Violation in UndeclaredProperty:
	Severity: sh:Violation
	Focus Node: http://example.org/data/process_Calcium_49765_1
	Message: https://w3id.org/shexmap/resource/ontology-schema/d285f599-dc2e-4bd0-83f1-df21defa8821/hasStatus is not a property of the vocabulary
Constraint Violation in UndeclaredProperty:
	Severity: sh:Violation
	Focus Node: http://example.org/data/process_Carbon_dioxide_20565_8
	Message: https://w3id.org/shexmap/resource/ontology-schema/d285f599-dc2e-4bd0-83f1-df21defa8821/hasPatient is not a property of the vocabulary
Constraint Violation in UndeclaredProperty:
	Severity: sh:Violation
	Focus Node: http://example.org/data/process_Carbon_dioxide_20565_8
	Message: https://w3id.org/shexmap/resource/ontology-schema/d285f599-dc2e-4bd0-83f1-df21defa8821/hasPerformedDate is not a property of the vocabulary
Constraint Violation in UndeclaredProperty:
	Severity: sh:Violation
	Focus Node: http://example.org/data/process_Carbon_dioxide_20565_8
	Message: https://w3id.org/shexmap/resource/ontology-schema/d285f599-dc2e-4bd0-83f1-df21defa8821/hasPerformer is not a property of the vocabulary
Constraint Violation in UndeclaredProperty:
	Severity: sh:Violation
	Focus Node: http://example.org/data/process_Carbon_dioxide_20565_8
	Message: https://w3id.org/shexmap/resource/ontology-schema/d285f599-dc2e-4bd0-83f1-df21defa8821/hasResult is not a property of the vocabulary
Constraint Violation in UndeclaredProperty:
	Severity: sh:Violation
	Focus Node: http://example.org/data/process_Carbon_dioxide_20565_8
	Message: https://w3id.org/shexmap/resource/ontology-schema/d285f599-dc2e-4bd0-83f1-df21defa8821/hasStatus is not a property of the vocabulary
Constraint Violation in UndeclaredProperty:
	Severity: sh:Violation
	Focus Node: http://example.org/data/process_Chloride_2069_3
	Message: https://w3id.org/shexmap/resource/ontology-schema/d285f599-dc2e-4bd0-83f1-df21defa8821/hasPatient is not a property of the vocabulary
Constraint Violation in UndeclaredProperty:
	Severity: sh:Violation
	Focus Node: http://example.org/data/process_Chloride_2069_3
	Message: https://w3id.org/shexmap/resource/ontology-schema/d285f599-dc2e-4bd0-83f1-df21defa8821/hasPerformedDate is not a property of the vocabulary
Constraint Violation in UndeclaredProperty:
	Severity: sh:Violation
	Focus Node: http://example.org/data/process_Chloride_2069_3
	Message: https://w3id.org/shexmap/resource/ontology-schema/d285f599-dc2e-4bd0-83f1-df21defa8821/hasPerformer is not a property of the vocabulary
Constraint Violation in UndeclaredProperty:
	Severity: sh:Violation
	Focus Node: http://example.org/data/process_Chloride_2069_3
	Message: https://w3id.org/shexmap/resource/ontology-schema/d285f599-dc2e-4bd0-83f1-df21defa8821/hasResult is not a property of the vocabulary
Constraint Violation in UndeclaredProperty:
	Severity: sh:Violation
	Focus Node: http://example.org/data/process_Chloride_2069_3
	Message: https://w3id.org/shexmap/resource/ontology-schema/d285f599-dc2e-4bd0-83f1-df21defa8821/hasStatus is not a property of the vocabulary
Constraint Violation in UndeclaredProperty:
	Severity: sh:Violation
	Focus Node: http://example.org/data/process_Creatinine_38483_4
	Message: https://w3id.org/shexmap/resource/ontology-schema/d285f599-dc2e-4bd0-83f1-df21defa8821/hasPatient is not a property of the vocabulary
Constraint Violation in UndeclaredProperty:
	Severity: sh:Violation
	Focus Node: http://example.org/data/process_Creatinine_38483_4
	Message: https://w3id.org/shexmap/resource/ontology-schema/d285f599-dc2e-4bd0-83f1-df21defa8821/hasPerformedDate is not a property of the vocabulary
Constraint Violation in UndeclaredProperty:
	Severity: sh:Violation
	Focus Node: http://example.org/data/process_Creatinine_38483_4
	Message: https://w3id.org/shexmap/resource/ontology-schema/d285f599-dc2e-4bd0-83f1-df21defa8821/hasPerformer is not a property of the vocabulary
Constraint Violation in UndeclaredProperty:
	Severity: sh:Violation
	Focus Node: http://example.org/data/process_Creatinine_38483_4
	Message: https://w3id.org/shexmap/resource/ontology-schema/d285f599-dc2e-4bd0-83f1-df21defa8821/hasResult is not a property of the vocabulary
Constraint Violation in UndeclaredProperty:
	Severity: sh:Violation
	Focus Node: http://example.org/data/process_Creatinine_38483_4
	Message: https://w3id.org/shexmap/resource/ontology-schema/d285f599-dc2e-4bd0-83f1-df21defa8821/hasStatus is not a property of the vocabulary
Constraint Violation in UndeclaredProperty:
	Severity: sh:Violation
	Focus Node: http://example.org/data/process_Erythrocyte_788_0
	Message: https://w3id.org/shexmap/resource/ontology-schema/d285f599-dc2e-4bd0-83f1-df21defa8821/hasPatient is not a property of the vocabulary
Constraint Violation in UndeclaredProperty:
	Severity: sh:Violation
	Focus Node: http://example.org/data/process_Erythrocyte_788_0
	Message: https://w3id.org/shexmap/resource/ontology-schema/d285f599-dc2e-4bd0-83f1-df21defa8821/hasPerformedDate is not a property of the vocabulary
Constraint Violation in UndeclaredProperty:
	Severity: sh:Violation
	Focus Node: http://example.org/data/process_Erythrocyte_788_0
	Message: https://w3id.org/shexmap/resource/ontology-schema/d285f599-dc2e-4bd0-83f1-df21defa8821/hasPerformer is not a property of the vocabulary
Constraint Violation in UndeclaredProperty:
	Severity: sh:Violation
	Focus Node: http://example.org/data/process_Erythrocyte_788_0
	Message: https://w3id.org/shexmap/resource/ontology-schema/d285f599-dc2e-4bd0-83f1-df21defa8821/hasResult is not a property of the vocabulary
Constraint Violation in UndeclaredProperty:
	Severity: sh:Violation
	Focus Node: http://example.org/data/process_Erythrocyte_788_0
	Message: https://w3id.org/shexmap/resource/ontology-schema/d285f599-dc2e-4bd0-83f1-df21defa8821/hasStatus is not a property of the vocabulary
Constraint Violation in UndeclaredProperty:
	Severity: sh:Violation
	Focus Node: http://example.org/data/process_Erythrocytes_789_8
	Message: https://w3id.org/shexmap/resource/ontology-schema/d285f599-dc2e-4bd0-83f1-df21defa8821/hasPatient is not a property of the vocabulary
Constraint Violation in UndeclaredProperty:
	Severity: sh:Violation
	Focus Node: http://example.org/data/process_Erythrocytes_789_8
	Message: https://w3id.org/shexmap/resource/ontology-schema/d285f599-dc2e-4bd0-83f1-df21defa8821/hasPerformedDate is not a property of the vocabulary
Constraint Violation in UndeclaredProperty:
	Severity: sh:Violation
	Focus Node: http://example.org/data/process_Erythrocytes_789_8
	Message: https://w3id.org/shexmap/resource/ontology-schema/d285f599-dc2e-4bd0-83f1-df21defa8821/hasPerformer is not a property of the vocabulary
Constraint Violation in UndeclaredProperty:
	Severity: sh:Violation
	Focus Node: http://example.org/data/process_Erythrocytes_789_8
	Message: https://w3id.org/shexmap/resource/ontology-schema/d285f599-dc2e-4bd0-83f1-df21defa8821/hasResult is not a property of the vocabulary
Constraint Violation in UndeclaredProperty:
	Severity: sh:Violation
	Focus Node: http://example.org/data/process_Erythrocytes_789_8
	Message: https://w3id.org/shexmap/resource/ontology-schema/d285f599-dc2e-4bd0-83f1-df21defa8821/hasStatus is not a property of the vocabulary
Constraint Violation in UndeclaredProperty:
	Severity: sh:Violation
	Focus Node: http://example.org/data/process_Glucose_2339_0
	Message: https://w3id.org/shexmap/resource/ontology-schema/d285f599-dc2e-4bd0-83f1-df21defa8821/hasPatient is not a property of the vocabulary
Constraint Violation in UndeclaredProperty:
	Severity: sh:Violation
	Focus Node: http://example.org/data/process_Glucose_2339_0
	Message: https://w3id.org/shexmap/resource/ontology-schema/d285f599-dc2e-4bd0-83f1-df21defa8821/hasPerformedDate is not a property of the vocabulary
Constraint Violation in UndeclaredProperty:
	Severity: sh:Violation
	Focus Node: http://example.org/data/process_Glucose_2339_0
	Message: https://w3id.org/shexmap/resource/ontology-schema/d285f599-dc2e-4bd0-83f1-df21defa8821/hasPerformer is not a property of the vocabulary
Constraint Violation in UndeclaredProperty:
	Severity: sh:Violation
	Focus Node: http://example.org/data/process_Glucose_2339_0
	Message: https://w3id.org/shexmap/resource/ontology-schema/d285f599-dc2e-4bd0-83f1-df21defa8821/hasResult is not a property of the vocabulary
Constraint Violation in UndeclaredProperty:
	Severity: sh:Violation
	Focus Node: http://example.org/data/process_Glucose_2339_0
	Message: https://w3id.org/shexmap/resource/ontology-schema/d285f599-dc2e-4bd0-83f1-df21defa8821/hasStatus is not a property of the vocabulary
Constraint Violation in UndeclaredProperty:
	Severity: sh:Violation
	Focus Node: http://example.org/data/process_Heart_rate_8867_4
	Message: https://w3id.org/shexmap/resource/ontology-schema/d285f599-dc2e-4bd0-83f1-df21defa8821/hasPatient is not a property of the vocabulary
Constraint Violation in UndeclaredProperty:
	Severity: sh:Violation
	Focus Node: http://example.org/data/process_Heart_rate_8867_4
	Message: https://w3id.org/shexmap/resource/ontology-schema/d285f599-dc2e-4bd0-83f1-df21defa8821/hasPerformedDate is not a property of the vocabulary
Constraint Violation in UndeclaredProperty:
	Severity: sh:Violation
	Focus Node: http://example.org/data/process_Heart_rate_8867_4
	Message: https://w3id.org/shexmap/resource/ontology-schema/d285f599-dc2e-4bd0-83f1-df21defa8821/hasPerformer is not a property of the vocabulary
Constraint Violation in UndeclaredProperty:
	Severity: sh:Violation
	Focus Node: http://example.org/data/process_Heart_rate_8867_4
	Message: https://w3id.org/shexmap/resource/ontology-schema/d285f599-dc2e-4bd0-83f1-df21defa8821/hasResult is not a property of the vocabulary
Constraint Violation in UndeclaredProperty:
	Severity: sh:Violation
	Focus Node: http://example.org/data/process_Heart_rate_8867_4
	Message: https://w3id.org/shexmap/resource/ontology-schema/d285f599-dc2e-4bd0-83f1-df21defa8821/hasStatus is not a property of the vocabulary
Constraint Violation in UndeclaredProperty:
	Severity: sh:Violation
	Focus Node: http://example.org/data/process_Hematocrit_4544_3
	Message: https://w3id.org/shexmap/resource/ontology-schema/d285f599-dc2e-4bd0-83f1-df21defa8821/hasPatient is not a property of the vocabulary
Constraint Violation in UndeclaredProperty:
	Severity: sh:Violation
	Focus Node: http://example.org/data/process_Hematocrit_4544_3
	Message: https://w3id.org/shexmap/resource/ontology-schema/d285f599-dc2e-4bd0-83f1-df21defa8821/hasPerformedDate is not a property of the vocabulary
Constraint Violation in UndeclaredProperty:
	Severity: sh:Violation
	Focus Node: http://example.org/data/process_Hematocrit_4544_3
	Message: https://w3id.org/shexmap/resource/ontology-schema/d285f599-dc2e-4bd0-83f1-df21defa8821/hasPerformer is not a property of the vocabulary
Constraint Violation in UndeclaredProperty:
	Severity: sh:Violation
	Focus Node: http://example.org/data/process_Hematocrit_4544_3
	Message: https://w3id.org/shexmap/resource/ontology-schema/d285f599-dc2e-4bd0-83f1-df21defa8821/hasResult is not a property of the vocabulary
Constraint Violation in UndeclaredProperty:
	Severity: sh:Violation
	Focus Node: http://example.org/data/process_Hematocrit_4544_3
	Message: https://w3id.org/shexmap/resource/ontology-schema/d285f599-dc2e-4bd0-83f1-df21defa8821/hasStatus is not a property of the vocabulary
Constraint Violation in UndeclaredProperty:
	Severity: sh:Violation
	Focus Node: http://example.org/data/process_Hemoglobin_718_7
	Message: https://w3id.org/shexmap/resource/ontology-schema/d285f599-dc2e-4bd0-83f1-df21defa8821/hasPatient is not a property of the vocabulary
Constraint Violation in UndeclaredProperty:
	Severity: sh:Violation
	Focus Node: http://example.org/data/process_Hemoglobin_718_7
	Message: https://w3id.org/shexmap/resource/ontology-schema/d285f599-dc2e-4bd0-83f1-df21defa8821/hasPerformedDate is not a property of the vocabulary
Constraint Violation in UndeclaredProperty:
	Severity: sh:Violation
	Focus Node: http://example.org/data/process_Hemoglobin_718_7
	Message: https://w3id.org/shexmap/resource/ontology-schema/d285f599-dc2e-4bd0-83f1-df21defa8821/hasPerformer is not a property of the vocabulary
Constraint Violation in UndeclaredProperty:
	Severity: sh:Violation
	Focus Node: http://example.org/data/process_Hemoglobin_718_7
	Message: https://w3id.org/shexmap/resource/ontology-schema/d285f599-dc2e-4bd0-83f1-df21defa8821/hasResult is not a property of the vocabulary
Constraint Violation in UndeclaredProperty:
	Severity: sh:Violation
	Focus Node: http://example.org/data/process_Hemoglobin_718_7
	Message: https://w3id.org/shexmap/resource/ontology-schema/d285f599-dc2e-4bd0-83f1-df21defa8821/hasStatus is not a property of the vocabulary
Constraint Violation in UndeclaredProperty:
	Severity: sh:Violation
	Focus Node: http://example.org/data/process_Hemoglobin_A1c_4548_4
	Message: https://w3id.org/shexmap/resource/ontology-schema/d285f599-dc2e-4bd0-83f1-df21defa8821/hasPatient is not a property of the vocabulary
Constraint Violation in UndeclaredProperty:
	Severity: sh:Violation
	Focus Node: http://example.org/data/process_Hemoglobin_A1c_4548_4
	Message: https://w3id.org/shexmap/resource/ontology-schema/d285f599-dc2e-4bd0-83f1-df21defa8821/hasPerformedDate is not a property of the vocabulary
Constraint Violation in UndeclaredProperty:
	Severity: sh:Violation
	Focus Node: http://example.org/data/process_Hemoglobin_A1c_4548_4
	Message: https://w3id.org/shexmap/resource/ontology-schema/d285f599-dc2e-4bd0-83f1-df21defa8821/hasPerformer is not a property of the vocabulary
Constraint Violation in UndeclaredProperty:
	Severity: sh:Violation
	Focus Node: http://example.org/data/process_Hemoglobin_A1c_4548_4
	Message: https://w3id.org/shexmap/resource/ontology-schema/d285f599-dc2e-4bd0-83f1-df21defa8821/hasResult is not a property of the vocabulary
Constraint Violation in UndeclaredProperty:
	Severity: sh:Violation
	Focus Node: http://example.org/data/process_Hemoglobin_A1c_4548_4
	Message: https://w3id.org/shexmap/resource/ontology-schema/d285f599-dc2e-4bd0-83f1-df21defa8821/hasStatus is not a property of the vocabulary
Constraint Violation in UndeclaredProperty:
	Severity: sh:Violation
	Focus Node: http://example.org/data/process_Leukocytes_6690_2
	Message: https://w3id.org/shexmap/resource/ontology-schema/d285f599-dc2e-4bd0-83f1-df21defa8821/hasPatient is not a property of the vocabulary
Constraint Violation in UndeclaredProperty:
	Severity: sh:Violation
	Focus Node: http://example.org/data/process_Leukocytes_6690_2
	Message: https://w3id.org/shexmap/resource/ontology-schema/d285f599-dc2e-4bd0-83f1-df21defa8821/hasPerformedDate is not a property of the vocabulary
Constraint Violation in UndeclaredProperty:
	Severity: sh:Violation
	Focus Node: http://example.org/data/process_Leukocytes_6690_2
	Message: https://w3id.org/shexmap/resource/ontology-schema/d285f599-dc2e-4bd0-83f1-df21defa8821/hasPerformer is not a property of the vocabulary
Constraint Violation in UndeclaredProperty:
	Severity: sh:Violation
	Focus Node: http://example.org/data/process_Leukocytes_6690_2
	Message: https://w3id.org/shexmap/resource/ontology-schema/d285f599-dc2e-4bd0-83f1-df21defa8821/hasResult is not a property of the vocabulary
Constraint Violation in UndeclaredProperty:
	Severity: sh:Violation
	Focus Node: http://example.org/data/process_Leukocytes_6690_2
	Message: https://w3id.org/shexmap/resource/ontology-schema/d285f599-dc2e-4bd0-83f1-df21defa8821/hasStatus is not a property of the vocabulary
Constraint Violation in UndeclaredProperty:
	Severity: sh:Violation
	Focus Node: http://example.org/data/process_MCHC_786_4
	Message: https://w3id.org/shexmap/resource/ontology-schema/d285f599-dc2e-4bd0-83f1-df21defa8821/hasPatient is not a property of the vocabulary
Constraint Violation in UndeclaredProperty:
	Severity: sh:Violation
	Focus Node: http://example.org/data/process_MCHC_786_4
	Message: https://w3id.org/shexmap/resource/ontology-schema/d285f599-dc2e-4bd0-83f1-df21defa8821/hasPerformedDate is not a property of the vocabulary
Constraint Violation in UndeclaredProperty:
	Severity: sh:Violation
	Focus Node: http://example.org/data/process_MCHC_786_4
	Message: https://w3id.org/shexmap/resource/ontology-schema/d285f599-dc2e-4bd0-83f1-df21defa8821/hasPerformer is not a property of the vocabulary
Constraint Violation in UndeclaredProperty:
	Severity: sh:Violation
	Focus Node: http://example.org/data/process_MCHC_786_4
	Message: https://w3id.org/shexmap/resource/ontology-schema/d285f599-dc2e-4bd0-83f1-df21defa8821/hasResult is not a property of the vocabulary
Constraint Violation in UndeclaredProperty:
	Severity: sh:Violation
	Focus Node: http://example.org/data/process_MCHC_786_4
	Message: https://w3id.org/shexmap/resource/ontology-schema/d285f599-dc2e-4bd0-83f1-df21defa8821/hasStatus is not a property of the vocabulary
Constraint Violation in UndeclaredProperty:
	Severity: sh:Violation
	Focus Node: http://example.org/data/process_MCH_785_6
	Message: https://w3id.org/shexmap/resource/ontology-schema/d285f599-dc2e-4bd0-83f1-df21defa8821/hasPatient is not a property of the vocabulary
Constraint Violation in UndeclaredProperty:
	Severity: sh:Violation
	Focus Node: http://example.org/data/process_MCH_785_6
	Message: https://w3id.org/shexmap/resource/ontology-schema/d285f599-dc2e-4bd0-83f1-df21defa8821/hasPerformedDate is not a property of the vocabulary
Constraint Violation in UndeclaredProperty:
	Severity: sh:Violation
	Focus Node: http://example.org/data/process_MCH_785_6
	Message: https://w3id.org/shexmap/resource/ontology-schema/d285f599-dc2e-4bd0-83f1-df21defa8821/hasPerformer is not a property of the vocabulary
Constraint Violation in UndeclaredProperty:
	Severity: sh:Violation
	Focus Node: http://example.org/data/process_MCH_785_6
	Message: https://w3id.org/shexmap/resource/ontology-schema/d285f599-dc2e-4bd0-83f1-df21defa8821/hasResult is not a property of the vocabulary
Constraint Violation in UndeclaredProperty:
	Severity: sh:Violation
	Focus Node: http://example.org/data/process_MCH_785_6
	Message: https://w3id.org/shexmap/resource/ontology-schema/d285f599-dc2e-4bd0-83f1-df21defa8821/hasStatus is not a property of the vocabulary
Constraint Violation in UndeclaredProperty:
	Severity: sh:Violation
	Focus Node: http://example.org/data/process_MCV_787_2
	Message: https://w3id.org/shexmap/resource/ontology-schema/d285f599-dc2e-4bd0-83f1-df21defa8821/hasPatient is not a property of the vocabulary
Constraint Violation in UndeclaredProperty:
	Severity: sh:Violation
	Focus Node: http://example.org/data/process_MCV_787_2
	Message: https://w3id.org/shexmap/resource/ontology-schema/d285f599-dc2e-4bd0-83f1-df21defa8821/hasPerformedDate is not a property of the vocabulary
Constraint Violation in UndeclaredProperty:
	Severity: sh:Violation
	Focus Node: http://example.org/data/process_MCV_787_2
	Message: https://w3id.org/shexmap/resource/ontology-schema/d285f599-dc2e-4bd0-83f1-df21defa8821/hasPerformer is not a property of the vocabulary
Constraint Violation in UndeclaredProperty:
	Severity: sh:Violation
	Focus Node: http://example.org/data/process_MCV_787_2
	Message: https://w3id.org/shexmap/resource/ontology-schema/d285f599-dc2e-4bd0-83f1-df21defa8821/hasResult is not a property of the vocabulary
Constraint Violation in UndeclaredProperty:
	Severity: sh:Violation
	Focus Node: http://example.org/data/process_MCV_787_2
	Message: https://w3id.org/shexmap/resource/ontology-schema/d285f599-dc2e-4bd0-83f1-df21defa8821/hasStatus is not a property of the vocabulary
Constraint Violation in UndeclaredProperty:
	Severity: sh:Violation
	Focus Node: http://example.org/data/process_Pain_severity_72514_3
	Message: https://w3id.org/shexmap/resource/ontology-schema/d285f599-dc2e-4bd0-83f1-df21defa8821/hasPatient is not a property of the vocabulary
Constraint Violation in UndeclaredProperty:
	Severity: sh:Violation
	Focus Node: http://example.org/data/process_Pain_severity_72514_3
	Message: https://w3id.org/shexmap/resource/ontology-schema/d285f599-dc2e-4bd0-83f1-df21defa8821/hasPerformedDate is not a property of the vocabulary
Constraint Violation in UndeclaredProperty:
	Severity: sh:Violation
	Focus Node: http://example.org/data/process_Pain_severity_72514_3
	Message: https://w3id.org/shexmap/resource/ontology-schema/d285f599-dc2e-4bd0-83f1-df21defa8821/hasPerformer is not a property of the vocabulary
Constraint Violation in UndeclaredProperty:
	Severity: sh:Violation
	Focus Node: http://example.org/data/process_Pain_severity_72514_3
	Message: https://w3id.org/shexmap/resource/ontology-schema/d285f599-dc2e-4bd0-83f1-df21defa8821/hasResult is not a property of the vocabulary
Constraint Violation in UndeclaredProperty:
	Severity: sh:Violation
	Focus Node: http://example.org/data/process_Pain_severity_72514_3
	Message: https://w3id.org/shexmap/resource/ontology-schema/d285f599-dc2e-4bd0-83f1-df21defa8821/hasStatus is not a property of the vocabulary
Constraint Violation in UndeclaredProperty:
	Severity: sh:Violation
	Focus Node: http://example.org/data/process_Platelets_777_3
	Message: https://w3id.org/shexmap/resource/ontology-schema/d285f599-dc2e-4bd0-83f1-df21defa8821/hasPatient is not a property of the vocabulary
Constraint Violation in UndeclaredProperty:
	Severity: sh:Violation
	Focus Node: http://example.org/data/process_Platelets_777_3
	Message: https://w3id.org/shexmap/resource/ontology-schema/d285f599-dc2e-4bd0-83f1-df21defa8821/hasPerformedDate is not a property of the vocabulary
Constraint Violation in UndeclaredProperty:
	Severity: sh:Violation
	Focus Node: http://example.org/data/process_Platelets_777_3
	Message: https://w3id.org/shexmap/resource/ontology-schema/d285f599-dc2e-4bd0-83f1-df21defa8821/hasPerformer is not a property of the vocabulary
Constraint Violation in UndeclaredProperty:
	Severity: sh:Violation
	Focus Node: http://example.org/data/process_Platelets_777_3
	Message: https://w3id.org/shexmap/resource/ontology-schema/d285f599-dc2e-4bd0-83f1-df21defa8821/hasResult is not a property of the vocabulary
Constraint Violation in UndeclaredProperty:
	Severity: sh:Violation
	Focus Node: http://example.org/data/process_Platelets_777_3
	Message: https://w3id.org/shexmap/resource/ontology-schema/d285f599-dc2e-4bd0-83f1-df21defa8821/hasStatus is not a property of the vocabulary
Constraint Violation in UndeclaredProperty:
	Severity: sh:Violation
	Focus Node: http://example.org/data/process_Potassium_6298_4
	Message: https://w3id.org/shexmap/resource/ontology-schema/d285f599-dc2e-4bd0-83f1-df21defa8821/hasPatient is not a property of the vocabulary
Constraint Violation in UndeclaredProperty:
	Severity: sh:Violation
	Focus Node: http://example.org/data/process_Potassium_6298_4
	Message: https://w3id.org/shexmap/resource/ontology-schema/d285f599-dc2e-4bd0-83f1-df21defa8821/hasPerformedDate is not a property of the vocabulary
Constraint Violation in UndeclaredProperty:
	Severity: sh:Violation
	Focus Node: http://example.org/data/process_Potassium_6298_4
	Message: https://w3id.org/shexmap/resource/ontology-schema/d285f599-dc2e-4bd0-83f1-df21defa8821/hasPerformer is not a property of the vocabulary
Constraint Violation in UndeclaredProperty:
	Severity: sh:Violation
	Focus Node: http://example.org/data/process_Potassium_6298_4
	Message: https://w3id.org/shexmap/resource/ontology-schema/d285f599-dc2e-4bd0-83f1-df21defa8821/hasResult is not a property of the vocabulary
Constraint Violation in UndeclaredProperty:
	Severity: sh:Violation
	Focus Node: http://example.org/data/process_Potassium_6298_4
	Message: https://w3id.org/shexmap/resource/ontology-schema/d285f599-dc2e-4bd0-83f1-df21defa8821/hasStatus is not a property of the vocabulary
Constraint Violation in UndeclaredProperty:
	Severity: sh:Violation
	Focus Node: http://example.org/data/process_Respiratory_rate_9279_1
	Message: https://w3id.org/shexmap/resource/ontology-schema/d285f599-dc2e-4bd0-83f1-df21defa8821/hasPatient is not a property of the vocabulary
Constraint Violation in UndeclaredProperty:
	Severity: sh:Violation
	Focus Node: http://example.org/data/process_Respiratory_rate_9279_1
	Message: https://w3id.org/shexmap/resource/ontology-schema/d285f599-dc2e-4bd0-83f1-df21defa8821/hasPerformedDate is not a property of the vocabulary
Constraint Violation in UndeclaredProperty:
	Severity: sh:Violation
	Focus Node: http://example.org/data/process_Respiratory_rate_9279_1
	Message: https://w3id.org/shexmap/resource/ontology-schema/d285f599-dc2e-4bd0-83f1-df21defa8821/hasPerformer is not a property of the vocabulary
Constraint Violation in UndeclaredProperty:
	Severity: sh:Violation
	Focus Node: http://example.org/data/process_Respiratory_rate_9279_1
	Message: https://w3id.org/shexmap/resource/ontology-schema/d285f599-dc2e-4bd0-83f1-df21defa8821/hasResult is not a property of the vocabulary
Constraint Violation in UndeclaredProperty:
	Severity: sh:Violation
	Focus Node: http://example.org/data/process_Respiratory_rate_9279_1
	Message: https://w3id.org/shexmap/resource/ontology-schema/d285f599-dc2e-4bd0-83f1-df21defa8821/hasStatus is not a property of the vocabulary
Constraint Violation in UndeclaredProperty:
	Severity: sh:Violation
	Focus Node: http://example.org/data/process_Sodium_2947_0
	Message: https://w3id.org/shexmap/resource/ontology-schema/d285f599-dc2e-4bd0-83f1-df21defa8821/hasPatient is not a property of the vocabulary
Constraint Violation in UndeclaredProperty:
	Severity: sh:Violation
	Focus Node: http://example.org/data/process_Sodium_2947_0
	Message: https://w3id.org/shexmap/resource/ontology-schema/d285f599-dc2e-4bd0-83f1-df21defa8821/hasPerformedDate is not a property of the vocabulary
Constraint Violation in UndeclaredProperty:
	Severity: sh:Violation
	Focus Node: http://example.org/data/process_Sodium_2947_0
	Message: https://w3id.org/shexmap/resource/ontology-schema/d285f599-dc2e-4bd0-83f1-df21defa8821/hasPerformer is not a property of the vocabulary
Constraint Violation in UndeclaredProperty:
	Severity: sh:Violation
	Focus Node: http://example.org/data/process_Sodium_2947_0
	Message: https://w3id.org/shexmap/resource/ontology-schema/d285f599-dc2e-4bd0-83f1-df21defa8821/hasResult is not a property of the vocabulary
Constraint Violation in UndeclaredProperty:
	Severity: sh:Violation
	Focus Node: http://example.org/data/process_Sodium_2947_0
	Message: https://w3id.org/shexmap/resource/ontology-schema/d285f599-dc2e-4bd0-83f1-df21defa8821/hasStatus is not a property of the vocabulary
Constraint Violation in UndeclaredProperty:
	Severity: sh:Violation
	Focus Node: http://example.org/data/process_Urea_nitrogen_6299_2
	Message: https://w3id.org/shexmap/resource/ontology-schema/d285f599-dc2e-4bd0-83f1-df21defa8821/hasPatient is not a property of the vocabulary
Constraint Violation in UndeclaredProperty:
	Severity: sh:Violation
	Focus Node: http://example.org/data/process_Urea_nitrogen_6299_2
	Message: https://w3id.org/shexmap/resource/ontology-schema/d285f599-dc2e-4bd0-83f1-df21defa8821/hasPerformedDate is not a property of the vocabulary
Constraint Violation in UndeclaredProperty:
	Severity: sh:Violation
	Focus Node: http://example.org/data/process_Urea_nitrogen_6299_2
	Message: https://w3id.org/shexmap/resource/ontology-schema/d285f599-dc2e-4bd0-83f1-df21defa8821/hasPerformer is not a property of the vocabulary
Constraint Violation in UndeclaredProperty:
	Severity: sh:Violation
	Focus Node: http://example.org/data/process_Urea_nitrogen_6299_2
	Message: https://w3id.org/shexmap/resource/ontology-schema/d285f599-dc2e-4bd0-83f1-df21defa8821/hasResult is not a property of the vocabulary
Constraint Violation in UndeclaredProperty:
	Severity: sh:Violation
	Focus Node: http://example.org/data/process_Urea_nitrogen_6299_2
	Message: https://w3id.org/shexmap/resource/ontology-schema/d285f599-dc2e-4bd0-83f1-df21defa8821/hasStatus is not a property of the vocabulary
Constraint Violation in UndeclaredProperty:
	Severity: sh:Violation
	Focus Node: http://example.org/data/visit_20041227T203554
	Message: https://w3id.org/shexmap/resource/ontology-schema/d285f599-dc2e-4bd0-83f1-df21defa8821/hasCareProvider is not a property of the vocabulary
Constraint Violation in UndeclaredProperty:
	Severity: sh:Violation
	Focus Node: http://example.org/data/visit_20041227T203554
	Message: https://w3id.org/shexmap/resource/ontology-schema/d285f599-dc2e-4bd0-83f1-df21defa8821/hasCareUnit is not a property of the vocabulary
Constraint Violation in UndeclaredProperty:
	Severity: sh:Violation
	Focus Node: http://example.org/data/visit_20041227T203554
	Message: https://w3id.org/shexmap/resource/ontology-schema/d285f599-dc2e-4bd0-83f1-df21defa8821/hasDate is not a property of the vocabulary
Constraint Violation in UndeclaredProperty:
	Severity: sh:Violation
	Focus Node: http://example.org/data/visit_20041227T203554
	Message: https://w3id.org/shexmap/resource/ontology-schema/d285f599-dc2e-4bd0-83f1-df21defa8821/hasPatient is not a property of the vocabulary
Constraint Violation in UndeclaredProperty:
	Severity: sh:Violation
	Focus Node: http://example.org/data/visit_20041227T203554
	Message: https://w3id.org/shexmap/resource/ontology-schema/d285f599-dc2e-4bd0-83f1-df21defa8821/hasProcedure is not a property of the vocabulary
Constraint Violation in ClosedConstraintComponent (http://www.w3.org/ns/shacl#ClosedConstraintComponent):
	Severity: sh:Violation
	Source Shape: chr:SchemaPropertyVocabularyShape
	Focus Node: ex:Carbon_dioxide_20565-8
	Value Node: <https://loinc.org/20565-8>
	Result Path: <https://w3id.org/shexmap/resource/ontology-schema/d285f599-dc2e-4bd0-83f1-df21defa8821/hasCode>
	Message: Only the 24 properties declared in the CHR schema (plus rdf:type and rdfs:label) may be used on an individual.
Constraint Violation in ClosedConstraintComponent (http://www.w3.org/ns/shacl#ClosedConstraintComponent):
	Severity: sh:Violation
	Source Shape: chr:SchemaPropertyVocabularyShape
	Focus Node: ex:Carbon_dioxide_20565-8
	Value Node: Literal("2004-12-27T20:35:54+01:00" = 2004-12-27 20:35:54+01:00, datatype=xsd:dateTime)
	Result Path: <https://w3id.org/shexmap/resource/ontology-schema/d285f599-dc2e-4bd0-83f1-df21defa8821/hasMeasuredDate>
	Message: Only the 24 properties declared in the CHR schema (plus rdf:type and rdfs:label) may be used on an individual.
Constraint Violation in ClosedConstraintComponent (http://www.w3.org/ns/shacl#ClosedConstraintComponent):
	Severity: sh:Violation
	Source Shape: chr:SchemaPropertyVocabularyShape
	Focus Node: ex:Carbon_dioxide_20565-8
	Value Node: Literal("23.24", datatype=xsd:float)
	Result Path: <https://w3id.org/shexmap/resource/ontology-schema/d285f599-dc2e-4bd0-83f1-df21defa8821/hasQuantityValue>
	Message: Only the 24 properties declared in the CHR schema (plus rdf:type and rdfs:label) may be used on an individual.
Constraint Violation in ClosedConstraintComponent (http://www.w3.org/ns/shacl#ClosedConstraintComponent):
	Severity: sh:Violation
	Source Shape: chr:SchemaPropertyVocabularyShape
	Focus Node: ex:Carbon_dioxide_20565-8
	Value Node: ex:unit_mmolperL
	Result Path: <https://w3id.org/shexmap/resource/ontology-schema/d285f599-dc2e-4bd0-83f1-df21defa8821/hasUnit>
	Message: Only the 24 properties declared in the CHR schema (plus rdf:type and rdfs:label) may be used on an individual.
Constraint Violation in ClosedConstraintComponent (http://www.w3.org/ns/shacl#ClosedConstraintComponent):
	Severity: sh:Violation
	Source Shape: chr:SchemaPropertyVocabularyShape
	Focus Node: ex:CarePlan_1
	Value Node: ex:evaluation_medication_review_20041227T203554
	Result Path: <https://w3id.org/shexmap/resource/ontology-schema/d285f599-dc2e-4bd0-83f1-df21defa8821/hasMedicalProcedure>
	Message: Only the 24 properties declared in the CHR schema (plus rdf:type and rdfs:label) may be used on an individual.
Constraint Violation in ClosedConstraintComponent (http://www.w3.org/ns/shacl#ClosedConstraintComponent):
	Severity: sh:Violation
	Source Shape: chr:SchemaPropertyVocabularyShape
	Focus Node: ex:Chloride_2069-3
	Value Node: <https://loinc.org/2069-3>
	Result Path: <https://w3id.org/shexmap/resource/ontology-schema/d285f599-dc2e-4bd0-83f1-df21defa8821/hasCode>
	Message: Only the 24 properties declared in the CHR schema (plus rdf:type and rdfs:label) may be used on an individual.
Constraint Violation in ClosedConstraintComponent (http://www.w3.org/ns/shacl#ClosedConstraintComponent):
	Severity: sh:Violation
	Source Shape: chr:SchemaPropertyVocabularyShape
	Focus Node: ex:Chloride_2069-3
	Value Node: Literal("101.05", datatype=xsd:float)
	Result Path: <https://w3id.org/shexmap/resource/ontology-schema/d285f599-dc2e-4bd0-83f1-df21defa8821/hasQuantityValue>
	Message: Only the 24 properties declared in the CHR schema (plus rdf:type and rdfs:label) may be used on an individual.
Constraint Violation in ClosedConstraintComponent (http://www.w3.org/ns/shacl#ClosedConstraintComponent):
	Severity: sh:Violation
	Source Shape: chr:SchemaPropertyVocabularyShape
	Focus Node: ex:Chloride_2069-3
	Value Node: Literal("2004-12-27T20:35:54+01:00" = 2004-12-27 20:35:54+01:00, datatype=xsd:dateTime)
	Result Path: <https://w3id.org/shexmap/resource/ontology-schema/d285f599-dc2e-4bd0-83f1-df21defa8821/hasMeasuredDate>
	Message: Only the 24 properties declared in the CHR schema (plus rdf:type and rdfs:label) may be used on an individual.
Constraint Violation in ClosedConstraintComponent (http://www.w3.org/ns/shacl#ClosedConstraintComponent):
	Severity: sh:Violation
	Source Shape: chr:SchemaPropertyVocabularyShape
	Focus Node: ex:Chloride_2069-3
	Value Node: ex:unit_mmolperL
	Result Path: <https://w3id.org/shexmap/resource/ontology-schema/d285f599-dc2e-4bd0-83f1-df21defa8821/hasUnit>
	Message: Only the 24 properties declared in the CHR schema (plus rdf:type and rdfs:label) may be used on an individual.
Constraint Violation in ClosedConstraintComponent (http://www.w3.org/ns/shacl#ClosedConstraintComponent):
	Severity: sh:Violation
	Source Shape: chr:SchemaPropertyVocabularyShape
	Focus Node: ex:Erythrocyte_788-0
	Value Node: <https://loinc.org/788-0>
	Result Path: <https://w3id.org/shexmap/resource/ontology-schema/d285f599-dc2e-4bd0-83f1-df21defa8821/hasCode>
	Message: Only the 24 properties declared in the CHR schema (plus rdf:type and rdfs:label) may be used on an individual.
Constraint Violation in ClosedConstraintComponent (http://www.w3.org/ns/shacl#ClosedConstraintComponent):
	Severity: sh:Violation
	Source Shape: chr:SchemaPropertyVocabularyShape
	Focus Node: ex:Erythrocyte_788-0
	Value Node: Literal("2004-12-27T20:35:54+01:00" = 2004-12-27 20:35:54+01:00, datatype=xsd:dateTime)
	Result Path: <https://w3id.org/shexmap/resource/ontology-schema/d285f599-dc2e-4bd0-83f1-df21defa8821/hasMeasuredDate>
	Message: Only the 24 properties declared in the CHR schema (plus rdf:type and rdfs:label) may be used on an individual.
Constraint Violation in ClosedConstraintComponent (http://www.w3.org/ns/shacl#ClosedConstraintComponent):
	Severity: sh:Violation
	Source Shape: chr:SchemaPropertyVocabularyShape
	Focus Node: ex:Erythrocyte_788-0
	Value Node: Literal("45.23", datatype=xsd:float)
	Result Path: <https://w3id.org/shexmap/resource/ontology-schema/d285f599-dc2e-4bd0-83f1-df21defa8821/hasQuantityValue>
	Message: Only the 24 properties declared in the CHR schema (plus rdf:type and rdfs:label) may be used on an individual.
Constraint Violation in ClosedConstraintComponent (http://www.w3.org/ns/shacl#ClosedConstraintComponent):
	Severity: sh:Violation
	Source Shape: chr:SchemaPropertyVocabularyShape
	Focus Node: ex:Erythrocyte_788-0
	Value Node: ex:unit_fL
	Result Path: <https://w3id.org/shexmap/resource/ontology-schema/d285f599-dc2e-4bd0-83f1-df21defa8821/hasUnit>
	Message: Only the 24 properties declared in the CHR schema (plus rdf:type and rdfs:label) may be used on an individual.
Constraint Violation in ClosedConstraintComponent (http://www.w3.org/ns/shacl#ClosedConstraintComponent):
	Severity: sh:Violation
	Source Shape: chr:SchemaPropertyVocabularyShape
	Focus Node: ex:Erythrocytes_789-8
	Value Node: <https://loinc.org/789-8>
	Result Path: <https://w3id.org/shexmap/resource/ontology-schema/d285f599-dc2e-4bd0-83f1-df21defa8821/hasCode>
	Message: Only the 24 properties declared in the CHR schema (plus rdf:type and rdfs:label) may be used on an individual.
Constraint Violation in ClosedConstraintComponent (http://www.w3.org/ns/shacl#ClosedConstraintComponent):
	Severity: sh:Violation
	Source Shape: chr:SchemaPropertyVocabularyShape
	Focus Node: ex:Erythrocytes_789-8
	Value Node: Literal("2004-12-27T20:35:54+01:00" = 2004-12-27 20:35:54+01:00, datatype=xsd:dateTime)
	Result Path: <https://w3id.org/shexmap/resource/ontology-schema/d285f599-dc2e-4bd0-83f1-df21defa8821/hasMeasuredDate>
	Message: Only the 24 properties declared in the CHR schema (plus rdf:type and rdfs:label) may be used on an individual.
Constraint Violation in ClosedConstraintComponent (http://www.w3.org/ns/shacl#ClosedConstraintComponent):
	Severity: sh:Violation
	Source Shape: chr:SchemaPropertyVocabularyShape
	Focus Node: ex:Erythrocytes_789-8
	Value Node: Literal("5.4967", datatype=xsd:float)
	Result Path: <https://w3id.org/shexmap/resource/ontology-schema/d285f599-dc2e-4bd0-83f1-df21defa8821/hasQuantityValue>
	Message: Only the 24 properties declared in the CHR schema (plus rdf:type and rdfs:label) may be used on an individual.
Constraint Violation in ClosedConstraintComponent (http://www.w3.org/ns/shacl#ClosedConstraintComponent):
	Severity: sh:Violation
	Source Shape: chr:SchemaPropertyVocabularyShape
	Focus Node: ex:Erythrocytes_789-8
	Value Node: ex:unit_peruL
	Result Path: <https://w3id.org/shexmap/resource/ontology-schema/d285f599-dc2e-4bd0-83f1-df21defa8821/hasUnit>
	Message: Only the 24 properties declared in the CHR schema (plus rdf:type and rdfs:label) may be used on an individual.
Constraint Violation in ClosedConstraintComponent (http://www.w3.org/ns/shacl#ClosedConstraintComponent):
	Severity: sh:Violation
	Source Shape: chr:SchemaPropertyVocabularyShape
	Focus Node: ex:Hematocrit_4544-3
	Value Node: <https://loinc.org/4544-3>
	Result Path: <https://w3id.org/shexmap/resource/ontology-schema/d285f599-dc2e-4bd0-83f1-df21defa8821/hasCode>
	Message: Only the 24 properties declared in the CHR schema (plus rdf:type and rdfs:label) may be used on an individual.
Constraint Violation in ClosedConstraintComponent (http://www.w3.org/ns/shacl#ClosedConstraintComponent):
	Severity: sh:Violation
	Source Shape: chr:SchemaPropertyVocabularyShape
	Focus Node: ex:Hematocrit_4544-3
	Value Node: Literal("2004-12-27T20:35:54+01:00" = 2004-12-27 20:35:54+01:00, datatype=xsd:dateTime)
	Result Path: <https://w3id.org/shexmap/resource/ontology-schema/d285f599-dc2e-4bd0-83f1-df21defa8821/hasMeasuredDate>
	Message: Only the 24 properties declared in the CHR schema (plus rdf:type and rdfs:label) may be used on an individual.
Constraint Violation in ClosedConstraintComponent (http://www.w3.org/ns/shacl#ClosedConstraintComponent):
	Severity: sh:Violation
	Source Shape: chr:SchemaPropertyVocabularyShape
	Focus Node: ex:Hematocrit_4544-3
	Value Node: Literal("46.792", datatype=xsd:float)
	Result Path: <https://w3id.org/shexmap/resource/ontology-schema/d285f599-dc2e-4bd0-83f1-df21defa8821/hasQuantityValue>
	Message: Only the 24 properties declared in the CHR schema (plus rdf:type and rdfs:label) may be used on an individual.
Constraint Violation in ClosedConstraintComponent (http://www.w3.org/ns/shacl#ClosedConstraintComponent):
	Severity: sh:Violation
	Source Shape: chr:SchemaPropertyVocabularyShape
	Focus Node: ex:Hematocrit_4544-3
	Value Node: ex:unit_percent
	Result Path: <https://w3id.org/shexmap/resource/ontology-schema/d285f599-dc2e-4bd0-83f1-df21defa8821/hasUnit>
	Message: Only the 24 properties declared in the CHR schema (plus rdf:type and rdfs:label) may be used on an individual.
Constraint Violation in ClosedConstraintComponent (http://www.w3.org/ns/shacl#ClosedConstraintComponent):
	Severity: sh:Violation
	Source Shape: chr:SchemaPropertyVocabularyShape
	Focus Node: ex:Hemoglobin_718-7
	Value Node: <https://loinc.org/718-7>
	Result Path: <https://w3id.org/shexmap/resource/ontology-schema/d285f599-dc2e-4bd0-83f1-df21defa8821/hasCode>
	Message: Only the 24 properties declared in the CHR schema (plus rdf:type and rdfs:label) may be used on an individual.
Constraint Violation in ClosedConstraintComponent (http://www.w3.org/ns/shacl#ClosedConstraintComponent):
	Severity: sh:Violation
	Source Shape: chr:SchemaPropertyVocabularyShape
	Focus Node: ex:Hemoglobin_718-7
	Value Node: Literal("12.417", datatype=xsd:float)
	Result Path: <https://w3id.org/shexmap/resource/ontology-schema/d285f599-dc2e-4bd0-83f1-df21defa8821/hasQuantityValue>
	Message: Only the 24 properties declared in the CHR schema (plus rdf:type and rdfs:label) may be used on an individual.
Constraint Violation in ClosedConstraintComponent (http://www.w3.org/ns/shacl#ClosedConstraintComponent):
	Severity: sh:Violation
	Source Shape: chr:SchemaPropertyVocabularyShape
	Focus Node: ex:Hemoglobin_718-7
	Value Node: Literal("2004-12-27T20:35:54+01:00" = 2004-12-27 20:35:54+01:00, datatype=xsd:dateTime)
	Result Path: <https://w3id.org/shexmap/resource/ontology-schema/d285f599-dc2e-4bd0-83f1-df21defa8821/hasMeasuredDate>
	Message: Only the 24 properties declared in the CHR schema (plus rdf:type and rdfs:label) may be used on an individual.
Constraint Violation in ClosedConstraintComponent (http://www.w3.org/ns/shacl#ClosedConstraintComponent):
	Severity: sh:Violation
	Source Shape: chr:SchemaPropertyVocabularyShape
	Focus Node: ex:Hemoglobin_718-7
	Value Node: ex:unit_mgperdL
	Result Path: <https://w3id.org/shexmap/resource/ontology-schema/d285f599-dc2e-4bd0-83f1-df21defa8821/hasUnit>
	Message: Only the 24 properties declared in the CHR schema (plus rdf:type and rdfs:label) may be used on an individual.
Constraint Violation in ClosedConstraintComponent (http://www.w3.org/ns/shacl#ClosedConstraintComponent):
	Severity: sh:Violation
	Source Shape: chr:SchemaPropertyVocabularyShape
	Focus Node: ex:Leukocytes_6690-2
	Value Node: <https://loinc.org/6690-2>
	Result Path: <https://w3id.org/shexmap/resource/ontology-schema/d285f599-dc2e-4bd0-83f1-df21defa8821/hasCode>
	Message: Only the 24 properties declared in the CHR schema (plus rdf:type and rdfs:label) may be used on an individual.
Constraint Violation in ClosedConstraintComponent (http://www.w3.org/ns/shacl#ClosedConstraintComponent):
	Severity: sh:Violation
	Source Shape: chr:SchemaPropertyVocabularyShape
	Focus Node: ex:Leukocytes_6690-2
	Value Node: Literal("2004-12-27T20:35:54+01:00" = 2004-12-27 20:35:54+01:00, datatype=xsd:dateTime)
	Result Path: <https://w3id.org/shexmap/resource/ontology-schema/d285f599-dc2e-4bd0-83f1-df21defa8821/hasMeasuredDate>
	Message: Only the 24 properties declared in the CHR schema (plus rdf:type and rdfs:label) may be used on an individual.
Constraint Violation in ClosedConstraintComponent (http://www.w3.org/ns/shacl#ClosedConstraintComponent):
	Severity: sh:Violation
	Source Shape: chr:SchemaPropertyVocabularyShape
	Focus Node: ex:Leukocytes_6690-2
	Value Node: Literal("6.9744", datatype=xsd:float)
	Result Path: <https://w3id.org/shexmap/resource/ontology-schema/d285f599-dc2e-4bd0-83f1-df21defa8821/hasQuantityValue>
	Message: Only the 24 properties declared in the CHR schema (plus rdf:type and rdfs:label) may be used on an individual.
Constraint Violation in ClosedConstraintComponent (http://www.w3.org/ns/shacl#ClosedConstraintComponent):
	Severity: sh:Violation
	Source Shape: chr:SchemaPropertyVocabularyShape
	Focus Node: ex:Leukocytes_6690-2
	Value Node: ex:unit_peruL
	Result Path: <https://w3id.org/shexmap/resource/ontology-schema/d285f599-dc2e-4bd0-83f1-df21defa8821/hasUnit>
	Message: Only the 24 properties declared in the CHR schema (plus rdf:type and rdfs:label) may be used on an individual.
Constraint Violation in ClosedConstraintComponent (http://www.w3.org/ns/shacl#ClosedConstraintComponent):
	Severity: sh:Violation
	Source Shape: chr:SchemaPropertyVocabularyShape
	Focus Node: ex:MCHC_786-4
	Value Node: <https://loinc.org/786-4>
	Result Path: <https://w3id.org/shexmap/resource/ontology-schema/d285f599-dc2e-4bd0-83f1-df21defa8821/hasCode>
	Message: Only the 24 properties declared in the CHR schema (plus rdf:type and rdfs:label) may be used on an individual.
Constraint Violation in ClosedConstraintComponent (http://www.w3.org/ns/shacl#ClosedConstraintComponent):
	Severity: sh:Violation
	Source Shape: chr:SchemaPropertyVocabularyShape
	Focus Node: ex:MCHC_786-4
	Value Node: Literal("2004-12-27T20:35:54+01:00" = 2004-12-27 20:35:54+01:00, datatype=xsd:dateTime)
	Result Path: <https://w3id.org/shexmap/resource/ontology-schema/d285f599-dc2e-4bd0-83f1-df21defa8821/hasMeasuredDate>
	Message: Only the 24 properties declared in the CHR schema (plus rdf:type and rdfs:label) may be used on an individual.
Constraint Violation in ClosedConstraintComponent (http://www.w3.org/ns/shacl#ClosedConstraintComponent):
	Severity: sh:Violation
	Source Shape: chr:SchemaPropertyVocabularyShape
	Focus Node: ex:MCHC_786-4
	Value Node: Literal("33.522", datatype=xsd:float)
	Result Path: <https://w3id.org/shexmap/resource/ontology-schema/d285f599-dc2e-4bd0-83f1-df21defa8821/hasQuantityValue>
	Message: Only the 24 properties declared in the CHR schema (plus rdf:type and rdfs:label) may be used on an individual.
Constraint Violation in ClosedConstraintComponent (http://www.w3.org/ns/shacl#ClosedConstraintComponent):
	Severity: sh:Violation
	Source Shape: chr:SchemaPropertyVocabularyShape
	Focus Node: ex:MCHC_786-4
	Value Node: ex:unit_mgperdL
	Result Path: <https://w3id.org/shexmap/resource/ontology-schema/d285f599-dc2e-4bd0-83f1-df21defa8821/hasUnit>
	Message: Only the 24 properties declared in the CHR schema (plus rdf:type and rdfs:label) may be used on an individual.
Constraint Violation in ClosedConstraintComponent (http://www.w3.org/ns/shacl#ClosedConstraintComponent):
	Severity: sh:Violation
	Source Shape: chr:SchemaPropertyVocabularyShape
	Focus Node: ex:MCH_785-6
	Value Node: <https://loinc.org/785-6>
	Result Path: <https://w3id.org/shexmap/resource/ontology-schema/d285f599-dc2e-4bd0-83f1-df21defa8821/hasCode>
	Message: Only the 24 properties declared in the CHR schema (plus rdf:type and rdfs:label) may be used on an individual.
Constraint Violation in ClosedConstraintComponent (http://www.w3.org/ns/shacl#ClosedConstraintComponent):
	Severity: sh:Violation
	Source Shape: chr:SchemaPropertyVocabularyShape
	Focus Node: ex:MCH_785-6
	Value Node: Literal("2004-12-27T20:35:54+01:00" = 2004-12-27 20:35:54+01:00, datatype=xsd:dateTime)
	Result Path: <https://w3id.org/shexmap/resource/ontology-schema/d285f599-dc2e-4bd0-83f1-df21defa8821/hasMeasuredDate>
	Message: Only the 24 properties declared in the CHR schema (plus rdf:type and rdfs:label) may be used on an individual.
Constraint Violation in ClosedConstraintComponent (http://www.w3.org/ns/shacl#ClosedConstraintComponent):
	Severity: sh:Violation
	Source Shape: chr:SchemaPropertyVocabularyShape
	Focus Node: ex:MCH_785-6
	Value Node: Literal("28.263", datatype=xsd:float)
	Result Path: <https://w3id.org/shexmap/resource/ontology-schema/d285f599-dc2e-4bd0-83f1-df21defa8821/hasQuantityValue>
	Message: Only the 24 properties declared in the CHR schema (plus rdf:type and rdfs:label) may be used on an individual.
Constraint Violation in ClosedConstraintComponent (http://www.w3.org/ns/shacl#ClosedConstraintComponent):
	Severity: sh:Violation
	Source Shape: chr:SchemaPropertyVocabularyShape
	Focus Node: ex:MCH_785-6
	Value Node: ex:unit_pg
	Result Path: <https://w3id.org/shexmap/resource/ontology-schema/d285f599-dc2e-4bd0-83f1-df21defa8821/hasUnit>
	Message: Only the 24 properties declared in the CHR schema (plus rdf:type and rdfs:label) may be used on an individual.
Constraint Violation in ClosedConstraintComponent (http://www.w3.org/ns/shacl#ClosedConstraintComponent):
	Severity: sh:Violation
	Source Shape: chr:SchemaPropertyVocabularyShape
	Focus Node: ex:MCV_787-2
	Value Node: <https://loinc.org/787-2>
	Result Path: <https://w3id.org/shexmap/resource/ontology-schema/d285f599-dc2e-4bd0-83f1-df21defa8821/hasCode>
	Message: Only the 24 properties declared in the CHR schema (plus rdf:type and rdfs:label) may be used on an individual.
Constraint Violation in ClosedConstraintComponent (http://www.w3.org/ns/shacl#ClosedConstraintComponent):
	Severity: sh:Violation
	Source Shape: chr:SchemaPropertyVocabularyShape
	Focus Node: ex:MCV_787-2
	Value Node: Literal("2004-12-27T20:35:54+01:00" = 2004-12-27 20:35:54+01:00, datatype=xsd:dateTime)
	Result Path: <https://w3id.org/shexmap/resource/ontology-schema/d285f599-dc2e-4bd0-83f1-df21defa8821/hasMeasuredDate>
	Message: Only the 24 properties declared in the CHR schema (plus rdf:type and rdfs:label) may be used on an individual.
Constraint Violation in ClosedConstraintComponent (http://www.w3.org/ns/shacl#ClosedConstraintComponent):
	Severity: sh:Violation
	Source Shape: chr:SchemaPropertyVocabularyShape
	Focus Node: ex:MCV_787-2
	Value Node: Literal("86.692", datatype=xsd:float)
	Result Path: <https://w3id.org/shexmap/resource/ontology-schema/d285f599-dc2e-4bd0-83f1-df21defa8821/hasQuantityValue>
	Message: Only the 24 properties declared in the CHR schema (plus rdf:type and rdfs:label) may be used on an individual.
Constraint Violation in ClosedConstraintComponent (http://www.w3.org/ns/shacl#ClosedConstraintComponent):
	Severity: sh:Violation
	Source Shape: chr:SchemaPropertyVocabularyShape
	Focus Node: ex:MCV_787-2
	Value Node: ex:unit_fL
	Result Path: <https://w3id.org/shexmap/resource/ontology-schema/d285f599-dc2e-4bd0-83f1-df21defa8821/hasUnit>
	Message: Only the 24 properties declared in the CHR schema (plus rdf:type and rdfs:label) may be used on an individual.
Constraint Violation in ClosedConstraintComponent (http://www.w3.org/ns/shacl#ClosedConstraintComponent):
	Severity: sh:Violation
	Source Shape: chr:SchemaPropertyVocabularyShape
	Focus Node: ex:Platelets_777-3
	Value Node: <https://loinc.org/777-3>
	Result Path: <https://w3id.org/shexmap/resource/ontology-schema/d285f599-dc2e-4bd0-83f1-df21defa8821/hasCode>
	Message: Only the 24 properties declared in the CHR schema (plus rdf:type and rdfs:label) may be used on an individual.
Constraint Violation in ClosedConstraintComponent (http://www.w3.org/ns/shacl#ClosedConstraintComponent):
	Severity: sh:Violation
	Source Shape: chr:SchemaPropertyVocabularyShape
	Focus Node: ex:Platelets_777-3
	Value Node: Literal("2004-12-27T20:35:54+01:00" = 2004-12-27 20:35:54+01:00, datatype=xsd:dateTime)
	Result Path: <https://w3id.org/shexmap/resource/ontology-schema/d285f599-dc2e-4bd0-83f1-df21defa8821/hasMeasuredDate>
	Message: Only the 24 properties declared in the CHR schema (plus rdf:type and rdfs:label) may be used on an individual.
Constraint Violation in ClosedConstraintComponent (http://www.w3.org/ns/shacl#ClosedConstraintComponent):
	Severity: sh:Violation
	Source Shape: chr:SchemaPropertyVocabularyShape
	Focus Node: ex:Platelets_777-3
	Value Node: Literal("213.96", datatype=xsd:float)
	Result Path: <https://w3id.org/shexmap/resource/ontology-schema/d285f599-dc2e-4bd0-83f1-df21defa8821/hasQuantityValue>
	Message: Only the 24 properties declared in the CHR schema (plus rdf:type and rdfs:label) may be used on an individual.
Constraint Violation in ClosedConstraintComponent (http://www.w3.org/ns/shacl#ClosedConstraintComponent):
	Severity: sh:Violation
	Source Shape: chr:SchemaPropertyVocabularyShape
	Focus Node: ex:Platelets_777-3
	Value Node: ex:unit_peruL
	Result Path: <https://w3id.org/shexmap/resource/ontology-schema/d285f599-dc2e-4bd0-83f1-df21defa8821/hasUnit>
	Message: Only the 24 properties declared in the CHR schema (plus rdf:type and rdfs:label) may be used on an individual.
Constraint Violation in ClosedConstraintComponent (http://www.w3.org/ns/shacl#ClosedConstraintComponent):
	Severity: sh:Violation
	Source Shape: chr:SchemaPropertyVocabularyShape
	Focus Node: ex:Potassium_6298-4
	Value Node: <https://loinc.org/6298-4>
	Result Path: <https://w3id.org/shexmap/resource/ontology-schema/d285f599-dc2e-4bd0-83f1-df21defa8821/hasCode>
	Message: Only the 24 properties declared in the CHR schema (plus rdf:type and rdfs:label) may be used on an individual.
Constraint Violation in ClosedConstraintComponent (http://www.w3.org/ns/shacl#ClosedConstraintComponent):
	Severity: sh:Violation
	Source Shape: chr:SchemaPropertyVocabularyShape
	Focus Node: ex:Potassium_6298-4
	Value Node: Literal("2004-12-27T20:35:54+01:00" = 2004-12-27 20:35:54+01:00, datatype=xsd:dateTime)
	Result Path: <https://w3id.org/shexmap/resource/ontology-schema/d285f599-dc2e-4bd0-83f1-df21defa8821/hasMeasuredDate>
	Message: Only the 24 properties declared in the CHR schema (plus rdf:type and rdfs:label) may be used on an individual.
Constraint Violation in ClosedConstraintComponent (http://www.w3.org/ns/shacl#ClosedConstraintComponent):
	Severity: sh:Violation
	Source Shape: chr:SchemaPropertyVocabularyShape
	Focus Node: ex:Potassium_6298-4
	Value Node: Literal("4.2", datatype=xsd:float)
	Result Path: <https://w3id.org/shexmap/resource/ontology-schema/d285f599-dc2e-4bd0-83f1-df21defa8821/hasQuantityValue>
	Message: Only the 24 properties declared in the CHR schema (plus rdf:type and rdfs:label) may be used on an individual.
Constraint Violation in ClosedConstraintComponent (http://www.w3.org/ns/shacl#ClosedConstraintComponent):
	Severity: sh:Violation
	Source Shape: chr:SchemaPropertyVocabularyShape
	Focus Node: ex:Potassium_6298-4
	Value Node: ex:unit_mmolperL
	Result Path: <https://w3id.org/shexmap/resource/ontology-schema/d285f599-dc2e-4bd0-83f1-df21defa8821/hasUnit>
	Message: Only the 24 properties declared in the CHR schema (plus rdf:type and rdfs:label) may be used on an individual.
Constraint Violation in ClosedConstraintComponent (http://www.w3.org/ns/shacl#ClosedConstraintComponent):
	Severity: sh:Violation
	Source Shape: chr:SchemaPropertyVocabularyShape
	Focus Node: ex:evaluation_labor_force_20041227T212823
	Value Node: Literal("2004-12-27T21:28:23+01:00" = 2004-12-27 21:28:23+01:00, datatype=xsd:dateTime)
	Result Path: <https://w3id.org/shexmap/resource/ontology-schema/d285f599-dc2e-4bd0-83f1-df21defa8821/hasPerformedDate>
	Message: Only the 24 properties declared in the CHR schema (plus rdf:type and rdfs:label) may be used on an individual.
Constraint Violation in ClosedConstraintComponent (http://www.w3.org/ns/shacl#ClosedConstraintComponent):
	Severity: sh:Violation
	Source Shape: chr:SchemaPropertyVocabularyShape
	Focus Node: ex:evaluation_labor_force_20041227T212823
	Value Node: ex:Dr_Ivonne773_Turcotte120
	Result Path: <https://w3id.org/shexmap/resource/ontology-schema/d285f599-dc2e-4bd0-83f1-df21defa8821/hasPerformer>
	Message: Only the 24 properties declared in the CHR schema (plus rdf:type and rdfs:label) may be used on an individual.
Constraint Violation in ClosedConstraintComponent (http://www.w3.org/ns/shacl#ClosedConstraintComponent):
	Severity: sh:Violation
	Source Shape: chr:SchemaPropertyVocabularyShape
	Focus Node: ex:evaluation_labor_force_20041227T212823
	Value Node: ex:Estela596_Yetta429_Grant908
	Result Path: <https://w3id.org/shexmap/resource/ontology-schema/d285f599-dc2e-4bd0-83f1-df21defa8821/hasPatient>
	Message: Only the 24 properties declared in the CHR schema (plus rdf:type and rdfs:label) may be used on an individual.
Constraint Violation in ClosedConstraintComponent (http://www.w3.org/ns/shacl#ClosedConstraintComponent):
	Severity: sh:Violation
	Source Shape: chr:SchemaPropertyVocabularyShape
	Focus Node: ex:evaluation_labor_force_20041227T212823
	Value Node: ex:diagnostic_statement_not_in_labor_force_741062008
	Result Path: <https://w3id.org/shexmap/resource/ontology-schema/d285f599-dc2e-4bd0-83f1-df21defa8821/hasObservation>
	Message: Only the 24 properties declared in the CHR schema (plus rdf:type and rdfs:label) may be used on an individual.
Constraint Violation in ClosedConstraintComponent (http://www.w3.org/ns/shacl#ClosedConstraintComponent):
	Severity: sh:Violation
	Source Shape: chr:SchemaPropertyVocabularyShape
	Focus Node: ex:evaluation_medication_review_20041227T203554
	Value Node: Literal("2004-12-27T20:35:54+01:00" = 2004-12-27 20:35:54+01:00, datatype=xsd:dateTime)
	Result Path: <https://w3id.org/shexmap/resource/ontology-schema/d285f599-dc2e-4bd0-83f1-df21defa8821/hasPerformedDate>
	Message: Only the 24 properties declared in the CHR schema (plus rdf:type and rdfs:label) may be used on an individual.
Constraint Violation in ClosedConstraintComponent (http://www.w3.org/ns/shacl#ClosedConstraintComponent):
	Severity: sh:Violation
	Source Shape: chr:SchemaPropertyVocabularyShape
	Focus Node: ex:evaluation_medication_review_20041227T203554
	Value Node: ex:Dr_Ivonne773_Turcotte120
	Result Path: <https://w3id.org/shexmap/resource/ontology-schema/d285f599-dc2e-4bd0-83f1-df21defa8821/hasPerformer>
	Message: Only the 24 properties declared in the CHR schema (plus rdf:type and rdfs:label) may be used on an individual.
Constraint Violation in ClosedConstraintComponent (http://www.w3.org/ns/shacl#ClosedConstraintComponent):
	Severity: sh:Violation
	Source Shape: chr:SchemaPropertyVocabularyShape
	Focus Node: ex:evaluation_medication_review_20041227T203554
	Value Node: ex:Estela596_Yetta429_Grant908
	Result Path: <https://w3id.org/shexmap/resource/ontology-schema/d285f599-dc2e-4bd0-83f1-df21defa8821/hasPatient>
	Message: Only the 24 properties declared in the CHR schema (plus rdf:type and rdfs:label) may be used on an individual.
Constraint Violation in ClosedConstraintComponent (http://www.w3.org/ns/shacl#ClosedConstraintComponent):
	Severity: sh:Violation
	Source Shape: chr:SchemaPropertyVocabularyShape
	Focus Node: ex:evaluation_medication_review_20041227T203554
	Value Node: ex:diagnostic_statement_medication_review_314529007
	Result Path: <https://w3id.org/shexmap/resource/ontology-schema/d285f599-dc2e-4bd0-83f1-df21defa8821/hasObservation>
	Message: Only the 24 properties declared in the CHR schema (plus rdf:type and rdfs:label) may be used on an individual.
Constraint Violation in ClosedConstraintComponent (http://www.w3.org/ns/shacl#ClosedConstraintComponent):
	Severity: sh:Violation
	Source Shape: chr:SchemaPropertyVocabularyShape
	Focus Node: ex:evaluation_medication_review_20041227T203554
	Value Node: ex:status_completed
	Result Path: <https://w3id.org/shexmap/resource/ontology-schema/d285f599-dc2e-4bd0-83f1-df21defa8821/hasStatus>
	Message: Only the 24 properties declared in the CHR schema (plus rdf:type and rdfs:label) may be used on an individual.
Constraint Violation in ClosedConstraintComponent (http://www.w3.org/ns/shacl#ClosedConstraintComponent):
	Severity: sh:Violation
	Source Shape: chr:SchemaPropertyVocabularyShape
	Focus Node: ex:evaluation_obesity_20041227T203554
	Value Node: Literal("2004-12-27T20:35:54+01:00" = 2004-12-27 20:35:54+01:00, datatype=xsd:dateTime)
	Result Path: <https://w3id.org/shexmap/resource/ontology-schema/d285f599-dc2e-4bd0-83f1-df21defa8821/hasPerformedDate>
	Message: Only the 24 properties declared in the CHR schema (plus rdf:type and rdfs:label) may be used on an individual.
Constraint Violation in ClosedConstraintComponent (http://www.w3.org/ns/shacl#ClosedConstraintComponent):
	Severity: sh:Violation
	Source Shape: chr:SchemaPropertyVocabularyShape
	Focus Node: ex:evaluation_obesity_20041227T203554
	Value Node: ex:Dr_Ivonne773_Turcotte120
	Result Path: <https://w3id.org/shexmap/resource/ontology-schema/d285f599-dc2e-4bd0-83f1-df21defa8821/hasPerformer>
	Message: Only the 24 properties declared in the CHR schema (plus rdf:type and rdfs:label) may be used on an individual.
Constraint Violation in ClosedConstraintComponent (http://www.w3.org/ns/shacl#ClosedConstraintComponent):
	Severity: sh:Violation
	Source Shape: chr:SchemaPropertyVocabularyShape
	Focus Node: ex:evaluation_obesity_20041227T203554
	Value Node: ex:Estela596_Yetta429_Grant908
	Result Path: <https://w3id.org/shexmap/resource/ontology-schema/d285f599-dc2e-4bd0-83f1-df21defa8821/hasPatient>
	Message: Only the 24 properties declared in the CHR schema (plus rdf:type and rdfs:label) may be used on an individual.
Constraint Violation in ClosedConstraintComponent (http://www.w3.org/ns/shacl#ClosedConstraintComponent):
	Severity: sh:Violation
	Source Shape: chr:SchemaPropertyVocabularyShape
	Focus Node: ex:evaluation_obesity_20041227T203554
	Value Node: ex:diagnostic_statement_bmi_obesity_162864005
	Result Path: <https://w3id.org/shexmap/resource/ontology-schema/d285f599-dc2e-4bd0-83f1-df21defa8821/hasObservation>
	Message: Only the 24 properties declared in the CHR schema (plus rdf:type and rdfs:label) may be used on an individual.
Constraint Violation in ClosedConstraintComponent (http://www.w3.org/ns/shacl#ClosedConstraintComponent):
	Severity: sh:Violation
	Source Shape: chr:SchemaPropertyVocabularyShape
	Focus Node: ex:evaluation_stress_20041227T212823
	Value Node: Literal("2004-12-27T21:28:23+01:00" = 2004-12-27 21:28:23+01:00, datatype=xsd:dateTime)
	Result Path: <https://w3id.org/shexmap/resource/ontology-schema/d285f599-dc2e-4bd0-83f1-df21defa8821/hasPerformedDate>
	Message: Only the 24 properties declared in the CHR schema (plus rdf:type and rdfs:label) may be used on an individual.
Constraint Violation in ClosedConstraintComponent (http://www.w3.org/ns/shacl#ClosedConstraintComponent):
	Severity: sh:Violation
	Source Shape: chr:SchemaPropertyVocabularyShape
	Focus Node: ex:evaluation_stress_20041227T212823
	Value Node: ex:Dr_Ivonne773_Turcotte120
	Result Path: <https://w3id.org/shexmap/resource/ontology-schema/d285f599-dc2e-4bd0-83f1-df21defa8821/hasPerformer>
	Message: Only the 24 properties declared in the CHR schema (plus rdf:type and rdfs:label) may be used on an individual.
Constraint Violation in ClosedConstraintComponent (http://www.w3.org/ns/shacl#ClosedConstraintComponent):
	Severity: sh:Violation
	Source Shape: chr:SchemaPropertyVocabularyShape
	Focus Node: ex:evaluation_stress_20041227T212823
	Value Node: ex:Estela596_Yetta429_Grant908
	Result Path: <https://w3id.org/shexmap/resource/ontology-schema/d285f599-dc2e-4bd0-83f1-df21defa8821/hasPatient>
	Message: Only the 24 properties declared in the CHR schema (plus rdf:type and rdfs:label) may be used on an individual.
Constraint Violation in ClosedConstraintComponent (http://www.w3.org/ns/shacl#ClosedConstraintComponent):
	Severity: sh:Violation
	Source Shape: chr:SchemaPropertyVocabularyShape
	Focus Node: ex:evaluation_stress_20041227T212823
	Value Node: ex:diagnostic_statement_stress_73595000
	Result Path: <https://w3id.org/shexmap/resource/ontology-schema/d285f599-dc2e-4bd0-83f1-df21defa8821/hasObservation>
	Message: Only the 24 properties declared in the CHR schema (plus rdf:type and rdfs:label) may be used on an individual.
Constraint Violation in ClosedConstraintComponent (http://www.w3.org/ns/shacl#ClosedConstraintComponent):
	Severity: sh:Violation
	Source Shape: chr:SchemaPropertyVocabularyShape
	Focus Node: ex:measurement_BMI_39156_5
	Value Node: <https://loinc.org/39156-5>
	Result Path: <https://w3id.org/shexmap/resource/ontology-schema/d285f599-dc2e-4bd0-83f1-df21defa8821/hasCode>
	Message: Only the 24 properties declared in the CHR schema (plus rdf:type and rdfs:label) may be used on an individual.
Constraint Violation in ClosedConstraintComponent (http://www.w3.org/ns/shacl#ClosedConstraintComponent):
	Severity: sh:Violation
	Source Shape: chr:SchemaPropertyVocabularyShape
	Focus Node: ex:measurement_BMI_39156_5
	Value Node: Literal("2004-12-27T20:35:54+01:00" = 2004-12-27 20:35:54+01:00, datatype=xsd:dateTime)
	Result Path: <https://w3id.org/shexmap/resource/ontology-schema/d285f599-dc2e-4bd0-83f1-df21defa8821/hasMeasuredDate>
	Message: Only the 24 properties declared in the CHR schema (plus rdf:type and rdfs:label) may be used on an individual.
Constraint Violation in ClosedConstraintComponent (http://www.w3.org/ns/shacl#ClosedConstraintComponent):
	Severity: sh:Violation
	Source Shape: chr:SchemaPropertyVocabularyShape
	Focus Node: ex:measurement_BMI_39156_5
	Value Node: Literal("30.05", datatype=xsd:float)
	Result Path: <https://w3id.org/shexmap/resource/ontology-schema/d285f599-dc2e-4bd0-83f1-df21defa8821/hasQuantityValue>
	Message: Only the 24 properties declared in the CHR schema (plus rdf:type and rdfs:label) may be used on an individual.
Constraint Violation in ClosedConstraintComponent (http://www.w3.org/ns/shacl#ClosedConstraintComponent):
	Severity: sh:Violation
	Source Shape: chr:SchemaPropertyVocabularyShape
	Focus Node: ex:measurement_BMI_39156_5
	Value Node: ex:unit_kgperm2
	Result Path: <https://w3id.org/shexmap/resource/ontology-schema/d285f599-dc2e-4bd0-83f1-df21defa8821/hasUnit>
	Message: Only the 24 properties declared in the CHR schema (plus rdf:type and rdfs:label) may be used on an individual.
Constraint Violation in ClosedConstraintComponent (http://www.w3.org/ns/shacl#ClosedConstraintComponent):
	Severity: sh:Violation
	Source Shape: chr:SchemaPropertyVocabularyShape
	Focus Node: ex:measurement_Body_Height_8302_2
	Value Node: <https://loinc.org/8302-2>
	Result Path: <https://w3id.org/shexmap/resource/ontology-schema/d285f599-dc2e-4bd0-83f1-df21defa8821/hasCode>
	Message: Only the 24 properties declared in the CHR schema (plus rdf:type and rdfs:label) may be used on an individual.
Constraint Violation in ClosedConstraintComponent (http://www.w3.org/ns/shacl#ClosedConstraintComponent):
	Severity: sh:Violation
	Source Shape: chr:SchemaPropertyVocabularyShape
	Focus Node: ex:measurement_Body_Height_8302_2
	Value Node: Literal("156.6", datatype=xsd:float)
	Result Path: <https://w3id.org/shexmap/resource/ontology-schema/d285f599-dc2e-4bd0-83f1-df21defa8821/hasQuantityValue>
	Message: Only the 24 properties declared in the CHR schema (plus rdf:type and rdfs:label) may be used on an individual.
Constraint Violation in ClosedConstraintComponent (http://www.w3.org/ns/shacl#ClosedConstraintComponent):
	Severity: sh:Violation
	Source Shape: chr:SchemaPropertyVocabularyShape
	Focus Node: ex:measurement_Body_Height_8302_2
	Value Node: Literal("2004-12-27T20:35:54+01:00" = 2004-12-27 20:35:54+01:00, datatype=xsd:dateTime)
	Result Path: <https://w3id.org/shexmap/resource/ontology-schema/d285f599-dc2e-4bd0-83f1-df21defa8821/hasMeasuredDate>
	Message: Only the 24 properties declared in the CHR schema (plus rdf:type and rdfs:label) may be used on an individual.
Constraint Violation in ClosedConstraintComponent (http://www.w3.org/ns/shacl#ClosedConstraintComponent):
	Severity: sh:Violation
	Source Shape: chr:SchemaPropertyVocabularyShape
	Focus Node: ex:measurement_Body_Height_8302_2
	Value Node: ex:unit_cm
	Result Path: <https://w3id.org/shexmap/resource/ontology-schema/d285f599-dc2e-4bd0-83f1-df21defa8821/hasUnit>
	Message: Only the 24 properties declared in the CHR schema (plus rdf:type and rdfs:label) may be used on an individual.
Constraint Violation in ClosedConstraintComponent (http://www.w3.org/ns/shacl#ClosedConstraintComponent):
	Severity: sh:Violation
	Source Shape: chr:SchemaPropertyVocabularyShape
	Focus Node: ex:measurement_Body_Weight_29463_7
	Value Node: <https://loinc.org/29463-7>
	Result Path: <https://w3id.org/shexmap/resource/ontology-schema/d285f599-dc2e-4bd0-83f1-df21defa8821/hasCode>
	Message: Only the 24 properties declared in the CHR schema (plus rdf:type and rdfs:label) may be used on an individual.
Constraint Violation in ClosedConstraintComponent (http://www.w3.org/ns/shacl#ClosedConstraintComponent):
	Severity: sh:Violation
	Source Shape: chr:SchemaPropertyVocabularyShape
	Focus Node: ex:measurement_Body_Weight_29463_7
	Value Node: Literal("2004-12-27T20:35:54+01:00" = 2004-12-27 20:35:54+01:00, datatype=xsd:dateTime)
	Result Path: <https://w3id.org/shexmap/resource/ontology-schema/d285f599-dc2e-4bd0-83f1-df21defa8821/hasMeasuredDate>
	Message: Only the 24 properties declared in the CHR schema (plus rdf:type and rdfs:label) may be used on an individual.
Constraint Violation in ClosedConstraintComponent (http://www.w3.org/ns/shacl#ClosedConstraintComponent):
	Severity: sh:Violation
	Source Shape: chr:SchemaPropertyVocabularyShape
	Focus Node: ex:measurement_Body_Weight_29463_7
	Value Node: Literal("73.7", datatype=xsd:float)
	Result Path: <https://w3id.org/shexmap/resource/ontology-schema/d285f599-dc2e-4bd0-83f1-df21defa8821/hasQuantityValue>
	Message: Only the 24 properties declared in the CHR schema (plus rdf:type and rdfs:label) may be used on an individual.
Constraint Violation in ClosedConstraintComponent (http://www.w3.org/ns/shacl#ClosedConstraintComponent):
	Severity: sh:Violation
	Source Shape: chr:SchemaPropertyVocabularyShape
	Focus Node: ex:measurement_Body_Weight_29463_7
	Value Node: ex:unit_kg
	Result Path: <https://w3id.org/shexmap/resource/ontology-schema/d285f599-dc2e-4bd0-83f1-df21defa8821/hasUnit>
	Message: Only the 24 properties declared in the CHR schema (plus rdf:type and rdfs:label) may be used on an individual.
Constraint Violation in ClosedConstraintComponent (http://www.w3.org/ns/shacl#ClosedConstraintComponent):
	Severity: sh:Violation
	Source Shape: chr:SchemaPropertyVocabularyShape
	Focus Node: ex:measurement_Calcium_49765_1
	Value Node: <https://loinc.org/49765-1>
	Result Path: <https://w3id.org/shexmap/resource/ontology-schema/d285f599-dc2e-4bd0-83f1-df21defa8821/hasCode>
	Message: Only the 24 properties declared in the CHR schema (plus rdf:type and rdfs:label) may be used on an individual.
Constraint Violation in ClosedConstraintComponent (http://www.w3.org/ns/shacl#ClosedConstraintComponent):
	Severity: sh:Violation
	Source Shape: chr:SchemaPropertyVocabularyShape
	Focus Node: ex:measurement_Calcium_49765_1
	Value Node: Literal("10.1", datatype=xsd:float)
	Result Path: <https://w3id.org/shexmap/resource/ontology-schema/d285f599-dc2e-4bd0-83f1-df21defa8821/hasQuantityValue>
	Message: Only the 24 properties declared in the CHR schema (plus rdf:type and rdfs:label) may be used on an individual.
Constraint Violation in ClosedConstraintComponent (http://www.w3.org/ns/shacl#ClosedConstraintComponent):
	Severity: sh:Violation
	Source Shape: chr:SchemaPropertyVocabularyShape
	Focus Node: ex:measurement_Calcium_49765_1
	Value Node: Literal("2004-12-27T20:35:54+01:00" = 2004-12-27 20:35:54+01:00, datatype=xsd:dateTime)
	Result Path: <https://w3id.org/shexmap/resource/ontology-schema/d285f599-dc2e-4bd0-83f1-df21defa8821/hasMeasuredDate>
	Message: Only the 24 properties declared in the CHR schema (plus rdf:type and rdfs:label) may be used on an individual.
Constraint Violation in ClosedConstraintComponent (http://www.w3.org/ns/shacl#ClosedConstraintComponent):
	Severity: sh:Violation
	Source Shape: chr:SchemaPropertyVocabularyShape
	Focus Node: ex:measurement_Calcium_49765_1
	Value Node: ex:unit_mgperdL
	Result Path: <https://w3id.org/shexmap/resource/ontology-schema/d285f599-dc2e-4bd0-83f1-df21defa8821/hasUnit>
	Message: Only the 24 properties declared in the CHR schema (plus rdf:type and rdfs:label) may be used on an individual.
Constraint Violation in ClosedConstraintComponent (http://www.w3.org/ns/shacl#ClosedConstraintComponent):
	Severity: sh:Violation
	Source Shape: chr:SchemaPropertyVocabularyShape
	Focus Node: ex:measurement_Creatinine_38483_4
	Value Node: <https://loinc.org/38483-4>
	Result Path: <https://w3id.org/shexmap/resource/ontology-schema/d285f599-dc2e-4bd0-83f1-df21defa8821/hasCode>
	Message: Only the 24 properties declared in the CHR schema (plus rdf:type and rdfs:label) may be used on an individual.
Constraint Violation in ClosedConstraintComponent (http://www.w3.org/ns/shacl#ClosedConstraintComponent):
	Severity: sh:Violation
	Source Shape: chr:SchemaPropertyVocabularyShape
	Focus Node: ex:measurement_Creatinine_38483_4
	Value Node: Literal("0.87", datatype=xsd:float)
	Result Path: <https://w3id.org/shexmap/resource/ontology-schema/d285f599-dc2e-4bd0-83f1-df21defa8821/hasQuantityValue>
	Message: Only the 24 properties declared in the CHR schema (plus rdf:type and rdfs:label) may be used on an individual.
Constraint Violation in ClosedConstraintComponent (http://www.w3.org/ns/shacl#ClosedConstraintComponent):
	Severity: sh:Violation
	Source Shape: chr:SchemaPropertyVocabularyShape
	Focus Node: ex:measurement_Creatinine_38483_4
	Value Node: Literal("2004-12-27T20:35:54+01:00" = 2004-12-27 20:35:54+01:00, datatype=xsd:dateTime)
	Result Path: <https://w3id.org/shexmap/resource/ontology-schema/d285f599-dc2e-4bd0-83f1-df21defa8821/hasMeasuredDate>
	Message: Only the 24 properties declared in the CHR schema (plus rdf:type and rdfs:label) may be used on an individual.
Constraint Violation in ClosedConstraintComponent (http://www.w3.org/ns/shacl#ClosedConstraintComponent):
	Severity: sh:Violation
	Source Shape: chr:SchemaPropertyVocabularyShape
	Focus Node: ex:measurement_Creatinine_38483_4
	Value Node: ex:unit_mgperdL
	Result Path: <https://w3id.org/shexmap/resource/ontology-schema/d285f599-dc2e-4bd0-83f1-df21defa8821/hasUnit>
	Message: Only the 24 properties declared in the CHR schema (plus rdf:type and rdfs:label) may be used on an individual.
Constraint Violation in ClosedConstraintComponent (http://www.w3.org/ns/shacl#ClosedConstraintComponent):
	Severity: sh:Violation
	Source Shape: chr:SchemaPropertyVocabularyShape
	Focus Node: ex:measurement_Glucose_2339_0
	Value Node: <https://loinc.org/2339-0>
	Result Path: <https://w3id.org/shexmap/resource/ontology-schema/d285f599-dc2e-4bd0-83f1-df21defa8821/hasCode>
	Message: Only the 24 properties declared in the CHR schema (plus rdf:type and rdfs:label) may be used on an individual.
Constraint Violation in ClosedConstraintComponent (http://www.w3.org/ns/shacl#ClosedConstraintComponent):
	Severity: sh:Violation
	Source Shape: chr:SchemaPropertyVocabularyShape
	Focus Node: ex:measurement_Glucose_2339_0
	Value Node: Literal("2004-12-27T20:35:54+01:00" = 2004-12-27 20:35:54+01:00, datatype=xsd:dateTime)
	Result Path: <https://w3id.org/shexmap/resource/ontology-schema/d285f599-dc2e-4bd0-83f1-df21defa8821/hasMeasuredDate>
	Message: Only the 24 properties declared in the CHR schema (plus rdf:type and rdfs:label) may be used on an individual.
Constraint Violation in ClosedConstraintComponent (http://www.w3.org/ns/shacl#ClosedConstraintComponent):
	Severity: sh:Violation
	Source Shape: chr:SchemaPropertyVocabularyShape
	Focus Node: ex:measurement_Glucose_2339_0
	Value Node: Literal("88.87", datatype=xsd:float)
	Result Path: <https://w3id.org/shexmap/resource/ontology-schema/d285f599-dc2e-4bd0-83f1-df21defa8821/hasQuantityValue>
	Message: Only the 24 properties declared in the CHR schema (plus rdf:type and rdfs:label) may be used on an individual.
Constraint Violation in ClosedConstraintComponent (http://www.w3.org/ns/shacl#ClosedConstraintComponent):
	Severity: sh:Violation
	Source Shape: chr:SchemaPropertyVocabularyShape
	Focus Node: ex:measurement_Glucose_2339_0
	Value Node: ex:unit_mgperdL
	Result Path: <https://w3id.org/shexmap/resource/ontology-schema/d285f599-dc2e-4bd0-83f1-df21defa8821/hasUnit>
	Message: Only the 24 properties declared in the CHR schema (plus rdf:type and rdfs:label) may be used on an individual.
Constraint Violation in ClosedConstraintComponent (http://www.w3.org/ns/shacl#ClosedConstraintComponent):
	Severity: sh:Violation
	Source Shape: chr:SchemaPropertyVocabularyShape
	Focus Node: ex:measurement_Heart_rate_8867_4
	Value Node: <https://loinc.org/8867-4>
	Result Path: <https://w3id.org/shexmap/resource/ontology-schema/d285f599-dc2e-4bd0-83f1-df21defa8821/hasCode>
	Message: Only the 24 properties declared in the CHR schema (plus rdf:type and rdfs:label) may be used on an individual.
Constraint Violation in ClosedConstraintComponent (http://www.w3.org/ns/shacl#ClosedConstraintComponent):
	Severity: sh:Violation
	Source Shape: chr:SchemaPropertyVocabularyShape
	Focus Node: ex:measurement_Heart_rate_8867_4
	Value Node: Literal("2004-12-27T20:35:54+01:00" = 2004-12-27 20:35:54+01:00, datatype=xsd:dateTime)
	Result Path: <https://w3id.org/shexmap/resource/ontology-schema/d285f599-dc2e-4bd0-83f1-df21defa8821/hasMeasuredDate>
	Message: Only the 24 properties declared in the CHR schema (plus rdf:type and rdfs:label) may be used on an individual.
Constraint Violation in ClosedConstraintComponent (http://www.w3.org/ns/shacl#ClosedConstraintComponent):
	Severity: sh:Violation
	Source Shape: chr:SchemaPropertyVocabularyShape
	Focus Node: ex:measurement_Heart_rate_8867_4
	Value Node: Literal("75.0", datatype=xsd:float)
	Result Path: <https://w3id.org/shexmap/resource/ontology-schema/d285f599-dc2e-4bd0-83f1-df21defa8821/hasQuantityValue>
	Message: Only the 24 properties declared in the CHR schema (plus rdf:type and rdfs:label) may be used on an individual.
Constraint Violation in ClosedConstraintComponent (http://www.w3.org/ns/shacl#ClosedConstraintComponent):
	Severity: sh:Violation
	Source Shape: chr:SchemaPropertyVocabularyShape
	Focus Node: ex:measurement_Heart_rate_8867_4
	Value Node: ex:unit_permin
	Result Path: <https://w3id.org/shexmap/resource/ontology-schema/d285f599-dc2e-4bd0-83f1-df21defa8821/hasUnit>
	Message: Only the 24 properties declared in the CHR schema (plus rdf:type and rdfs:label) may be used on an individual.
Constraint Violation in ClosedConstraintComponent (http://www.w3.org/ns/shacl#ClosedConstraintComponent):
	Severity: sh:Violation
	Source Shape: chr:SchemaPropertyVocabularyShape
	Focus Node: ex:measurement_Hemoglobin_A1c_4548_4
	Value Node: <https://loinc.org/4548-4>
	Result Path: <https://w3id.org/shexmap/resource/ontology-schema/d285f599-dc2e-4bd0-83f1-df21defa8821/hasCode>
	Message: Only the 24 properties declared in the CHR schema (plus rdf:type and rdfs:label) may be used on an individual.
Constraint Violation in ClosedConstraintComponent (http://www.w3.org/ns/shacl#ClosedConstraintComponent):
	Severity: sh:Violation
	Source Shape: chr:SchemaPropertyVocabularyShape
	Focus Node: ex:measurement_Hemoglobin_A1c_4548_4
	Value Node: Literal("2004-12-27T20:35:54+01:00" = 2004-12-27 20:35:54+01:00, datatype=xsd:dateTime)
	Result Path: <https://w3id.org/shexmap/resource/ontology-schema/d285f599-dc2e-4bd0-83f1-df21defa8821/hasMeasuredDate>
	Message: Only the 24 properties declared in the CHR schema (plus rdf:type and rdfs:label) may be used on an individual.
Constraint Violation in ClosedConstraintComponent (http://www.w3.org/ns/shacl#ClosedConstraintComponent):
	Severity: sh:Violation
	Source Shape: chr:SchemaPropertyVocabularyShape
	Focus Node: ex:measurement_Hemoglobin_A1c_4548_4
	Value Node: Literal("6.26", datatype=xsd:float)
	Result Path: <https://w3id.org/shexmap/resource/ontology-schema/d285f599-dc2e-4bd0-83f1-df21defa8821/hasQuantityValue>
	Message: Only the 24 properties declared in the CHR schema (plus rdf:type and rdfs:label) may be used on an individual.
Constraint Violation in ClosedConstraintComponent (http://www.w3.org/ns/shacl#ClosedConstraintComponent):
	Severity: sh:Violation
	Source Shape: chr:SchemaPropertyVocabularyShape
	Focus Node: ex:measurement_Hemoglobin_A1c_4548_4
	Value Node: ex:unit_percent
	Result Path: <https://w3id.org/shexmap/resource/ontology-schema/d285f599-dc2e-4bd0-83f1-df21defa8821/hasUnit>
	Message: Only the 24 properties declared in the CHR schema (plus rdf:type and rdfs:label) may be used on an individual.
Constraint Violation in ClosedConstraintComponent (http://www.w3.org/ns/shacl#ClosedConstraintComponent):
	Severity: sh:Violation
	Source Shape: chr:SchemaPropertyVocabularyShape
	Focus Node: ex:measurement_Pain_severity_72514_3
	Value Node: <https://loinc.org/72514-3>
	Result Path: <https://w3id.org/shexmap/resource/ontology-schema/d285f599-dc2e-4bd0-83f1-df21defa8821/hasCode>
	Message: Only the 24 properties declared in the CHR schema (plus rdf:type and rdfs:label) may be used on an individual.
Constraint Violation in ClosedConstraintComponent (http://www.w3.org/ns/shacl#ClosedConstraintComponent):
	Severity: sh:Violation
	Source Shape: chr:SchemaPropertyVocabularyShape
	Focus Node: ex:measurement_Pain_severity_72514_3
	Value Node: Literal("2004-12-27T20:35:54+01:00" = 2004-12-27 20:35:54+01:00, datatype=xsd:dateTime)
	Result Path: <https://w3id.org/shexmap/resource/ontology-schema/d285f599-dc2e-4bd0-83f1-df21defa8821/hasMeasuredDate>
	Message: Only the 24 properties declared in the CHR schema (plus rdf:type and rdfs:label) may be used on an individual.
Constraint Violation in ClosedConstraintComponent (http://www.w3.org/ns/shacl#ClosedConstraintComponent):
	Severity: sh:Violation
	Source Shape: chr:SchemaPropertyVocabularyShape
	Focus Node: ex:measurement_Pain_severity_72514_3
	Value Node: Literal("3.0", datatype=xsd:float)
	Result Path: <https://w3id.org/shexmap/resource/ontology-schema/d285f599-dc2e-4bd0-83f1-df21defa8821/hasQuantityValue>
	Message: Only the 24 properties declared in the CHR schema (plus rdf:type and rdfs:label) may be used on an individual.
Constraint Violation in ClosedConstraintComponent (http://www.w3.org/ns/shacl#ClosedConstraintComponent):
	Severity: sh:Violation
	Source Shape: chr:SchemaPropertyVocabularyShape
	Focus Node: ex:measurement_Pain_severity_72514_3
	Value Node: ex:unit_cblscorecbr
	Result Path: <https://w3id.org/shexmap/resource/ontology-schema/d285f599-dc2e-4bd0-83f1-df21defa8821/hasUnit>
	Message: Only the 24 properties declared in the CHR schema (plus rdf:type and rdfs:label) may be used on an individual.
Constraint Violation in ClosedConstraintComponent (http://www.w3.org/ns/shacl#ClosedConstraintComponent):
	Severity: sh:Violation
	Source Shape: chr:SchemaPropertyVocabularyShape
	Focus Node: ex:measurement_Respiratory_rate_9279_1
	Value Node: <https://loinc.org/9279-1>
	Result Path: <https://w3id.org/shexmap/resource/ontology-schema/d285f599-dc2e-4bd0-83f1-df21defa8821/hasCode>
	Message: Only the 24 properties declared in the CHR schema (plus rdf:type and rdfs:label) may be used on an individual.
Constraint Violation in ClosedConstraintComponent (http://www.w3.org/ns/shacl#ClosedConstraintComponent):
	Severity: sh:Violation
	Source Shape: chr:SchemaPropertyVocabularyShape
	Focus Node: ex:measurement_Respiratory_rate_9279_1
	Value Node: Literal("14.0", datatype=xsd:float)
	Result Path: <https://w3id.org/shexmap/resource/ontology-schema/d285f599-dc2e-4bd0-83f1-df21defa8821/hasQuantityValue>
	Message: Only the 24 properties declared in the CHR schema (plus rdf:type and rdfs:label) may be used on an individual.
Constraint Violation in ClosedConstraintComponent (http://www.w3.org/ns/shacl#ClosedConstraintComponent):
	Severity: sh:Violation
	Source Shape: chr:SchemaPropertyVocabularyShape
	Focus Node: ex:measurement_Respiratory_rate_9279_1
	Value Node: Literal("2004-12-27T20:35:54+01:00" = 2004-12-27 20:35:54+01:00, datatype=xsd:dateTime)
	Result Path: <https://w3id.org/shexmap/resource/ontology-schema/d285f599-dc2e-4bd0-83f1-df21defa8821/hasMeasuredDate>
	Message: Only the 24 properties declared in the CHR schema (plus rdf:type and rdfs:label) may be used on an individual.
Constraint Violation in ClosedConstraintComponent (http://www.w3.org/ns/shacl#ClosedConstraintComponent):
	Severity: sh:Violation
	Source Shape: chr:SchemaPropertyVocabularyShape
	Focus Node: ex:measurement_Respiratory_rate_9279_1
	Value Node: ex:unit_permin
	Result Path: <https://w3id.org/shexmap/resource/ontology-schema/d285f599-dc2e-4bd0-83f1-df21defa8821/hasUnit>
	Message: Only the 24 properties declared in the CHR schema (plus rdf:type and rdfs:label) may be used on an individual.
Constraint Violation in ClosedConstraintComponent (http://www.w3.org/ns/shacl#ClosedConstraintComponent):
	Severity: sh:Violation
	Source Shape: chr:SchemaPropertyVocabularyShape
	Focus Node: ex:measurement_Sodium_2947_0
	Value Node: <https://loinc.org/2947-0>
	Result Path: <https://w3id.org/shexmap/resource/ontology-schema/d285f599-dc2e-4bd0-83f1-df21defa8821/hasCode>
	Message: Only the 24 properties declared in the CHR schema (plus rdf:type and rdfs:label) may be used on an individual.
Constraint Violation in ClosedConstraintComponent (http://www.w3.org/ns/shacl#ClosedConstraintComponent):
	Severity: sh:Violation
	Source Shape: chr:SchemaPropertyVocabularyShape
	Focus Node: ex:measurement_Sodium_2947_0
	Value Node: Literal("142.14", datatype=xsd:float)
	Result Path: <https://w3id.org/shexmap/resource/ontology-schema/d285f599-dc2e-4bd0-83f1-df21defa8821/hasQuantityValue>
	Message: Only the 24 properties declared in the CHR schema (plus rdf:type and rdfs:label) may be used on an individual.
Constraint Violation in ClosedConstraintComponent (http://www.w3.org/ns/shacl#ClosedConstraintComponent):
	Severity: sh:Violation
	Source Shape: chr:SchemaPropertyVocabularyShape
	Focus Node: ex:measurement_Sodium_2947_0
	Value Node: Literal("2004-12-27T20:35:54+01:00" = 2004-12-27 20:35:54+01:00, datatype=xsd:dateTime)
	Result Path: <https://w3id.org/shexmap/resource/ontology-schema/d285f599-dc2e-4bd0-83f1-df21defa8821/hasMeasuredDate>
	Message: Only the 24 properties declared in the CHR schema (plus rdf:type and rdfs:label) may be used on an individual.
Constraint Violation in ClosedConstraintComponent (http://www.w3.org/ns/shacl#ClosedConstraintComponent):
	Severity: sh:Violation
	Source Shape: chr:SchemaPropertyVocabularyShape
	Focus Node: ex:measurement_Sodium_2947_0
	Value Node: ex:unit_mmolperL
	Result Path: <https://w3id.org/shexmap/resource/ontology-schema/d285f599-dc2e-4bd0-83f1-df21defa8821/hasUnit>
	Message: Only the 24 properties declared in the CHR schema (plus rdf:type and rdfs:label) may be used on an individual.
Constraint Violation in ClosedConstraintComponent (http://www.w3.org/ns/shacl#ClosedConstraintComponent):
	Severity: sh:Violation
	Source Shape: chr:SchemaPropertyVocabularyShape
	Focus Node: ex:measurement_Urea_nitrogen_6299_2
	Value Node: <https://loinc.org/6299-2>
	Result Path: <https://w3id.org/shexmap/resource/ontology-schema/d285f599-dc2e-4bd0-83f1-df21defa8821/hasCode>
	Message: Only the 24 properties declared in the CHR schema (plus rdf:type and rdfs:label) may be used on an individual.
Constraint Violation in ClosedConstraintComponent (http://www.w3.org/ns/shacl#ClosedConstraintComponent):
	Severity: sh:Violation
	Source Shape: chr:SchemaPropertyVocabularyShape
	Focus Node: ex:measurement_Urea_nitrogen_6299_2
	Value Node: Literal("14.44", datatype=xsd:float)
	Result Path: <https://w3id.org/shexmap/resource/ontology-schema/d285f599-dc2e-4bd0-83f1-df21defa8821/hasQuantityValue>
	Message: Only the 24 properties declared in the CHR schema (plus rdf:type and rdfs:label) may be used on an individual.
Constraint Violation in ClosedConstraintComponent (http://www.w3.org/ns/shacl#ClosedConstraintComponent):
	Severity: sh:Violation
	Source Shape: chr:SchemaPropertyVocabularyShape
	Focus Node: ex:measurement_Urea_nitrogen_6299_2
	Value Node: Literal("2004-12-27T20:35:54+01:00" = 2004-12-27 20:35:54+01:00, datatype=xsd:dateTime)
	Result Path: <https://w3id.org/shexmap/resource/ontology-schema/d285f599-dc2e-4bd0-83f1-df21defa8821/hasMeasuredDate>
	Message: Only the 24 properties declared in the CHR schema (plus rdf:type and rdfs:label) may be used on an individual.
Constraint Violation in ClosedConstraintComponent (http://www.w3.org/ns/shacl#ClosedConstraintComponent):
	Severity: sh:Violation
	Source Shape: chr:SchemaPropertyVocabularyShape
	Focus Node: ex:measurement_Urea_nitrogen_6299_2
	Value Node: ex:unit_mgperdL
	Result Path: <https://w3id.org/shexmap/resource/ontology-schema/d285f599-dc2e-4bd0-83f1-df21defa8821/hasUnit>
	Message: Only the 24 properties declared in the CHR schema (plus rdf:type and rdfs:label) may be used on an individual.
Constraint Violation in ClosedConstraintComponent (http://www.w3.org/ns/shacl#ClosedConstraintComponent):
	Severity: sh:Violation
	Source Shape: chr:SchemaPropertyVocabularyShape
	Focus Node: ex:proc_AUDIT_C_75626_2
	Value Node: Literal("2004-12-27T22:46:57+01:00" = 2004-12-27 22:46:57+01:00, datatype=xsd:dateTime)
	Result Path: <https://w3id.org/shexmap/resource/ontology-schema/d285f599-dc2e-4bd0-83f1-df21defa8821/hasPerformedDate>
	Message: Only the 24 properties declared in the CHR schema (plus rdf:type and rdfs:label) may be used on an individual.
Constraint Violation in ClosedConstraintComponent (http://www.w3.org/ns/shacl#ClosedConstraintComponent):
	Severity: sh:Violation
	Source Shape: chr:SchemaPropertyVocabularyShape
	Focus Node: ex:proc_AUDIT_C_75626_2
	Value Node: ex:Dr_Ivonne773_Turcotte120
	Result Path: <https://w3id.org/shexmap/resource/ontology-schema/d285f599-dc2e-4bd0-83f1-df21defa8821/hasPerformer>
	Message: Only the 24 properties declared in the CHR schema (plus rdf:type and rdfs:label) may be used on an individual.
Constraint Violation in ClosedConstraintComponent (http://www.w3.org/ns/shacl#ClosedConstraintComponent):
	Severity: sh:Violation
	Source Shape: chr:SchemaPropertyVocabularyShape
	Focus Node: ex:proc_AUDIT_C_75626_2
	Value Node: ex:Estela596_Yetta429_Grant908
	Result Path: <https://w3id.org/shexmap/resource/ontology-schema/d285f599-dc2e-4bd0-83f1-df21defa8821/hasPatient>
	Message: Only the 24 properties declared in the CHR schema (plus rdf:type and rdfs:label) may be used on an individual.
Constraint Violation in ClosedConstraintComponent (http://www.w3.org/ns/shacl#ClosedConstraintComponent):
	Severity: sh:Violation
	Source Shape: chr:SchemaPropertyVocabularyShape
	Focus Node: ex:proc_AUDIT_C_75626_2
	Value Node: ex:status_completed
	Result Path: <https://w3id.org/shexmap/resource/ontology-schema/d285f599-dc2e-4bd0-83f1-df21defa8821/hasStatus>
	Message: Only the 24 properties declared in the CHR schema (plus rdf:type and rdfs:label) may be used on an individual.
Constraint Violation in ClosedConstraintComponent (http://www.w3.org/ns/shacl#ClosedConstraintComponent):
	Severity: sh:Violation
	Source Shape: chr:SchemaPropertyVocabularyShape
	Focus Node: ex:proc_BMI_39156_5
	Value Node: Literal("2004-12-27T20:35:54+01:00" = 2004-12-27 20:35:54+01:00, datatype=xsd:dateTime)
	Result Path: <https://w3id.org/shexmap/resource/ontology-schema/d285f599-dc2e-4bd0-83f1-df21defa8821/hasPerformedDate>
	Message: Only the 24 properties declared in the CHR schema (plus rdf:type and rdfs:label) may be used on an individual.
Constraint Violation in ClosedConstraintComponent (http://www.w3.org/ns/shacl#ClosedConstraintComponent):
	Severity: sh:Violation
	Source Shape: chr:SchemaPropertyVocabularyShape
	Focus Node: ex:proc_BMI_39156_5
	Value Node: ex:Dr_Ivonne773_Turcotte120
	Result Path: <https://w3id.org/shexmap/resource/ontology-schema/d285f599-dc2e-4bd0-83f1-df21defa8821/hasPerformer>
	Message: Only the 24 properties declared in the CHR schema (plus rdf:type and rdfs:label) may be used on an individual.
Constraint Violation in ClosedConstraintComponent (http://www.w3.org/ns/shacl#ClosedConstraintComponent):
	Severity: sh:Violation
	Source Shape: chr:SchemaPropertyVocabularyShape
	Focus Node: ex:proc_BMI_39156_5
	Value Node: ex:Estela596_Yetta429_Grant908
	Result Path: <https://w3id.org/shexmap/resource/ontology-schema/d285f599-dc2e-4bd0-83f1-df21defa8821/hasPatient>
	Message: Only the 24 properties declared in the CHR schema (plus rdf:type and rdfs:label) may be used on an individual.
Constraint Violation in ClosedConstraintComponent (http://www.w3.org/ns/shacl#ClosedConstraintComponent):
	Severity: sh:Violation
	Source Shape: chr:SchemaPropertyVocabularyShape
	Focus Node: ex:proc_BMI_39156_5
	Value Node: ex:status_completed
	Result Path: <https://w3id.org/shexmap/resource/ontology-schema/d285f599-dc2e-4bd0-83f1-df21defa8821/hasStatus>
	Message: Only the 24 properties declared in the CHR schema (plus rdf:type and rdfs:label) may be used on an individual.
Constraint Violation in ClosedConstraintComponent (http://www.w3.org/ns/shacl#ClosedConstraintComponent):
	Severity: sh:Violation
	Source Shape: chr:SchemaPropertyVocabularyShape
	Focus Node: ex:proc_BodyHeight_8302_2
	Value Node: Literal("2004-12-27T20:35:54+01:00" = 2004-12-27 20:35:54+01:00, datatype=xsd:dateTime)
	Result Path: <https://w3id.org/shexmap/resource/ontology-schema/d285f599-dc2e-4bd0-83f1-df21defa8821/hasPerformedDate>
	Message: Only the 24 properties declared in the CHR schema (plus rdf:type and rdfs:label) may be used on an individual.
Constraint Violation in ClosedConstraintComponent (http://www.w3.org/ns/shacl#ClosedConstraintComponent):
	Severity: sh:Violation
	Source Shape: chr:SchemaPropertyVocabularyShape
	Focus Node: ex:proc_BodyHeight_8302_2
	Value Node: ex:Dr_Ivonne773_Turcotte120
	Result Path: <https://w3id.org/shexmap/resource/ontology-schema/d285f599-dc2e-4bd0-83f1-df21defa8821/hasPerformer>
	Message: Only the 24 properties declared in the CHR schema (plus rdf:type and rdfs:label) may be used on an individual.
Constraint Violation in ClosedConstraintComponent (http://www.w3.org/ns/shacl#ClosedConstraintComponent):
	Severity: sh:Violation
	Source Shape: chr:SchemaPropertyVocabularyShape
	Focus Node: ex:proc_BodyHeight_8302_2
	Value Node: ex:Estela596_Yetta429_Grant908
	Result Path: <https://w3id.org/shexmap/resource/ontology-schema/d285f599-dc2e-4bd0-83f1-df21defa8821/hasPatient>
	Message: Only the 24 properties declared in the CHR schema (plus rdf:type and rdfs:label) may be used on an individual.
Constraint Violation in ClosedConstraintComponent (http://www.w3.org/ns/shacl#ClosedConstraintComponent):
	Severity: sh:Violation
	Source Shape: chr:SchemaPropertyVocabularyShape
	Focus Node: ex:proc_BodyHeight_8302_2
	Value Node: ex:status_completed
	Result Path: <https://w3id.org/shexmap/resource/ontology-schema/d285f599-dc2e-4bd0-83f1-df21defa8821/hasStatus>
	Message: Only the 24 properties declared in the CHR schema (plus rdf:type and rdfs:label) may be used on an individual.
Constraint Violation in ClosedConstraintComponent (http://www.w3.org/ns/shacl#ClosedConstraintComponent):
	Severity: sh:Violation
	Source Shape: chr:SchemaPropertyVocabularyShape
	Focus Node: ex:proc_BodyWeight_29463_7
	Value Node: Literal("2004-12-27T20:35:54+01:00" = 2004-12-27 20:35:54+01:00, datatype=xsd:dateTime)
	Result Path: <https://w3id.org/shexmap/resource/ontology-schema/d285f599-dc2e-4bd0-83f1-df21defa8821/hasPerformedDate>
	Message: Only the 24 properties declared in the CHR schema (plus rdf:type and rdfs:label) may be used on an individual.
Constraint Violation in ClosedConstraintComponent (http://www.w3.org/ns/shacl#ClosedConstraintComponent):
	Severity: sh:Violation
	Source Shape: chr:SchemaPropertyVocabularyShape
	Focus Node: ex:proc_BodyWeight_29463_7
	Value Node: ex:Dr_Ivonne773_Turcotte120
	Result Path: <https://w3id.org/shexmap/resource/ontology-schema/d285f599-dc2e-4bd0-83f1-df21defa8821/hasPerformer>
	Message: Only the 24 properties declared in the CHR schema (plus rdf:type and rdfs:label) may be used on an individual.
Constraint Violation in ClosedConstraintComponent (http://www.w3.org/ns/shacl#ClosedConstraintComponent):
	Severity: sh:Violation
	Source Shape: chr:SchemaPropertyVocabularyShape
	Focus Node: ex:proc_BodyWeight_29463_7
	Value Node: ex:Estela596_Yetta429_Grant908
	Result Path: <https://w3id.org/shexmap/resource/ontology-schema/d285f599-dc2e-4bd0-83f1-df21defa8821/hasPatient>
	Message: Only the 24 properties declared in the CHR schema (plus rdf:type and rdfs:label) may be used on an individual.
Constraint Violation in ClosedConstraintComponent (http://www.w3.org/ns/shacl#ClosedConstraintComponent):
	Severity: sh:Violation
	Source Shape: chr:SchemaPropertyVocabularyShape
	Focus Node: ex:proc_BodyWeight_29463_7
	Value Node: ex:status_completed
	Result Path: <https://w3id.org/shexmap/resource/ontology-schema/d285f599-dc2e-4bd0-83f1-df21defa8821/hasStatus>
	Message: Only the 24 properties declared in the CHR schema (plus rdf:type and rdfs:label) may be used on an individual.
Constraint Violation in ClosedConstraintComponent (http://www.w3.org/ns/shacl#ClosedConstraintComponent):
	Severity: sh:Violation
	Source Shape: chr:SchemaPropertyVocabularyShape
	Focus Node: ex:proc_CO2_20565_8
	Value Node: Literal("2004-12-27T20:35:54+01:00" = 2004-12-27 20:35:54+01:00, datatype=xsd:dateTime)
	Result Path: <https://w3id.org/shexmap/resource/ontology-schema/d285f599-dc2e-4bd0-83f1-df21defa8821/hasPerformedDate>
	Message: Only the 24 properties declared in the CHR schema (plus rdf:type and rdfs:label) may be used on an individual.
Constraint Violation in ClosedConstraintComponent (http://www.w3.org/ns/shacl#ClosedConstraintComponent):
	Severity: sh:Violation
	Source Shape: chr:SchemaPropertyVocabularyShape
	Focus Node: ex:proc_CO2_20565_8
	Value Node: ex:Dr_Ivonne773_Turcotte120
	Result Path: <https://w3id.org/shexmap/resource/ontology-schema/d285f599-dc2e-4bd0-83f1-df21defa8821/hasPerformer>
	Message: Only the 24 properties declared in the CHR schema (plus rdf:type and rdfs:label) may be used on an individual.
Constraint Violation in ClosedConstraintComponent (http://www.w3.org/ns/shacl#ClosedConstraintComponent):
	Severity: sh:Violation
	Source Shape: chr:SchemaPropertyVocabularyShape
	Focus Node: ex:proc_CO2_20565_8
	Value Node: ex:Estela596_Yetta429_Grant908
	Result Path: <https://w3id.org/shexmap/resource/ontology-schema/d285f599-dc2e-4bd0-83f1-df21defa8821/hasPatient>
	Message: Only the 24 properties declared in the CHR schema (plus rdf:type and rdfs:label) may be used on an individual.
Constraint Violation in ClosedConstraintComponent (http://www.w3.org/ns/shacl#ClosedConstraintComponent):
	Severity: sh:Violation
	Source Shape: chr:SchemaPropertyVocabularyShape
	Focus Node: ex:proc_CO2_20565_8
	Value Node: ex:status_completed
	Result Path: <https://w3id.org/shexmap/resource/ontology-schema/d285f599-dc2e-4bd0-83f1-df21defa8821/hasStatus>
	Message: Only the 24 properties declared in the CHR schema (plus rdf:type and rdfs:label) may be used on an individual.
Constraint Violation in ClosedConstraintComponent (http://www.w3.org/ns/shacl#ClosedConstraintComponent):
	Severity: sh:Violation
	Source Shape: chr:SchemaPropertyVocabularyShape
	Focus Node: ex:proc_Calcium_49765_1
	Value Node: Literal("2004-12-27T20:35:54+01:00" = 2004-12-27 20:35:54+01:00, datatype=xsd:dateTime)
	Result Path: <https://w3id.org/shexmap/resource/ontology-schema/d285f599-dc2e-4bd0-83f1-df21defa8821/hasPerformedDate>
	Message: Only the 24 properties declared in the CHR schema (plus rdf:type and rdfs:label) may be used on an individual.
Constraint Violation in ClosedConstraintComponent (http://www.w3.org/ns/shacl#ClosedConstraintComponent):
	Severity: sh:Violation
	Source Shape: chr:SchemaPropertyVocabularyShape
	Focus Node: ex:proc_Calcium_49765_1
	Value Node: ex:Dr_Ivonne773_Turcotte120
	Result Path: <https://w3id.org/shexmap/resource/ontology-schema/d285f599-dc2e-4bd0-83f1-df21defa8821/hasPerformer>
	Message: Only the 24 properties declared in the CHR schema (plus rdf:type and rdfs:label) may be used on an individual.
Constraint Violation in ClosedConstraintComponent (http://www.w3.org/ns/shacl#ClosedConstraintComponent):
	Severity: sh:Violation
	Source Shape: chr:SchemaPropertyVocabularyShape
	Focus Node: ex:proc_Calcium_49765_1
	Value Node: ex:Estela596_Yetta429_Grant908
	Result Path: <https://w3id.org/shexmap/resource/ontology-schema/d285f599-dc2e-4bd0-83f1-df21defa8821/hasPatient>
	Message: Only the 24 properties declared in the CHR schema (plus rdf:type and rdfs:label) may be used on an individual.
Constraint Violation in ClosedConstraintComponent (http://www.w3.org/ns/shacl#ClosedConstraintComponent):
	Severity: sh:Violation
	Source Shape: chr:SchemaPropertyVocabularyShape
	Focus Node: ex:proc_Calcium_49765_1
	Value Node: ex:status_completed
	Result Path: <https://w3id.org/shexmap/resource/ontology-schema/d285f599-dc2e-4bd0-83f1-df21defa8821/hasStatus>
	Message: Only the 24 properties declared in the CHR schema (plus rdf:type and rdfs:label) may be used on an individual.
Constraint Violation in ClosedConstraintComponent (http://www.w3.org/ns/shacl#ClosedConstraintComponent):
	Severity: sh:Violation
	Source Shape: chr:SchemaPropertyVocabularyShape
	Focus Node: ex:proc_Chloride_2069_3
	Value Node: Literal("2004-12-27T20:35:54+01:00" = 2004-12-27 20:35:54+01:00, datatype=xsd:dateTime)
	Result Path: <https://w3id.org/shexmap/resource/ontology-schema/d285f599-dc2e-4bd0-83f1-df21defa8821/hasPerformedDate>
	Message: Only the 24 properties declared in the CHR schema (plus rdf:type and rdfs:label) may be used on an individual.
Constraint Violation in ClosedConstraintComponent (http://www.w3.org/ns/shacl#ClosedConstraintComponent):
	Severity: sh:Violation
	Source Shape: chr:SchemaPropertyVocabularyShape
	Focus Node: ex:proc_Chloride_2069_3
	Value Node: ex:Dr_Ivonne773_Turcotte120
	Result Path: <https://w3id.org/shexmap/resource/ontology-schema/d285f599-dc2e-4bd0-83f1-df21defa8821/hasPerformer>
	Message: Only the 24 properties declared in the CHR schema (plus rdf:type and rdfs:label) may be used on an individual.
Constraint Violation in ClosedConstraintComponent (http://www.w3.org/ns/shacl#ClosedConstraintComponent):
	Severity: sh:Violation
	Source Shape: chr:SchemaPropertyVocabularyShape
	Focus Node: ex:proc_Chloride_2069_3
	Value Node: ex:Estela596_Yetta429_Grant908
	Result Path: <https://w3id.org/shexmap/resource/ontology-schema/d285f599-dc2e-4bd0-83f1-df21defa8821/hasPatient>
	Message: Only the 24 properties declared in the CHR schema (plus rdf:type and rdfs:label) may be used on an individual.
Constraint Violation in ClosedConstraintComponent (http://www.w3.org/ns/shacl#ClosedConstraintComponent):
	Severity: sh:Violation
	Source Shape: chr:SchemaPropertyVocabularyShape
	Focus Node: ex:proc_Chloride_2069_3
	Value Node: ex:status_completed
	Result Path: <https://w3id.org/shexmap/resource/ontology-schema/d285f599-dc2e-4bd0-83f1-df21defa8821/hasStatus>
	Message: Only the 24 properties declared in the CHR schema (plus rdf:type and rdfs:label) may be used on an individual.
Constraint Violation in ClosedConstraintComponent (http://www.w3.org/ns/shacl#ClosedConstraintComponent):
	Severity: sh:Violation
	Source Shape: chr:SchemaPropertyVocabularyShape
	Focus Node: ex:proc_Creatinine_38483_4
	Value Node: Literal("2004-12-27T20:35:54+01:00" = 2004-12-27 20:35:54+01:00, datatype=xsd:dateTime)
	Result Path: <https://w3id.org/shexmap/resource/ontology-schema/d285f599-dc2e-4bd0-83f1-df21defa8821/hasPerformedDate>
	Message: Only the 24 properties declared in the CHR schema (plus rdf:type and rdfs:label) may be used on an individual.
Constraint Violation in ClosedConstraintComponent (http://www.w3.org/ns/shacl#ClosedConstraintComponent):
	Severity: sh:Violation
	Source Shape: chr:SchemaPropertyVocabularyShape
	Focus Node: ex:proc_Creatinine_38483_4
	Value Node: ex:Dr_Ivonne773_Turcotte120
	Result Path: <https://w3id.org/shexmap/resource/ontology-schema/d285f599-dc2e-4bd0-83f1-df21defa8821/hasPerformer>
	Message: Only the 24 properties declared in the CHR schema (plus rdf:type and rdfs:label) may be used on an individual.
Constraint Violation in ClosedConstraintComponent (http://www.w3.org/ns/shacl#ClosedConstraintComponent):
	Severity: sh:Violation
	Source Shape: chr:SchemaPropertyVocabularyShape
	Focus Node: ex:proc_Creatinine_38483_4
	Value Node: ex:Estela596_Yetta429_Grant908
	Result Path: <https://w3id.org/shexmap/resource/ontology-schema/d285f599-dc2e-4bd0-83f1-df21defa8821/hasPatient>
	Message: Only the 24 properties declared in the CHR schema (plus rdf:type and rdfs:label) may be used on an individual.
Constraint Violation in ClosedConstraintComponent (http://www.w3.org/ns/shacl#ClosedConstraintComponent):
	Severity: sh:Violation
	Source Shape: chr:SchemaPropertyVocabularyShape
	Focus Node: ex:proc_Creatinine_38483_4
	Value Node: ex:status_completed
	Result Path: <https://w3id.org/shexmap/resource/ontology-schema/d285f599-dc2e-4bd0-83f1-df21defa8821/hasStatus>
	Message: Only the 24 properties declared in the CHR schema (plus rdf:type and rdfs:label) may be used on an individual.
Constraint Violation in ClosedConstraintComponent (http://www.w3.org/ns/shacl#ClosedConstraintComponent):
	Severity: sh:Violation
	Source Shape: chr:SchemaPropertyVocabularyShape
	Focus Node: ex:proc_ErythrocyteDistWidth_788_0
	Value Node: Literal("2004-12-27T20:35:54+01:00" = 2004-12-27 20:35:54+01:00, datatype=xsd:dateTime)
	Result Path: <https://w3id.org/shexmap/resource/ontology-schema/d285f599-dc2e-4bd0-83f1-df21defa8821/hasPerformedDate>
	Message: Only the 24 properties declared in the CHR schema (plus rdf:type and rdfs:label) may be used on an individual.
Constraint Violation in ClosedConstraintComponent (http://www.w3.org/ns/shacl#ClosedConstraintComponent):
	Severity: sh:Violation
	Source Shape: chr:SchemaPropertyVocabularyShape
	Focus Node: ex:proc_ErythrocyteDistWidth_788_0
	Value Node: ex:Dr_Ivonne773_Turcotte120
	Result Path: <https://w3id.org/shexmap/resource/ontology-schema/d285f599-dc2e-4bd0-83f1-df21defa8821/hasPerformer>
	Message: Only the 24 properties declared in the CHR schema (plus rdf:type and rdfs:label) may be used on an individual.
Constraint Violation in ClosedConstraintComponent (http://www.w3.org/ns/shacl#ClosedConstraintComponent):
	Severity: sh:Violation
	Source Shape: chr:SchemaPropertyVocabularyShape
	Focus Node: ex:proc_ErythrocyteDistWidth_788_0
	Value Node: ex:Estela596_Yetta429_Grant908
	Result Path: <https://w3id.org/shexmap/resource/ontology-schema/d285f599-dc2e-4bd0-83f1-df21defa8821/hasPatient>
	Message: Only the 24 properties declared in the CHR schema (plus rdf:type and rdfs:label) may be used on an individual.
Constraint Violation in ClosedConstraintComponent (http://www.w3.org/ns/shacl#ClosedConstraintComponent):
	Severity: sh:Violation
	Source Shape: chr:SchemaPropertyVocabularyShape
	Focus Node: ex:proc_ErythrocyteDistWidth_788_0
	Value Node: ex:status_completed
	Result Path: <https://w3id.org/shexmap/resource/ontology-schema/d285f599-dc2e-4bd0-83f1-df21defa8821/hasStatus>
	Message: Only the 24 properties declared in the CHR schema (plus rdf:type and rdfs:label) may be used on an individual.
Constraint Violation in ClosedConstraintComponent (http://www.w3.org/ns/shacl#ClosedConstraintComponent):
	Severity: sh:Violation
	Source Shape: chr:SchemaPropertyVocabularyShape
	Focus Node: ex:proc_Erythrocytes_789_8
	Value Node: Literal("2004-12-27T20:35:54+01:00" = 2004-12-27 20:35:54+01:00, datatype=xsd:dateTime)
	Result Path: <https://w3id.org/shexmap/resource/ontology-schema/d285f599-dc2e-4bd0-83f1-df21defa8821/hasPerformedDate>
	Message: Only the 24 properties declared in the CHR schema (plus rdf:type and rdfs:label) may be used on an individual.
Constraint Violation in ClosedConstraintComponent (http://www.w3.org/ns/shacl#ClosedConstraintComponent):
	Severity: sh:Violation
	Source Shape: chr:SchemaPropertyVocabularyShape
	Focus Node: ex:proc_Erythrocytes_789_8
	Value Node: ex:Dr_Ivonne773_Turcotte120
	Result Path: <https://w3id.org/shexmap/resource/ontology-schema/d285f599-dc2e-4bd0-83f1-df21defa8821/hasPerformer>
	Message: Only the 24 properties declared in the CHR schema (plus rdf:type and rdfs:label) may be used on an individual.
Constraint Violation in ClosedConstraintComponent (http://www.w3.org/ns/shacl#ClosedConstraintComponent):
	Severity: sh:Violation
	Source Shape: chr:SchemaPropertyVocabularyShape
	Focus Node: ex:proc_Erythrocytes_789_8
	Value Node: ex:Estela596_Yetta429_Grant908
	Result Path: <https://w3id.org/shexmap/resource/ontology-schema/d285f599-dc2e-4bd0-83f1-df21defa8821/hasPatient>
	Message: Only the 24 properties declared in the CHR schema (plus rdf:type and rdfs:label) may be used on an individual.
Constraint Violation in ClosedConstraintComponent (http://www.w3.org/ns/shacl#ClosedConstraintComponent):
	Severity: sh:Violation
	Source Shape: chr:SchemaPropertyVocabularyShape
	Focus Node: ex:proc_Erythrocytes_789_8
	Value Node: ex:status_completed
	Result Path: <https://w3id.org/shexmap/resource/ontology-schema/d285f599-dc2e-4bd0-83f1-df21defa8821/hasStatus>
	Message: Only the 24 properties declared in the CHR schema (plus rdf:type and rdfs:label) may be used on an individual.
Constraint Violation in ClosedConstraintComponent (http://www.w3.org/ns/shacl#ClosedConstraintComponent):
	Severity: sh:Violation
	Source Shape: chr:SchemaPropertyVocabularyShape
	Focus Node: ex:proc_Glucose_2339_0
	Value Node: Literal("2004-12-27T20:35:54+01:00" = 2004-12-27 20:35:54+01:00, datatype=xsd:dateTime)
	Result Path: <https://w3id.org/shexmap/resource/ontology-schema/d285f599-dc2e-4bd0-83f1-df21defa8821/hasPerformedDate>
	Message: Only the 24 properties declared in the CHR schema (plus rdf:type and rdfs:label) may be used on an individual.
Constraint Violation in ClosedConstraintComponent (http://www.w3.org/ns/shacl#ClosedConstraintComponent):
	Severity: sh:Violation
	Source Shape: chr:SchemaPropertyVocabularyShape
	Focus Node: ex:proc_Glucose_2339_0
	Value Node: ex:Dr_Ivonne773_Turcotte120
	Result Path: <https://w3id.org/shexmap/resource/ontology-schema/d285f599-dc2e-4bd0-83f1-df21defa8821/hasPerformer>
	Message: Only the 24 properties declared in the CHR schema (plus rdf:type and rdfs:label) may be used on an individual.
Constraint Violation in ClosedConstraintComponent (http://www.w3.org/ns/shacl#ClosedConstraintComponent):
	Severity: sh:Violation
	Source Shape: chr:SchemaPropertyVocabularyShape
	Focus Node: ex:proc_Glucose_2339_0
	Value Node: ex:Estela596_Yetta429_Grant908
	Result Path: <https://w3id.org/shexmap/resource/ontology-schema/d285f599-dc2e-4bd0-83f1-df21defa8821/hasPatient>
	Message: Only the 24 properties declared in the CHR schema (plus rdf:type and rdfs:label) may be used on an individual.
Constraint Violation in ClosedConstraintComponent (http://www.w3.org/ns/shacl#ClosedConstraintComponent):
	Severity: sh:Violation
	Source Shape: chr:SchemaPropertyVocabularyShape
	Focus Node: ex:proc_Glucose_2339_0
	Value Node: ex:status_completed
	Result Path: <https://w3id.org/shexmap/resource/ontology-schema/d285f599-dc2e-4bd0-83f1-df21defa8821/hasStatus>
	Message: Only the 24 properties declared in the CHR schema (plus rdf:type and rdfs:label) may be used on an individual.
Constraint Violation in ClosedConstraintComponent (http://www.w3.org/ns/shacl#ClosedConstraintComponent):
	Severity: sh:Violation
	Source Shape: chr:SchemaPropertyVocabularyShape
	Focus Node: ex:proc_HbA1c_4548_4
	Value Node: Literal("2004-12-27T20:35:54+01:00" = 2004-12-27 20:35:54+01:00, datatype=xsd:dateTime)
	Result Path: <https://w3id.org/shexmap/resource/ontology-schema/d285f599-dc2e-4bd0-83f1-df21defa8821/hasPerformedDate>
	Message: Only the 24 properties declared in the CHR schema (plus rdf:type and rdfs:label) may be used on an individual.
Constraint Violation in ClosedConstraintComponent (http://www.w3.org/ns/shacl#ClosedConstraintComponent):
	Severity: sh:Violation
	Source Shape: chr:SchemaPropertyVocabularyShape
	Focus Node: ex:proc_HbA1c_4548_4
	Value Node: ex:Dr_Ivonne773_Turcotte120
	Result Path: <https://w3id.org/shexmap/resource/ontology-schema/d285f599-dc2e-4bd0-83f1-df21defa8821/hasPerformer>
	Message: Only the 24 properties declared in the CHR schema (plus rdf:type and rdfs:label) may be used on an individual.
Constraint Violation in ClosedConstraintComponent (http://www.w3.org/ns/shacl#ClosedConstraintComponent):
	Severity: sh:Violation
	Source Shape: chr:SchemaPropertyVocabularyShape
	Focus Node: ex:proc_HbA1c_4548_4
	Value Node: ex:Estela596_Yetta429_Grant908
	Result Path: <https://w3id.org/shexmap/resource/ontology-schema/d285f599-dc2e-4bd0-83f1-df21defa8821/hasPatient>
	Message: Only the 24 properties declared in the CHR schema (plus rdf:type and rdfs:label) may be used on an individual.
Constraint Violation in ClosedConstraintComponent (http://www.w3.org/ns/shacl#ClosedConstraintComponent):
	Severity: sh:Violation
	Source Shape: chr:SchemaPropertyVocabularyShape
	Focus Node: ex:proc_HbA1c_4548_4
	Value Node: ex:status_completed
	Result Path: <https://w3id.org/shexmap/resource/ontology-schema/d285f599-dc2e-4bd0-83f1-df21defa8821/hasStatus>
	Message: Only the 24 properties declared in the CHR schema (plus rdf:type and rdfs:label) may be used on an individual.
Constraint Violation in ClosedConstraintComponent (http://www.w3.org/ns/shacl#ClosedConstraintComponent):
	Severity: sh:Violation
	Source Shape: chr:SchemaPropertyVocabularyShape
	Focus Node: ex:proc_HeartRate_8867_4
	Value Node: Literal("2004-12-27T20:35:54+01:00" = 2004-12-27 20:35:54+01:00, datatype=xsd:dateTime)
	Result Path: <https://w3id.org/shexmap/resource/ontology-schema/d285f599-dc2e-4bd0-83f1-df21defa8821/hasPerformedDate>
	Message: Only the 24 properties declared in the CHR schema (plus rdf:type and rdfs:label) may be used on an individual.
Constraint Violation in ClosedConstraintComponent (http://www.w3.org/ns/shacl#ClosedConstraintComponent):
	Severity: sh:Violation
	Source Shape: chr:SchemaPropertyVocabularyShape
	Focus Node: ex:proc_HeartRate_8867_4
	Value Node: ex:Dr_Ivonne773_Turcotte120
	Result Path: <https://w3id.org/shexmap/resource/ontology-schema/d285f599-dc2e-4bd0-83f1-df21defa8821/hasPerformer>
	Message: Only the 24 properties declared in the CHR schema (plus rdf:type and rdfs:label) may be used on an individual.
Constraint Violation in ClosedConstraintComponent (http://www.w3.org/ns/shacl#ClosedConstraintComponent):
	Severity: sh:Violation
	Source Shape: chr:SchemaPropertyVocabularyShape
	Focus Node: ex:proc_HeartRate_8867_4
	Value Node: ex:Estela596_Yetta429_Grant908
	Result Path: <https://w3id.org/shexmap/resource/ontology-schema/d285f599-dc2e-4bd0-83f1-df21defa8821/hasPatient>
	Message: Only the 24 properties declared in the CHR schema (plus rdf:type and rdfs:label) may be used on an individual.
Constraint Violation in ClosedConstraintComponent (http://www.w3.org/ns/shacl#ClosedConstraintComponent):
	Severity: sh:Violation
	Source Shape: chr:SchemaPropertyVocabularyShape
	Focus Node: ex:proc_HeartRate_8867_4
	Value Node: ex:status_completed
	Result Path: <https://w3id.org/shexmap/resource/ontology-schema/d285f599-dc2e-4bd0-83f1-df21defa8821/hasStatus>
	Message: Only the 24 properties declared in the CHR schema (plus rdf:type and rdfs:label) may be used on an individual.
Constraint Violation in ClosedConstraintComponent (http://www.w3.org/ns/shacl#ClosedConstraintComponent):
	Severity: sh:Violation
	Source Shape: chr:SchemaPropertyVocabularyShape
	Focus Node: ex:proc_Hematocrit_4544_3
	Value Node: Literal("2004-12-27T20:35:54+01:00" = 2004-12-27 20:35:54+01:00, datatype=xsd:dateTime)
	Result Path: <https://w3id.org/shexmap/resource/ontology-schema/d285f599-dc2e-4bd0-83f1-df21defa8821/hasPerformedDate>
	Message: Only the 24 properties declared in the CHR schema (plus rdf:type and rdfs:label) may be used on an individual.
Constraint Violation in ClosedConstraintComponent (http://www.w3.org/ns/shacl#ClosedConstraintComponent):
	Severity: sh:Violation
	Source Shape: chr:SchemaPropertyVocabularyShape
	Focus Node: ex:proc_Hematocrit_4544_3
	Value Node: ex:Dr_Ivonne773_Turcotte120
	Result Path: <https://w3id.org/shexmap/resource/ontology-schema/d285f599-dc2e-4bd0-83f1-df21defa8821/hasPerformer>
	Message: Only the 24 properties declared in the CHR schema (plus rdf:type and rdfs:label) may be used on an individual.
Constraint Violation in ClosedConstraintComponent (http://www.w3.org/ns/shacl#ClosedConstraintComponent):
	Severity: sh:Violation
	Source Shape: chr:SchemaPropertyVocabularyShape
	Focus Node: ex:proc_Hematocrit_4544_3
	Value Node: ex:Estela596_Yetta429_Grant908
	Result Path: <https://w3id.org/shexmap/resource/ontology-schema/d285f599-dc2e-4bd0-83f1-df21defa8821/hasPatient>
	Message: Only the 24 properties declared in the CHR schema (plus rdf:type and rdfs:label) may be used on an individual.
Constraint Violation in ClosedConstraintComponent (http://www.w3.org/ns/shacl#ClosedConstraintComponent):
	Severity: sh:Violation
	Source Shape: chr:SchemaPropertyVocabularyShape
	Focus Node: ex:proc_Hematocrit_4544_3
	Value Node: ex:status_completed
	Result Path: <https://w3id.org/shexmap/resource/ontology-schema/d285f599-dc2e-4bd0-83f1-df21defa8821/hasStatus>
	Message: Only the 24 properties declared in the CHR schema (plus rdf:type and rdfs:label) may be used on an individual.
Constraint Violation in ClosedConstraintComponent (http://www.w3.org/ns/shacl#ClosedConstraintComponent):
	Severity: sh:Violation
	Source Shape: chr:SchemaPropertyVocabularyShape
	Focus Node: ex:proc_Hemoglobin_718_7
	Value Node: Literal("2004-12-27T20:35:54+01:00" = 2004-12-27 20:35:54+01:00, datatype=xsd:dateTime)
	Result Path: <https://w3id.org/shexmap/resource/ontology-schema/d285f599-dc2e-4bd0-83f1-df21defa8821/hasPerformedDate>
	Message: Only the 24 properties declared in the CHR schema (plus rdf:type and rdfs:label) may be used on an individual.
Constraint Violation in ClosedConstraintComponent (http://www.w3.org/ns/shacl#ClosedConstraintComponent):
	Severity: sh:Violation
	Source Shape: chr:SchemaPropertyVocabularyShape
	Focus Node: ex:proc_Hemoglobin_718_7
	Value Node: ex:Dr_Ivonne773_Turcotte120
	Result Path: <https://w3id.org/shexmap/resource/ontology-schema/d285f599-dc2e-4bd0-83f1-df21defa8821/hasPerformer>
	Message: Only the 24 properties declared in the CHR schema (plus rdf:type and rdfs:label) may be used on an individual.
Constraint Violation in ClosedConstraintComponent (http://www.w3.org/ns/shacl#ClosedConstraintComponent):
	Severity: sh:Violation
	Source Shape: chr:SchemaPropertyVocabularyShape
	Focus Node: ex:proc_Hemoglobin_718_7
	Value Node: ex:Estela596_Yetta429_Grant908
	Result Path: <https://w3id.org/shexmap/resource/ontology-schema/d285f599-dc2e-4bd0-83f1-df21defa8821/hasPatient>
	Message: Only the 24 properties declared in the CHR schema (plus rdf:type and rdfs:label) may be used on an individual.
Constraint Violation in ClosedConstraintComponent (http://www.w3.org/ns/shacl#ClosedConstraintComponent):
	Severity: sh:Violation
	Source Shape: chr:SchemaPropertyVocabularyShape
	Focus Node: ex:proc_Hemoglobin_718_7
	Value Node: ex:status_completed
	Result Path: <https://w3id.org/shexmap/resource/ontology-schema/d285f599-dc2e-4bd0-83f1-df21defa8821/hasStatus>
	Message: Only the 24 properties declared in the CHR schema (plus rdf:type and rdfs:label) may be used on an individual.
Constraint Violation in ClosedConstraintComponent (http://www.w3.org/ns/shacl#ClosedConstraintComponent):
	Severity: sh:Violation
	Source Shape: chr:SchemaPropertyVocabularyShape
	Focus Node: ex:proc_LaborForce_741062008
	Value Node: Literal("2004-12-27T21:28:23+01:00" = 2004-12-27 21:28:23+01:00, datatype=xsd:dateTime)
	Result Path: <https://w3id.org/shexmap/resource/ontology-schema/d285f599-dc2e-4bd0-83f1-df21defa8821/hasPerformedDate>
	Message: Only the 24 properties declared in the CHR schema (plus rdf:type and rdfs:label) may be used on an individual.
Constraint Violation in ClosedConstraintComponent (http://www.w3.org/ns/shacl#ClosedConstraintComponent):
	Severity: sh:Violation
	Source Shape: chr:SchemaPropertyVocabularyShape
	Focus Node: ex:proc_LaborForce_741062008
	Value Node: ex:Dr_Ivonne773_Turcotte120
	Result Path: <https://w3id.org/shexmap/resource/ontology-schema/d285f599-dc2e-4bd0-83f1-df21defa8821/hasPerformer>
	Message: Only the 24 properties declared in the CHR schema (plus rdf:type and rdfs:label) may be used on an individual.
Constraint Violation in ClosedConstraintComponent (http://www.w3.org/ns/shacl#ClosedConstraintComponent):
	Severity: sh:Violation
	Source Shape: chr:SchemaPropertyVocabularyShape
	Focus Node: ex:proc_LaborForce_741062008
	Value Node: ex:Estela596_Yetta429_Grant908
	Result Path: <https://w3id.org/shexmap/resource/ontology-schema/d285f599-dc2e-4bd0-83f1-df21defa8821/hasPatient>
	Message: Only the 24 properties declared in the CHR schema (plus rdf:type and rdfs:label) may be used on an individual.
Constraint Violation in ClosedConstraintComponent (http://www.w3.org/ns/shacl#ClosedConstraintComponent):
	Severity: sh:Violation
	Source Shape: chr:SchemaPropertyVocabularyShape
	Focus Node: ex:proc_LaborForce_741062008
	Value Node: ex:status_completed
	Result Path: <https://w3id.org/shexmap/resource/ontology-schema/d285f599-dc2e-4bd0-83f1-df21defa8821/hasStatus>
	Message: Only the 24 properties declared in the CHR schema (plus rdf:type and rdfs:label) may be used on an individual.
Constraint Violation in ClosedConstraintComponent (http://www.w3.org/ns/shacl#ClosedConstraintComponent):
	Severity: sh:Violation
	Source Shape: chr:SchemaPropertyVocabularyShape
	Focus Node: ex:proc_Leukocytes_6690_2
	Value Node: Literal("2004-12-27T20:35:54+01:00" = 2004-12-27 20:35:54+01:00, datatype=xsd:dateTime)
	Result Path: <https://w3id.org/shexmap/resource/ontology-schema/d285f599-dc2e-4bd0-83f1-df21defa8821/hasPerformedDate>
	Message: Only the 24 properties declared in the CHR schema (plus rdf:type and rdfs:label) may be used on an individual.
Constraint Violation in ClosedConstraintComponent (http://www.w3.org/ns/shacl#ClosedConstraintComponent):
	Severity: sh:Violation
	Source Shape: chr:SchemaPropertyVocabularyShape
	Focus Node: ex:proc_Leukocytes_6690_2
	Value Node: ex:Dr_Ivonne773_Turcotte120
	Result Path: <https://w3id.org/shexmap/resource/ontology-schema/d285f599-dc2e-4bd0-83f1-df21defa8821/hasPerformer>
	Message: Only the 24 properties declared in the CHR schema (plus rdf:type and rdfs:label) may be used on an individual.
Constraint Violation in ClosedConstraintComponent (http://www.w3.org/ns/shacl#ClosedConstraintComponent):
	Severity: sh:Violation
	Source Shape: chr:SchemaPropertyVocabularyShape
	Focus Node: ex:proc_Leukocytes_6690_2
	Value Node: ex:Estela596_Yetta429_Grant908
	Result Path: <https://w3id.org/shexmap/resource/ontology-schema/d285f599-dc2e-4bd0-83f1-df21defa8821/hasPatient>
	Message: Only the 24 properties declared in the CHR schema (plus rdf:type and rdfs:label) may be used on an individual.
Constraint Violation in ClosedConstraintComponent (http://www.w3.org/ns/shacl#ClosedConstraintComponent):
	Severity: sh:Violation
	Source Shape: chr:SchemaPropertyVocabularyShape
	Focus Node: ex:proc_Leukocytes_6690_2
	Value Node: ex:status_completed
	Result Path: <https://w3id.org/shexmap/resource/ontology-schema/d285f599-dc2e-4bd0-83f1-df21defa8821/hasStatus>
	Message: Only the 24 properties declared in the CHR schema (plus rdf:type and rdfs:label) may be used on an individual.
Constraint Violation in ClosedConstraintComponent (http://www.w3.org/ns/shacl#ClosedConstraintComponent):
	Severity: sh:Violation
	Source Shape: chr:SchemaPropertyVocabularyShape
	Focus Node: ex:proc_MCHC_786_4
	Value Node: Literal("2004-12-27T20:35:54+01:00" = 2004-12-27 20:35:54+01:00, datatype=xsd:dateTime)
	Result Path: <https://w3id.org/shexmap/resource/ontology-schema/d285f599-dc2e-4bd0-83f1-df21defa8821/hasPerformedDate>
	Message: Only the 24 properties declared in the CHR schema (plus rdf:type and rdfs:label) may be used on an individual.
Constraint Violation in ClosedConstraintComponent (http://www.w3.org/ns/shacl#ClosedConstraintComponent):
	Severity: sh:Violation
	Source Shape: chr:SchemaPropertyVocabularyShape
	Focus Node: ex:proc_MCHC_786_4
	Value Node: ex:Dr_Ivonne773_Turcotte120
	Result Path: <https://w3id.org/shexmap/resource/ontology-schema/d285f599-dc2e-4bd0-83f1-df21defa8821/hasPerformer>
	Message: Only the 24 properties declared in the CHR schema (plus rdf:type and rdfs:label) may be used on an individual.
Constraint Violation in ClosedConstraintComponent (http://www.w3.org/ns/shacl#ClosedConstraintComponent):
	Severity: sh:Violation
	Source Shape: chr:SchemaPropertyVocabularyShape
	Focus Node: ex:proc_MCHC_786_4
	Value Node: ex:Estela596_Yetta429_Grant908
	Result Path: <https://w3id.org/shexmap/resource/ontology-schema/d285f599-dc2e-4bd0-83f1-df21defa8821/hasPatient>
	Message: Only the 24 properties declared in the CHR schema (plus rdf:type and rdfs:label) may be used on an individual.
Constraint Violation in ClosedConstraintComponent (http://www.w3.org/ns/shacl#ClosedConstraintComponent):
	Severity: sh:Violation
	Source Shape: chr:SchemaPropertyVocabularyShape
	Focus Node: ex:proc_MCHC_786_4
	Value Node: ex:status_completed
	Result Path: <https://w3id.org/shexmap/resource/ontology-schema/d285f599-dc2e-4bd0-83f1-df21defa8821/hasStatus>
	Message: Only the 24 properties declared in the CHR schema (plus rdf:type and rdfs:label) may be used on an individual.
Constraint Violation in ClosedConstraintComponent (http://www.w3.org/ns/shacl#ClosedConstraintComponent):
	Severity: sh:Violation
	Source Shape: chr:SchemaPropertyVocabularyShape
	Focus Node: ex:proc_MCH_785_6
	Value Node: Literal("2004-12-27T20:35:54+01:00" = 2004-12-27 20:35:54+01:00, datatype=xsd:dateTime)
	Result Path: <https://w3id.org/shexmap/resource/ontology-schema/d285f599-dc2e-4bd0-83f1-df21defa8821/hasPerformedDate>
	Message: Only the 24 properties declared in the CHR schema (plus rdf:type and rdfs:label) may be used on an individual.
Constraint Violation in ClosedConstraintComponent (http://www.w3.org/ns/shacl#ClosedConstraintComponent):
	Severity: sh:Violation
	Source Shape: chr:SchemaPropertyVocabularyShape
	Focus Node: ex:proc_MCH_785_6
	Value Node: ex:Dr_Ivonne773_Turcotte120
	Result Path: <https://w3id.org/shexmap/resource/ontology-schema/d285f599-dc2e-4bd0-83f1-df21defa8821/hasPerformer>
	Message: Only the 24 properties declared in the CHR schema (plus rdf:type and rdfs:label) may be used on an individual.
Constraint Violation in ClosedConstraintComponent (http://www.w3.org/ns/shacl#ClosedConstraintComponent):
	Severity: sh:Violation
	Source Shape: chr:SchemaPropertyVocabularyShape
	Focus Node: ex:proc_MCH_785_6
	Value Node: ex:Estela596_Yetta429_Grant908
	Result Path: <https://w3id.org/shexmap/resource/ontology-schema/d285f599-dc2e-4bd0-83f1-df21defa8821/hasPatient>
	Message: Only the 24 properties declared in the CHR schema (plus rdf:type and rdfs:label) may be used on an individual.
Constraint Violation in ClosedConstraintComponent (http://www.w3.org/ns/shacl#ClosedConstraintComponent):
	Severity: sh:Violation
	Source Shape: chr:SchemaPropertyVocabularyShape
	Focus Node: ex:proc_MCH_785_6
	Value Node: ex:status_completed
	Result Path: <https://w3id.org/shexmap/resource/ontology-schema/d285f599-dc2e-4bd0-83f1-df21defa8821/hasStatus>
	Message: Only the 24 properties declared in the CHR schema (plus rdf:type and rdfs:label) may be used on an individual.
Constraint Violation in ClosedConstraintComponent (http://www.w3.org/ns/shacl#ClosedConstraintComponent):
	Severity: sh:Violation
	Source Shape: chr:SchemaPropertyVocabularyShape
	Focus Node: ex:proc_MCV_787_2
	Value Node: Literal("2004-12-27T20:35:54+01:00" = 2004-12-27 20:35:54+01:00, datatype=xsd:dateTime)
	Result Path: <https://w3id.org/shexmap/resource/ontology-schema/d285f599-dc2e-4bd0-83f1-df21defa8821/hasPerformedDate>
	Message: Only the 24 properties declared in the CHR schema (plus rdf:type and rdfs:label) may be used on an individual.
Constraint Violation in ClosedConstraintComponent (http://www.w3.org/ns/shacl#ClosedConstraintComponent):
	Severity: sh:Violation
	Source Shape: chr:SchemaPropertyVocabularyShape
	Focus Node: ex:proc_MCV_787_2
	Value Node: ex:Dr_Ivonne773_Turcotte120
	Result Path: <https://w3id.org/shexmap/resource/ontology-schema/d285f599-dc2e-4bd0-83f1-df21defa8821/hasPerformer>
	Message: Only the 24 properties declared in the CHR schema (plus rdf:type and rdfs:label) may be used on an individual.
Constraint Violation in ClosedConstraintComponent (http://www.w3.org/ns/shacl#ClosedConstraintComponent):
	Severity: sh:Violation
	Source Shape: chr:SchemaPropertyVocabularyShape
	Focus Node: ex:proc_MCV_787_2
	Value Node: ex:Estela596_Yetta429_Grant908
	Result Path: <https://w3id.org/shexmap/resource/ontology-schema/d285f599-dc2e-4bd0-83f1-df21defa8821/hasPatient>
	Message: Only the 24 properties declared in the CHR schema (plus rdf:type and rdfs:label) may be used on an individual.
Constraint Violation in ClosedConstraintComponent (http://www.w3.org/ns/shacl#ClosedConstraintComponent):
	Severity: sh:Violation
	Source Shape: chr:SchemaPropertyVocabularyShape
	Focus Node: ex:proc_MCV_787_2
	Value Node: ex:status_completed
	Result Path: <https://w3id.org/shexmap/resource/ontology-schema/d285f599-dc2e-4bd0-83f1-df21defa8821/hasStatus>
	Message: Only the 24 properties declared in the CHR schema (plus rdf:type and rdfs:label) may be used on an individual.
Constraint Violation in ClosedConstraintComponent (http://www.w3.org/ns/shacl#ClosedConstraintComponent):
	Severity: sh:Violation
	Source Shape: chr:SchemaPropertyVocabularyShape
	Focus Node: ex:proc_MedicationReview_314529007
	Value Node: Literal("2004-12-27T20:35:54+01:00" = 2004-12-27 20:35:54+01:00, datatype=xsd:dateTime)
	Result Path: <https://w3id.org/shexmap/resource/ontology-schema/d285f599-dc2e-4bd0-83f1-df21defa8821/hasPerformedDate>
	Message: Only the 24 properties declared in the CHR schema (plus rdf:type and rdfs:label) may be used on an individual.
Constraint Violation in ClosedConstraintComponent (http://www.w3.org/ns/shacl#ClosedConstraintComponent):
	Severity: sh:Violation
	Source Shape: chr:SchemaPropertyVocabularyShape
	Focus Node: ex:proc_MedicationReview_314529007
	Value Node: ex:Dr_Ivonne773_Turcotte120
	Result Path: <https://w3id.org/shexmap/resource/ontology-schema/d285f599-dc2e-4bd0-83f1-df21defa8821/hasPerformer>
	Message: Only the 24 properties declared in the CHR schema (plus rdf:type and rdfs:label) may be used on an individual.
Constraint Violation in ClosedConstraintComponent (http://www.w3.org/ns/shacl#ClosedConstraintComponent):
	Severity: sh:Violation
	Source Shape: chr:SchemaPropertyVocabularyShape
	Focus Node: ex:proc_MedicationReview_314529007
	Value Node: ex:Estela596_Yetta429_Grant908
	Result Path: <https://w3id.org/shexmap/resource/ontology-schema/d285f599-dc2e-4bd0-83f1-df21defa8821/hasPatient>
	Message: Only the 24 properties declared in the CHR schema (plus rdf:type and rdfs:label) may be used on an individual.
Constraint Violation in ClosedConstraintComponent (http://www.w3.org/ns/shacl#ClosedConstraintComponent):
	Severity: sh:Violation
	Source Shape: chr:SchemaPropertyVocabularyShape
	Focus Node: ex:proc_MedicationReview_314529007
	Value Node: ex:status_completed
	Result Path: <https://w3id.org/shexmap/resource/ontology-schema/d285f599-dc2e-4bd0-83f1-df21defa8821/hasStatus>
	Message: Only the 24 properties declared in the CHR schema (plus rdf:type and rdfs:label) may be used on an individual.
Constraint Violation in ClosedConstraintComponent (http://www.w3.org/ns/shacl#ClosedConstraintComponent):
	Severity: sh:Violation
	Source Shape: chr:SchemaPropertyVocabularyShape
	Focus Node: ex:proc_Obesity_162864005
	Value Node: Literal("2004-12-27T20:35:54+01:00" = 2004-12-27 20:35:54+01:00, datatype=xsd:dateTime)
	Result Path: <https://w3id.org/shexmap/resource/ontology-schema/d285f599-dc2e-4bd0-83f1-df21defa8821/hasPerformedDate>
	Message: Only the 24 properties declared in the CHR schema (plus rdf:type and rdfs:label) may be used on an individual.
Constraint Violation in ClosedConstraintComponent (http://www.w3.org/ns/shacl#ClosedConstraintComponent):
	Severity: sh:Violation
	Source Shape: chr:SchemaPropertyVocabularyShape
	Focus Node: ex:proc_Obesity_162864005
	Value Node: ex:Dr_Ivonne773_Turcotte120
	Result Path: <https://w3id.org/shexmap/resource/ontology-schema/d285f599-dc2e-4bd0-83f1-df21defa8821/hasPerformer>
	Message: Only the 24 properties declared in the CHR schema (plus rdf:type and rdfs:label) may be used on an individual.
Constraint Violation in ClosedConstraintComponent (http://www.w3.org/ns/shacl#ClosedConstraintComponent):
	Severity: sh:Violation
	Source Shape: chr:SchemaPropertyVocabularyShape
	Focus Node: ex:proc_Obesity_162864005
	Value Node: ex:Estela596_Yetta429_Grant908
	Result Path: <https://w3id.org/shexmap/resource/ontology-schema/d285f599-dc2e-4bd0-83f1-df21defa8821/hasPatient>
	Message: Only the 24 properties declared in the CHR schema (plus rdf:type and rdfs:label) may be used on an individual.
Constraint Violation in ClosedConstraintComponent (http://www.w3.org/ns/shacl#ClosedConstraintComponent):
	Severity: sh:Violation
	Source Shape: chr:SchemaPropertyVocabularyShape
	Focus Node: ex:proc_Obesity_162864005
	Value Node: ex:status_completed
	Result Path: <https://w3id.org/shexmap/resource/ontology-schema/d285f599-dc2e-4bd0-83f1-df21defa8821/hasStatus>
	Message: Only the 24 properties declared in the CHR schema (plus rdf:type and rdfs:label) may be used on an individual.
Constraint Violation in ClosedConstraintComponent (http://www.w3.org/ns/shacl#ClosedConstraintComponent):
	Severity: sh:Violation
	Source Shape: chr:SchemaPropertyVocabularyShape
	Focus Node: ex:proc_PDW_32207_3
	Value Node: Literal("2004-12-27T20:35:54+01:00" = 2004-12-27 20:35:54+01:00, datatype=xsd:dateTime)
	Result Path: <https://w3id.org/shexmap/resource/ontology-schema/d285f599-dc2e-4bd0-83f1-df21defa8821/hasPerformedDate>
	Message: Only the 24 properties declared in the CHR schema (plus rdf:type and rdfs:label) may be used on an individual.
Constraint Violation in ClosedConstraintComponent (http://www.w3.org/ns/shacl#ClosedConstraintComponent):
	Severity: sh:Violation
	Source Shape: chr:SchemaPropertyVocabularyShape
	Focus Node: ex:proc_PDW_32207_3
	Value Node: ex:Dr_Ivonne773_Turcotte120
	Result Path: <https://w3id.org/shexmap/resource/ontology-schema/d285f599-dc2e-4bd0-83f1-df21defa8821/hasPerformer>
	Message: Only the 24 properties declared in the CHR schema (plus rdf:type and rdfs:label) may be used on an individual.
Constraint Violation in ClosedConstraintComponent (http://www.w3.org/ns/shacl#ClosedConstraintComponent):
	Severity: sh:Violation
	Source Shape: chr:SchemaPropertyVocabularyShape
	Focus Node: ex:proc_PDW_32207_3
	Value Node: ex:Estela596_Yetta429_Grant908
	Result Path: <https://w3id.org/shexmap/resource/ontology-schema/d285f599-dc2e-4bd0-83f1-df21defa8821/hasPatient>
	Message: Only the 24 properties declared in the CHR schema (plus rdf:type and rdfs:label) may be used on an individual.
Constraint Violation in ClosedConstraintComponent (http://www.w3.org/ns/shacl#ClosedConstraintComponent):
	Severity: sh:Violation
	Source Shape: chr:SchemaPropertyVocabularyShape
	Focus Node: ex:proc_PDW_32207_3
	Value Node: ex:status_completed
	Result Path: <https://w3id.org/shexmap/resource/ontology-schema/d285f599-dc2e-4bd0-83f1-df21defa8821/hasStatus>
	Message: Only the 24 properties declared in the CHR schema (plus rdf:type and rdfs:label) may be used on an individual.
Constraint Violation in ClosedConstraintComponent (http://www.w3.org/ns/shacl#ClosedConstraintComponent):
	Severity: sh:Violation
	Source Shape: chr:SchemaPropertyVocabularyShape
	Focus Node: ex:proc_PHQ2_55758_7
	Value Node: Literal("2004-12-27T22:04:28+01:00" = 2004-12-27 22:04:28+01:00, datatype=xsd:dateTime)
	Result Path: <https://w3id.org/shexmap/resource/ontology-schema/d285f599-dc2e-4bd0-83f1-df21defa8821/hasPerformedDate>
	Message: Only the 24 properties declared in the CHR schema (plus rdf:type and rdfs:label) may be used on an individual.
Constraint Violation in ClosedConstraintComponent (http://www.w3.org/ns/shacl#ClosedConstraintComponent):
	Severity: sh:Violation
	Source Shape: chr:SchemaPropertyVocabularyShape
	Focus Node: ex:proc_PHQ2_55758_7
	Value Node: ex:Dr_Ivonne773_Turcotte120
	Result Path: <https://w3id.org/shexmap/resource/ontology-schema/d285f599-dc2e-4bd0-83f1-df21defa8821/hasPerformer>
	Message: Only the 24 properties declared in the CHR schema (plus rdf:type and rdfs:label) may be used on an individual.
Constraint Violation in ClosedConstraintComponent (http://www.w3.org/ns/shacl#ClosedConstraintComponent):
	Severity: sh:Violation
	Source Shape: chr:SchemaPropertyVocabularyShape
	Focus Node: ex:proc_PHQ2_55758_7
	Value Node: ex:Estela596_Yetta429_Grant908
	Result Path: <https://w3id.org/shexmap/resource/ontology-schema/d285f599-dc2e-4bd0-83f1-df21defa8821/hasPatient>
	Message: Only the 24 properties declared in the CHR schema (plus rdf:type and rdfs:label) may be used on an individual.
Constraint Violation in ClosedConstraintComponent (http://www.w3.org/ns/shacl#ClosedConstraintComponent):
	Severity: sh:Violation
	Source Shape: chr:SchemaPropertyVocabularyShape
	Focus Node: ex:proc_PHQ2_55758_7
	Value Node: ex:status_completed
	Result Path: <https://w3id.org/shexmap/resource/ontology-schema/d285f599-dc2e-4bd0-83f1-df21defa8821/hasStatus>
	Message: Only the 24 properties declared in the CHR schema (plus rdf:type and rdfs:label) may be used on an individual.
Constraint Violation in ClosedConstraintComponent (http://www.w3.org/ns/shacl#ClosedConstraintComponent):
	Severity: sh:Violation
	Source Shape: chr:SchemaPropertyVocabularyShape
	Focus Node: ex:proc_PMCV_32623_1
	Value Node: Literal("2004-12-27T20:35:54+01:00" = 2004-12-27 20:35:54+01:00, datatype=xsd:dateTime)
	Result Path: <https://w3id.org/shexmap/resource/ontology-schema/d285f599-dc2e-4bd0-83f1-df21defa8821/hasPerformedDate>
	Message: Only the 24 properties declared in the CHR schema (plus rdf:type and rdfs:label) may be used on an individual.
Constraint Violation in ClosedConstraintComponent (http://www.w3.org/ns/shacl#ClosedConstraintComponent):
	Severity: sh:Violation
	Source Shape: chr:SchemaPropertyVocabularyShape
	Focus Node: ex:proc_PMCV_32623_1
	Value Node: ex:Dr_Ivonne773_Turcotte120
	Result Path: <https://w3id.org/shexmap/resource/ontology-schema/d285f599-dc2e-4bd0-83f1-df21defa8821/hasPerformer>
	Message: Only the 24 properties declared in the CHR schema (plus rdf:type and rdfs:label) may be used on an individual.
Constraint Violation in ClosedConstraintComponent (http://www.w3.org/ns/shacl#ClosedConstraintComponent):
	Severity: sh:Violation
	Source Shape: chr:SchemaPropertyVocabularyShape
	Focus Node: ex:proc_PMCV_32623_1
	Value Node: ex:Estela596_Yetta429_Grant908
	Result Path: <https://w3id.org/shexmap/resource/ontology-schema/d285f599-dc2e-4bd0-83f1-df21defa8821/hasPatient>
	Message: Only the 24 properties declared in the CHR schema (plus rdf:type and rdfs:label) may be used on an individual.
Constraint Violation in ClosedConstraintComponent (http://www.w3.org/ns/shacl#ClosedConstraintComponent):
	Severity: sh:Violation
	Source Shape: chr:SchemaPropertyVocabularyShape
	Focus Node: ex:proc_PMCV_32623_1
	Value Node: ex:status_completed
	Result Path: <https://w3id.org/shexmap/resource/ontology-schema/d285f599-dc2e-4bd0-83f1-df21defa8821/hasStatus>
	Message: Only the 24 properties declared in the CHR schema (plus rdf:type and rdfs:label) may be used on an individual.
Constraint Violation in ClosedConstraintComponent (http://www.w3.org/ns/shacl#ClosedConstraintComponent):
	Severity: sh:Violation
	Source Shape: chr:SchemaPropertyVocabularyShape
	Focus Node: ex:proc_PainSeverity_72514_3
	Value Node: Literal("2004-12-27T20:35:54+01:00" = 2004-12-27 20:35:54+01:00, datatype=xsd:dateTime)
	Result Path: <https://w3id.org/shexmap/resource/ontology-schema/d285f599-dc2e-4bd0-83f1-df21defa8821/hasPerformedDate>
	Message: Only the 24 properties declared in the CHR schema (plus rdf:type and rdfs:label) may be used on an individual.
Constraint Violation in ClosedConstraintComponent (http://www.w3.org/ns/shacl#ClosedConstraintComponent):
	Severity: sh:Violation
	Source Shape: chr:SchemaPropertyVocabularyShape
	Focus Node: ex:proc_PainSeverity_72514_3
	Value Node: ex:Dr_Ivonne773_Turcotte120
	Result Path: <https://w3id.org/shexmap/resource/ontology-schema/d285f599-dc2e-4bd0-83f1-df21defa8821/hasPerformer>
	Message: Only the 24 properties declared in the CHR schema (plus rdf:type and rdfs:label) may be used on an individual.
Constraint Violation in ClosedConstraintComponent (http://www.w3.org/ns/shacl#ClosedConstraintComponent):
	Severity: sh:Violation
	Source Shape: chr:SchemaPropertyVocabularyShape
	Focus Node: ex:proc_PainSeverity_72514_3
	Value Node: ex:Estela596_Yetta429_Grant908
	Result Path: <https://w3id.org/shexmap/resource/ontology-schema/d285f599-dc2e-4bd0-83f1-df21defa8821/hasPatient>
	Message: Only the 24 properties declared in the CHR schema (plus rdf:type and rdfs:label) may be used on an individual.
Constraint Violation in ClosedConstraintComponent (http://www.w3.org/ns/shacl#ClosedConstraintComponent):
	Severity: sh:Violation
	Source Shape: chr:SchemaPropertyVocabularyShape
	Focus Node: ex:proc_PainSeverity_72514_3
	Value Node: ex:status_completed
	Result Path: <https://w3id.org/shexmap/resource/ontology-schema/d285f599-dc2e-4bd0-83f1-df21defa8821/hasStatus>
	Message: Only the 24 properties declared in the CHR schema (plus rdf:type and rdfs:label) may be used on an individual.
Constraint Violation in ClosedConstraintComponent (http://www.w3.org/ns/shacl#ClosedConstraintComponent):
	Severity: sh:Violation
	Source Shape: chr:SchemaPropertyVocabularyShape
	Focus Node: ex:proc_Platelets_777_3
	Value Node: Literal("2004-12-27T20:35:54+01:00" = 2004-12-27 20:35:54+01:00, datatype=xsd:dateTime)
	Result Path: <https://w3id.org/shexmap/resource/ontology-schema/d285f599-dc2e-4bd0-83f1-df21defa8821/hasPerformedDate>
	Message: Only the 24 properties declared in the CHR schema (plus rdf:type and rdfs:label) may be used on an individual.
Constraint Violation in ClosedConstraintComponent (http://www.w3.org/ns/shacl#ClosedConstraintComponent):
	Severity: sh:Violation
	Source Shape: chr:SchemaPropertyVocabularyShape
	Focus Node: ex:proc_Platelets_777_3
	Value Node: ex:Dr_Ivonne773_Turcotte120
	Result Path: <https://w3id.org/shexmap/resource/ontology-schema/d285f599-dc2e-4bd0-83f1-df21defa8821/hasPerformer>
	Message: Only the 24 properties declared in the CHR schema (plus rdf:type and rdfs:label) may be used on an individual.
Constraint Violation in ClosedConstraintComponent (http://www.w3.org/ns/shacl#ClosedConstraintComponent):
	Severity: sh:Violation
	Source Shape: chr:SchemaPropertyVocabularyShape
	Focus Node: ex:proc_Platelets_777_3
	Value Node: ex:Estela596_Yetta429_Grant908
	Result Path: <https://w3id.org/shexmap/resource/ontology-schema/d285f599-dc2e-4bd0-83f1-df21defa8821/hasPatient>
	Message: Only the 24 properties declared in the CHR schema (plus rdf:type and rdfs:label) may be used on an individual.
Constraint Violation in ClosedConstraintComponent (http://www.w3.org/ns/shacl#ClosedConstraintComponent):
	Severity: sh:Violation
	Source Shape: chr:SchemaPropertyVocabularyShape
	Focus Node: ex:proc_Platelets_777_3
	Value Node: ex:status_completed
	Result Path: <https://w3id.org/shexmap/resource/ontology-schema/d285f599-dc2e-4bd0-83f1-df21defa8821/hasStatus>
	Message: Only the 24 properties declared in the CHR schema (plus rdf:type and rdfs:label) may be used on an individual.
Constraint Violation in ClosedConstraintComponent (http://www.w3.org/ns/shacl#ClosedConstraintComponent):
	Severity: sh:Violation
	Source Shape: chr:SchemaPropertyVocabularyShape
	Focus Node: ex:proc_Potassium_6298_4
	Value Node: Literal("2004-12-27T20:35:54+01:00" = 2004-12-27 20:35:54+01:00, datatype=xsd:dateTime)
	Result Path: <https://w3id.org/shexmap/resource/ontology-schema/d285f599-dc2e-4bd0-83f1-df21defa8821/hasPerformedDate>
	Message: Only the 24 properties declared in the CHR schema (plus rdf:type and rdfs:label) may be used on an individual.
Constraint Violation in ClosedConstraintComponent (http://www.w3.org/ns/shacl#ClosedConstraintComponent):
	Severity: sh:Violation
	Source Shape: chr:SchemaPropertyVocabularyShape
	Focus Node: ex:proc_Potassium_6298_4
	Value Node: ex:Dr_Ivonne773_Turcotte120
	Result Path: <https://w3id.org/shexmap/resource/ontology-schema/d285f599-dc2e-4bd0-83f1-df21defa8821/hasPerformer>
	Message: Only the 24 properties declared in the CHR schema (plus rdf:type and rdfs:label) may be used on an individual.
Constraint Violation in ClosedConstraintComponent (http://www.w3.org/ns/shacl#ClosedConstraintComponent):
	Severity: sh:Violation
	Source Shape: chr:SchemaPropertyVocabularyShape
	Focus Node: ex:proc_Potassium_6298_4
	Value Node: ex:Estela596_Yetta429_Grant908
	Result Path: <https://w3id.org/shexmap/resource/ontology-schema/d285f599-dc2e-4bd0-83f1-df21defa8821/hasPatient>
	Message: Only the 24 properties declared in the CHR schema (plus rdf:type and rdfs:label) may be used on an individual.
Constraint Violation in ClosedConstraintComponent (http://www.w3.org/ns/shacl#ClosedConstraintComponent):
	Severity: sh:Violation
	Source Shape: chr:SchemaPropertyVocabularyShape
	Focus Node: ex:proc_Potassium_6298_4
	Value Node: ex:status_completed
	Result Path: <https://w3id.org/shexmap/resource/ontology-schema/d285f599-dc2e-4bd0-83f1-df21defa8821/hasStatus>
	Message: Only the 24 properties declared in the CHR schema (plus rdf:type and rdfs:label) may be used on an individual.
Constraint Violation in ClosedConstraintComponent (http://www.w3.org/ns/shacl#ClosedConstraintComponent):
	Severity: sh:Violation
	Source Shape: chr:SchemaPropertyVocabularyShape
	Focus Node: ex:proc_RespiratoryRate_9279_1
	Value Node: Literal("2004-12-27T20:35:54+01:00" = 2004-12-27 20:35:54+01:00, datatype=xsd:dateTime)
	Result Path: <https://w3id.org/shexmap/resource/ontology-schema/d285f599-dc2e-4bd0-83f1-df21defa8821/hasPerformedDate>
	Message: Only the 24 properties declared in the CHR schema (plus rdf:type and rdfs:label) may be used on an individual.
Constraint Violation in ClosedConstraintComponent (http://www.w3.org/ns/shacl#ClosedConstraintComponent):
	Severity: sh:Violation
	Source Shape: chr:SchemaPropertyVocabularyShape
	Focus Node: ex:proc_RespiratoryRate_9279_1
	Value Node: ex:Dr_Ivonne773_Turcotte120
	Result Path: <https://w3id.org/shexmap/resource/ontology-schema/d285f599-dc2e-4bd0-83f1-df21defa8821/hasPerformer>
	Message: Only the 24 properties declared in the CHR schema (plus rdf:type and rdfs:label) may be used on an individual.
Constraint Violation in ClosedConstraintComponent (http://www.w3.org/ns/shacl#ClosedConstraintComponent):
	Severity: sh:Violation
	Source Shape: chr:SchemaPropertyVocabularyShape
	Focus Node: ex:proc_RespiratoryRate_9279_1
	Value Node: ex:Estela596_Yetta429_Grant908
	Result Path: <https://w3id.org/shexmap/resource/ontology-schema/d285f599-dc2e-4bd0-83f1-df21defa8821/hasPatient>
	Message: Only the 24 properties declared in the CHR schema (plus rdf:type and rdfs:label) may be used on an individual.
Constraint Violation in ClosedConstraintComponent (http://www.w3.org/ns/shacl#ClosedConstraintComponent):
	Severity: sh:Violation
	Source Shape: chr:SchemaPropertyVocabularyShape
	Focus Node: ex:proc_RespiratoryRate_9279_1
	Value Node: ex:status_completed
	Result Path: <https://w3id.org/shexmap/resource/ontology-schema/d285f599-dc2e-4bd0-83f1-df21defa8821/hasStatus>
	Message: Only the 24 properties declared in the CHR schema (plus rdf:type and rdfs:label) may be used on an individual.
Constraint Violation in ClosedConstraintComponent (http://www.w3.org/ns/shacl#ClosedConstraintComponent):
	Severity: sh:Violation
	Source Shape: chr:SchemaPropertyVocabularyShape
	Focus Node: ex:proc_Sodium_2947_0
	Value Node: Literal("2004-12-27T20:35:54+01:00" = 2004-12-27 20:35:54+01:00, datatype=xsd:dateTime)
	Result Path: <https://w3id.org/shexmap/resource/ontology-schema/d285f599-dc2e-4bd0-83f1-df21defa8821/hasPerformedDate>
	Message: Only the 24 properties declared in the CHR schema (plus rdf:type and rdfs:label) may be used on an individual.
Constraint Violation in ClosedConstraintComponent (http://www.w3.org/ns/shacl#ClosedConstraintComponent):
	Severity: sh:Violation
	Source Shape: chr:SchemaPropertyVocabularyShape
	Focus Node: ex:proc_Sodium_2947_0
	Value Node: ex:Dr_Ivonne773_Turcotte120
	Result Path: <https://w3id.org/shexmap/resource/ontology-schema/d285f599-dc2e-4bd0-83f1-df21defa8821/hasPerformer>
	Message: Only the 24 properties declared in the CHR schema (plus rdf:type and rdfs:label) may be used on an individual.
Constraint Violation in ClosedConstraintComponent (http://www.w3.org/ns/shacl#ClosedConstraintComponent):
	Severity: sh:Violation
	Source Shape: chr:SchemaPropertyVocabularyShape
	Focus Node: ex:proc_Sodium_2947_0
	Value Node: ex:Estela596_Yetta429_Grant908
	Result Path: <https://w3id.org/shexmap/resource/ontology-schema/d285f599-dc2e-4bd0-83f1-df21defa8821/hasPatient>
	Message: Only the 24 properties declared in the CHR schema (plus rdf:type and rdfs:label) may be used on an individual.
Constraint Violation in ClosedConstraintComponent (http://www.w3.org/ns/shacl#ClosedConstraintComponent):
	Severity: sh:Violation
	Source Shape: chr:SchemaPropertyVocabularyShape
	Focus Node: ex:proc_Sodium_2947_0
	Value Node: ex:status_completed
	Result Path: <https://w3id.org/shexmap/resource/ontology-schema/d285f599-dc2e-4bd0-83f1-df21defa8821/hasStatus>
	Message: Only the 24 properties declared in the CHR schema (plus rdf:type and rdfs:label) may be used on an individual.
Constraint Violation in ClosedConstraintComponent (http://www.w3.org/ns/shacl#ClosedConstraintComponent):
	Severity: sh:Violation
	Source Shape: chr:SchemaPropertyVocabularyShape
	Focus Node: ex:proc_Stress_73595000
	Value Node: Literal("2004-12-27T21:28:23+01:00" = 2004-12-27 21:28:23+01:00, datatype=xsd:dateTime)
	Result Path: <https://w3id.org/shexmap/resource/ontology-schema/d285f599-dc2e-4bd0-83f1-df21defa8821/hasPerformedDate>
	Message: Only the 24 properties declared in the CHR schema (plus rdf:type and rdfs:label) may be used on an individual.
Constraint Violation in ClosedConstraintComponent (http://www.w3.org/ns/shacl#ClosedConstraintComponent):
	Severity: sh:Violation
	Source Shape: chr:SchemaPropertyVocabularyShape
	Focus Node: ex:proc_Stress_73595000
	Value Node: ex:Dr_Ivonne773_Turcotte120
	Result Path: <https://w3id.org/shexmap/resource/ontology-schema/d285f599-dc2e-4bd0-83f1-df21defa8821/hasPerformer>
	Message: Only the 24 properties declared in the CHR schema (plus rdf:type and rdfs:label) may be used on an individual.
Constraint Violation in ClosedConstraintComponent (http://www.w3.org/ns/shacl#ClosedConstraintComponent):
	Severity: sh:Violation
	Source Shape: chr:SchemaPropertyVocabularyShape
	Focus Node: ex:proc_Stress_73595000
	Value Node: ex:Estela596_Yetta429_Grant908
	Result Path: <https://w3id.org/shexmap/resource/ontology-schema/d285f599-dc2e-4bd0-83f1-df21defa8821/hasPatient>
	Message: Only the 24 properties declared in the CHR schema (plus rdf:type and rdfs:label) may be used on an individual.
Constraint Violation in ClosedConstraintComponent (http://www.w3.org/ns/shacl#ClosedConstraintComponent):
	Severity: sh:Violation
	Source Shape: chr:SchemaPropertyVocabularyShape
	Focus Node: ex:proc_Stress_73595000
	Value Node: ex:status_completed
	Result Path: <https://w3id.org/shexmap/resource/ontology-schema/d285f599-dc2e-4bd0-83f1-df21defa8821/hasStatus>
	Message: Only the 24 properties declared in the CHR schema (plus rdf:type and rdfs:label) may be used on an individual.
Constraint Violation in ClosedConstraintComponent (http://www.w3.org/ns/shacl#ClosedConstraintComponent):
	Severity: sh:Violation
	Source Shape: chr:SchemaPropertyVocabularyShape
	Focus Node: ex:proc_UreaNitrogen_6299_2
	Value Node: Literal("2004-12-27T20:35:54+01:00" = 2004-12-27 20:35:54+01:00, datatype=xsd:dateTime)
	Result Path: <https://w3id.org/shexmap/resource/ontology-schema/d285f599-dc2e-4bd0-83f1-df21defa8821/hasPerformedDate>
	Message: Only the 24 properties declared in the CHR schema (plus rdf:type and rdfs:label) may be used on an individual.
Constraint Violation in ClosedConstraintComponent (http://www.w3.org/ns/shacl#ClosedConstraintComponent):
	Severity: sh:Violation
	Source Shape: chr:SchemaPropertyVocabularyShape
	Focus Node: ex:proc_UreaNitrogen_6299_2
	Value Node: ex:Dr_Ivonne773_Turcotte120
	Result Path: <https://w3id.org/shexmap/resource/ontology-schema/d285f599-dc2e-4bd0-83f1-df21defa8821/hasPerformer>
	Message: Only the 24 properties declared in the CHR schema (plus rdf:type and rdfs:label) may be used on an individual.
Constraint Violation in ClosedConstraintComponent (http://www.w3.org/ns/shacl#ClosedConstraintComponent):
	Severity: sh:Violation
	Source Shape: chr:SchemaPropertyVocabularyShape
	Focus Node: ex:proc_UreaNitrogen_6299_2
	Value Node: ex:Estela596_Yetta429_Grant908
	Result Path: <https://w3id.org/shexmap/resource/ontology-schema/d285f599-dc2e-4bd0-83f1-df21defa8821/hasPatient>
	Message: Only the 24 properties declared in the CHR schema (plus rdf:type and rdfs:label) may be used on an individual.
Constraint Violation in ClosedConstraintComponent (http://www.w3.org/ns/shacl#ClosedConstraintComponent):
	Severity: sh:Violation
	Source Shape: chr:SchemaPropertyVocabularyShape
	Focus Node: ex:proc_UreaNitrogen_6299_2
	Value Node: ex:status_completed
	Result Path: <https://w3id.org/shexmap/resource/ontology-schema/d285f599-dc2e-4bd0-83f1-df21defa8821/hasStatus>
	Message: Only the 24 properties declared in the CHR schema (plus rdf:type and rdfs:label) may be used on an individual.
Constraint Violation in ClosedConstraintComponent (http://www.w3.org/ns/shacl#ClosedConstraintComponent):
	Severity: sh:Violation
	Source Shape: chr:SchemaPropertyVocabularyShape
	Focus Node: ex:process_BMI_39156_5
	Value Node: Literal("2004-12-27T20:35:54+01:00" = 2004-12-27 20:35:54+01:00, datatype=xsd:dateTime)
	Result Path: <https://w3id.org/shexmap/resource/ontology-schema/d285f599-dc2e-4bd0-83f1-df21defa8821/hasPerformedDate>
	Message: Only the 24 properties declared in the CHR schema (plus rdf:type and rdfs:label) may be used on an individual.
Constraint Violation in ClosedConstraintComponent (http://www.w3.org/ns/shacl#ClosedConstraintComponent):
	Severity: sh:Violation
	Source Shape: chr:SchemaPropertyVocabularyShape
	Focus Node: ex:process_BMI_39156_5
	Value Node: ex:Dr_Ivonne773_Turcotte120
	Result Path: <https://w3id.org/shexmap/resource/ontology-schema/d285f599-dc2e-4bd0-83f1-df21defa8821/hasPerformer>
	Message: Only the 24 properties declared in the CHR schema (plus rdf:type and rdfs:label) may be used on an individual.
Constraint Violation in ClosedConstraintComponent (http://www.w3.org/ns/shacl#ClosedConstraintComponent):
	Severity: sh:Violation
	Source Shape: chr:SchemaPropertyVocabularyShape
	Focus Node: ex:process_BMI_39156_5
	Value Node: ex:Estela596_Yetta429_Grant908
	Result Path: <https://w3id.org/shexmap/resource/ontology-schema/d285f599-dc2e-4bd0-83f1-df21defa8821/hasPatient>
	Message: Only the 24 properties declared in the CHR schema (plus rdf:type and rdfs:label) may be used on an individual.
Constraint Violation in ClosedConstraintComponent (http://www.w3.org/ns/shacl#ClosedConstraintComponent):
	Severity: sh:Violation
	Source Shape: chr:SchemaPropertyVocabularyShape
	Focus Node: ex:process_BMI_39156_5
	Value Node: ex:measurement_BMI_39156_5
	Result Path: <https://w3id.org/shexmap/resource/ontology-schema/d285f599-dc2e-4bd0-83f1-df21defa8821/hasResult>
	Message: Only the 24 properties declared in the CHR schema (plus rdf:type and rdfs:label) may be used on an individual.
Constraint Violation in ClosedConstraintComponent (http://www.w3.org/ns/shacl#ClosedConstraintComponent):
	Severity: sh:Violation
	Source Shape: chr:SchemaPropertyVocabularyShape
	Focus Node: ex:process_BMI_39156_5
	Value Node: ex:status_completed
	Result Path: <https://w3id.org/shexmap/resource/ontology-schema/d285f599-dc2e-4bd0-83f1-df21defa8821/hasStatus>
	Message: Only the 24 properties declared in the CHR schema (plus rdf:type and rdfs:label) may be used on an individual.
Constraint Violation in ClosedConstraintComponent (http://www.w3.org/ns/shacl#ClosedConstraintComponent):
	Severity: sh:Violation
	Source Shape: chr:SchemaPropertyVocabularyShape
	Focus Node: ex:process_Body_Height_8302_2
	Value Node: Literal("2004-12-27T20:35:54+01:00" = 2004-12-27 20:35:54+01:00, datatype=xsd:dateTime)
	Result Path: <https://w3id.org/shexmap/resource/ontology-schema/d285f599-dc2e-4bd0-83f1-df21defa8821/hasPerformedDate>
	Message: Only the 24 properties declared in the CHR schema (plus rdf:type and rdfs:label) may be used on an individual.
Constraint Violation in ClosedConstraintComponent (http://www.w3.org/ns/shacl#ClosedConstraintComponent):
	Severity: sh:Violation
	Source Shape: chr:SchemaPropertyVocabularyShape
	Focus Node: ex:process_Body_Height_8302_2
	Value Node: ex:Dr_Ivonne773_Turcotte120
	Result Path: <https://w3id.org/shexmap/resource/ontology-schema/d285f599-dc2e-4bd0-83f1-df21defa8821/hasPerformer>
	Message: Only the 24 properties declared in the CHR schema (plus rdf:type and rdfs:label) may be used on an individual.
Constraint Violation in ClosedConstraintComponent (http://www.w3.org/ns/shacl#ClosedConstraintComponent):
	Severity: sh:Violation
	Source Shape: chr:SchemaPropertyVocabularyShape
	Focus Node: ex:process_Body_Height_8302_2
	Value Node: ex:Estela596_Yetta429_Grant908
	Result Path: <https://w3id.org/shexmap/resource/ontology-schema/d285f599-dc2e-4bd0-83f1-df21defa8821/hasPatient>
	Message: Only the 24 properties declared in the CHR schema (plus rdf:type and rdfs:label) may be used on an individual.
Constraint Violation in ClosedConstraintComponent (http://www.w3.org/ns/shacl#ClosedConstraintComponent):
	Severity: sh:Violation
	Source Shape: chr:SchemaPropertyVocabularyShape
	Focus Node: ex:process_Body_Height_8302_2
	Value Node: ex:measurement_Body_Height_8302_2
	Result Path: <https://w3id.org/shexmap/resource/ontology-schema/d285f599-dc2e-4bd0-83f1-df21defa8821/hasResult>
	Message: Only the 24 properties declared in the CHR schema (plus rdf:type and rdfs:label) may be used on an individual.
Constraint Violation in ClosedConstraintComponent (http://www.w3.org/ns/shacl#ClosedConstraintComponent):
	Severity: sh:Violation
	Source Shape: chr:SchemaPropertyVocabularyShape
	Focus Node: ex:process_Body_Height_8302_2
	Value Node: ex:status_completed
	Result Path: <https://w3id.org/shexmap/resource/ontology-schema/d285f599-dc2e-4bd0-83f1-df21defa8821/hasStatus>
	Message: Only the 24 properties declared in the CHR schema (plus rdf:type and rdfs:label) may be used on an individual.
Constraint Violation in ClosedConstraintComponent (http://www.w3.org/ns/shacl#ClosedConstraintComponent):
	Severity: sh:Violation
	Source Shape: chr:SchemaPropertyVocabularyShape
	Focus Node: ex:process_Body_Weight_29463_7
	Value Node: Literal("2004-12-27T20:35:54+01:00" = 2004-12-27 20:35:54+01:00, datatype=xsd:dateTime)
	Result Path: <https://w3id.org/shexmap/resource/ontology-schema/d285f599-dc2e-4bd0-83f1-df21defa8821/hasPerformedDate>
	Message: Only the 24 properties declared in the CHR schema (plus rdf:type and rdfs:label) may be used on an individual.
Constraint Violation in ClosedConstraintComponent (http://www.w3.org/ns/shacl#ClosedConstraintComponent):
	Severity: sh:Violation
	Source Shape: chr:SchemaPropertyVocabularyShape
	Focus Node: ex:process_Body_Weight_29463_7
	Value Node: ex:Dr_Ivonne773_Turcotte120
	Result Path: <https://w3id.org/shexmap/resource/ontology-schema/d285f599-dc2e-4bd0-83f1-df21defa8821/hasPerformer>
	Message: Only the 24 properties declared in the CHR schema (plus rdf:type and rdfs:label) may be used on an individual.
Constraint Violation in ClosedConstraintComponent (http://www.w3.org/ns/shacl#ClosedConstraintComponent):
	Severity: sh:Violation
	Source Shape: chr:SchemaPropertyVocabularyShape
	Focus Node: ex:process_Body_Weight_29463_7
	Value Node: ex:Estela596_Yetta429_Grant908
	Result Path: <https://w3id.org/shexmap/resource/ontology-schema/d285f599-dc2e-4bd0-83f1-df21defa8821/hasPatient>
	Message: Only the 24 properties declared in the CHR schema (plus rdf:type and rdfs:label) may be used on an individual.
Constraint Violation in ClosedConstraintComponent (http://www.w3.org/ns/shacl#ClosedConstraintComponent):
	Severity: sh:Violation
	Source Shape: chr:SchemaPropertyVocabularyShape
	Focus Node: ex:process_Body_Weight_29463_7
	Value Node: ex:measurement_Body_Weight_29463_7
	Result Path: <https://w3id.org/shexmap/resource/ontology-schema/d285f599-dc2e-4bd0-83f1-df21defa8821/hasResult>
	Message: Only the 24 properties declared in the CHR schema (plus rdf:type and rdfs:label) may be used on an individual.
Constraint Violation in ClosedConstraintComponent (http://www.w3.org/ns/shacl#ClosedConstraintComponent):
	Severity: sh:Violation
	Source Shape: chr:SchemaPropertyVocabularyShape
	Focus Node: ex:process_Body_Weight_29463_7
	Value Node: ex:status_completed
	Result Path: <https://w3id.org/shexmap/resource/ontology-schema/d285f599-dc2e-4bd0-83f1-df21defa8821/hasStatus>
	Message: Only the 24 properties declared in the CHR schema (plus rdf:type and rdfs:label) may be used on an individual.
Constraint Violation in ClosedConstraintComponent (http://www.w3.org/ns/shacl#ClosedConstraintComponent):
	Severity: sh:Violation
	Source Shape: chr:SchemaPropertyVocabularyShape
	Focus Node: ex:process_Calcium_49765_1
	Value Node: Literal("2004-12-27T20:35:54+01:00" = 2004-12-27 20:35:54+01:00, datatype=xsd:dateTime)
	Result Path: <https://w3id.org/shexmap/resource/ontology-schema/d285f599-dc2e-4bd0-83f1-df21defa8821/hasPerformedDate>
	Message: Only the 24 properties declared in the CHR schema (plus rdf:type and rdfs:label) may be used on an individual.
Constraint Violation in ClosedConstraintComponent (http://www.w3.org/ns/shacl#ClosedConstraintComponent):
	Severity: sh:Violation
	Source Shape: chr:SchemaPropertyVocabularyShape
	Focus Node: ex:process_Calcium_49765_1
	Value Node: ex:Dr_Ivonne773_Turcotte120
	Result Path: <https://w3id.org/shexmap/resource/ontology-schema/d285f599-dc2e-4bd0-83f1-df21defa8821/hasPerformer>
	Message: Only the 24 properties declared in the CHR schema (plus rdf:type and rdfs:label) may be used on an individual.
Constraint Violation in ClosedConstraintComponent (http://www.w3.org/ns/shacl#ClosedConstraintComponent):
	Severity: sh:Violation
	Source Shape: chr:SchemaPropertyVocabularyShape
	Focus Node: ex:process_Calcium_49765_1
	Value Node: ex:Estela596_Yetta429_Grant908
	Result Path: <https://w3id.org/shexmap/resource/ontology-schema/d285f599-dc2e-4bd0-83f1-df21defa8821/hasPatient>
	Message: Only the 24 properties declared in the CHR schema (plus rdf:type and rdfs:label) may be used on an individual.
Constraint Violation in ClosedConstraintComponent (http://www.w3.org/ns/shacl#ClosedConstraintComponent):
	Severity: sh:Violation
	Source Shape: chr:SchemaPropertyVocabularyShape
	Focus Node: ex:process_Calcium_49765_1
	Value Node: ex:measurement_Calcium_49765_1
	Result Path: <https://w3id.org/shexmap/resource/ontology-schema/d285f599-dc2e-4bd0-83f1-df21defa8821/hasResult>
	Message: Only the 24 properties declared in the CHR schema (plus rdf:type and rdfs:label) may be used on an individual.
Constraint Violation in ClosedConstraintComponent (http://www.w3.org/ns/shacl#ClosedConstraintComponent):
	Severity: sh:Violation
	Source Shape: chr:SchemaPropertyVocabularyShape
	Focus Node: ex:process_Calcium_49765_1
	Value Node: ex:status_completed
	Result Path: <https://w3id.org/shexmap/resource/ontology-schema/d285f599-dc2e-4bd0-83f1-df21defa8821/hasStatus>
	Message: Only the 24 properties declared in the CHR schema (plus rdf:type and rdfs:label) may be used on an individual.
Constraint Violation in ClosedConstraintComponent (http://www.w3.org/ns/shacl#ClosedConstraintComponent):
	Severity: sh:Violation
	Source Shape: chr:SchemaPropertyVocabularyShape
	Focus Node: ex:process_Carbon_dioxide_20565_8
	Value Node: Literal("2004-12-27T20:35:54+01:00" = 2004-12-27 20:35:54+01:00, datatype=xsd:dateTime)
	Result Path: <https://w3id.org/shexmap/resource/ontology-schema/d285f599-dc2e-4bd0-83f1-df21defa8821/hasPerformedDate>
	Message: Only the 24 properties declared in the CHR schema (plus rdf:type and rdfs:label) may be used on an individual.
Constraint Violation in ClosedConstraintComponent (http://www.w3.org/ns/shacl#ClosedConstraintComponent):
	Severity: sh:Violation
	Source Shape: chr:SchemaPropertyVocabularyShape
	Focus Node: ex:process_Carbon_dioxide_20565_8
	Value Node: ex:Carbon_dioxide_20565-8
	Result Path: <https://w3id.org/shexmap/resource/ontology-schema/d285f599-dc2e-4bd0-83f1-df21defa8821/hasResult>
	Message: Only the 24 properties declared in the CHR schema (plus rdf:type and rdfs:label) may be used on an individual.
Constraint Violation in ClosedConstraintComponent (http://www.w3.org/ns/shacl#ClosedConstraintComponent):
	Severity: sh:Violation
	Source Shape: chr:SchemaPropertyVocabularyShape
	Focus Node: ex:process_Carbon_dioxide_20565_8
	Value Node: ex:Dr_Ivonne773_Turcotte120
	Result Path: <https://w3id.org/shexmap/resource/ontology-schema/d285f599-dc2e-4bd0-83f1-df21defa8821/hasPerformer>
	Message: Only the 24 properties declared in the CHR schema (plus rdf:type and rdfs:label) may be used on an individual.
Constraint Violation in ClosedConstraintComponent (http://www.w3.org/ns/shacl#ClosedConstraintComponent):
	Severity: sh:Violation
	Source Shape: chr:SchemaPropertyVocabularyShape
	Focus Node: ex:process_Carbon_dioxide_20565_8
	Value Node: ex:Estela596_Yetta429_Grant908
	Result Path: <https://w3id.org/shexmap/resource/ontology-schema/d285f599-dc2e-4bd0-83f1-df21defa8821/hasPatient>
	Message: Only the 24 properties declared in the CHR schema (plus rdf:type and rdfs:label) may be used on an individual.
Constraint Violation in ClosedConstraintComponent (http://www.w3.org/ns/shacl#ClosedConstraintComponent):
	Severity: sh:Violation
	Source Shape: chr:SchemaPropertyVocabularyShape
	Focus Node: ex:process_Carbon_dioxide_20565_8
	Value Node: ex:status_completed
	Result Path: <https://w3id.org/shexmap/resource/ontology-schema/d285f599-dc2e-4bd0-83f1-df21defa8821/hasStatus>
	Message: Only the 24 properties declared in the CHR schema (plus rdf:type and rdfs:label) may be used on an individual.
Constraint Violation in ClosedConstraintComponent (http://www.w3.org/ns/shacl#ClosedConstraintComponent):
	Severity: sh:Violation
	Source Shape: chr:SchemaPropertyVocabularyShape
	Focus Node: ex:process_Chloride_2069_3
	Value Node: Literal("2004-12-27T20:35:54+01:00" = 2004-12-27 20:35:54+01:00, datatype=xsd:dateTime)
	Result Path: <https://w3id.org/shexmap/resource/ontology-schema/d285f599-dc2e-4bd0-83f1-df21defa8821/hasPerformedDate>
	Message: Only the 24 properties declared in the CHR schema (plus rdf:type and rdfs:label) may be used on an individual.
Constraint Violation in ClosedConstraintComponent (http://www.w3.org/ns/shacl#ClosedConstraintComponent):
	Severity: sh:Violation
	Source Shape: chr:SchemaPropertyVocabularyShape
	Focus Node: ex:process_Chloride_2069_3
	Value Node: ex:Chloride_2069-3
	Result Path: <https://w3id.org/shexmap/resource/ontology-schema/d285f599-dc2e-4bd0-83f1-df21defa8821/hasResult>
	Message: Only the 24 properties declared in the CHR schema (plus rdf:type and rdfs:label) may be used on an individual.
Constraint Violation in ClosedConstraintComponent (http://www.w3.org/ns/shacl#ClosedConstraintComponent):
	Severity: sh:Violation
	Source Shape: chr:SchemaPropertyVocabularyShape
	Focus Node: ex:process_Chloride_2069_3
	Value Node: ex:Dr_Ivonne773_Turcotte120
	Result Path: <https://w3id.org/shexmap/resource/ontology-schema/d285f599-dc2e-4bd0-83f1-df21defa8821/hasPerformer>
	Message: Only the 24 properties declared in the CHR schema (plus rdf:type and rdfs:label) may be used on an individual.
Constraint Violation in ClosedConstraintComponent (http://www.w3.org/ns/shacl#ClosedConstraintComponent):
	Severity: sh:Violation
	Source Shape: chr:SchemaPropertyVocabularyShape
	Focus Node: ex:process_Chloride_2069_3
	Value Node: ex:Estela596_Yetta429_Grant908
	Result Path: <https://w3id.org/shexmap/resource/ontology-schema/d285f599-dc2e-4bd0-83f1-df21defa8821/hasPatient>
	Message: Only the 24 properties declared in the CHR schema (plus rdf:type and rdfs:label) may be used on an individual.
Constraint Violation in ClosedConstraintComponent (http://www.w3.org/ns/shacl#ClosedConstraintComponent):
	Severity: sh:Violation
	Source Shape: chr:SchemaPropertyVocabularyShape
	Focus Node: ex:process_Chloride_2069_3
	Value Node: ex:status_completed
	Result Path: <https://w3id.org/shexmap/resource/ontology-schema/d285f599-dc2e-4bd0-83f1-df21defa8821/hasStatus>
	Message: Only the 24 properties declared in the CHR schema (plus rdf:type and rdfs:label) may be used on an individual.
Constraint Violation in ClosedConstraintComponent (http://www.w3.org/ns/shacl#ClosedConstraintComponent):
	Severity: sh:Violation
	Source Shape: chr:SchemaPropertyVocabularyShape
	Focus Node: ex:process_Creatinine_38483_4
	Value Node: Literal("2004-12-27T20:35:54+01:00" = 2004-12-27 20:35:54+01:00, datatype=xsd:dateTime)
	Result Path: <https://w3id.org/shexmap/resource/ontology-schema/d285f599-dc2e-4bd0-83f1-df21defa8821/hasPerformedDate>
	Message: Only the 24 properties declared in the CHR schema (plus rdf:type and rdfs:label) may be used on an individual.
Constraint Violation in ClosedConstraintComponent (http://www.w3.org/ns/shacl#ClosedConstraintComponent):
	Severity: sh:Violation
	Source Shape: chr:SchemaPropertyVocabularyShape
	Focus Node: ex:process_Creatinine_38483_4
	Value Node: ex:Dr_Ivonne773_Turcotte120
	Result Path: <https://w3id.org/shexmap/resource/ontology-schema/d285f599-dc2e-4bd0-83f1-df21defa8821/hasPerformer>
	Message: Only the 24 properties declared in the CHR schema (plus rdf:type and rdfs:label) may be used on an individual.
Constraint Violation in ClosedConstraintComponent (http://www.w3.org/ns/shacl#ClosedConstraintComponent):
	Severity: sh:Violation
	Source Shape: chr:SchemaPropertyVocabularyShape
	Focus Node: ex:process_Creatinine_38483_4
	Value Node: ex:Estela596_Yetta429_Grant908
	Result Path: <https://w3id.org/shexmap/resource/ontology-schema/d285f599-dc2e-4bd0-83f1-df21defa8821/hasPatient>
	Message: Only the 24 properties declared in the CHR schema (plus rdf:type and rdfs:label) may be used on an individual.
Constraint Violation in ClosedConstraintComponent (http://www.w3.org/ns/shacl#ClosedConstraintComponent):
	Severity: sh:Violation
	Source Shape: chr:SchemaPropertyVocabularyShape
	Focus Node: ex:process_Creatinine_38483_4
	Value Node: ex:measurement_Creatinine_38483_4
	Result Path: <https://w3id.org/shexmap/resource/ontology-schema/d285f599-dc2e-4bd0-83f1-df21defa8821/hasResult>
	Message: Only the 24 properties declared in the CHR schema (plus rdf:type and rdfs:label) may be used on an individual.
Constraint Violation in ClosedConstraintComponent (http://www.w3.org/ns/shacl#ClosedConstraintComponent):
	Severity: sh:Violation
	Source Shape: chr:SchemaPropertyVocabularyShape
	Focus Node: ex:process_Creatinine_38483_4
	Value Node: ex:status_completed
	Result Path: <https://w3id.org/shexmap/resource/ontology-schema/d285f599-dc2e-4bd0-83f1-df21defa8821/hasStatus>
	Message: Only the 24 properties declared in the CHR schema (plus rdf:type and rdfs:label) may be used on an individual.
Constraint Violation in ClosedConstraintComponent (http://www.w3.org/ns/shacl#ClosedConstraintComponent):
	Severity: sh:Violation
	Source Shape: chr:SchemaPropertyVocabularyShape
	Focus Node: ex:process_Erythrocyte_788_0
	Value Node: Literal("2004-12-27T20:35:54+01:00" = 2004-12-27 20:35:54+01:00, datatype=xsd:dateTime)
	Result Path: <https://w3id.org/shexmap/resource/ontology-schema/d285f599-dc2e-4bd0-83f1-df21defa8821/hasPerformedDate>
	Message: Only the 24 properties declared in the CHR schema (plus rdf:type and rdfs:label) may be used on an individual.
Constraint Violation in ClosedConstraintComponent (http://www.w3.org/ns/shacl#ClosedConstraintComponent):
	Severity: sh:Violation
	Source Shape: chr:SchemaPropertyVocabularyShape
	Focus Node: ex:process_Erythrocyte_788_0
	Value Node: ex:Dr_Ivonne773_Turcotte120
	Result Path: <https://w3id.org/shexmap/resource/ontology-schema/d285f599-dc2e-4bd0-83f1-df21defa8821/hasPerformer>
	Message: Only the 24 properties declared in the CHR schema (plus rdf:type and rdfs:label) may be used on an individual.
Constraint Violation in ClosedConstraintComponent (http://www.w3.org/ns/shacl#ClosedConstraintComponent):
	Severity: sh:Violation
	Source Shape: chr:SchemaPropertyVocabularyShape
	Focus Node: ex:process_Erythrocyte_788_0
	Value Node: ex:Erythrocyte_788-0
	Result Path: <https://w3id.org/shexmap/resource/ontology-schema/d285f599-dc2e-4bd0-83f1-df21defa8821/hasResult>
	Message: Only the 24 properties declared in the CHR schema (plus rdf:type and rdfs:label) may be used on an individual.
Constraint Violation in ClosedConstraintComponent (http://www.w3.org/ns/shacl#ClosedConstraintComponent):
	Severity: sh:Violation
	Source Shape: chr:SchemaPropertyVocabularyShape
	Focus Node: ex:process_Erythrocyte_788_0
	Value Node: ex:Estela596_Yetta429_Grant908
	Result Path: <https://w3id.org/shexmap/resource/ontology-schema/d285f599-dc2e-4bd0-83f1-df21defa8821/hasPatient>
	Message: Only the 24 properties declared in the CHR schema (plus rdf:type and rdfs:label) may be used on an individual.
Constraint Violation in ClosedConstraintComponent (http://www.w3.org/ns/shacl#ClosedConstraintComponent):
	Severity: sh:Violation
	Source Shape: chr:SchemaPropertyVocabularyShape
	Focus Node: ex:process_Erythrocyte_788_0
	Value Node: ex:status_completed
	Result Path: <https://w3id.org/shexmap/resource/ontology-schema/d285f599-dc2e-4bd0-83f1-df21defa8821/hasStatus>
	Message: Only the 24 properties declared in the CHR schema (plus rdf:type and rdfs:label) may be used on an individual.
Constraint Violation in ClosedConstraintComponent (http://www.w3.org/ns/shacl#ClosedConstraintComponent):
	Severity: sh:Violation
	Source Shape: chr:SchemaPropertyVocabularyShape
	Focus Node: ex:process_Erythrocytes_789_8
	Value Node: Literal("2004-12-27T20:35:54+01:00" = 2004-12-27 20:35:54+01:00, datatype=xsd:dateTime)
	Result Path: <https://w3id.org/shexmap/resource/ontology-schema/d285f599-dc2e-4bd0-83f1-df21defa8821/hasPerformedDate>
	Message: Only the 24 properties declared in the CHR schema (plus rdf:type and rdfs:label) may be used on an individual.
Constraint Violation in ClosedConstraintComponent (http://www.w3.org/ns/shacl#ClosedConstraintComponent):
	Severity: sh:Violation
	Source Shape: chr:SchemaPropertyVocabularyShape
	Focus Node: ex:process_Erythrocytes_789_8
	Value Node: ex:Dr_Ivonne773_Turcotte120
	Result Path: <https://w3id.org/shexmap/resource/ontology-schema/d285f599-dc2e-4bd0-83f1-df21defa8821/hasPerformer>
	Message: Only the 24 properties declared in the CHR schema (plus rdf:type and rdfs:label) may be used on an individual.
Constraint Violation in ClosedConstraintComponent (http://www.w3.org/ns/shacl#ClosedConstraintComponent):
	Severity: sh:Violation
	Source Shape: chr:SchemaPropertyVocabularyShape
	Focus Node: ex:process_Erythrocytes_789_8
	Value Node: ex:Erythrocytes_789-8
	Result Path: <https://w3id.org/shexmap/resource/ontology-schema/d285f599-dc2e-4bd0-83f1-df21defa8821/hasResult>
	Message: Only the 24 properties declared in the CHR schema (plus rdf:type and rdfs:label) may be used on an individual.
Constraint Violation in ClosedConstraintComponent (http://www.w3.org/ns/shacl#ClosedConstraintComponent):
	Severity: sh:Violation
	Source Shape: chr:SchemaPropertyVocabularyShape
	Focus Node: ex:process_Erythrocytes_789_8
	Value Node: ex:Estela596_Yetta429_Grant908
	Result Path: <https://w3id.org/shexmap/resource/ontology-schema/d285f599-dc2e-4bd0-83f1-df21defa8821/hasPatient>
	Message: Only the 24 properties declared in the CHR schema (plus rdf:type and rdfs:label) may be used on an individual.
Constraint Violation in ClosedConstraintComponent (http://www.w3.org/ns/shacl#ClosedConstraintComponent):
	Severity: sh:Violation
	Source Shape: chr:SchemaPropertyVocabularyShape
	Focus Node: ex:process_Erythrocytes_789_8
	Value Node: ex:status_completed
	Result Path: <https://w3id.org/shexmap/resource/ontology-schema/d285f599-dc2e-4bd0-83f1-df21defa8821/hasStatus>
	Message: Only the 24 properties declared in the CHR schema (plus rdf:type and rdfs:label) may be used on an individual.
Constraint Violation in ClosedConstraintComponent (http://www.w3.org/ns/shacl#ClosedConstraintComponent):
	Severity: sh:Violation
	Source Shape: chr:SchemaPropertyVocabularyShape
	Focus Node: ex:process_Glucose_2339_0
	Value Node: Literal("2004-12-27T20:35:54+01:00" = 2004-12-27 20:35:54+01:00, datatype=xsd:dateTime)
	Result Path: <https://w3id.org/shexmap/resource/ontology-schema/d285f599-dc2e-4bd0-83f1-df21defa8821/hasPerformedDate>
	Message: Only the 24 properties declared in the CHR schema (plus rdf:type and rdfs:label) may be used on an individual.
Constraint Violation in ClosedConstraintComponent (http://www.w3.org/ns/shacl#ClosedConstraintComponent):
	Severity: sh:Violation
	Source Shape: chr:SchemaPropertyVocabularyShape
	Focus Node: ex:process_Glucose_2339_0
	Value Node: ex:Dr_Ivonne773_Turcotte120
	Result Path: <https://w3id.org/shexmap/resource/ontology-schema/d285f599-dc2e-4bd0-83f1-df21defa8821/hasPerformer>
	Message: Only the 24 properties declared in the CHR schema (plus rdf:type and rdfs:label) may be used on an individual.
Constraint Violation in ClosedConstraintComponent (http://www.w3.org/ns/shacl#ClosedConstraintComponent):
	Severity: sh:Violation
	Source Shape: chr:SchemaPropertyVocabularyShape
	Focus Node: ex:process_Glucose_2339_0
	Value Node: ex:Estela596_Yetta429_Grant908
	Result Path: <https://w3id.org/shexmap/resource/ontology-schema/d285f599-dc2e-4bd0-83f1-df21defa8821/hasPatient>
	Message: Only the 24 properties declared in the CHR schema (plus rdf:type and rdfs:label) may be used on an individual.
Constraint Violation in ClosedConstraintComponent (http://www.w3.org/ns/shacl#ClosedConstraintComponent):
	Severity: sh:Violation
	Source Shape: chr:SchemaPropertyVocabularyShape
	Focus Node: ex:process_Glucose_2339_0
	Value Node: ex:measurement_Glucose_2339_0
	Result Path: <https://w3id.org/shexmap/resource/ontology-schema/d285f599-dc2e-4bd0-83f1-df21defa8821/hasResult>
	Message: Only the 24 properties declared in the CHR schema (plus rdf:type and rdfs:label) may be used on an individual.
Constraint Violation in ClosedConstraintComponent (http://www.w3.org/ns/shacl#ClosedConstraintComponent):
	Severity: sh:Violation
	Source Shape: chr:SchemaPropertyVocabularyShape
	Focus Node: ex:process_Glucose_2339_0
	Value Node: ex:status_completed
	Result Path: <https://w3id.org/shexmap/resource/ontology-schema/d285f599-dc2e-4bd0-83f1-df21defa8821/hasStatus>
	Message: Only the 24 properties declared in the CHR schema (plus rdf:type and rdfs:label) may be used on an individual.
Constraint Violation in ClosedConstraintComponent (http://www.w3.org/ns/shacl#ClosedConstraintComponent):
	Severity: sh:Violation
	Source Shape: chr:SchemaPropertyVocabularyShape
	Focus Node: ex:process_Heart_rate_8867_4
	Value Node: Literal("2004-12-27T20:35:54+01:00" = 2004-12-27 20:35:54+01:00, datatype=xsd:dateTime)
	Result Path: <https://w3id.org/shexmap/resource/ontology-schema/d285f599-dc2e-4bd0-83f1-df21defa8821/hasPerformedDate>
	Message: Only the 24 properties declared in the CHR schema (plus rdf:type and rdfs:label) may be used on an individual.
Constraint Violation in ClosedConstraintComponent (http://www.w3.org/ns/shacl#ClosedConstraintComponent):
	Severity: sh:Violation
	Source Shape: chr:SchemaPropertyVocabularyShape
	Focus Node: ex:process_Heart_rate_8867_4
	Value Node: ex:Dr_Ivonne773_Turcotte120
	Result Path: <https://w3id.org/shexmap/resource/ontology-schema/d285f599-dc2e-4bd0-83f1-df21defa8821/hasPerformer>
	Message: Only the 24 properties declared in the CHR schema (plus rdf:type and rdfs:label) may be used on an individual.
Constraint Violation in ClosedConstraintComponent (http://www.w3.org/ns/shacl#ClosedConstraintComponent):
	Severity: sh:Violation
	Source Shape: chr:SchemaPropertyVocabularyShape
	Focus Node: ex:process_Heart_rate_8867_4
	Value Node: ex:Estela596_Yetta429_Grant908
	Result Path: <https://w3id.org/shexmap/resource/ontology-schema/d285f599-dc2e-4bd0-83f1-df21defa8821/hasPatient>
	Message: Only the 24 properties declared in the CHR schema (plus rdf:type and rdfs:label) may be used on an individual.
Constraint Violation in ClosedConstraintComponent (http://www.w3.org/ns/shacl#ClosedConstraintComponent):
	Severity: sh:Violation
	Source Shape: chr:SchemaPropertyVocabularyShape
	Focus Node: ex:process_Heart_rate_8867_4
	Value Node: ex:measurement_Heart_rate_8867_4
	Result Path: <https://w3id.org/shexmap/resource/ontology-schema/d285f599-dc2e-4bd0-83f1-df21defa8821/hasResult>
	Message: Only the 24 properties declared in the CHR schema (plus rdf:type and rdfs:label) may be used on an individual.
Constraint Violation in ClosedConstraintComponent (http://www.w3.org/ns/shacl#ClosedConstraintComponent):
	Severity: sh:Violation
	Source Shape: chr:SchemaPropertyVocabularyShape
	Focus Node: ex:process_Heart_rate_8867_4
	Value Node: ex:status_completed
	Result Path: <https://w3id.org/shexmap/resource/ontology-schema/d285f599-dc2e-4bd0-83f1-df21defa8821/hasStatus>
	Message: Only the 24 properties declared in the CHR schema (plus rdf:type and rdfs:label) may be used on an individual.
Constraint Violation in ClosedConstraintComponent (http://www.w3.org/ns/shacl#ClosedConstraintComponent):
	Severity: sh:Violation
	Source Shape: chr:SchemaPropertyVocabularyShape
	Focus Node: ex:process_Hematocrit_4544_3
	Value Node: Literal("2004-12-27T20:35:54+01:00" = 2004-12-27 20:35:54+01:00, datatype=xsd:dateTime)
	Result Path: <https://w3id.org/shexmap/resource/ontology-schema/d285f599-dc2e-4bd0-83f1-df21defa8821/hasPerformedDate>
	Message: Only the 24 properties declared in the CHR schema (plus rdf:type and rdfs:label) may be used on an individual.
Constraint Violation in ClosedConstraintComponent (http://www.w3.org/ns/shacl#ClosedConstraintComponent):
	Severity: sh:Violation
	Source Shape: chr:SchemaPropertyVocabularyShape
	Focus Node: ex:process_Hematocrit_4544_3
	Value Node: ex:Dr_Ivonne773_Turcotte120
	Result Path: <https://w3id.org/shexmap/resource/ontology-schema/d285f599-dc2e-4bd0-83f1-df21defa8821/hasPerformer>
	Message: Only the 24 properties declared in the CHR schema (plus rdf:type and rdfs:label) may be used on an individual.
Constraint Violation in ClosedConstraintComponent (http://www.w3.org/ns/shacl#ClosedConstraintComponent):
	Severity: sh:Violation
	Source Shape: chr:SchemaPropertyVocabularyShape
	Focus Node: ex:process_Hematocrit_4544_3
	Value Node: ex:Estela596_Yetta429_Grant908
	Result Path: <https://w3id.org/shexmap/resource/ontology-schema/d285f599-dc2e-4bd0-83f1-df21defa8821/hasPatient>
	Message: Only the 24 properties declared in the CHR schema (plus rdf:type and rdfs:label) may be used on an individual.
Constraint Violation in ClosedConstraintComponent (http://www.w3.org/ns/shacl#ClosedConstraintComponent):
	Severity: sh:Violation
	Source Shape: chr:SchemaPropertyVocabularyShape
	Focus Node: ex:process_Hematocrit_4544_3
	Value Node: ex:Hematocrit_4544-3
	Result Path: <https://w3id.org/shexmap/resource/ontology-schema/d285f599-dc2e-4bd0-83f1-df21defa8821/hasResult>
	Message: Only the 24 properties declared in the CHR schema (plus rdf:type and rdfs:label) may be used on an individual.
Constraint Violation in ClosedConstraintComponent (http://www.w3.org/ns/shacl#ClosedConstraintComponent):
	Severity: sh:Violation
	Source Shape: chr:SchemaPropertyVocabularyShape
	Focus Node: ex:process_Hematocrit_4544_3
	Value Node: ex:status_completed
	Result Path: <https://w3id.org/shexmap/resource/ontology-schema/d285f599-dc2e-4bd0-83f1-df21defa8821/hasStatus>
	Message: Only the 24 properties declared in the CHR schema (plus rdf:type and rdfs:label) may be used on an individual.
Constraint Violation in ClosedConstraintComponent (http://www.w3.org/ns/shacl#ClosedConstraintComponent):
	Severity: sh:Violation
	Source Shape: chr:SchemaPropertyVocabularyShape
	Focus Node: ex:process_Hemoglobin_718_7
	Value Node: Literal("2004-12-27T20:35:54+01:00" = 2004-12-27 20:35:54+01:00, datatype=xsd:dateTime)
	Result Path: <https://w3id.org/shexmap/resource/ontology-schema/d285f599-dc2e-4bd0-83f1-df21defa8821/hasPerformedDate>
	Message: Only the 24 properties declared in the CHR schema (plus rdf:type and rdfs:label) may be used on an individual.
Constraint Violation in ClosedConstraintComponent (http://www.w3.org/ns/shacl#ClosedConstraintComponent):
	Severity: sh:Violation
	Source Shape: chr:SchemaPropertyVocabularyShape
	Focus Node: ex:process_Hemoglobin_718_7
	Value Node: ex:Dr_Ivonne773_Turcotte120
	Result Path: <https://w3id.org/shexmap/resource/ontology-schema/d285f599-dc2e-4bd0-83f1-df21defa8821/hasPerformer>
	Message: Only the 24 properties declared in the CHR schema (plus rdf:type and rdfs:label) may be used on an individual.
Constraint Violation in ClosedConstraintComponent (http://www.w3.org/ns/shacl#ClosedConstraintComponent):
	Severity: sh:Violation
	Source Shape: chr:SchemaPropertyVocabularyShape
	Focus Node: ex:process_Hemoglobin_718_7
	Value Node: ex:Estela596_Yetta429_Grant908
	Result Path: <https://w3id.org/shexmap/resource/ontology-schema/d285f599-dc2e-4bd0-83f1-df21defa8821/hasPatient>
	Message: Only the 24 properties declared in the CHR schema (plus rdf:type and rdfs:label) may be used on an individual.
Constraint Violation in ClosedConstraintComponent (http://www.w3.org/ns/shacl#ClosedConstraintComponent):
	Severity: sh:Violation
	Source Shape: chr:SchemaPropertyVocabularyShape
	Focus Node: ex:process_Hemoglobin_718_7
	Value Node: ex:Hemoglobin_718-7
	Result Path: <https://w3id.org/shexmap/resource/ontology-schema/d285f599-dc2e-4bd0-83f1-df21defa8821/hasResult>
	Message: Only the 24 properties declared in the CHR schema (plus rdf:type and rdfs:label) may be used on an individual.
Constraint Violation in ClosedConstraintComponent (http://www.w3.org/ns/shacl#ClosedConstraintComponent):
	Severity: sh:Violation
	Source Shape: chr:SchemaPropertyVocabularyShape
	Focus Node: ex:process_Hemoglobin_718_7
	Value Node: ex:status_completed
	Result Path: <https://w3id.org/shexmap/resource/ontology-schema/d285f599-dc2e-4bd0-83f1-df21defa8821/hasStatus>
	Message: Only the 24 properties declared in the CHR schema (plus rdf:type and rdfs:label) may be used on an individual.
Constraint Violation in ClosedConstraintComponent (http://www.w3.org/ns/shacl#ClosedConstraintComponent):
	Severity: sh:Violation
	Source Shape: chr:SchemaPropertyVocabularyShape
	Focus Node: ex:process_Hemoglobin_A1c_4548_4
	Value Node: Literal("2004-12-27T20:35:54+01:00" = 2004-12-27 20:35:54+01:00, datatype=xsd:dateTime)
	Result Path: <https://w3id.org/shexmap/resource/ontology-schema/d285f599-dc2e-4bd0-83f1-df21defa8821/hasPerformedDate>
	Message: Only the 24 properties declared in the CHR schema (plus rdf:type and rdfs:label) may be used on an individual.
Constraint Violation in ClosedConstraintComponent (http://www.w3.org/ns/shacl#ClosedConstraintComponent):
	Severity: sh:Violation
	Source Shape: chr:SchemaPropertyVocabularyShape
	Focus Node: ex:process_Hemoglobin_A1c_4548_4
	Value Node: ex:Dr_Ivonne773_Turcotte120
	Result Path: <https://w3id.org/shexmap/resource/ontology-schema/d285f599-dc2e-4bd0-83f1-df21defa8821/hasPerformer>
	Message: Only the 24 properties declared in the CHR schema (plus rdf:type and rdfs:label) may be used on an individual.
Constraint Violation in ClosedConstraintComponent (http://www.w3.org/ns/shacl#ClosedConstraintComponent):
	Severity: sh:Violation
	Source Shape: chr:SchemaPropertyVocabularyShape
	Focus Node: ex:process_Hemoglobin_A1c_4548_4
	Value Node: ex:Estela596_Yetta429_Grant908
	Result Path: <https://w3id.org/shexmap/resource/ontology-schema/d285f599-dc2e-4bd0-83f1-df21defa8821/hasPatient>
	Message: Only the 24 properties declared in the CHR schema (plus rdf:type and rdfs:label) may be used on an individual.
Constraint Violation in ClosedConstraintComponent (http://www.w3.org/ns/shacl#ClosedConstraintComponent):
	Severity: sh:Violation
	Source Shape: chr:SchemaPropertyVocabularyShape
	Focus Node: ex:process_Hemoglobin_A1c_4548_4
	Value Node: ex:measurement_Hemoglobin_A1c_4548_4
	Result Path: <https://w3id.org/shexmap/resource/ontology-schema/d285f599-dc2e-4bd0-83f1-df21defa8821/hasResult>
	Message: Only the 24 properties declared in the CHR schema (plus rdf:type and rdfs:label) may be used on an individual.
Constraint Violation in ClosedConstraintComponent (http://www.w3.org/ns/shacl#ClosedConstraintComponent):
	Severity: sh:Violation
	Source Shape: chr:SchemaPropertyVocabularyShape
	Focus Node: ex:process_Hemoglobin_A1c_4548_4
	Value Node: ex:status_completed
	Result Path: <https://w3id.org/shexmap/resource/ontology-schema/d285f599-dc2e-4bd0-83f1-df21defa8821/hasStatus>
	Message: Only the 24 properties declared in the CHR schema (plus rdf:type and rdfs:label) may be used on an individual.
Constraint Violation in ClosedConstraintComponent (http://www.w3.org/ns/shacl#ClosedConstraintComponent):
	Severity: sh:Violation
	Source Shape: chr:SchemaPropertyVocabularyShape
	Focus Node: ex:process_Leukocytes_6690_2
	Value Node: Literal("2004-12-27T20:35:54+01:00" = 2004-12-27 20:35:54+01:00, datatype=xsd:dateTime)
	Result Path: <https://w3id.org/shexmap/resource/ontology-schema/d285f599-dc2e-4bd0-83f1-df21defa8821/hasPerformedDate>
	Message: Only the 24 properties declared in the CHR schema (plus rdf:type and rdfs:label) may be used on an individual.
Constraint Violation in ClosedConstraintComponent (http://www.w3.org/ns/shacl#ClosedConstraintComponent):
	Severity: sh:Violation
	Source Shape: chr:SchemaPropertyVocabularyShape
	Focus Node: ex:process_Leukocytes_6690_2
	Value Node: ex:Dr_Ivonne773_Turcotte120
	Result Path: <https://w3id.org/shexmap/resource/ontology-schema/d285f599-dc2e-4bd0-83f1-df21defa8821/hasPerformer>
	Message: Only the 24 properties declared in the CHR schema (plus rdf:type and rdfs:label) may be used on an individual.
Constraint Violation in ClosedConstraintComponent (http://www.w3.org/ns/shacl#ClosedConstraintComponent):
	Severity: sh:Violation
	Source Shape: chr:SchemaPropertyVocabularyShape
	Focus Node: ex:process_Leukocytes_6690_2
	Value Node: ex:Estela596_Yetta429_Grant908
	Result Path: <https://w3id.org/shexmap/resource/ontology-schema/d285f599-dc2e-4bd0-83f1-df21defa8821/hasPatient>
	Message: Only the 24 properties declared in the CHR schema (plus rdf:type and rdfs:label) may be used on an individual.
Constraint Violation in ClosedConstraintComponent (http://www.w3.org/ns/shacl#ClosedConstraintComponent):
	Severity: sh:Violation
	Source Shape: chr:SchemaPropertyVocabularyShape
	Focus Node: ex:process_Leukocytes_6690_2
	Value Node: ex:Leukocytes_6690-2
	Result Path: <https://w3id.org/shexmap/resource/ontology-schema/d285f599-dc2e-4bd0-83f1-df21defa8821/hasResult>
	Message: Only the 24 properties declared in the CHR schema (plus rdf:type and rdfs:label) may be used on an individual.
Constraint Violation in ClosedConstraintComponent (http://www.w3.org/ns/shacl#ClosedConstraintComponent):
	Severity: sh:Violation
	Source Shape: chr:SchemaPropertyVocabularyShape
	Focus Node: ex:process_Leukocytes_6690_2
	Value Node: ex:status_completed
	Result Path: <https://w3id.org/shexmap/resource/ontology-schema/d285f599-dc2e-4bd0-83f1-df21defa8821/hasStatus>
	Message: Only the 24 properties declared in the CHR schema (plus rdf:type and rdfs:label) may be used on an individual.
Constraint Violation in ClosedConstraintComponent (http://www.w3.org/ns/shacl#ClosedConstraintComponent):
	Severity: sh:Violation
	Source Shape: chr:SchemaPropertyVocabularyShape
	Focus Node: ex:process_MCHC_786_4
	Value Node: Literal("2004-12-27T20:35:54+01:00" = 2004-12-27 20:35:54+01:00, datatype=xsd:dateTime)
	Result Path: <https://w3id.org/shexmap/resource/ontology-schema/d285f599-dc2e-4bd0-83f1-df21defa8821/hasPerformedDate>
	Message: Only the 24 properties declared in the CHR schema (plus rdf:type and rdfs:label) may be used on an individual.
Constraint Violation in ClosedConstraintComponent (http://www.w3.org/ns/shacl#ClosedConstraintComponent):
	Severity: sh:Violation
	Source Shape: chr:SchemaPropertyVocabularyShape
	Focus Node: ex:process_MCHC_786_4
	Value Node: ex:Dr_Ivonne773_Turcotte120
	Result Path: <https://w3id.org/shexmap/resource/ontology-schema/d285f599-dc2e-4bd0-83f1-df21defa8821/hasPerformer>
	Message: Only the 24 properties declared in the CHR schema (plus rdf:type and rdfs:label) may be used on an individual.
Constraint Violation in ClosedConstraintComponent (http://www.w3.org/ns/shacl#ClosedConstraintComponent):
	Severity: sh:Violation
	Source Shape: chr:SchemaPropertyVocabularyShape
	Focus Node: ex:process_MCHC_786_4
	Value Node: ex:Estela596_Yetta429_Grant908
	Result Path: <https://w3id.org/shexmap/resource/ontology-schema/d285f599-dc2e-4bd0-83f1-df21defa8821/hasPatient>
	Message: Only the 24 properties declared in the CHR schema (plus rdf:type and rdfs:label) may be used on an individual.
Constraint Violation in ClosedConstraintComponent (http://www.w3.org/ns/shacl#ClosedConstraintComponent):
	Severity: sh:Violation
	Source Shape: chr:SchemaPropertyVocabularyShape
	Focus Node: ex:process_MCHC_786_4
	Value Node: ex:MCHC_786-4
	Result Path: <https://w3id.org/shexmap/resource/ontology-schema/d285f599-dc2e-4bd0-83f1-df21defa8821/hasResult>
	Message: Only the 24 properties declared in the CHR schema (plus rdf:type and rdfs:label) may be used on an individual.
Constraint Violation in ClosedConstraintComponent (http://www.w3.org/ns/shacl#ClosedConstraintComponent):
	Severity: sh:Violation
	Source Shape: chr:SchemaPropertyVocabularyShape
	Focus Node: ex:process_MCHC_786_4
	Value Node: ex:status_completed
	Result Path: <https://w3id.org/shexmap/resource/ontology-schema/d285f599-dc2e-4bd0-83f1-df21defa8821/hasStatus>
	Message: Only the 24 properties declared in the CHR schema (plus rdf:type and rdfs:label) may be used on an individual.
Constraint Violation in ClosedConstraintComponent (http://www.w3.org/ns/shacl#ClosedConstraintComponent):
	Severity: sh:Violation
	Source Shape: chr:SchemaPropertyVocabularyShape
	Focus Node: ex:process_MCH_785_6
	Value Node: Literal("2004-12-27T20:35:54+01:00" = 2004-12-27 20:35:54+01:00, datatype=xsd:dateTime)
	Result Path: <https://w3id.org/shexmap/resource/ontology-schema/d285f599-dc2e-4bd0-83f1-df21defa8821/hasPerformedDate>
	Message: Only the 24 properties declared in the CHR schema (plus rdf:type and rdfs:label) may be used on an individual.
Constraint Violation in ClosedConstraintComponent (http://www.w3.org/ns/shacl#ClosedConstraintComponent):
	Severity: sh:Violation
	Source Shape: chr:SchemaPropertyVocabularyShape
	Focus Node: ex:process_MCH_785_6
	Value Node: ex:Dr_Ivonne773_Turcotte120
	Result Path: <https://w3id.org/shexmap/resource/ontology-schema/d285f599-dc2e-4bd0-83f1-df21defa8821/hasPerformer>
	Message: Only the 24 properties declared in the CHR schema (plus rdf:type and rdfs:label) may be used on an individual.
Constraint Violation in ClosedConstraintComponent (http://www.w3.org/ns/shacl#ClosedConstraintComponent):
	Severity: sh:Violation
	Source Shape: chr:SchemaPropertyVocabularyShape
	Focus Node: ex:process_MCH_785_6
	Value Node: ex:Estela596_Yetta429_Grant908
	Result Path: <https://w3id.org/shexmap/resource/ontology-schema/d285f599-dc2e-4bd0-83f1-df21defa8821/hasPatient>
	Message: Only the 24 properties declared in the CHR schema (plus rdf:type and rdfs:label) may be used on an individual.
Constraint Violation in ClosedConstraintComponent (http://www.w3.org/ns/shacl#ClosedConstraintComponent):
	Severity: sh:Violation
	Source Shape: chr:SchemaPropertyVocabularyShape
	Focus Node: ex:process_MCH_785_6
	Value Node: ex:MCH_785-6
	Result Path: <https://w3id.org/shexmap/resource/ontology-schema/d285f599-dc2e-4bd0-83f1-df21defa8821/hasResult>
	Message: Only the 24 properties declared in the CHR schema (plus rdf:type and rdfs:label) may be used on an individual.
Constraint Violation in ClosedConstraintComponent (http://www.w3.org/ns/shacl#ClosedConstraintComponent):
	Severity: sh:Violation
	Source Shape: chr:SchemaPropertyVocabularyShape
	Focus Node: ex:process_MCH_785_6
	Value Node: ex:status_completed
	Result Path: <https://w3id.org/shexmap/resource/ontology-schema/d285f599-dc2e-4bd0-83f1-df21defa8821/hasStatus>
	Message: Only the 24 properties declared in the CHR schema (plus rdf:type and rdfs:label) may be used on an individual.
Constraint Violation in ClosedConstraintComponent (http://www.w3.org/ns/shacl#ClosedConstraintComponent):
	Severity: sh:Violation
	Source Shape: chr:SchemaPropertyVocabularyShape
	Focus Node: ex:process_MCV_787_2
	Value Node: Literal("2004-12-27T20:35:54+01:00" = 2004-12-27 20:35:54+01:00, datatype=xsd:dateTime)
	Result Path: <https://w3id.org/shexmap/resource/ontology-schema/d285f599-dc2e-4bd0-83f1-df21defa8821/hasPerformedDate>
	Message: Only the 24 properties declared in the CHR schema (plus rdf:type and rdfs:label) may be used on an individual.
Constraint Violation in ClosedConstraintComponent (http://www.w3.org/ns/shacl#ClosedConstraintComponent):
	Severity: sh:Violation
	Source Shape: chr:SchemaPropertyVocabularyShape
	Focus Node: ex:process_MCV_787_2
	Value Node: ex:Dr_Ivonne773_Turcotte120
	Result Path: <https://w3id.org/shexmap/resource/ontology-schema/d285f599-dc2e-4bd0-83f1-df21defa8821/hasPerformer>
	Message: Only the 24 properties declared in the CHR schema (plus rdf:type and rdfs:label) may be used on an individual.
Constraint Violation in ClosedConstraintComponent (http://www.w3.org/ns/shacl#ClosedConstraintComponent):
	Severity: sh:Violation
	Source Shape: chr:SchemaPropertyVocabularyShape
	Focus Node: ex:process_MCV_787_2
	Value Node: ex:Estela596_Yetta429_Grant908
	Result Path: <https://w3id.org/shexmap/resource/ontology-schema/d285f599-dc2e-4bd0-83f1-df21defa8821/hasPatient>
	Message: Only the 24 properties declared in the CHR schema (plus rdf:type and rdfs:label) may be used on an individual.
Constraint Violation in ClosedConstraintComponent (http://www.w3.org/ns/shacl#ClosedConstraintComponent):
	Severity: sh:Violation
	Source Shape: chr:SchemaPropertyVocabularyShape
	Focus Node: ex:process_MCV_787_2
	Value Node: ex:MCV_787-2
	Result Path: <https://w3id.org/shexmap/resource/ontology-schema/d285f599-dc2e-4bd0-83f1-df21defa8821/hasResult>
	Message: Only the 24 properties declared in the CHR schema (plus rdf:type and rdfs:label) may be used on an individual.
Constraint Violation in ClosedConstraintComponent (http://www.w3.org/ns/shacl#ClosedConstraintComponent):
	Severity: sh:Violation
	Source Shape: chr:SchemaPropertyVocabularyShape
	Focus Node: ex:process_MCV_787_2
	Value Node: ex:status_completed
	Result Path: <https://w3id.org/shexmap/resource/ontology-schema/d285f599-dc2e-4bd0-83f1-df21defa8821/hasStatus>
	Message: Only the 24 properties declared in the CHR schema (plus rdf:type and rdfs:label) may be used on an individual.
Constraint Violation in ClosedConstraintComponent (http://www.w3.org/ns/shacl#ClosedConstraintComponent):
	Severity: sh:Violation
	Source Shape: chr:SchemaPropertyVocabularyShape
	Focus Node: ex:process_Pain_severity_72514_3
	Value Node: Literal("2004-12-27T20:35:54+01:00" = 2004-12-27 20:35:54+01:00, datatype=xsd:dateTime)
	Result Path: <https://w3id.org/shexmap/resource/ontology-schema/d285f599-dc2e-4bd0-83f1-df21defa8821/hasPerformedDate>
	Message: Only the 24 properties declared in the CHR schema (plus rdf:type and rdfs:label) may be used on an individual.
Constraint Violation in ClosedConstraintComponent (http://www.w3.org/ns/shacl#ClosedConstraintComponent):
	Severity: sh:Violation
	Source Shape: chr:SchemaPropertyVocabularyShape
	Focus Node: ex:process_Pain_severity_72514_3
	Value Node: ex:Dr_Ivonne773_Turcotte120
	Result Path: <https://w3id.org/shexmap/resource/ontology-schema/d285f599-dc2e-4bd0-83f1-df21defa8821/hasPerformer>
	Message: Only the 24 properties declared in the CHR schema (plus rdf:type and rdfs:label) may be used on an individual.
Constraint Violation in ClosedConstraintComponent (http://www.w3.org/ns/shacl#ClosedConstraintComponent):
	Severity: sh:Violation
	Source Shape: chr:SchemaPropertyVocabularyShape
	Focus Node: ex:process_Pain_severity_72514_3
	Value Node: ex:Estela596_Yetta429_Grant908
	Result Path: <https://w3id.org/shexmap/resource/ontology-schema/d285f599-dc2e-4bd0-83f1-df21defa8821/hasPatient>
	Message: Only the 24 properties declared in the CHR schema (plus rdf:type and rdfs:label) may be used on an individual.
Constraint Violation in ClosedConstraintComponent (http://www.w3.org/ns/shacl#ClosedConstraintComponent):
	Severity: sh:Violation
	Source Shape: chr:SchemaPropertyVocabularyShape
	Focus Node: ex:process_Pain_severity_72514_3
	Value Node: ex:measurement_Pain_severity_72514_3
	Result Path: <https://w3id.org/shexmap/resource/ontology-schema/d285f599-dc2e-4bd0-83f1-df21defa8821/hasResult>
	Message: Only the 24 properties declared in the CHR schema (plus rdf:type and rdfs:label) may be used on an individual.
Constraint Violation in ClosedConstraintComponent (http://www.w3.org/ns/shacl#ClosedConstraintComponent):
	Severity: sh:Violation
	Source Shape: chr:SchemaPropertyVocabularyShape
	Focus Node: ex:process_Pain_severity_72514_3
	Value Node: ex:status_completed
	Result Path: <https://w3id.org/shexmap/resource/ontology-schema/d285f599-dc2e-4bd0-83f1-df21defa8821/hasStatus>
	Message: Only the 24 properties declared in the CHR schema (plus rdf:type and rdfs:label) may be used on an individual.
Constraint Violation in ClosedConstraintComponent (http://www.w3.org/ns/shacl#ClosedConstraintComponent):
	Severity: sh:Violation
	Source Shape: chr:SchemaPropertyVocabularyShape
	Focus Node: ex:process_Platelets_777_3
	Value Node: Literal("2004-12-27T20:35:54+01:00" = 2004-12-27 20:35:54+01:00, datatype=xsd:dateTime)
	Result Path: <https://w3id.org/shexmap/resource/ontology-schema/d285f599-dc2e-4bd0-83f1-df21defa8821/hasPerformedDate>
	Message: Only the 24 properties declared in the CHR schema (plus rdf:type and rdfs:label) may be used on an individual.
Constraint Violation in ClosedConstraintComponent (http://www.w3.org/ns/shacl#ClosedConstraintComponent):
	Severity: sh:Violation
	Source Shape: chr:SchemaPropertyVocabularyShape
	Focus Node: ex:process_Platelets_777_3
	Value Node: ex:Dr_Ivonne773_Turcotte120
	Result Path: <https://w3id.org/shexmap/resource/ontology-schema/d285f599-dc2e-4bd0-83f1-df21defa8821/hasPerformer>
	Message: Only the 24 properties declared in the CHR schema (plus rdf:type and rdfs:label) may be used on an individual.
Constraint Violation in ClosedConstraintComponent (http://www.w3.org/ns/shacl#ClosedConstraintComponent):
	Severity: sh:Violation
	Source Shape: chr:SchemaPropertyVocabularyShape
	Focus Node: ex:process_Platelets_777_3
	Value Node: ex:Estela596_Yetta429_Grant908
	Result Path: <https://w3id.org/shexmap/resource/ontology-schema/d285f599-dc2e-4bd0-83f1-df21defa8821/hasPatient>
	Message: Only the 24 properties declared in the CHR schema (plus rdf:type and rdfs:label) may be used on an individual.
Constraint Violation in ClosedConstraintComponent (http://www.w3.org/ns/shacl#ClosedConstraintComponent):
	Severity: sh:Violation
	Source Shape: chr:SchemaPropertyVocabularyShape
	Focus Node: ex:process_Platelets_777_3
	Value Node: ex:Platelets_777-3
	Result Path: <https://w3id.org/shexmap/resource/ontology-schema/d285f599-dc2e-4bd0-83f1-df21defa8821/hasResult>
	Message: Only the 24 properties declared in the CHR schema (plus rdf:type and rdfs:label) may be used on an individual.
Constraint Violation in ClosedConstraintComponent (http://www.w3.org/ns/shacl#ClosedConstraintComponent):
	Severity: sh:Violation
	Source Shape: chr:SchemaPropertyVocabularyShape
	Focus Node: ex:process_Platelets_777_3
	Value Node: ex:status_completed
	Result Path: <https://w3id.org/shexmap/resource/ontology-schema/d285f599-dc2e-4bd0-83f1-df21defa8821/hasStatus>
	Message: Only the 24 properties declared in the CHR schema (plus rdf:type and rdfs:label) may be used on an individual.
Constraint Violation in ClosedConstraintComponent (http://www.w3.org/ns/shacl#ClosedConstraintComponent):
	Severity: sh:Violation
	Source Shape: chr:SchemaPropertyVocabularyShape
	Focus Node: ex:process_Potassium_6298_4
	Value Node: Literal("2004-12-27T20:35:54+01:00" = 2004-12-27 20:35:54+01:00, datatype=xsd:dateTime)
	Result Path: <https://w3id.org/shexmap/resource/ontology-schema/d285f599-dc2e-4bd0-83f1-df21defa8821/hasPerformedDate>
	Message: Only the 24 properties declared in the CHR schema (plus rdf:type and rdfs:label) may be used on an individual.
Constraint Violation in ClosedConstraintComponent (http://www.w3.org/ns/shacl#ClosedConstraintComponent):
	Severity: sh:Violation
	Source Shape: chr:SchemaPropertyVocabularyShape
	Focus Node: ex:process_Potassium_6298_4
	Value Node: ex:Dr_Ivonne773_Turcotte120
	Result Path: <https://w3id.org/shexmap/resource/ontology-schema/d285f599-dc2e-4bd0-83f1-df21defa8821/hasPerformer>
	Message: Only the 24 properties declared in the CHR schema (plus rdf:type and rdfs:label) may be used on an individual.
Constraint Violation in ClosedConstraintComponent (http://www.w3.org/ns/shacl#ClosedConstraintComponent):
	Severity: sh:Violation
	Source Shape: chr:SchemaPropertyVocabularyShape
	Focus Node: ex:process_Potassium_6298_4
	Value Node: ex:Estela596_Yetta429_Grant908
	Result Path: <https://w3id.org/shexmap/resource/ontology-schema/d285f599-dc2e-4bd0-83f1-df21defa8821/hasPatient>
	Message: Only the 24 properties declared in the CHR schema (plus rdf:type and rdfs:label) may be used on an individual.
Constraint Violation in ClosedConstraintComponent (http://www.w3.org/ns/shacl#ClosedConstraintComponent):
	Severity: sh:Violation
	Source Shape: chr:SchemaPropertyVocabularyShape
	Focus Node: ex:process_Potassium_6298_4
	Value Node: ex:Potassium_6298-4
	Result Path: <https://w3id.org/shexmap/resource/ontology-schema/d285f599-dc2e-4bd0-83f1-df21defa8821/hasResult>
	Message: Only the 24 properties declared in the CHR schema (plus rdf:type and rdfs:label) may be used on an individual.
Constraint Violation in ClosedConstraintComponent (http://www.w3.org/ns/shacl#ClosedConstraintComponent):
	Severity: sh:Violation
	Source Shape: chr:SchemaPropertyVocabularyShape
	Focus Node: ex:process_Potassium_6298_4
	Value Node: ex:status_completed
	Result Path: <https://w3id.org/shexmap/resource/ontology-schema/d285f599-dc2e-4bd0-83f1-df21defa8821/hasStatus>
	Message: Only the 24 properties declared in the CHR schema (plus rdf:type and rdfs:label) may be used on an individual.
Constraint Violation in ClosedConstraintComponent (http://www.w3.org/ns/shacl#ClosedConstraintComponent):
	Severity: sh:Violation
	Source Shape: chr:SchemaPropertyVocabularyShape
	Focus Node: ex:process_Respiratory_rate_9279_1
	Value Node: Literal("2004-12-27T20:35:54+01:00" = 2004-12-27 20:35:54+01:00, datatype=xsd:dateTime)
	Result Path: <https://w3id.org/shexmap/resource/ontology-schema/d285f599-dc2e-4bd0-83f1-df21defa8821/hasPerformedDate>
	Message: Only the 24 properties declared in the CHR schema (plus rdf:type and rdfs:label) may be used on an individual.
Constraint Violation in ClosedConstraintComponent (http://www.w3.org/ns/shacl#ClosedConstraintComponent):
	Severity: sh:Violation
	Source Shape: chr:SchemaPropertyVocabularyShape
	Focus Node: ex:process_Respiratory_rate_9279_1
	Value Node: ex:Dr_Ivonne773_Turcotte120
	Result Path: <https://w3id.org/shexmap/resource/ontology-schema/d285f599-dc2e-4bd0-83f1-df21defa8821/hasPerformer>
	Message: Only the 24 properties declared in the CHR schema (plus rdf:type and rdfs:label) may be used on an individual.
Constraint Violation in ClosedConstraintComponent (http://www.w3.org/ns/shacl#ClosedConstraintComponent):
	Severity: sh:Violation
	Source Shape: chr:SchemaPropertyVocabularyShape
	Focus Node: ex:process_Respiratory_rate_9279_1
	Value Node: ex:Estela596_Yetta429_Grant908
	Result Path: <https://w3id.org/shexmap/resource/ontology-schema/d285f599-dc2e-4bd0-83f1-df21defa8821/hasPatient>
	Message: Only the 24 properties declared in the CHR schema (plus rdf:type and rdfs:label) may be used on an individual.
Constraint Violation in ClosedConstraintComponent (http://www.w3.org/ns/shacl#ClosedConstraintComponent):
	Severity: sh:Violation
	Source Shape: chr:SchemaPropertyVocabularyShape
	Focus Node: ex:process_Respiratory_rate_9279_1
	Value Node: ex:measurement_Respiratory_rate_9279_1
	Result Path: <https://w3id.org/shexmap/resource/ontology-schema/d285f599-dc2e-4bd0-83f1-df21defa8821/hasResult>
	Message: Only the 24 properties declared in the CHR schema (plus rdf:type and rdfs:label) may be used on an individual.
Constraint Violation in ClosedConstraintComponent (http://www.w3.org/ns/shacl#ClosedConstraintComponent):
	Severity: sh:Violation
	Source Shape: chr:SchemaPropertyVocabularyShape
	Focus Node: ex:process_Respiratory_rate_9279_1
	Value Node: ex:status_completed
	Result Path: <https://w3id.org/shexmap/resource/ontology-schema/d285f599-dc2e-4bd0-83f1-df21defa8821/hasStatus>
	Message: Only the 24 properties declared in the CHR schema (plus rdf:type and rdfs:label) may be used on an individual.
Constraint Violation in ClosedConstraintComponent (http://www.w3.org/ns/shacl#ClosedConstraintComponent):
	Severity: sh:Violation
	Source Shape: chr:SchemaPropertyVocabularyShape
	Focus Node: ex:process_Sodium_2947_0
	Value Node: Literal("2004-12-27T20:35:54+01:00" = 2004-12-27 20:35:54+01:00, datatype=xsd:dateTime)
	Result Path: <https://w3id.org/shexmap/resource/ontology-schema/d285f599-dc2e-4bd0-83f1-df21defa8821/hasPerformedDate>
	Message: Only the 24 properties declared in the CHR schema (plus rdf:type and rdfs:label) may be used on an individual.
Constraint Violation in ClosedConstraintComponent (http://www.w3.org/ns/shacl#ClosedConstraintComponent):
	Severity: sh:Violation
	Source Shape: chr:SchemaPropertyVocabularyShape
	Focus Node: ex:process_Sodium_2947_0
	Value Node: ex:Dr_Ivonne773_Turcotte120
	Result Path: <https://w3id.org/shexmap/resource/ontology-schema/d285f599-dc2e-4bd0-83f1-df21defa8821/hasPerformer>
	Message: Only the 24 properties declared in the CHR schema (plus rdf:type and rdfs:label) may be used on an individual.
Constraint Violation in ClosedConstraintComponent (http://www.w3.org/ns/shacl#ClosedConstraintComponent):
	Severity: sh:Violation
	Source Shape: chr:SchemaPropertyVocabularyShape
	Focus Node: ex:process_Sodium_2947_0
	Value Node: ex:Estela596_Yetta429_Grant908
	Result Path: <https://w3id.org/shexmap/resource/ontology-schema/d285f599-dc2e-4bd0-83f1-df21defa8821/hasPatient>
	Message: Only the 24 properties declared in the CHR schema (plus rdf:type and rdfs:label) may be used on an individual.
Constraint Violation in ClosedConstraintComponent (http://www.w3.org/ns/shacl#ClosedConstraintComponent):
	Severity: sh:Violation
	Source Shape: chr:SchemaPropertyVocabularyShape
	Focus Node: ex:process_Sodium_2947_0
	Value Node: ex:measurement_Sodium_2947_0
	Result Path: <https://w3id.org/shexmap/resource/ontology-schema/d285f599-dc2e-4bd0-83f1-df21defa8821/hasResult>
	Message: Only the 24 properties declared in the CHR schema (plus rdf:type and rdfs:label) may be used on an individual.
Constraint Violation in ClosedConstraintComponent (http://www.w3.org/ns/shacl#ClosedConstraintComponent):
	Severity: sh:Violation
	Source Shape: chr:SchemaPropertyVocabularyShape
	Focus Node: ex:process_Sodium_2947_0
	Value Node: ex:status_completed
	Result Path: <https://w3id.org/shexmap/resource/ontology-schema/d285f599-dc2e-4bd0-83f1-df21defa8821/hasStatus>
	Message: Only the 24 properties declared in the CHR schema (plus rdf:type and rdfs:label) may be used on an individual.
Constraint Violation in ClosedConstraintComponent (http://www.w3.org/ns/shacl#ClosedConstraintComponent):
	Severity: sh:Violation
	Source Shape: chr:SchemaPropertyVocabularyShape
	Focus Node: ex:process_Urea_nitrogen_6299_2
	Value Node: Literal("2004-12-27T20:35:54+01:00" = 2004-12-27 20:35:54+01:00, datatype=xsd:dateTime)
	Result Path: <https://w3id.org/shexmap/resource/ontology-schema/d285f599-dc2e-4bd0-83f1-df21defa8821/hasPerformedDate>
	Message: Only the 24 properties declared in the CHR schema (plus rdf:type and rdfs:label) may be used on an individual.
Constraint Violation in ClosedConstraintComponent (http://www.w3.org/ns/shacl#ClosedConstraintComponent):
	Severity: sh:Violation
	Source Shape: chr:SchemaPropertyVocabularyShape
	Focus Node: ex:process_Urea_nitrogen_6299_2
	Value Node: ex:Dr_Ivonne773_Turcotte120
	Result Path: <https://w3id.org/shexmap/resource/ontology-schema/d285f599-dc2e-4bd0-83f1-df21defa8821/hasPerformer>
	Message: Only the 24 properties declared in the CHR schema (plus rdf:type and rdfs:label) may be used on an individual.
Constraint Violation in ClosedConstraintComponent (http://www.w3.org/ns/shacl#ClosedConstraintComponent):
	Severity: sh:Violation
	Source Shape: chr:SchemaPropertyVocabularyShape
	Focus Node: ex:process_Urea_nitrogen_6299_2
	Value Node: ex:Estela596_Yetta429_Grant908
	Result Path: <https://w3id.org/shexmap/resource/ontology-schema/d285f599-dc2e-4bd0-83f1-df21defa8821/hasPatient>
	Message: Only the 24 properties declared in the CHR schema (plus rdf:type and rdfs:label) may be used on an individual.
Constraint Violation in ClosedConstraintComponent (http://www.w3.org/ns/shacl#ClosedConstraintComponent):
	Severity: sh:Violation
	Source Shape: chr:SchemaPropertyVocabularyShape
	Focus Node: ex:process_Urea_nitrogen_6299_2
	Value Node: ex:measurement_Urea_nitrogen_6299_2
	Result Path: <https://w3id.org/shexmap/resource/ontology-schema/d285f599-dc2e-4bd0-83f1-df21defa8821/hasResult>
	Message: Only the 24 properties declared in the CHR schema (plus rdf:type and rdfs:label) may be used on an individual.
Constraint Violation in ClosedConstraintComponent (http://www.w3.org/ns/shacl#ClosedConstraintComponent):
	Severity: sh:Violation
	Source Shape: chr:SchemaPropertyVocabularyShape
	Focus Node: ex:process_Urea_nitrogen_6299_2
	Value Node: ex:status_completed
	Result Path: <https://w3id.org/shexmap/resource/ontology-schema/d285f599-dc2e-4bd0-83f1-df21defa8821/hasStatus>
	Message: Only the 24 properties declared in the CHR schema (plus rdf:type and rdfs:label) may be used on an individual.
Constraint Violation in ClosedConstraintComponent (http://www.w3.org/ns/shacl#ClosedConstraintComponent):
	Severity: sh:Violation
	Source Shape: chr:SchemaPropertyVocabularyShape
	Focus Node: ex:visit_20041227T203554
	Value Node: Literal("2004-12-27T20:35:54+01:00" = 2004-12-27 20:35:54+01:00, datatype=xsd:dateTime)
	Result Path: <https://w3id.org/shexmap/resource/ontology-schema/d285f599-dc2e-4bd0-83f1-df21defa8821/hasDate>
	Message: Only the 24 properties declared in the CHR schema (plus rdf:type and rdfs:label) may be used on an individual.
Constraint Violation in ClosedConstraintComponent (http://www.w3.org/ns/shacl#ClosedConstraintComponent):
	Severity: sh:Violation
	Source Shape: chr:SchemaPropertyVocabularyShape
	Focus Node: ex:visit_20041227T203554
	Value Node: ex:Dr_Ivonne773_Turcotte120
	Result Path: <https://w3id.org/shexmap/resource/ontology-schema/d285f599-dc2e-4bd0-83f1-df21defa8821/hasCareProvider>
	Message: Only the 24 properties declared in the CHR schema (plus rdf:type and rdfs:label) may be used on an individual.
Constraint Violation in ClosedConstraintComponent (http://www.w3.org/ns/shacl#ClosedConstraintComponent):
	Severity: sh:Violation
	Source Shape: chr:SchemaPropertyVocabularyShape
	Focus Node: ex:visit_20041227T203554
	Value Node: ex:Estela596_Yetta429_Grant908
	Result Path: <https://w3id.org/shexmap/resource/ontology-schema/d285f599-dc2e-4bd0-83f1-df21defa8821/hasPatient>
	Message: Only the 24 properties declared in the CHR schema (plus rdf:type and rdfs:label) may be used on an individual.
Constraint Violation in ClosedConstraintComponent (http://www.w3.org/ns/shacl#ClosedConstraintComponent):
	Severity: sh:Violation
	Source Shape: chr:SchemaPropertyVocabularyShape
	Focus Node: ex:visit_20041227T203554
	Value Node: ex:ZION_HEALTH___WELLNESS_LLC
	Result Path: <https://w3id.org/shexmap/resource/ontology-schema/d285f599-dc2e-4bd0-83f1-df21defa8821/hasCareUnit>
	Message: Only the 24 properties declared in the CHR schema (plus rdf:type and rdfs:label) may be used on an individual.
Constraint Violation in ClosedConstraintComponent (http://www.w3.org/ns/shacl#ClosedConstraintComponent):
	Severity: sh:Violation
	Source Shape: chr:SchemaPropertyVocabularyShape
	Focus Node: ex:visit_20041227T203554
	Value Node: ex:proc_AUDIT_C_75626_2
	Result Path: <https://w3id.org/shexmap/resource/ontology-schema/d285f599-dc2e-4bd0-83f1-df21defa8821/hasProcedure>
	Message: Only the 24 properties declared in the CHR schema (plus rdf:type and rdfs:label) may be used on an individual.
Constraint Violation in ClosedConstraintComponent (http://www.w3.org/ns/shacl#ClosedConstraintComponent):
	Severity: sh:Violation
	Source Shape: chr:SchemaPropertyVocabularyShape
	Focus Node: ex:visit_20041227T203554
	Value Node: ex:proc_BMI_39156_5
	Result Path: <https://w3id.org/shexmap/resource/ontology-schema/d285f599-dc2e-4bd0-83f1-df21defa8821/hasProcedure>
	Message: Only the 24 properties declared in the CHR schema (plus rdf:type and rdfs:label) may be used on an individual.
Constraint Violation in ClosedConstraintComponent (http://www.w3.org/ns/shacl#ClosedConstraintComponent):
	Severity: sh:Violation
	Source Shape: chr:SchemaPropertyVocabularyShape
	Focus Node: ex:visit_20041227T203554
	Value Node: ex:proc_BodyHeight_8302_2
	Result Path: <https://w3id.org/shexmap/resource/ontology-schema/d285f599-dc2e-4bd0-83f1-df21defa8821/hasProcedure>
	Message: Only the 24 properties declared in the CHR schema (plus rdf:type and rdfs:label) may be used on an individual.
Constraint Violation in ClosedConstraintComponent (http://www.w3.org/ns/shacl#ClosedConstraintComponent):
	Severity: sh:Violation
	Source Shape: chr:SchemaPropertyVocabularyShape
	Focus Node: ex:visit_20041227T203554
	Value Node: ex:proc_BodyWeight_29463_7
	Result Path: <https://w3id.org/shexmap/resource/ontology-schema/d285f599-dc2e-4bd0-83f1-df21defa8821/hasProcedure>
	Message: Only the 24 properties declared in the CHR schema (plus rdf:type and rdfs:label) may be used on an individual.
Constraint Violation in ClosedConstraintComponent (http://www.w3.org/ns/shacl#ClosedConstraintComponent):
	Severity: sh:Violation
	Source Shape: chr:SchemaPropertyVocabularyShape
	Focus Node: ex:visit_20041227T203554
	Value Node: ex:proc_CO2_20565_8
	Result Path: <https://w3id.org/shexmap/resource/ontology-schema/d285f599-dc2e-4bd0-83f1-df21defa8821/hasProcedure>
	Message: Only the 24 properties declared in the CHR schema (plus rdf:type and rdfs:label) may be used on an individual.
Constraint Violation in ClosedConstraintComponent (http://www.w3.org/ns/shacl#ClosedConstraintComponent):
	Severity: sh:Violation
	Source Shape: chr:SchemaPropertyVocabularyShape
	Focus Node: ex:visit_20041227T203554
	Value Node: ex:proc_Calcium_49765_1
	Result Path: <https://w3id.org/shexmap/resource/ontology-schema/d285f599-dc2e-4bd0-83f1-df21defa8821/hasProcedure>
	Message: Only the 24 properties declared in the CHR schema (plus rdf:type and rdfs:label) may be used on an individual.
Constraint Violation in ClosedConstraintComponent (http://www.w3.org/ns/shacl#ClosedConstraintComponent):
	Severity: sh:Violation
	Source Shape: chr:SchemaPropertyVocabularyShape
	Focus Node: ex:visit_20041227T203554
	Value Node: ex:proc_Chloride_2069_3
	Result Path: <https://w3id.org/shexmap/resource/ontology-schema/d285f599-dc2e-4bd0-83f1-df21defa8821/hasProcedure>
	Message: Only the 24 properties declared in the CHR schema (plus rdf:type and rdfs:label) may be used on an individual.
Constraint Violation in ClosedConstraintComponent (http://www.w3.org/ns/shacl#ClosedConstraintComponent):
	Severity: sh:Violation
	Source Shape: chr:SchemaPropertyVocabularyShape
	Focus Node: ex:visit_20041227T203554
	Value Node: ex:proc_Creatinine_38483_4
	Result Path: <https://w3id.org/shexmap/resource/ontology-schema/d285f599-dc2e-4bd0-83f1-df21defa8821/hasProcedure>
	Message: Only the 24 properties declared in the CHR schema (plus rdf:type and rdfs:label) may be used on an individual.
Constraint Violation in ClosedConstraintComponent (http://www.w3.org/ns/shacl#ClosedConstraintComponent):
	Severity: sh:Violation
	Source Shape: chr:SchemaPropertyVocabularyShape
	Focus Node: ex:visit_20041227T203554
	Value Node: ex:proc_ErythrocyteDistWidth_788_0
	Result Path: <https://w3id.org/shexmap/resource/ontology-schema/d285f599-dc2e-4bd0-83f1-df21defa8821/hasProcedure>
	Message: Only the 24 properties declared in the CHR schema (plus rdf:type and rdfs:label) may be used on an individual.
Constraint Violation in ClosedConstraintComponent (http://www.w3.org/ns/shacl#ClosedConstraintComponent):
	Severity: sh:Violation
	Source Shape: chr:SchemaPropertyVocabularyShape
	Focus Node: ex:visit_20041227T203554
	Value Node: ex:proc_Erythrocytes_789_8
	Result Path: <https://w3id.org/shexmap/resource/ontology-schema/d285f599-dc2e-4bd0-83f1-df21defa8821/hasProcedure>
	Message: Only the 24 properties declared in the CHR schema (plus rdf:type and rdfs:label) may be used on an individual.
Constraint Violation in ClosedConstraintComponent (http://www.w3.org/ns/shacl#ClosedConstraintComponent):
	Severity: sh:Violation
	Source Shape: chr:SchemaPropertyVocabularyShape
	Focus Node: ex:visit_20041227T203554
	Value Node: ex:proc_Glucose_2339_0
	Result Path: <https://w3id.org/shexmap/resource/ontology-schema/d285f599-dc2e-4bd0-83f1-df21defa8821/hasProcedure>
	Message: Only the 24 properties declared in the CHR schema (plus rdf:type and rdfs:label) may be used on an individual.
Constraint Violation in ClosedConstraintComponent (http://www.w3.org/ns/shacl#ClosedConstraintComponent):
	Severity: sh:Violation
	Source Shape: chr:SchemaPropertyVocabularyShape
	Focus Node: ex:visit_20041227T203554
	Value Node: ex:proc_HbA1c_4548_4
	Result Path: <https://w3id.org/shexmap/resource/ontology-schema/d285f599-dc2e-4bd0-83f1-df21defa8821/hasProcedure>
	Message: Only the 24 properties declared in the CHR schema (plus rdf:type and rdfs:label) may be used on an individual.
Constraint Violation in ClosedConstraintComponent (http://www.w3.org/ns/shacl#ClosedConstraintComponent):
	Severity: sh:Violation
	Source Shape: chr:SchemaPropertyVocabularyShape
	Focus Node: ex:visit_20041227T203554
	Value Node: ex:proc_HeartRate_8867_4
	Result Path: <https://w3id.org/shexmap/resource/ontology-schema/d285f599-dc2e-4bd0-83f1-df21defa8821/hasProcedure>
	Message: Only the 24 properties declared in the CHR schema (plus rdf:type and rdfs:label) may be used on an individual.
Constraint Violation in ClosedConstraintComponent (http://www.w3.org/ns/shacl#ClosedConstraintComponent):
	Severity: sh:Violation
	Source Shape: chr:SchemaPropertyVocabularyShape
	Focus Node: ex:visit_20041227T203554
	Value Node: ex:proc_Hematocrit_4544_3
	Result Path: <https://w3id.org/shexmap/resource/ontology-schema/d285f599-dc2e-4bd0-83f1-df21defa8821/hasProcedure>
	Message: Only the 24 properties declared in the CHR schema (plus rdf:type and rdfs:label) may be used on an individual.
Constraint Violation in ClosedConstraintComponent (http://www.w3.org/ns/shacl#ClosedConstraintComponent):
	Severity: sh:Violation
	Source Shape: chr:SchemaPropertyVocabularyShape
	Focus Node: ex:visit_20041227T203554
	Value Node: ex:proc_Hemoglobin_718_7
	Result Path: <https://w3id.org/shexmap/resource/ontology-schema/d285f599-dc2e-4bd0-83f1-df21defa8821/hasProcedure>
	Message: Only the 24 properties declared in the CHR schema (plus rdf:type and rdfs:label) may be used on an individual.
Constraint Violation in ClosedConstraintComponent (http://www.w3.org/ns/shacl#ClosedConstraintComponent):
	Severity: sh:Violation
	Source Shape: chr:SchemaPropertyVocabularyShape
	Focus Node: ex:visit_20041227T203554
	Value Node: ex:proc_LaborForce_741062008
	Result Path: <https://w3id.org/shexmap/resource/ontology-schema/d285f599-dc2e-4bd0-83f1-df21defa8821/hasProcedure>
	Message: Only the 24 properties declared in the CHR schema (plus rdf:type and rdfs:label) may be used on an individual.
Constraint Violation in ClosedConstraintComponent (http://www.w3.org/ns/shacl#ClosedConstraintComponent):
	Severity: sh:Violation
	Source Shape: chr:SchemaPropertyVocabularyShape
	Focus Node: ex:visit_20041227T203554
	Value Node: ex:proc_Leukocytes_6690_2
	Result Path: <https://w3id.org/shexmap/resource/ontology-schema/d285f599-dc2e-4bd0-83f1-df21defa8821/hasProcedure>
	Message: Only the 24 properties declared in the CHR schema (plus rdf:type and rdfs:label) may be used on an individual.
Constraint Violation in ClosedConstraintComponent (http://www.w3.org/ns/shacl#ClosedConstraintComponent):
	Severity: sh:Violation
	Source Shape: chr:SchemaPropertyVocabularyShape
	Focus Node: ex:visit_20041227T203554
	Value Node: ex:proc_MCHC_786_4
	Result Path: <https://w3id.org/shexmap/resource/ontology-schema/d285f599-dc2e-4bd0-83f1-df21defa8821/hasProcedure>
	Message: Only the 24 properties declared in the CHR schema (plus rdf:type and rdfs:label) may be used on an individual.
Constraint Violation in ClosedConstraintComponent (http://www.w3.org/ns/shacl#ClosedConstraintComponent):
	Severity: sh:Violation
	Source Shape: chr:SchemaPropertyVocabularyShape
	Focus Node: ex:visit_20041227T203554
	Value Node: ex:proc_MCH_785_6
	Result Path: <https://w3id.org/shexmap/resource/ontology-schema/d285f599-dc2e-4bd0-83f1-df21defa8821/hasProcedure>
	Message: Only the 24 properties declared in the CHR schema (plus rdf:type and rdfs:label) may be used on an individual.
Constraint Violation in ClosedConstraintComponent (http://www.w3.org/ns/shacl#ClosedConstraintComponent):
	Severity: sh:Violation
	Source Shape: chr:SchemaPropertyVocabularyShape
	Focus Node: ex:visit_20041227T203554
	Value Node: ex:proc_MCV_787_2
	Result Path: <https://w3id.org/shexmap/resource/ontology-schema/d285f599-dc2e-4bd0-83f1-df21defa8821/hasProcedure>
	Message: Only the 24 properties declared in the CHR schema (plus rdf:type and rdfs:label) may be used on an individual.
Constraint Violation in ClosedConstraintComponent (http://www.w3.org/ns/shacl#ClosedConstraintComponent):
	Severity: sh:Violation
	Source Shape: chr:SchemaPropertyVocabularyShape
	Focus Node: ex:visit_20041227T203554
	Value Node: ex:proc_MedicationReview_314529007
	Result Path: <https://w3id.org/shexmap/resource/ontology-schema/d285f599-dc2e-4bd0-83f1-df21defa8821/hasProcedure>
	Message: Only the 24 properties declared in the CHR schema (plus rdf:type and rdfs:label) may be used on an individual.
Constraint Violation in ClosedConstraintComponent (http://www.w3.org/ns/shacl#ClosedConstraintComponent):
	Severity: sh:Violation
	Source Shape: chr:SchemaPropertyVocabularyShape
	Focus Node: ex:visit_20041227T203554
	Value Node: ex:proc_Obesity_162864005
	Result Path: <https://w3id.org/shexmap/resource/ontology-schema/d285f599-dc2e-4bd0-83f1-df21defa8821/hasProcedure>
	Message: Only the 24 properties declared in the CHR schema (plus rdf:type and rdfs:label) may be used on an individual.
Constraint Violation in ClosedConstraintComponent (http://www.w3.org/ns/shacl#ClosedConstraintComponent):
	Severity: sh:Violation
	Source Shape: chr:SchemaPropertyVocabularyShape
	Focus Node: ex:visit_20041227T203554
	Value Node: ex:proc_PDW_32207_3
	Result Path: <https://w3id.org/shexmap/resource/ontology-schema/d285f599-dc2e-4bd0-83f1-df21defa8821/hasProcedure>
	Message: Only the 24 properties declared in the CHR schema (plus rdf:type and rdfs:label) may be used on an individual.
Constraint Violation in ClosedConstraintComponent (http://www.w3.org/ns/shacl#ClosedConstraintComponent):
	Severity: sh:Violation
	Source Shape: chr:SchemaPropertyVocabularyShape
	Focus Node: ex:visit_20041227T203554
	Value Node: ex:proc_PHQ2_55758_7
	Result Path: <https://w3id.org/shexmap/resource/ontology-schema/d285f599-dc2e-4bd0-83f1-df21defa8821/hasProcedure>
	Message: Only the 24 properties declared in the CHR schema (plus rdf:type and rdfs:label) may be used on an individual.
Constraint Violation in ClosedConstraintComponent (http://www.w3.org/ns/shacl#ClosedConstraintComponent):
	Severity: sh:Violation
	Source Shape: chr:SchemaPropertyVocabularyShape
	Focus Node: ex:visit_20041227T203554
	Value Node: ex:proc_PMCV_32623_1
	Result Path: <https://w3id.org/shexmap/resource/ontology-schema/d285f599-dc2e-4bd0-83f1-df21defa8821/hasProcedure>
	Message: Only the 24 properties declared in the CHR schema (plus rdf:type and rdfs:label) may be used on an individual.
Constraint Violation in ClosedConstraintComponent (http://www.w3.org/ns/shacl#ClosedConstraintComponent):
	Severity: sh:Violation
	Source Shape: chr:SchemaPropertyVocabularyShape
	Focus Node: ex:visit_20041227T203554
	Value Node: ex:proc_PainSeverity_72514_3
	Result Path: <https://w3id.org/shexmap/resource/ontology-schema/d285f599-dc2e-4bd0-83f1-df21defa8821/hasProcedure>
	Message: Only the 24 properties declared in the CHR schema (plus rdf:type and rdfs:label) may be used on an individual.
Constraint Violation in ClosedConstraintComponent (http://www.w3.org/ns/shacl#ClosedConstraintComponent):
	Severity: sh:Violation
	Source Shape: chr:SchemaPropertyVocabularyShape
	Focus Node: ex:visit_20041227T203554
	Value Node: ex:proc_Platelets_777_3
	Result Path: <https://w3id.org/shexmap/resource/ontology-schema/d285f599-dc2e-4bd0-83f1-df21defa8821/hasProcedure>
	Message: Only the 24 properties declared in the CHR schema (plus rdf:type and rdfs:label) may be used on an individual.
Constraint Violation in ClosedConstraintComponent (http://www.w3.org/ns/shacl#ClosedConstraintComponent):
	Severity: sh:Violation
	Source Shape: chr:SchemaPropertyVocabularyShape
	Focus Node: ex:visit_20041227T203554
	Value Node: ex:proc_Potassium_6298_4
	Result Path: <https://w3id.org/shexmap/resource/ontology-schema/d285f599-dc2e-4bd0-83f1-df21defa8821/hasProcedure>
	Message: Only the 24 properties declared in the CHR schema (plus rdf:type and rdfs:label) may be used on an individual.
Constraint Violation in ClosedConstraintComponent (http://www.w3.org/ns/shacl#ClosedConstraintComponent):
	Severity: sh:Violation
	Source Shape: chr:SchemaPropertyVocabularyShape
	Focus Node: ex:visit_20041227T203554
	Value Node: ex:proc_RespiratoryRate_9279_1
	Result Path: <https://w3id.org/shexmap/resource/ontology-schema/d285f599-dc2e-4bd0-83f1-df21defa8821/hasProcedure>
	Message: Only the 24 properties declared in the CHR schema (plus rdf:type and rdfs:label) may be used on an individual.
Constraint Violation in ClosedConstraintComponent (http://www.w3.org/ns/shacl#ClosedConstraintComponent):
	Severity: sh:Violation
	Source Shape: chr:SchemaPropertyVocabularyShape
	Focus Node: ex:visit_20041227T203554
	Value Node: ex:proc_Sodium_2947_0
	Result Path: <https://w3id.org/shexmap/resource/ontology-schema/d285f599-dc2e-4bd0-83f1-df21defa8821/hasProcedure>
	Message: Only the 24 properties declared in the CHR schema (plus rdf:type and rdfs:label) may be used on an individual.
Constraint Violation in ClosedConstraintComponent (http://www.w3.org/ns/shacl#ClosedConstraintComponent):
	Severity: sh:Violation
	Source Shape: chr:SchemaPropertyVocabularyShape
	Focus Node: ex:visit_20041227T203554
	Value Node: ex:proc_Stress_73595000
	Result Path: <https://w3id.org/shexmap/resource/ontology-schema/d285f599-dc2e-4bd0-83f1-df21defa8821/hasProcedure>
	Message: Only the 24 properties declared in the CHR schema (plus rdf:type and rdfs:label) may be used on an individual.
Constraint Violation in ClosedConstraintComponent (http://www.w3.org/ns/shacl#ClosedConstraintComponent):
	Severity: sh:Violation
	Source Shape: chr:SchemaPropertyVocabularyShape
	Focus Node: ex:visit_20041227T203554
	Value Node: ex:proc_UreaNitrogen_6299_2
	Result Path: <https://w3id.org/shexmap/resource/ontology-schema/d285f599-dc2e-4bd0-83f1-df21defa8821/hasProcedure>
	Message: Only the 24 properties declared in the CHR schema (plus rdf:type and rdfs:label) may be used on an individual.
Constraint Violation in HasValueConstraintComponent (http://www.w3.org/ns/shacl#HasValueConstraintComponent):
	Severity: sh:Violation
	Source Shape: [ sh:hasValue chr:CHRConcept ; sh:message Literal("rdf:type must be a class declared in the CHR schema (a subclass of chr:CHRConcept); this class is not in the schema.") ; sh:path [ sh:zeroOrMorePath rdfs:subClassOf ] ]
	Focus Node: ns1:CarePlan
	Result Path: [ sh:zeroOrMorePath rdfs:subClassOf ]
	Message: rdf:type must be a class declared in the CHR schema (a subclass of chr:CHRConcept); this class is not in the schema.
Constraint Violation in HasValueConstraintComponent (http://www.w3.org/ns/shacl#HasValueConstraintComponent):
	Severity: sh:Violation
	Source Shape: [ sh:hasValue chr:CHRConcept ; sh:message Literal("rdf:type must be a class declared in the CHR schema (a subclass of chr:CHRConcept); this class is not in the schema.") ; sh:path [ sh:zeroOrMorePath rdfs:subClassOf ] ]
	Focus Node: ns1:ClinicalVisit
	Result Path: [ sh:zeroOrMorePath rdfs:subClassOf ]
	Message: rdf:type must be a class declared in the CHR schema (a subclass of chr:CHRConcept); this class is not in the schema.
Constraint Violation in HasValueConstraintComponent (http://www.w3.org/ns/shacl#HasValueConstraintComponent):
	Severity: sh:Violation
	Source Shape: [ sh:hasValue chr:CHRConcept ; sh:message Literal("rdf:type must be a class declared in the CHR schema (a subclass of chr:CHRConcept); this class is not in the schema.") ; sh:path [ sh:zeroOrMorePath rdfs:subClassOf ] ]
	Focus Node: ns1:EvaluationProcess
	Result Path: [ sh:zeroOrMorePath rdfs:subClassOf ]
	Message: rdf:type must be a class declared in the CHR schema (a subclass of chr:CHRConcept); this class is not in the schema.
Constraint Violation in HasValueConstraintComponent (http://www.w3.org/ns/shacl#HasValueConstraintComponent):
	Severity: sh:Violation
	Source Shape: [ sh:hasValue chr:CHRConcept ; sh:message Literal("rdf:type must be a class declared in the CHR schema (a subclass of chr:CHRConcept); this class is not in the schema.") ; sh:path [ sh:zeroOrMorePath rdfs:subClassOf ] ]
	Focus Node: ns1:Measurement
	Result Path: [ sh:zeroOrMorePath rdfs:subClassOf ]
	Message: rdf:type must be a class declared in the CHR schema (a subclass of chr:CHRConcept); this class is not in the schema.
Constraint Violation in HasValueConstraintComponent (http://www.w3.org/ns/shacl#HasValueConstraintComponent):
	Severity: sh:Violation
	Source Shape: [ sh:hasValue chr:CHRConcept ; sh:message Literal("rdf:type must be a class declared in the CHR schema (a subclass of chr:CHRConcept); this class is not in the schema.") ; sh:path [ sh:zeroOrMorePath rdfs:subClassOf ] ]
	Focus Node: ns1:MeasurementProcess
	Result Path: [ sh:zeroOrMorePath rdfs:subClassOf ]
	Message: rdf:type must be a class declared in the CHR schema (a subclass of chr:CHRConcept); this class is not in the schema.
Constraint Violation in HasValueConstraintComponent (http://www.w3.org/ns/shacl#HasValueConstraintComponent):
	Severity: sh:Violation
	Source Shape: [ sh:hasValue chr:CHRConcept ; sh:message Literal("rdf:type must be a class declared in the CHR schema (a subclass of chr:CHRConcept); this class is not in the schema.") ; sh:path [ sh:zeroOrMorePath rdfs:subClassOf ] ]
	Focus Node: ns1:MedicalProcedure
	Result Path: [ sh:zeroOrMorePath rdfs:subClassOf ]
	Message: rdf:type must be a class declared in the CHR schema (a subclass of chr:CHRConcept); this class is not in the schema.
Constraint Violation in HasValueConstraintComponent (http://www.w3.org/ns/shacl#HasValueConstraintComponent):
	Severity: sh:Violation
	Source Shape: [ sh:hasValue chr:CHRConcept ; sh:message Literal("rdf:type must be a class declared in the CHR schema (a subclass of chr:CHRConcept); this class is not in the schema.") ; sh:path [ sh:zeroOrMorePath rdfs:subClassOf ] ]
	Focus Node: ns1:ProcessStatus
	Result Path: [ sh:zeroOrMorePath rdfs:subClassOf ]
	Message: rdf:type must be a class declared in the CHR schema (a subclass of chr:CHRConcept); this class is not in the schema.
Constraint Violation in PatternConstraintComponent (http://www.w3.org/ns/shacl#PatternConstraintComponent):
	Severity: sh:Violation
	Source Shape: chr:SchemaClassVocabularyShape
	Focus Node: ns1:CarePlan
	Value Node: ns1:CarePlan
	Message: rdf:type must be a class declared in the CHR schema; this class is not in the schema.
Constraint Violation in PatternConstraintComponent (http://www.w3.org/ns/shacl#PatternConstraintComponent):
	Severity: sh:Violation
	Source Shape: chr:SchemaClassVocabularyShape
	Focus Node: ns1:ClinicalVisit
	Value Node: ns1:ClinicalVisit
	Message: rdf:type must be a class declared in the CHR schema; this class is not in the schema.
Constraint Violation in PatternConstraintComponent (http://www.w3.org/ns/shacl#PatternConstraintComponent):
	Severity: sh:Violation
	Source Shape: chr:SchemaClassVocabularyShape
	Focus Node: ns1:EvaluationProcess
	Value Node: ns1:EvaluationProcess
	Message: rdf:type must be a class declared in the CHR schema; this class is not in the schema.
Constraint Violation in PatternConstraintComponent (http://www.w3.org/ns/shacl#PatternConstraintComponent):
	Severity: sh:Violation
	Source Shape: chr:SchemaClassVocabularyShape
	Focus Node: ns1:Measurement
	Value Node: ns1:Measurement
	Message: rdf:type must be a class declared in the CHR schema; this class is not in the schema.
Constraint Violation in PatternConstraintComponent (http://www.w3.org/ns/shacl#PatternConstraintComponent):
	Severity: sh:Violation
	Source Shape: chr:SchemaClassVocabularyShape
	Focus Node: ns1:MeasurementProcess
	Value Node: ns1:MeasurementProcess
	Message: rdf:type must be a class declared in the CHR schema; this class is not in the schema.
Constraint Violation in PatternConstraintComponent (http://www.w3.org/ns/shacl#PatternConstraintComponent):
	Severity: sh:Violation
	Source Shape: chr:SchemaClassVocabularyShape
	Focus Node: ns1:MedicalProcedure
	Value Node: ns1:MedicalProcedure
	Message: rdf:type must be a class declared in the CHR schema; this class is not in the schema.
Constraint Violation in PatternConstraintComponent (http://www.w3.org/ns/shacl#PatternConstraintComponent):
	Severity: sh:Violation
	Source Shape: chr:SchemaClassVocabularyShape
	Focus Node: ns1:ProcessStatus
	Value Node: ns1:ProcessStatus
	Message: rdf:type must be a class declared in the CHR schema; this class is not in the schema.

exit=1
