[   0.1s] segmenting (orchestrator) ...
[ 126.7s] 41 segments: s1[ClinicalVisit,Person,CareUnit], s2[MeasurementProcess,Measurement], s3[MeasurementProcess,Measurement], s4[MeasurementProcess,Measurement], s5[MeasurementProcess,Measurement], s6[MeasurementProcess,Measurement], s7[MeasurementProcess,Measurement], s8[MeasurementProcess,Measurement], s9[MeasurementProcess,Measurement], s10[MeasurementProcess,Measurement], s11[MeasurementProcess,Measurement], s12[MeasurementProcess,Measurement], s13[MeasurementProcess,Measurement], s14[MeasurementProcess,Measurement], s15[MeasurementProcess,Measurement], s16[MeasurementProcess,Measurement], s17[MeasurementProcess,Measurement], s18[MeasurementProcess,Measurement], s19[MeasurementProcess,Measurement,Severity], s20[MeasurementProcess,Measurement], s21[MeasurementProcess,Measurement], s22[MeasurementProcess,Measurement], s23[MeasurementProcess,Measurement], s24[MeasurementProcess,Measurement], s25[MeasurementProcess,Measurement], s26[MeasurementProcess,Measurement], s27[MeasurementProcess,Measurement], s28[MeasurementProcess,Measurement], s29[MeasurementProcess,Measurement], s30[MeasurementProcess,Measurement], s31[MeasurementProcess,Measurement], s32[MeasurementProcess,Measurement], s33[MeasurementProcess,Measurement], s34[MeasurementProcess,Measurement], s35[MeasurementProcess,Measurement], s36[MeasurementProcess,Measurement], s37[MeasurementProcess,Measurement], s38[MeasurementProcess,Measurement], s39[MeasurementProcess,Measurement], s40[EvaluationProcess,DiagnosticStatement,ClinicalCondition], s41[CarePlan]
[ 126.7s] build order: [CareUnit, DiagnosticStatement, Measurement, Person, Severity] -> [ClinicalCondition, MeasurementProcess] -> [EvaluationProcess] -> [CarePlan, ClinicalVisit]
[ 126.7s] level 0: 5 agent(s), 0 known entities
[ 126.7s]   CareUnit: extracting (379 chars, 1 classes in view)
[ 126.7s]   DiagnosticStatement: extracting (237 chars, 1 classes in view)
[ 126.7s]   Measurement#1: extracting (3008 chars, 2 classes in view)
[ 126.7s]   Measurement#2: extracting (2720 chars, 2 classes in view)
[ 132.8s]   CareUnit: cycle 0 -> conforms
[ 132.8s]   Measurement#3: extracting (2972 chars, 2 classes in view)
[ 133.5s]   DiagnosticStatement: cycle 0 -> conforms
[ 133.5s]   Measurement#4: extracting (491 chars, 2 classes in view)
[ 147.1s]   Measurement#4: cycle 0 -> 1 violation(s)
[ 147.1s]   Measurement#4: fixing ...
[ 160.4s]   Measurement#4: cycle 1 -> 1 violation(s)
[ 160.4s]   Measurement#4: stopping (plateau)
[ 160.4s]   Measurement#4: 1 unresolved (honest gaps)
[ 160.4s]   Person: extracting (379 chars, 1 classes in view)
[ 166.7s]   Person: cycle 0 -> conforms
[ 166.7s]   Severity: extracting (257 chars, 1 classes in view)
[ 172.7s]   Severity: cycle 0 -> 5 violation(s)
[ 172.7s]   Severity: fixing ...
[ 179.5s]   Measurement#1: cycle 0 -> conforms
[ 182.3s]   Severity: cycle 1 -> 5 violation(s)
[ 182.3s]   Severity: stopping (plateau)
[ 182.9s]   Measurement#2: cycle 0 -> conforms
[ 185.7s]   Measurement#3: cycle 0 -> 1 violation(s)
[ 185.7s]   Measurement#3: fixing ...
[ 229.0s]   Measurement#3: cycle 1 -> conforms
[ 229.0s] level 1: 2 agent(s), 54 known entities
[ 229.0s]   ClinicalCondition: extracting (237 chars, 3 classes in view)
[ 229.0s]   MeasurementProcess#1: extracting (3008 chars, 6 classes in view)
[ 229.0s]   MeasurementProcess#2: extracting (2720 chars, 6 classes in view)
[ 229.0s]   MeasurementProcess#3: extracting (2972 chars, 6 classes in view)
[ 236.7s]   ClinicalCondition: cycle 0 -> 12 violation(s)
[ 236.7s]   ClinicalCondition: fixing ...
[ 243.3s]   ClinicalCondition: cycle 1 -> 12 violation(s)
[ 243.3s]   ClinicalCondition: stopping (plateau)
[ 243.3s]   MeasurementProcess#4: extracting (491 chars, 6 classes in view)
[ 263.0s]   MeasurementProcess#4: dropped 2 individual(s) of other classes (already built by earlier levels)
[ 263.1s]   MeasurementProcess#4: cycle 0 -> 7 violation(s)
[ 263.1s]   MeasurementProcess#4: fixing ...
[ 279.8s]   MeasurementProcess#3: cycle 0 -> 142 violation(s)
[ 279.8s]   MeasurementProcess#3: fixing ...
[ 279.8s]   MeasurementProcess#4: cycle 1 -> 7 violation(s)
[ 279.8s]   MeasurementProcess#4: fixing ...
[ 297.2s]   MeasurementProcess#4: cycle 2 -> 5 violation(s)
[ 297.2s]   MeasurementProcess#4: stopping (fix budget spent)
[ 310.6s]   MeasurementProcess#2: cycle 0 -> 252 violation(s)
[ 310.6s]   MeasurementProcess#2: fixing ...
[ 317.3s]   MeasurementProcess#1: cycle 0 -> 252 violation(s)
[ 317.3s]   MeasurementProcess#1: fixing ...
[ 334.1s]   MeasurementProcess#3: cycle 1 -> 142 violation(s)
[ 334.1s]   MeasurementProcess#3: stopping (plateau)
[ 389.3s]   MeasurementProcess#2: cycle 1 -> 252 violation(s)
[ 389.3s]   MeasurementProcess#2: stopping (plateau)
[ 400.2s]   MeasurementProcess#1: cycle 1 -> 5 violation(s)
[ 400.2s]   MeasurementProcess#1: fixing ...
[ 492.4s]   MeasurementProcess#1: cycle 2 -> 5 violation(s)
[ 492.4s]   MeasurementProcess#1: stopping (fix budget spent)
[ 492.4s] level 2: 1 agent(s), 109 known entities
[ 492.4s]   EvaluationProcess: extracting (237 chars, 7 classes in view)
[ 505.1s]   EvaluationProcess: cycle 0 -> 391 violation(s)
[ 505.1s]   EvaluationProcess: fixing ...
[ 516.8s]   EvaluationProcess: cycle 1 -> 391 violation(s)
[ 516.8s]   EvaluationProcess: stopping (plateau)
[ 516.8s] level 3: 2 agent(s), 111 known entities
[ 516.8s]   CarePlan: extracting (9933 chars, 4 classes in view)
[ 516.8s]   ClinicalVisit: extracting (9933 chars, 5 classes in view)
[ 525.0s]   CarePlan: cycle 0 -> 391 violation(s)
[ 525.0s]   CarePlan: fixing ...
[ 531.7s]   CarePlan: cycle 1 -> 391 violation(s)
[ 531.7s]   CarePlan: stopping (plateau)
[ 684.5s]   ClinicalVisit: dropped 38 individual(s) of other classes (already built by earlier levels)
[ 684.7s]   ClinicalVisit: cycle 0 -> 429 violation(s)
[ 684.7s]   ClinicalVisit: fixing ...
[ 709.7s]   ClinicalVisit: cycle 1 -> 429 violation(s)
[ 709.7s]   ClinicalVisit: stopping (plateau)
[ 709.9s] merging (orchestrator): 429 violation(s), 1 unresolved, 1 unparsed
[ 710.2s] merge FAILED (Error code: 400 - {'error': {'message': "litellm.ContextWindowExceededError: lit...) - returning the un-merged union
[ 710.4s] final: 429 violation(s)
conforms=False segments=16 llm_calls=31 unresolved=0
  orchestrator   1 calls     5095 in    5691 out  cost n/a  gemma4-g1
  total         30 calls   186850 in   50943 out  cost n/a  
  worker        29 calls   181755 in   45252 out  cost n/a  gemma4-g1
Constraint Violation in UndeclaredClass:
	Severity: sh:Violation
	Focus Node: http://example.org/data/Medication_review_due_314529007
	Message: https://w3id.org/shexmap/resource/ontology-schema/d285f599-dc2e-4bd0-83f1-df21defa8821/ClinicalCondition is not a class of the vocabulary
Constraint Violation in UndeclaredClass:
	Severity: sh:Violation
	Focus Node: http://example.org/data/Pain_severity_0-10_verbal_numeric_rating_Score
	Message: https://w3id.org/shexmap/resource/ontology-schema/d285f599-dc2e-4bd0-83f1-df21defa8821/Severity is not a class of the vocabulary
Constraint Violation in UndeclaredClass:
	Severity: sh:Violation
	Focus Node: http://example.org/data/measurement_2339-0
	Message: https://w3id.org/shexmap/resource/ontology-schema/d285f599-dc2e-4bd0-83f1-df21defa8821/Measurement is not a class of the vocabulary
Constraint Violation in UndeclaredClass:
	Severity: sh:Violation
	Focus Node: http://example.org/data/measurement_29463-7
	Message: https://w3id.org/shexmap/resource/ontology-schema/d285f599-dc2e-4bd0-83f1-df21defa8821/Measurement is not a class of the vocabulary
Constraint Violation in UndeclaredClass:
	Severity: sh:Violation
	Focus Node: http://example.org/data/measurement_39156-5
	Message: https://w3id.org/shexmap/resource/ontology-schema/d285f599-dc2e-4bd0-83f1-df21defa8821/Measurement is not a class of the vocabulary
Constraint Violation in UndeclaredClass:
	Severity: sh:Violation
	Focus Node: http://example.org/data/measurement_4548-4
	Message: https://w3id.org/shexmap/resource/ontology-schema/d285f599-dc2e-4bd0-83f1-df21defa8821/Measurement is not a class of the vocabulary
Constraint Violation in UndeclaredClass:
	Severity: sh:Violation
	Focus Node: http://example.org/data/measurement_5803-2
	Message: https://w3id.org/shexmap/resource/ontology-schema/d285f599-dc2e-4bd0-83f1-df21defa8821/Measurement is not a class of the vocabulary
Constraint Violation in UndeclaredClass:
	Severity: sh:Violation
	Focus Node: http://example.org/data/measurement_5804-0
	Message: https://w3id.org/shexmap/resource/ontology-schema/d285f599-dc2e-4bd0-83f1-df21defa8821/Measurement is not a class of the vocabulary
Constraint Violation in UndeclaredClass:
	Severity: sh:Violation
	Focus Node: http://example.org/data/measurement_5811-5
	Message: https://w3id.org/shexmap/resource/ontology-schema/d285f599-dc2e-4bd0-83f1-df21defa8821/Measurement is not a class of the vocabulary
Constraint Violation in UndeclaredClass:
	Severity: sh:Violation
	Focus Node: http://example.org/data/measurement_6299-2
	Message: https://w3id.org/shexmap/resource/ontology-schema/d285f599-dc2e-4bd0-83f1-df21defa8821/Measurement is not a class of the vocabulary
Constraint Violation in UndeclaredClass:
	Severity: sh:Violation
	Focus Node: http://example.org/data/measurement_72514-3
	Message: https://w3id.org/shexmap/resource/ontology-schema/d285f599-dc2e-4bd0-83f1-df21defa8821/Measurement is not a class of the vocabulary
Constraint Violation in UndeclaredClass:
	Severity: sh:Violation
	Focus Node: http://example.org/data/measurement_8302-2
	Message: https://w3id.org/shexmap/resource/ontology-schema/d285f599-dc2e-4bd0-83f1-df21defa8821/Measurement is not a class of the vocabulary
Constraint Violation in UndeclaredClass:
	Severity: sh:Violation
	Focus Node: http://example.org/data/measurement_8867-4
	Message: https://w3id.org/shexmap/resource/ontology-schema/d285f599-dc2e-4bd0-83f1-df21defa8821/Measurement is not a class of the vocabulary
Constraint Violation in UndeclaredClass:
	Severity: sh:Violation
	Focus Node: http://example.org/data/measurement_9279-1
	Message: https://w3id.org/shexmap/resource/ontology-schema/d285f599-dc2e-4bd0-83f1-df21defa8821/Measurement is not a class of the vocabulary
Constraint Violation in UndeclaredClass:
	Severity: sh:Violation
	Focus Node: http://example.org/data/measurement_process_2339-0
	Message: https://w3id.org/shexmap/resource/ontology-schema/d285f599-dc2e-4bd0-83f1-df21defa8821/MeasurementProcess is not a class of the vocabulary
Constraint Violation in UndeclaredClass:
	Severity: sh:Violation
	Focus Node: http://example.org/data/measurement_process_29463-7
	Message: https://w3id.org/shexmap/resource/ontology-schema/d285f599-dc2e-4bd0-83f1-df21defa8821/MeasurementProcess is not a class of the vocabulary
Constraint Violation in UndeclaredClass:
	Severity: sh:Violation
	Focus Node: http://example.org/data/measurement_process_39156-5
	Message: https://w3id.org/shexmap/resource/ontology-schema/d285f599-dc2e-4bd0-83f1-df21defa8821/MeasurementProcess is not a class of the vocabulary
Constraint Violation in UndeclaredClass:
	Severity: sh:Violation
	Focus Node: http://example.org/data/measurement_process_4548-4
	Message: https://w3id.org/shexmap/resource/ontology-schema/d285f599-dc2e-4bd0-83f1-df21defa8821/MeasurementProcess is not a class of the vocabulary
Constraint Violation in UndeclaredClass:
	Severity: sh:Violation
	Focus Node: http://example.org/data/measurement_process_5803-2
	Message: https://w3id.org/shexmap/resource/ontology-schema/d285f599-dc2e-4bd0-83f1-df21defa8821/MeasurementProcess is not a class of the vocabulary
Constraint Violation in UndeclaredClass:
	Severity: sh:Violation
	Focus Node: http://example.org/data/measurement_process_5804-0
	Message: https://w3id.org/shexmap/resource/ontology-schema/d285f599-dc2e-4bd0-83f1-df21defa8821/MeasurementProcess is not a class of the vocabulary
Constraint Violation in UndeclaredClass:
	Severity: sh:Violation
	Focus Node: http://example.org/data/measurement_process_5811-5
	Message: https://w3id.org/shexmap/resource/ontology-schema/d285f599-dc2e-4bd0-83f1-df21defa8821/MeasurementProcess is not a class of the vocabulary
Constraint Violation in UndeclaredClass:
	Severity: sh:Violation
	Focus Node: http://example.org/data/measurement_process_6299-2
	Message: https://w3id.org/shexmap/resource/ontology-schema/d285f599-dc2e-4bd0-83f1-df21defa8821/MeasurementProcess is not a class of the vocabulary
Constraint Violation in UndeclaredClass:
	Severity: sh:Violation
	Focus Node: http://example.org/data/measurement_process_72514-3
	Message: https://w3id.org/shexmap/resource/ontology-schema/d285f599-dc2e-4bd0-83f1-df21defa8821/MeasurementProcess is not a class of the vocabulary
Constraint Violation in UndeclaredClass:
	Severity: sh:Violation
	Focus Node: http://example.org/data/measurement_process_8302-2
	Message: https://w3id.org/shexmap/resource/ontology-schema/d285f599-dc2e-4bd0-83f1-df21defa8821/MeasurementProcess is not a class of the vocabulary
Constraint Violation in UndeclaredClass:
	Severity: sh:Violation
	Focus Node: http://example.org/data/measurement_process_8867-4
	Message: https://w3id.org/shexmap/resource/ontology-schema/d285f599-dc2e-4bd0-83f1-df21defa8821/MeasurementProcess is not a class of the vocabulary
Constraint Violation in UndeclaredClass:
	Severity: sh:Violation
	Focus Node: http://example.org/data/measurement_process_9279-1
	Message: https://w3id.org/shexmap/resource/ontology-schema/d285f599-dc2e-4bd0-83f1-df21defa8821/MeasurementProcess is not a class of the vocabulary
Constraint Violation in UndeclaredClass:
	Severity: sh:Violation
	Focus Node: http://example.org/data/process_calcium_49765_1
	Message: https://w3id.org/shexmap/resource/ontology-schema/d285f599-dc2e-4bd0-83f1-df21defa8821/MeasurementProcess is not a class of the vocabulary
Constraint Violation in UndeclaredClass:
	Severity: sh:Violation
	Focus Node: http://example.org/data/process_carbon_dioxide_20565_8
	Message: https://w3id.org/shexmap/resource/ontology-schema/d285f599-dc2e-4bd0-83f1-df21defa8821/MeasurementProcess is not a class of the vocabulary
Constraint Violation in UndeclaredClass:
	Severity: sh:Violation
	Focus Node: http://example.org/data/process_chloride_2069_3
	Message: https://w3id.org/shexmap/resource/ontology-schema/d285f599-dc2e-4bd0-83f1-df21defa8821/MeasurementProcess is not a class of the vocabulary
Constraint Violation in UndeclaredClass:
	Severity: sh:Violation
	Focus Node: http://example.org/data/process_cholesterol_2093_3
	Message: https://w3id.org/shexmap/resource/ontology-schema/d285f599-dc2e-4bd0-83f1-df21defa8821/MeasurementProcess is not a class of the vocabulary
Constraint Violation in UndeclaredClass:
	Severity: sh:Violation
	Focus Node: http://example.org/data/process_cholesterol_hdl_2085_9
	Message: https://w3id.org/shexmap/resource/ontology-schema/d285f599-dc2e-4bd0-83f1-df21defa8821/MeasurementProcess is not a class of the vocabulary
Constraint Violation in UndeclaredClass:
	Severity: sh:Violation
	Focus Node: http://example.org/data/process_cholesterol_ldl_18262_6
	Message: https://w3id.org/shexmap/resource/ontology-schema/d285f599-dc2e-4bd0-83f1-df21defa8821/MeasurementProcess is not a class of the vocabulary
Constraint Violation in UndeclaredClass:
	Severity: sh:Violation
	Focus Node: http://example.org/data/process_creatinine_38483_4
	Message: https://w3id.org/shexmap/resource/ontology-schema/d285f599-dc2e-4bd0-83f1-df21defa8821/MeasurementProcess is not a class of the vocabulary
Constraint Violation in UndeclaredClass:
	Severity: sh:Violation
	Focus Node: http://example.org/data/process_gfr_33914_3
	Message: https://w3id.org/shexmap/resource/ontology-schema/d285f599-dc2e-4bd0-83f1-df21defa8821/MeasurementProcess is not a class of the vocabulary
Constraint Violation in UndeclaredClass:
	Severity: sh:Violation
	Focus Node: http://example.org/data/process_microalbumin_14959_1
	Message: https://w3id.org/shexmap/resource/ontology-schema/d285f599-dc2e-4bd0-83f1-df21defa8821/MeasurementProcess is not a class of the vocabulary
Constraint Violation in UndeclaredClass:
	Severity: sh:Violation
	Focus Node: http://example.org/data/process_potassium_6298_4
	Message: https://w3id.org/shexmap/resource/ontology-schema/d285f599-dc2e-4bd0-83f1-df21defa8821/MeasurementProcess is not a class of the vocabulary
Constraint Violation in UndeclaredClass:
	Severity: sh:Violation
	Focus Node: http://example.org/data/process_sodium_2947_0
	Message: https://w3id.org/shexmap/resource/ontology-schema/d285f599-dc2e-4bd0-83f1-df21defa8821/MeasurementProcess is not a class of the vocabulary
Constraint Violation in UndeclaredClass:
	Severity: sh:Violation
	Focus Node: http://example.org/data/process_triglyceride_2571_8
	Message: https://w3id.org/shexmap/resource/ontology-schema/d285f599-dc2e-4bd0-83f1-df21defa8821/MeasurementProcess is not a class of the vocabulary
Constraint Violation in UndeclaredClass:
	Severity: sh:Violation
	Focus Node: http://example.org/data/status_completed
	Message: https://w3id.org/shexmap/resource/ontology-schema/d285f599-dc2e-4bd0-83f1-df21defa8821/ProcessStatus is not a class of the vocabulary
Constraint Violation in UndeclaredProperty:
	Severity: sh:Violation
	Focus Node: http://example.org/data/Medication_review_due_314529007
	Message: https://w3id.org/shexmap/resource/ontology-schema/d285f599-dc2e-4bd0-83f1-df21defa8821/hasCode is not a property of the vocabulary
Constraint Violation in UndeclaredProperty:
	Severity: sh:Violation
	Focus Node: http://example.org/data/Medication_review_due_314529007
	Message: https://w3id.org/shexmap/resource/ontology-schema/d285f599-dc2e-4bd0-83f1-df21defa8821/hasRecordDate is not a property of the vocabulary
Constraint Violation in UndeclaredProperty:
	Severity: sh:Violation
	Focus Node: http://example.org/data/Pain_severity_0-10_verbal_numeric_rating_Score
	Message: https://w3id.org/shexmap/resource/ontology-schema/d285f599-dc2e-4bd0-83f1-df21defa8821/hasCode is not a property of the vocabulary
Constraint Violation in UndeclaredProperty:
	Severity: sh:Violation
	Focus Node: http://example.org/data/measurement_2339-0
	Message: https://w3id.org/shexmap/resource/ontology-schema/d285f599-dc2e-4bd0-83f1-df21defa8821/hasCode is not a property of the vocabulary
Constraint Violation in UndeclaredProperty:
	Severity: sh:Violation
	Focus Node: http://example.org/data/measurement_2339-0
	Message: https://w3id.org/shexmap/resource/ontology-schema/d285f599-dc2e-4bd0-83f1-df21defa8821/hasMeasuredDate is not a property of the vocabulary
Constraint Violation in UndeclaredProperty:
	Severity: sh:Violation
	Focus Node: http://example.org/data/measurement_2339-0
	Message: https://w3id.org/shexmap/resource/ontology-schema/d285f599-dc2e-4bd0-83f1-df21defa8821/hasQuantityValue is not a property of the vocabulary
Constraint Violation in UndeclaredProperty:
	Severity: sh:Violation
	Focus Node: http://example.org/data/measurement_2339-0
	Message: https://w3id.org/shexmap/resource/ontology-schema/d285f599-dc2e-4bd0-83f1-df21defa8821/hasUnit is not a property of the vocabulary
Constraint Violation in UndeclaredProperty:
	Severity: sh:Violation
	Focus Node: http://example.org/data/measurement_29463-7
	Message: https://w3id.org/shexmap/resource/ontology-schema/d285f599-dc2e-4bd0-83f1-df21defa8821/hasCode is not a property of the vocabulary
Constraint Violation in UndeclaredProperty:
	Severity: sh:Violation
	Focus Node: http://example.org/data/measurement_29463-7
	Message: https://w3id.org/shexmap/resource/ontology-schema/d285f599-dc2e-4bd0-83f1-df21defa8821/hasMeasuredDate is not a property of the vocabulary
Constraint Violation in UndeclaredProperty:
	Severity: sh:Violation
	Focus Node: http://example.org/data/measurement_29463-7
	Message: https://w3id.org/shexmap/resource/ontology-schema/d285f599-dc2e-4bd0-83f1-df21defa8821/hasQuantityValue is not a property of the vocabulary
Constraint Violation in UndeclaredProperty:
	Severity: sh:Violation
	Focus Node: http://example.org/data/measurement_29463-7
	Message: https://w3id.org/shexmap/resource/ontology-schema/d285f599-dc2e-4bd0-83f1-df21defa8821/hasUnit is not a property of the vocabulary
Constraint Violation in UndeclaredProperty:
	Severity: sh:Violation
	Focus Node: http://example.org/data/measurement_39156-5
	Message: https://w3id.org/shexmap/resource/ontology-schema/d285f599-dc2e-4bd0-83f1-df21defa8821/hasCode is not a property of the vocabulary
Constraint Violation in UndeclaredProperty:
	Severity: sh:Violation
	Focus Node: http://example.org/data/measurement_39156-5
	Message: https://w3id.org/shexmap/resource/ontology-schema/d285f599-dc2e-4bd0-83f1-df21defa8821/hasMeasuredDate is not a property of the vocabulary
Constraint Violation in UndeclaredProperty:
	Severity: sh:Violation
	Focus Node: http://example.org/data/measurement_39156-5
	Message: https://w3id.org/shexmap/resource/ontology-schema/d285f599-dc2e-4bd0-83f1-df21defa8821/hasQuantityValue is not a property of the vocabulary
Constraint Violation in UndeclaredProperty:
	Severity: sh:Violation
	Focus Node: http://example.org/data/measurement_39156-5
	Message: https://w3id.org/shexmap/resource/ontology-schema/d285f599-dc2e-4bd0-83f1-df21defa8821/hasUnit is not a property of the vocabulary
Constraint Violation in UndeclaredProperty:
	Severity: sh:Violation
	Focus Node: http://example.org/data/measurement_4548-4
	Message: https://w3id.org/shexmap/resource/ontology-schema/d285f599-dc2e-4bd0-83f1-df21defa8821/hasCode is not a property of the vocabulary
Constraint Violation in UndeclaredProperty:
	Severity: sh:Violation
	Focus Node: http://example.org/data/measurement_4548-4
	Message: https://w3id.org/shexmap/resource/ontology-schema/d285f599-dc2e-4bd0-83f1-df21defa8821/hasMeasuredDate is not a property of the vocabulary
Constraint Violation in UndeclaredProperty:
	Severity: sh:Violation
	Focus Node: http://example.org/data/measurement_4548-4
	Message: https://w3id.org/shexmap/resource/ontology-schema/d285f599-dc2e-4bd0-83f1-df21defa8821/hasQuantityValue is not a property of the vocabulary
Constraint Violation in UndeclaredProperty:
	Severity: sh:Violation
	Focus Node: http://example.org/data/measurement_4548-4
	Message: https://w3id.org/shexmap/resource/ontology-schema/d285f599-dc2e-4bd0-83f1-df21defa8821/hasUnit is not a property of the vocabulary
Constraint Violation in UndeclaredProperty:
	Severity: sh:Violation
	Focus Node: http://example.org/data/measurement_5803-2
	Message: https://w3id.org/shexmap/resource/ontology-schema/d285f599-dc2e-4bd0-83f1-df21defa8821/hasCode is not a property of the vocabulary
Constraint Violation in UndeclaredProperty:
	Severity: sh:Violation
	Focus Node: http://example.org/data/measurement_5803-2
	Message: https://w3id.org/shexmap/resource/ontology-schema/d285f599-dc2e-4bd0-83f1-df21defa8821/hasMeasuredDate is not a property of the vocabulary
Constraint Violation in UndeclaredProperty:
	Severity: sh:Violation
	Focus Node: http://example.org/data/measurement_5803-2
	Message: https://w3id.org/shexmap/resource/ontology-schema/d285f599-dc2e-4bd0-83f1-df21defa8821/hasQuantityValue is not a property of the vocabulary
Constraint Violation in UndeclaredProperty:
	Severity: sh:Violation
	Focus Node: http://example.org/data/measurement_5803-2
	Message: https://w3id.org/shexmap/resource/ontology-schema/d285f599-dc2e-4bd0-83f1-df21defa8821/hasUnit is not a property of the vocabulary
Constraint Violation in UndeclaredProperty:
	Severity: sh:Violation
	Focus Node: http://example.org/data/measurement_5804-0
	Message: https://w3id.org/shexmap/resource/ontology-schema/d285f599-dc2e-4bd0-83f1-df21defa8821/hasCode is not a property of the vocabulary
Constraint Violation in UndeclaredProperty:
	Severity: sh:Violation
	Focus Node: http://example.org/data/measurement_5804-0
	Message: https://w3id.org/shexmap/resource/ontology-schema/d285f599-dc2e-4bd0-83f1-df21defa8821/hasMeasuredDate is not a property of the vocabulary
Constraint Violation in UndeclaredProperty:
	Severity: sh:Violation
	Focus Node: http://example.org/data/measurement_5804-0
	Message: https://w3id.org/shexmap/resource/ontology-schema/d285f599-dc2e-4bd0-83f1-df21defa8821/hasQuantityValue is not a property of the vocabulary
Constraint Violation in UndeclaredProperty:
	Severity: sh:Violation
	Focus Node: http://example.org/data/measurement_5804-0
	Message: https://w3id.org/shexmap/resource/ontology-schema/d285f599-dc2e-4bd0-83f1-df21defa8821/hasUnit is not a property of the vocabulary
Constraint Violation in UndeclaredProperty:
	Severity: sh:Violation
	Focus Node: http://example.org/data/measurement_5811-5
	Message: https://w3id.org/shexmap/resource/ontology-schema/d285f599-dc2e-4bd0-83f1-df21defa8821/hasCode is not a property of the vocabulary
Constraint Violation in UndeclaredProperty:
	Severity: sh:Violation
	Focus Node: http://example.org/data/measurement_5811-5
	Message: https://w3id.org/shexmap/resource/ontology-schema/d285f599-dc2e-4bd0-83f1-df21defa8821/hasMeasuredDate is not a property of the vocabulary
Constraint Violation in UndeclaredProperty:
	Severity: sh:Violation
	Focus Node: http://example.org/data/measurement_5811-5
	Message: https://w3id.org/shexmap/resource/ontology-schema/d285f599-dc2e-4bd0-83f1-df21defa8821/hasQuantityValue is not a property of the vocabulary
Constraint Violation in UndeclaredProperty:
	Severity: sh:Violation
	Focus Node: http://example.org/data/measurement_5811-5
	Message: https://w3id.org/shexmap/resource/ontology-schema/d285f599-dc2e-4bd0-83f1-df21defa8821/hasUnit is not a property of the vocabulary
Constraint Violation in UndeclaredProperty:
	Severity: sh:Violation
	Focus Node: http://example.org/data/measurement_6299-2
	Message: https://w3id.org/shexmap/resource/ontology-schema/d285f599-dc2e-4bd0-83f1-df21defa8821/hasCode is not a property of the vocabulary
Constraint Violation in UndeclaredProperty:
	Severity: sh:Violation
	Focus Node: http://example.org/data/measurement_6299-2
	Message: https://w3id.org/shexmap/resource/ontology-schema/d285f599-dc2e-4bd0-83f1-df21defa8821/hasMeasuredDate is not a property of the vocabulary
Constraint Violation in UndeclaredProperty:
	Severity: sh:Violation
	Focus Node: http://example.org/data/measurement_6299-2
	Message: https://w3id.org/shexmap/resource/ontology-schema/d285f599-dc2e-4bd0-83f1-df21defa8821/hasQuantityValue is not a property of the vocabulary
Constraint Violation in UndeclaredProperty:
	Severity: sh:Violation
	Focus Node: http://example.org/data/measurement_6299-2
	Message: https://w3id.org/shexmap/resource/ontology-schema/d285f599-dc2e-4bd0-83f1-df21defa8821/hasUnit is not a property of the vocabulary
Constraint Violation in UndeclaredProperty:
	Severity: sh:Violation
	Focus Node: http://example.org/data/measurement_72514-3
	Message: https://w3id.org/shexmap/resource/ontology-schema/d285f599-dc2e-4bd0-83f1-df21defa8821/hasCode is not a property of the vocabulary
Constraint Violation in UndeclaredProperty:
	Severity: sh:Violation
	Focus Node: http://example.org/data/measurement_72514-3
	Message: https://w3id.org/shexmap/resource/ontology-schema/d285f599-dc2e-4bd0-83f1-df21defa8821/hasMeasuredDate is not a property of the vocabulary
Constraint Violation in UndeclaredProperty:
	Severity: sh:Violation
	Focus Node: http://example.org/data/measurement_72514-3
	Message: https://w3id.org/shexmap/resource/ontology-schema/d285f599-dc2e-4bd0-83f1-df21defa8821/hasQuantityValue is not a property of the vocabulary
Constraint Violation in UndeclaredProperty:
	Severity: sh:Violation
	Focus Node: http://example.org/data/measurement_72514-3
	Message: https://w3id.org/shexmap/resource/ontology-schema/d285f599-dc2e-4bd0-83f1-df21defa8821/hasUnit is not a property of the vocabulary
Constraint Violation in UndeclaredProperty:
	Severity: sh:Violation
	Focus Node: http://example.org/data/measurement_8302-2
	Message: https://w3id.org/shexmap/resource/ontology-schema/d285f599-dc2e-4bd0-83f1-df21defa8821/hasCode is not a property of the vocabulary
Constraint Violation in UndeclaredProperty:
	Severity: sh:Violation
	Focus Node: http://example.org/data/measurement_8302-2
	Message: https://w3id.org/shexmap/resource/ontology-schema/d285f599-dc2e-4bd0-83f1-df21defa8821/hasMeasuredDate is not a property of the vocabulary
Constraint Violation in UndeclaredProperty:
	Severity: sh:Violation
	Focus Node: http://example.org/data/measurement_8302-2
	Message: https://w3id.org/shexmap/resource/ontology-schema/d285f599-dc2e-4bd0-83f1-df21defa8821/hasQuantityValue is not a property of the vocabulary
Constraint Violation in UndeclaredProperty:
	Severity: sh:Violation
	Focus Node: http://example.org/data/measurement_8302-2
	Message: https://w3id.org/shexmap/resource/ontology-schema/d285f599-dc2e-4bd0-83f1-df21defa8821/hasUnit is not a property of the vocabulary
Constraint Violation in UndeclaredProperty:
	Severity: sh:Violation
	Focus Node: http://example.org/data/measurement_8867-4
	Message: https://w3id.org/shexmap/resource/ontology-schema/d285f599-dc2e-4bd0-83f1-df21defa8821/hasCode is not a property of the vocabulary
Constraint Violation in UndeclaredProperty:
	Severity: sh:Violation
	Focus Node: http://example.org/data/measurement_8867-4
	Message: https://w3id.org/shexmap/resource/ontology-schema/d285f599-dc2e-4bd0-83f1-df21defa8821/hasMeasuredDate is not a property of the vocabulary
Constraint Violation in UndeclaredProperty:
	Severity: sh:Violation
	Focus Node: http://example.org/data/measurement_8867-4
	Message: https://w3id.org/shexmap/resource/ontology-schema/d285f599-dc2e-4bd0-83f1-df21defa8821/hasQuantityValue is not a property of the vocabulary
Constraint Violation in UndeclaredProperty:
	Severity: sh:Violation
	Focus Node: http://example.org/data/measurement_8867-4
	Message: https://w3id.org/shexmap/resource/ontology-schema/d285f599-dc2e-4bd0-83f1-df21defa8821/hasUnit is not a property of the vocabulary
Constraint Violation in UndeclaredProperty:
	Severity: sh:Violation
	Focus Node: http://example.org/data/measurement_9279-1
	Message: https://w3id.org/shexmap/resource/ontology-schema/d285f599-dc2e-4bd0-83f1-df21defa8821/hasCode is not a property of the vocabulary
Constraint Violation in UndeclaredProperty:
	Severity: sh:Violation
	Focus Node: http://example.org/data/measurement_9279-1
	Message: https://w3id.org/shexmap/resource/ontology-schema/d285f599-dc2e-4bd0-83f1-df21defa8821/hasMeasuredDate is not a property of the vocabulary
Constraint Violation in UndeclaredProperty:
	Severity: sh:Violation
	Focus Node: http://example.org/data/measurement_9279-1
	Message: https://w3id.org/shexmap/resource/ontology-schema/d285f599-dc2e-4bd0-83f1-df21defa8821/hasQuantityValue is not a property of the vocabulary
Constraint Violation in UndeclaredProperty:
	Severity: sh:Violation
	Focus Node: http://example.org/data/measurement_9279-1
	Message: https://w3id.org/shexmap/resource/ontology-schema/d285f599-dc2e-4bd0-83f1-df21defa8821/hasUnit is not a property of the vocabulary
Constraint Violation in UndeclaredProperty:
	Severity: sh:Violation
	Focus Node: http://example.org/data/measurement_process_2339-0
	Message: https://w3id.org/shexmap/resource/ontology-schema/d285f599-dc2e-4bd0-83f1-df21defa8821/hasPatient is not a property of the vocabulary
Constraint Violation in UndeclaredProperty:
	Severity: sh:Violation
	Focus Node: http://example.org/data/measurement_process_2339-0
	Message: https://w3id.org/shexmap/resource/ontology-schema/d285f599-dc2e-4bd0-83f1-df21defa8821/hasPerformedDate is not a property of the vocabulary
Constraint Violation in UndeclaredProperty:
	Severity: sh:Violation
	Focus Node: http://example.org/data/measurement_process_2339-0
	Message: https://w3id.org/shexmap/resource/ontology-schema/d285f599-dc2e-4bd0-83f1-df21defa8821/hasPerformer is not a property of the vocabulary
Constraint Violation in UndeclaredProperty:
	Severity: sh:Violation
	Focus Node: http://example.org/data/measurement_process_2339-0
	Message: https://w3id.org/shexmap/resource/ontology-schema/d285f599-dc2e-4bd0-83f1-df21defa8821/hasResult is not a property of the vocabulary
Constraint Violation in UndeclaredProperty:
	Severity: sh:Violation
	Focus Node: http://example.org/data/measurement_process_2339-0
	Message: https://w3id.org/shexmap/resource/ontology-schema/d285f599-dc2e-4bd0-83f1-df21defa8821/hasStatus is not a property of the vocabulary
Constraint Violation in UndeclaredProperty:
	Severity: sh:Violation
	Focus Node: http://example.org/data/measurement_process_29463-7
	Message: https://w3id.org/shexmap/resource/ontology-schema/d285f599-dc2e-4bd0-83f1-df21defa8821/hasPatient is not a property of the vocabulary
Constraint Violation in UndeclaredProperty:
	Severity: sh:Violation
	Focus Node: http://example.org/data/measurement_process_29463-7
	Message: https://w3id.org/shexmap/resource/ontology-schema/d285f599-dc2e-4bd0-83f1-df21defa8821/hasPerformedDate is not a property of the vocabulary
Constraint Violation in UndeclaredProperty:
	Severity: sh:Violation
	Focus Node: http://example.org/data/measurement_process_29463-7
	Message: https://w3id.org/shexmap/resource/ontology-schema/d285f599-dc2e-4bd0-83f1-df21defa8821/hasPerformer is not a property of the vocabulary
Constraint Violation in UndeclaredProperty:
	Severity: sh:Violation
	Focus Node: http://example.org/data/measurement_process_29463-7
	Message: https://w3id.org/shexmap/resource/ontology-schema/d285f599-dc2e-4bd0-83f1-df21defa8821/hasResult is not a property of the vocabulary
Constraint Violation in UndeclaredProperty:
	Severity: sh:Violation
	Focus Node: http://example.org/data/measurement_process_29463-7
	Message: https://w3id.org/shexmap/resource/ontology-schema/d285f599-dc2e-4bd0-83f1-df21defa8821/hasStatus is not a property of the vocabulary
Constraint Violation in UndeclaredProperty:
	Severity: sh:Violation
	Focus Node: http://example.org/data/measurement_process_39156-5
	Message: https://w3id.org/shexmap/resource/ontology-schema/d285f599-dc2e-4bd0-83f1-df21defa8821/hasPatient is not a property of the vocabulary
Constraint Violation in UndeclaredProperty:
	Severity: sh:Violation
	Focus Node: http://example.org/data/measurement_process_39156-5
	Message: https://w3id.org/shexmap/resource/ontology-schema/d285f599-dc2e-4bd0-83f1-df21defa8821/hasPerformedDate is not a property of the vocabulary
Constraint Violation in UndeclaredProperty:
	Severity: sh:Violation
	Focus Node: http://example.org/data/measurement_process_39156-5
	Message: https://w3id.org/shexmap/resource/ontology-schema/d285f599-dc2e-4bd0-83f1-df21defa8821/hasPerformer is not a property of the vocabulary
Constraint Violation in UndeclaredProperty:
	Severity: sh:Violation
	Focus Node: http://example.org/data/measurement_process_39156-5
	Message: https://w3id.org/shexmap/resource/ontology-schema/d285f599-dc2e-4bd0-83f1-df21defa8821/hasResult is not a property of the vocabulary
Constraint Violation in UndeclaredProperty:
	Severity: sh:Violation
	Focus Node: http://example.org/data/measurement_process_39156-5
	Message: https://w3id.org/shexmap/resource/ontology-schema/d285f599-dc2e-4bd0-83f1-df21defa8821/hasStatus is not a property of the vocabulary
Constraint Violation in UndeclaredProperty:
	Severity: sh:Violation
	Focus Node: http://example.org/data/measurement_process_4548-4
	Message: https://w3id.org/shexmap/resource/ontology-schema/d285f599-dc2e-4bd0-83f1-df21defa8821/hasPatient is not a property of the vocabulary
Constraint Violation in UndeclaredProperty:
	Severity: sh:Violation
	Focus Node: http://example.org/data/measurement_process_4548-4
	Message: https://w3id.org/shexmap/resource/ontology-schema/d285f599-dc2e-4bd0-83f1-df21defa8821/hasPerformedDate is not a property of the vocabulary
Constraint Violation in UndeclaredProperty:
	Severity: sh:Violation
	Focus Node: http://example.org/data/measurement_process_4548-4
	Message: https://w3id.org/shexmap/resource/ontology-schema/d285f599-dc2e-4bd0-83f1-df21defa8821/hasPerformer is not a property of the vocabulary
Constraint Violation in UndeclaredProperty:
	Severity: sh:Violation
	Focus Node: http://example.org/data/measurement_process_4548-4
	Message: https://w3id.org/shexmap/resource/ontology-schema/d285f599-dc2e-4bd0-83f1-df21defa8821/hasResult is not a property of the vocabulary
Constraint Violation in UndeclaredProperty:
	Severity: sh:Violation
	Focus Node: http://example.org/data/measurement_process_4548-4
	Message: https://w3id.org/shexmap/resource/ontology-schema/d285f599-dc2e-4bd0-83f1-df21defa8821/hasStatus is not a property of the vocabulary
Constraint Violation in UndeclaredProperty:
	Severity: sh:Violation
	Focus Node: http://example.org/data/measurement_process_5803-2
	Message: https://w3id.org/shexmap/resource/ontology-schema/d285f599-dc2e-4bd0-83f1-df21defa8821/hasPatient is not a property of the vocabulary
Constraint Violation in UndeclaredProperty:
	Severity: sh:Violation
	Focus Node: http://example.org/data/measurement_process_5803-2
	Message: https://w3id.org/shexmap/resource/ontology-schema/d285f599-dc2e-4bd0-83f1-df21defa8821/hasPerformedDate is not a property of the vocabulary
Constraint Violation in UndeclaredProperty:
	Severity: sh:Violation
	Focus Node: http://example.org/data/measurement_process_5803-2
	Message: https://w3id.org/shexmap/resource/ontology-schema/d285f599-dc2e-4bd0-83f1-df21defa8821/hasPerformer is not a property of the vocabulary
Constraint Violation in UndeclaredProperty:
	Severity: sh:Violation
	Focus Node: http://example.org/data/measurement_process_5803-2
	Message: https://w3id.org/shexmap/resource/ontology-schema/d285f599-dc2e-4bd0-83f1-df21defa8821/hasResult is not a property of the vocabulary
Constraint Violation in UndeclaredProperty:
	Severity: sh:Violation
	Focus Node: http://example.org/data/measurement_process_5803-2
	Message: https://w3id.org/shexmap/resource/ontology-schema/d285f599-dc2e-4bd0-83f1-df21defa8821/hasStatus is not a property of the vocabulary
Constraint Violation in UndeclaredProperty:
	Severity: sh:Violation
	Focus Node: http://example.org/data/measurement_process_5804-0
	Message: https://w3id.org/shexmap/resource/ontology-schema/d285f599-dc2e-4bd0-83f1-df21defa8821/hasPatient is not a property of the vocabulary
Constraint Violation in UndeclaredProperty:
	Severity: sh:Violation
	Focus Node: http://example.org/data/measurement_process_5804-0
	Message: https://w3id.org/shexmap/resource/ontology-schema/d285f599-dc2e-4bd0-83f1-df21defa8821/hasPerformedDate is not a property of the vocabulary
Constraint Violation in UndeclaredProperty:
	Severity: sh:Violation
	Focus Node: http://example.org/data/measurement_process_5804-0
	Message: https://w3id.org/shexmap/resource/ontology-schema/d285f599-dc2e-4bd0-83f1-df21defa8821/hasPerformer is not a property of the vocabulary
Constraint Violation in UndeclaredProperty:
	Severity: sh:Violation
	Focus Node: http://example.org/data/measurement_process_5804-0
	Message: https://w3id.org/shexmap/resource/ontology-schema/d285f599-dc2e-4bd0-83f1-df21defa8821/hasResult is not a property of the vocabulary
Constraint Violation in UndeclaredProperty:
	Severity: sh:Violation
	Focus Node: http://example.org/data/measurement_process_5804-0
	Message: https://w3id.org/shexmap/resource/ontology-schema/d285f599-dc2e-4bd0-83f1-df21defa8821/hasStatus is not a property of the vocabulary
Constraint Violation in UndeclaredProperty:
	Severity: sh:Violation
	Focus Node: http://example.org/data/measurement_process_5811-5
	Message: https://w3id.org/shexmap/resource/ontology-schema/d285f599-dc2e-4bd0-83f1-df21defa8821/hasPatient is not a property of the vocabulary
Constraint Violation in UndeclaredProperty:
	Severity: sh:Violation
	Focus Node: http://example.org/data/measurement_process_5811-5
	Message: https://w3id.org/shexmap/resource/ontology-schema/d285f599-dc2e-4bd0-83f1-df21defa8821/hasPerformedDate is not a property of the vocabulary
Constraint Violation in UndeclaredProperty:
	Severity: sh:Violation
	Focus Node: http://example.org/data/measurement_process_5811-5
	Message: https://w3id.org/shexmap/resource/ontology-schema/d285f599-dc2e-4bd0-83f1-df21defa8821/hasPerformer is not a property of the vocabulary
Constraint Violation in UndeclaredProperty:
	Severity: sh:Violation
	Focus Node: http://example.org/data/measurement_process_5811-5
	Message: https://w3id.org/shexmap/resource/ontology-schema/d285f599-dc2e-4bd0-83f1-df21defa8821/hasResult is not a property of the vocabulary
Constraint Violation in UndeclaredProperty:
	Severity: sh:Violation
	Focus Node: http://example.org/data/measurement_process_5811-5
	Message: https://w3id.org/shexmap/resource/ontology-schema/d285f599-dc2e-4bd0-83f1-df21defa8821/hasStatus is not a property of the vocabulary
Constraint Violation in UndeclaredProperty:
	Severity: sh:Violation
	Focus Node: http://example.org/data/measurement_process_6299-2
	Message: https://w3id.org/shexmap/resource/ontology-schema/d285f599-dc2e-4bd0-83f1-df21defa8821/hasPatient is not a property of the vocabulary
Constraint Violation in UndeclaredProperty:
	Severity: sh:Violation
	Focus Node: http://example.org/data/measurement_process_6299-2
	Message: https://w3id.org/shexmap/resource/ontology-schema/d285f599-dc2e-4bd0-83f1-df21defa8821/hasPerformedDate is not a property of the vocabulary
Constraint Violation in UndeclaredProperty:
	Severity: sh:Violation
	Focus Node: http://example.org/data/measurement_process_6299-2
	Message: https://w3id.org/shexmap/resource/ontology-schema/d285f599-dc2e-4bd0-83f1-df21defa8821/hasPerformer is not a property of the vocabulary
Constraint Violation in UndeclaredProperty:
	Severity: sh:Violation
	Focus Node: http://example.org/data/measurement_process_6299-2
	Message: https://w3id.org/shexmap/resource/ontology-schema/d285f599-dc2e-4bd0-83f1-df21defa8821/hasResult is not a property of the vocabulary
Constraint Violation in UndeclaredProperty:
	Severity: sh:Violation
	Focus Node: http://example.org/data/measurement_process_6299-2
	Message: https://w3id.org/shexmap/resource/ontology-schema/d285f599-dc2e-4bd0-83f1-df21defa8821/hasStatus is not a property of the vocabulary
Constraint Violation in UndeclaredProperty:
	Severity: sh:Violation
	Focus Node: http://example.org/data/measurement_process_72514-3
	Message: https://w3id.org/shexmap/resource/ontology-schema/d285f599-dc2e-4bd0-83f1-df21defa8821/hasPatient is not a property of the vocabulary
Constraint Violation in UndeclaredProperty:
	Severity: sh:Violation
	Focus Node: http://example.org/data/measurement_process_72514-3
	Message: https://w3id.org/shexmap/resource/ontology-schema/d285f599-dc2e-4bd0-83f1-df21defa8821/hasPerformedDate is not a property of the vocabulary
Constraint Violation in UndeclaredProperty:
	Severity: sh:Violation
	Focus Node: http://example.org/data/measurement_process_72514-3
	Message: https://w3id.org/shexmap/resource/ontology-schema/d285f599-dc2e-4bd0-83f1-df21defa8821/hasPerformer is not a property of the vocabulary
Constraint Violation in UndeclaredProperty:
	Severity: sh:Violation
	Focus Node: http://example.org/data/measurement_process_72514-3
	Message: https://w3id.org/shexmap/resource/ontology-schema/d285f599-dc2e-4bd0-83f1-df21defa8821/hasResult is not a property of the vocabulary
Constraint Violation in UndeclaredProperty:
	Severity: sh:Violation
	Focus Node: http://example.org/data/measurement_process_72514-3
	Message: https://w3id.org/shexmap/resource/ontology-schema/d285f599-dc2e-4bd0-83f1-df21defa8821/hasStatus is not a property of the vocabulary
Constraint Violation in UndeclaredProperty:
	Severity: sh:Violation
	Focus Node: http://example.org/data/measurement_process_8302-2
	Message: https://w3id.org/shexmap/resource/ontology-schema/d285f599-dc2e-4bd0-83f1-df21defa8821/hasPatient is not a property of the vocabulary
Constraint Violation in UndeclaredProperty:
	Severity: sh:Violation
	Focus Node: http://example.org/data/measurement_process_8302-2
	Message: https://w3id.org/shexmap/resource/ontology-schema/d285f599-dc2e-4bd0-83f1-df21defa8821/hasPerformedDate is not a property of the vocabulary
Constraint Violation in UndeclaredProperty:
	Severity: sh:Violation
	Focus Node: http://example.org/data/measurement_process_8302-2
	Message: https://w3id.org/shexmap/resource/ontology-schema/d285f599-dc2e-4bd0-83f1-df21defa8821/hasPerformer is not a property of the vocabulary
Constraint Violation in UndeclaredProperty:
	Severity: sh:Violation
	Focus Node: http://example.org/data/measurement_process_8302-2
	Message: https://w3id.org/shexmap/resource/ontology-schema/d285f599-dc2e-4bd0-83f1-df21defa8821/hasResult is not a property of the vocabulary
Constraint Violation in UndeclaredProperty:
	Severity: sh:Violation
	Focus Node: http://example.org/data/measurement_process_8302-2
	Message: https://w3id.org/shexmap/resource/ontology-schema/d285f599-dc2e-4bd0-83f1-df21defa8821/hasStatus is not a property of the vocabulary
Constraint Violation in UndeclaredProperty:
	Severity: sh:Violation
	Focus Node: http://example.org/data/measurement_process_8867-4
	Message: https://w3id.org/shexmap/resource/ontology-schema/d285f599-dc2e-4bd0-83f1-df21defa8821/hasPatient is not a property of the vocabulary
Constraint Violation in UndeclaredProperty:
	Severity: sh:Violation
	Focus Node: http://example.org/data/measurement_process_8867-4
	Message: https://w3id.org/shexmap/resource/ontology-schema/d285f599-dc2e-4bd0-83f1-df21defa8821/hasPerformedDate is not a property of the vocabulary
Constraint Violation in UndeclaredProperty:
	Severity: sh:Violation
	Focus Node: http://example.org/data/measurement_process_8867-4
	Message: https://w3id.org/shexmap/resource/ontology-schema/d285f599-dc2e-4bd0-83f1-df21defa8821/hasPerformer is not a property of the vocabulary
Constraint Violation in UndeclaredProperty:
	Severity: sh:Violation
	Focus Node: http://example.org/data/measurement_process_8867-4
	Message: https://w3id.org/shexmap/resource/ontology-schema/d285f599-dc2e-4bd0-83f1-df21defa8821/hasResult is not a property of the vocabulary
Constraint Violation in UndeclaredProperty:
	Severity: sh:Violation
	Focus Node: http://example.org/data/measurement_process_8867-4
	Message: https://w3id.org/shexmap/resource/ontology-schema/d285f599-dc2e-4bd0-83f1-df21defa8821/hasStatus is not a property of the vocabulary
Constraint Violation in UndeclaredProperty:
	Severity: sh:Violation
	Focus Node: http://example.org/data/measurement_process_9279-1
	Message: https://w3id.org/shexmap/resource/ontology-schema/d285f599-dc2e-4bd0-83f1-df21defa8821/hasPatient is not a property of the vocabulary
Constraint Violation in UndeclaredProperty:
	Severity: sh:Violation
	Focus Node: http://example.org/data/measurement_process_9279-1
	Message: https://w3id.org/shexmap/resource/ontology-schema/d285f599-dc2e-4bd0-83f1-df21defa8821/hasPerformedDate is not a property of the vocabulary
Constraint Violation in UndeclaredProperty:
	Severity: sh:Violation
	Focus Node: http://example.org/data/measurement_process_9279-1
	Message: https://w3id.org/shexmap/resource/ontology-schema/d285f599-dc2e-4bd0-83f1-df21defa8821/hasPerformer is not a property of the vocabulary
Constraint Violation in UndeclaredProperty:
	Severity: sh:Violation
	Focus Node: http://example.org/data/measurement_process_9279-1
	Message: https://w3id.org/shexmap/resource/ontology-schema/d285f599-dc2e-4bd0-83f1-df21defa8821/hasResult is not a property of the vocabulary
Constraint Violation in UndeclaredProperty:
	Severity: sh:Violation
	Focus Node: http://example.org/data/measurement_process_9279-1
	Message: https://w3id.org/shexmap/resource/ontology-schema/d285f599-dc2e-4bd0-83f1-df21defa8821/hasStatus is not a property of the vocabulary
Constraint Violation in UndeclaredProperty:
	Severity: sh:Violation
	Focus Node: http://example.org/data/process_calcium_49765_1
	Message: https://w3id.org/shexmap/resource/ontology-schema/d285f599-dc2e-4bd0-83f1-df21defa8821/hasPatient is not a property of the vocabulary
Constraint Violation in UndeclaredProperty:
	Severity: sh:Violation
	Focus Node: http://example.org/data/process_calcium_49765_1
	Message: https://w3id.org/shexmap/resource/ontology-schema/d285f599-dc2e-4bd0-83f1-df21defa8821/hasPerformedDate is not a property of the vocabulary
Constraint Violation in UndeclaredProperty:
	Severity: sh:Violation
	Focus Node: http://example.org/data/process_calcium_49765_1
	Message: https://w3id.org/shexmap/resource/ontology-schema/d285f599-dc2e-4bd0-83f1-df21defa8821/hasPerformer is not a property of the vocabulary
Constraint Violation in UndeclaredProperty:
	Severity: sh:Violation
	Focus Node: http://example.org/data/process_calcium_49765_1
	Message: https://w3id.org/shexmap/resource/ontology-schema/d285f599-dc2e-4bd0-83f1-df21defa8821/hasResult is not a property of the vocabulary
Constraint Violation in UndeclaredProperty:
	Severity: sh:Violation
	Focus Node: http://example.org/data/process_calcium_49765_1
	Message: https://w3id.org/shexmap/resource/ontology-schema/d285f599-dc2e-4bd0-83f1-df21defa8821/hasStatus is not a property of the vocabulary
Constraint Violation in UndeclaredProperty:
	Severity: sh:Violation
	Focus Node: http://example.org/data/process_carbon_dioxide_20565_8
	Message: https://w3id.org/shexmap/resource/ontology-schema/d285f599-dc2e-4bd0-83f1-df21defa8821/hasPatient is not a property of the vocabulary
Constraint Violation in UndeclaredProperty:
	Severity: sh:Violation
	Focus Node: http://example.org/data/process_carbon_dioxide_20565_8
	Message: https://w3id.org/shexmap/resource/ontology-schema/d285f599-dc2e-4bd0-83f1-df21defa8821/hasPerformedDate is not a property of the vocabulary
Constraint Violation in UndeclaredProperty:
	Severity: sh:Violation
	Focus Node: http://example.org/data/process_carbon_dioxide_20565_8
	Message: https://w3id.org/shexmap/resource/ontology-schema/d285f599-dc2e-4bd0-83f1-df21defa8821/hasPerformer is not a property of the vocabulary
Constraint Violation in UndeclaredProperty:
	Severity: sh:Violation
	Focus Node: http://example.org/data/process_carbon_dioxide_20565_8
	Message: https://w3id.org/shexmap/resource/ontology-schema/d285f599-dc2e-4bd0-83f1-df21defa8821/hasResult is not a property of the vocabulary
Constraint Violation in UndeclaredProperty:
	Severity: sh:Violation
	Focus Node: http://example.org/data/process_carbon_dioxide_20565_8
	Message: https://w3id.org/shexmap/resource/ontology-schema/d285f599-dc2e-4bd0-83f1-df21defa8821/hasStatus is not a property of the vocabulary
Constraint Violation in UndeclaredProperty:
	Severity: sh:Violation
	Focus Node: http://example.org/data/process_chloride_2069_3
	Message: https://w3id.org/shexmap/resource/ontology-schema/d285f599-dc2e-4bd0-83f1-df21defa8821/hasPatient is not a property of the vocabulary
Constraint Violation in UndeclaredProperty:
	Severity: sh:Violation
	Focus Node: http://example.org/data/process_chloride_2069_3
	Message: https://w3id.org/shexmap/resource/ontology-schema/d285f599-dc2e-4bd0-83f1-df21defa8821/hasPerformedDate is not a property of the vocabulary
Constraint Violation in UndeclaredProperty:
	Severity: sh:Violation
	Focus Node: http://example.org/data/process_chloride_2069_3
	Message: https://w3id.org/shexmap/resource/ontology-schema/d285f599-dc2e-4bd0-83f1-df21defa8821/hasPerformer is not a property of the vocabulary
Constraint Violation in UndeclaredProperty:
	Severity: sh:Violation
	Focus Node: http://example.org/data/process_chloride_2069_3
	Message: https://w3id.org/shexmap/resource/ontology-schema/d285f599-dc2e-4bd0-83f1-df21defa8821/hasResult is not a property of the vocabulary
Constraint Violation in UndeclaredProperty:
	Severity: sh:Violation
	Focus Node: http://example.org/data/process_chloride_2069_3
	Message: https://w3id.org/shexmap/resource/ontology-schema/d285f599-dc2e-4bd0-83f1-df21defa8821/hasStatus is not a property of the vocabulary
Constraint Violation in UndeclaredProperty:
	Severity: sh:Violation
	Focus Node: http://example.org/data/process_cholesterol_2093_3
	Message: https://w3id.org/shexmap/resource/ontology-schema/d285f599-dc2e-4bd0-83f1-df21defa8821/hasPatient is not a property of the vocabulary
Constraint Violation in UndeclaredProperty:
	Severity: sh:Violation
	Focus Node: http://example.org/data/process_cholesterol_2093_3
	Message: https://w3id.org/shexmap/resource/ontology-schema/d285f599-dc2e-4bd0-83f1-df21defa8821/hasPerformedDate is not a property of the vocabulary
Constraint Violation in UndeclaredProperty:
	Severity: sh:Violation
	Focus Node: http://example.org/data/process_cholesterol_2093_3
	Message: https://w3id.org/shexmap/resource/ontology-schema/d285f599-dc2e-4bd0-83f1-df21defa8821/hasPerformer is not a property of the vocabulary
Constraint Violation in UndeclaredProperty:
	Severity: sh:Violation
	Focus Node: http://example.org/data/process_cholesterol_2093_3
	Message: https://w3id.org/shexmap/resource/ontology-schema/d285f599-dc2e-4bd0-83f1-df21defa8821/hasResult is not a property of the vocabulary
Constraint Violation in UndeclaredProperty:
	Severity: sh:Violation
	Focus Node: http://example.org/data/process_cholesterol_2093_3
	Message: https://w3id.org/shexmap/resource/ontology-schema/d285f599-dc2e-4bd0-83f1-df21defa8821/hasStatus is not a property of the vocabulary
Constraint Violation in UndeclaredProperty:
	Severity: sh:Violation
	Focus Node: http://example.org/data/process_cholesterol_hdl_2085_9
	Message: https://w3id.org/shexmap/resource/ontology-schema/d285f599-dc2e-4bd0-83f1-df21defa8821/hasPatient is not a property of the vocabulary
Constraint Violation in UndeclaredProperty:
	Severity: sh:Violation
	Focus Node: http://example.org/data/process_cholesterol_hdl_2085_9
	Message: https://w3id.org/shexmap/resource/ontology-schema/d285f599-dc2e-4bd0-83f1-df21defa8821/hasPerformedDate is not a property of the vocabulary
Constraint Violation in UndeclaredProperty:
	Severity: sh:Violation
	Focus Node: http://example.org/data/process_cholesterol_hdl_2085_9
	Message: https://w3id.org/shexmap/resource/ontology-schema/d285f599-dc2e-4bd0-83f1-df21defa8821/hasPerformer is not a property of the vocabulary
Constraint Violation in UndeclaredProperty:
	Severity: sh:Violation
	Focus Node: http://example.org/data/process_cholesterol_hdl_2085_9
	Message: https://w3id.org/shexmap/resource/ontology-schema/d285f599-dc2e-4bd0-83f1-df21defa8821/hasResult is not a property of the vocabulary
Constraint Violation in UndeclaredProperty:
	Severity: sh:Violation
	Focus Node: http://example.org/data/process_cholesterol_hdl_2085_9
	Message: https://w3id.org/shexmap/resource/ontology-schema/d285f599-dc2e-4bd0-83f1-df21defa8821/hasStatus is not a property of the vocabulary
Constraint Violation in UndeclaredProperty:
	Severity: sh:Violation
	Focus Node: http://example.org/data/process_cholesterol_ldl_18262_6
	Message: https://w3id.org/shexmap/resource/ontology-schema/d285f599-dc2e-4bd0-83f1-df21defa8821/hasPatient is not a property of the vocabulary
Constraint Violation in UndeclaredProperty:
	Severity: sh:Violation
	Focus Node: http://example.org/data/process_cholesterol_ldl_18262_6
	Message: https://w3id.org/shexmap/resource/ontology-schema/d285f599-dc2e-4bd0-83f1-df21defa8821/hasPerformedDate is not a property of the vocabulary
Constraint Violation in UndeclaredProperty:
	Severity: sh:Violation
	Focus Node: http://example.org/data/process_cholesterol_ldl_18262_6
	Message: https://w3id.org/shexmap/resource/ontology-schema/d285f599-dc2e-4bd0-83f1-df21defa8821/hasPerformer is not a property of the vocabulary
Constraint Violation in UndeclaredProperty:
	Severity: sh:Violation
	Focus Node: http://example.org/data/process_cholesterol_ldl_18262_6
	Message: https://w3id.org/shexmap/resource/ontology-schema/d285f599-dc2e-4bd0-83f1-df21defa8821/hasResult is not a property of the vocabulary
Constraint Violation in UndeclaredProperty:
	Severity: sh:Violation
	Focus Node: http://example.org/data/process_cholesterol_ldl_18262_6
	Message: https://w3id.org/shexmap/resource/ontology-schema/d285f599-dc2e-4bd0-83f1-df21defa8821/hasStatus is not a property of the vocabulary
Constraint Violation in UndeclaredProperty:
	Severity: sh:Violation
	Focus Node: http://example.org/data/process_creatinine_38483_4
	Message: https://w3id.org/shexmap/resource/ontology-schema/d285f599-dc2e-4bd0-83f1-df21defa8821/hasPatient is not a property of the vocabulary
Constraint Violation in UndeclaredProperty:
	Severity: sh:Violation
	Focus Node: http://example.org/data/process_creatinine_38483_4
	Message: https://w3id.org/shexmap/resource/ontology-schema/d285f599-dc2e-4bd0-83f1-df21defa8821/hasPerformedDate is not a property of the vocabulary
Constraint Violation in UndeclaredProperty:
	Severity: sh:Violation
	Focus Node: http://example.org/data/process_creatinine_38483_4
	Message: https://w3id.org/shexmap/resource/ontology-schema/d285f599-dc2e-4bd0-83f1-df21defa8821/hasPerformer is not a property of the vocabulary
Constraint Violation in UndeclaredProperty:
	Severity: sh:Violation
	Focus Node: http://example.org/data/process_creatinine_38483_4
	Message: https://w3id.org/shexmap/resource/ontology-schema/d285f599-dc2e-4bd0-83f1-df21defa8821/hasResult is not a property of the vocabulary
Constraint Violation in UndeclaredProperty:
	Severity: sh:Violation
	Focus Node: http://example.org/data/process_creatinine_38483_4
	Message: https://w3id.org/shexmap/resource/ontology-schema/d285f599-dc2e-4bd0-83f1-df21defa8821/hasStatus is not a property of the vocabulary
Constraint Violation in UndeclaredProperty:
	Severity: sh:Violation
	Focus Node: http://example.org/data/process_gfr_33914_3
	Message: https://w3id.org/shexmap/resource/ontology-schema/d285f599-dc2e-4bd0-83f1-df21defa8821/hasPatient is not a property of the vocabulary
Constraint Violation in UndeclaredProperty:
	Severity: sh:Violation
	Focus Node: http://example.org/data/process_gfr_33914_3
	Message: https://w3id.org/shexmap/resource/ontology-schema/d285f599-dc2e-4bd0-83f1-df21defa8821/hasPerformedDate is not a property of the vocabulary
Constraint Violation in UndeclaredProperty:
	Severity: sh:Violation
	Focus Node: http://example.org/data/process_gfr_33914_3
	Message: https://w3id.org/shexmap/resource/ontology-schema/d285f599-dc2e-4bd0-83f1-df21defa8821/hasPerformer is not a property of the vocabulary
Constraint Violation in UndeclaredProperty:
	Severity: sh:Violation
	Focus Node: http://example.org/data/process_gfr_33914_3
	Message: https://w3id.org/shexmap/resource/ontology-schema/d285f599-dc2e-4bd0-83f1-df21defa8821/hasResult is not a property of the vocabulary
Constraint Violation in UndeclaredProperty:
	Severity: sh:Violation
	Focus Node: http://example.org/data/process_gfr_33914_3
	Message: https://w3id.org/shexmap/resource/ontology-schema/d285f599-dc2e-4bd0-83f1-df21defa8821/hasStatus is not a property of the vocabulary
Constraint Violation in UndeclaredProperty:
	Severity: sh:Violation
	Focus Node: http://example.org/data/process_microalbumin_14959_1
	Message: https://w3id.org/shexmap/resource/ontology-schema/d285f599-dc2e-4bd0-83f1-df21defa8821/hasPatient is not a property of the vocabulary
Constraint Violation in UndeclaredProperty:
	Severity: sh:Violation
	Focus Node: http://example.org/data/process_microalbumin_14959_1
	Message: https://w3id.org/shexmap/resource/ontology-schema/d285f599-dc2e-4bd0-83f1-df21defa8821/hasPerformedDate is not a property of the vocabulary
Constraint Violation in UndeclaredProperty:
	Severity: sh:Violation
	Focus Node: http://example.org/data/process_microalbumin_14959_1
	Message: https://w3id.org/shexmap/resource/ontology-schema/d285f599-dc2e-4bd0-83f1-df21defa8821/hasPerformer is not a property of the vocabulary
Constraint Violation in UndeclaredProperty:
	Severity: sh:Violation
	Focus Node: http://example.org/data/process_microalbumin_14959_1
	Message: https://w3id.org/shexmap/resource/ontology-schema/d285f599-dc2e-4bd0-83f1-df21defa8821/hasResult is not a property of the vocabulary
Constraint Violation in UndeclaredProperty:
	Severity: sh:Violation
	Focus Node: http://example.org/data/process_microalbumin_14959_1
	Message: https://w3id.org/shexmap/resource/ontology-schema/d285f599-dc2e-4bd0-83f1-df21defa8821/hasStatus is not a property of the vocabulary
Constraint Violation in UndeclaredProperty:
	Severity: sh:Violation
	Focus Node: http://example.org/data/process_potassium_6298_4
	Message: https://w3id.org/shexmap/resource/ontology-schema/d285f599-dc2e-4bd0-83f1-df21defa8821/hasPatient is not a property of the vocabulary
Constraint Violation in UndeclaredProperty:
	Severity: sh:Violation
	Focus Node: http://example.org/data/process_potassium_6298_4
	Message: https://w3id.org/shexmap/resource/ontology-schema/d285f599-dc2e-4bd0-83f1-df21defa8821/hasPerformedDate is not a property of the vocabulary
Constraint Violation in UndeclaredProperty:
	Severity: sh:Violation
	Focus Node: http://example.org/data/process_potassium_6298_4
	Message: https://w3id.org/shexmap/resource/ontology-schema/d285f599-dc2e-4bd0-83f1-df21defa8821/hasPerformer is not a property of the vocabulary
Constraint Violation in UndeclaredProperty:
	Severity: sh:Violation
	Focus Node: http://example.org/data/process_potassium_6298_4
	Message: https://w3id.org/shexmap/resource/ontology-schema/d285f599-dc2e-4bd0-83f1-df21defa8821/hasResult is not a property of the vocabulary
Constraint Violation in UndeclaredProperty:
	Severity: sh:Violation
	Focus Node: http://example.org/data/process_potassium_6298_4
	Message: https://w3id.org/shexmap/resource/ontology-schema/d285f599-dc2e-4bd0-83f1-df21defa8821/hasStatus is not a property of the vocabulary
Constraint Violation in UndeclaredProperty:
	Severity: sh:Violation
	Focus Node: http://example.org/data/process_sodium_2947_0
	Message: https://w3id.org/shexmap/resource/ontology-schema/d285f599-dc2e-4bd0-83f1-df21defa8821/hasPatient is not a property of the vocabulary
Constraint Violation in UndeclaredProperty:
	Severity: sh:Violation
	Focus Node: http://example.org/data/process_sodium_2947_0
	Message: https://w3id.org/shexmap/resource/ontology-schema/d285f599-dc2e-4bd0-83f1-df21defa8821/hasPerformedDate is not a property of the vocabulary
Constraint Violation in UndeclaredProperty:
	Severity: sh:Violation
	Focus Node: http://example.org/data/process_sodium_2947_0
	Message: https://w3id.org/shexmap/resource/ontology-schema/d285f599-dc2e-4bd0-83f1-df21defa8821/hasPerformer is not a property of the vocabulary
Constraint Violation in UndeclaredProperty:
	Severity: sh:Violation
	Focus Node: http://example.org/data/process_sodium_2947_0
	Message: https://w3id.org/shexmap/resource/ontology-schema/d285f599-dc2e-4bd0-83f1-df21defa8821/hasResult is not a property of the vocabulary
Constraint Violation in UndeclaredProperty:
	Severity: sh:Violation
	Focus Node: http://example.org/data/process_sodium_2947_0
	Message: https://w3id.org/shexmap/resource/ontology-schema/d285f599-dc2e-4bd0-83f1-df21defa8821/hasStatus is not a property of the vocabulary
Constraint Violation in UndeclaredProperty:
	Severity: sh:Violation
	Focus Node: http://example.org/data/process_triglyceride_2571_8
	Message: https://w3id.org/shexmap/resource/ontology-schema/d285f599-dc2e-4bd0-83f1-df21defa8821/hasPatient is not a property of the vocabulary
Constraint Violation in UndeclaredProperty:
	Severity: sh:Violation
	Focus Node: http://example.org/data/process_triglyceride_2571_8
	Message: https://w3id.org/shexmap/resource/ontology-schema/d285f599-dc2e-4bd0-83f1-df21defa8821/hasPerformedDate is not a property of the vocabulary
Constraint Violation in UndeclaredProperty:
	Severity: sh:Violation
	Focus Node: http://example.org/data/process_triglyceride_2571_8
	Message: https://w3id.org/shexmap/resource/ontology-schema/d285f599-dc2e-4bd0-83f1-df21defa8821/hasPerformer is not a property of the vocabulary
Constraint Violation in UndeclaredProperty:
	Severity: sh:Violation
	Focus Node: http://example.org/data/process_triglyceride_2571_8
	Message: https://w3id.org/shexmap/resource/ontology-schema/d285f599-dc2e-4bd0-83f1-df21defa8821/hasResult is not a property of the vocabulary
Constraint Violation in UndeclaredProperty:
	Severity: sh:Violation
	Focus Node: http://example.org/data/process_triglyceride_2571_8
	Message: https://w3id.org/shexmap/resource/ontology-schema/d285f599-dc2e-4bd0-83f1-df21defa8821/hasStatus is not a property of the vocabulary
Constraint Violation in ClosedConstraintComponent (http://www.w3.org/ns/shacl#ClosedConstraintComponent):
	Severity: sh:Violation
	Source Shape: chr:SchemaPropertyVocabularyShape
	Focus Node: ex:Medication_review_due_314529007
	Value Node: <http://snomed.info/id/314529007>
	Result Path: <https://w3id.org/shexmap/resource/ontology-schema/d285f599-dc2e-4bd0-83f1-df21defa8821/hasCode>
	Message: Only the 24 properties declared in the CHR schema (plus rdf:type and rdfs:label) may be used on an individual.
Constraint Violation in ClosedConstraintComponent (http://www.w3.org/ns/shacl#ClosedConstraintComponent):
	Severity: sh:Violation
	Source Shape: chr:SchemaPropertyVocabularyShape
	Focus Node: ex:Medication_review_due_314529007
	Value Node: Literal("2024-01-31T15:47:23+01:00" = 2024-01-31 15:47:23+01:00, datatype=xsd:dateTime)
	Result Path: <https://w3id.org/shexmap/resource/ontology-schema/d285f599-dc2e-4bd0-83f1-df21defa8821/hasRecordDate>
	Message: Only the 24 properties declared in the CHR schema (plus rdf:type and rdfs:label) may be used on an individual.
Constraint Violation in ClosedConstraintComponent (http://www.w3.org/ns/shacl#ClosedConstraintComponent):
	Severity: sh:Violation
	Source Shape: chr:SchemaPropertyVocabularyShape
	Focus Node: ex:Pain_severity_0-10_verbal_numeric_rating_Score
	Value Node: <https://loinc.org/72514-3>
	Result Path: <https://w3id.org/shexmap/resource/ontology-schema/d285f599-dc2e-4bd0-83f1-df21defa8821/hasCode>
	Message: Only the 24 properties declared in the CHR schema (plus rdf:type and rdfs:label) may be used on an individual.
Constraint Violation in ClosedConstraintComponent (http://www.w3.org/ns/shacl#ClosedConstraintComponent):
	Severity: sh:Violation
	Source Shape: chr:SchemaPropertyVocabularyShape
	Focus Node: ex:measurement_2339-0
	Value Node: <https://loinc.org/2339-0>
	Result Path: <https://w3id.org/shexmap/resource/ontology-schema/d285f599-dc2e-4bd0-83f1-df21defa8821/hasCode>
	Message: Only the 24 properties declared in the CHR schema (plus rdf:type and rdfs:label) may be used on an individual.
Constraint Violation in ClosedConstraintComponent (http://www.w3.org/ns/shacl#ClosedConstraintComponent):
	Severity: sh:Violation
	Source Shape: chr:SchemaPropertyVocabularyShape
	Focus Node: ex:measurement_2339-0
	Value Node: Literal("198.87", datatype=xsd:float)
	Result Path: <https://w3id.org/shexmap/resource/ontology-schema/d285f599-dc2e-4bd0-83f1-df21defa8821/hasQuantityValue>
	Message: Only the 24 properties declared in the CHR schema (plus rdf:type and rdfs:label) may be used on an individual.
Constraint Violation in ClosedConstraintComponent (http://www.w3.org/ns/shacl#ClosedConstraintComponent):
	Severity: sh:Violation
	Source Shape: chr:SchemaPropertyVocabularyShape
	Focus Node: ex:measurement_2339-0
	Value Node: Literal("2024-01-31T15:47:23+01:00" = 2024-01-31 15:47:23+01:00, datatype=xsd:dateTime)
	Result Path: <https://w3id.org/shexmap/resource/ontology-schema/d285f599-dc2e-4bd0-83f1-df21defa8821/hasMeasuredDate>
	Message: Only the 24 properties declared in the CHR schema (plus rdf:type and rdfs:label) may be used on an individual.
Constraint Violation in ClosedConstraintComponent (http://www.w3.org/ns/shacl#ClosedConstraintComponent):
	Severity: sh:Violation
	Source Shape: chr:SchemaPropertyVocabularyShape
	Focus Node: ex:measurement_2339-0
	Value Node: ex:unit_mgperdL
	Result Path: <https://w3id.org/shexmap/resource/ontology-schema/d285f599-dc2e-4bd0-83f1-df21defa8821/hasUnit>
	Message: Only the 24 properties declared in the CHR schema (plus rdf:type and rdfs:label) may be used on an individual.
Constraint Violation in ClosedConstraintComponent (http://www.w3.org/ns/shacl#ClosedConstraintComponent):
	Severity: sh:Violation
	Source Shape: chr:SchemaPropertyVocabularyShape
	Focus Node: ex:measurement_29463-7
	Value Node: <https://loinc.org/29463-7>
	Result Path: <https://w3id.org/shexmap/resource/ontology-schema/d285f599-dc2e-4bd0-83f1-df21defa8821/hasCode>
	Message: Only the 24 properties declared in the CHR schema (plus rdf:type and rdfs:label) may be used on an individual.
Constraint Violation in ClosedConstraintComponent (http://www.w3.org/ns/shacl#ClosedConstraintComponent):
	Severity: sh:Violation
	Source Shape: chr:SchemaPropertyVocabularyShape
	Focus Node: ex:measurement_29463-7
	Value Node: Literal("2024-01-31T15:47:23+01:00" = 2024-01-31 15:47:23+01:00, datatype=xsd:dateTime)
	Result Path: <https://w3id.org/shexmap/resource/ontology-schema/d285f599-dc2e-4bd0-83f1-df21defa8821/hasMeasuredDate>
	Message: Only the 24 properties declared in the CHR schema (plus rdf:type and rdfs:label) may be used on an individual.
Constraint Violation in ClosedConstraintComponent (http://www.w3.org/ns/shacl#ClosedConstraintComponent):
	Severity: sh:Violation
	Source Shape: chr:SchemaPropertyVocabularyShape
	Focus Node: ex:measurement_29463-7
	Value Node: Literal("86.0", datatype=xsd:float)
	Result Path: <https://w3id.org/shexmap/resource/ontology-schema/d285f599-dc2e-4bd0-83f1-df21defa8821/hasQuantityValue>
	Message: Only the 24 properties declared in the CHR schema (plus rdf:type and rdfs:label) may be used on an individual.
Constraint Violation in ClosedConstraintComponent (http://www.w3.org/ns/shacl#ClosedConstraintComponent):
	Severity: sh:Violation
	Source Shape: chr:SchemaPropertyVocabularyShape
	Focus Node: ex:measurement_29463-7
	Value Node: ex:unit_kg
	Result Path: <https://w3id.org/shexmap/resource/ontology-schema/d285f599-dc2e-4bd0-83f1-df21defa8821/hasUnit>
	Message: Only the 24 properties declared in the CHR schema (plus rdf:type and rdfs:label) may be used on an individual.
Constraint Violation in ClosedConstraintComponent (http://www.w3.org/ns/shacl#ClosedConstraintComponent):
	Severity: sh:Violation
	Source Shape: chr:SchemaPropertyVocabularyShape
	Focus Node: ex:measurement_39156-5
	Value Node: <https://loinc.org/39156-5>
	Result Path: <https://w3id.org/shexmap/resource/ontology-schema/d285f599-dc2e-4bd0-83f1-df21defa8821/hasCode>
	Message: Only the 24 properties declared in the CHR schema (plus rdf:type and rdfs:label) may be used on an individual.
Constraint Violation in ClosedConstraintComponent (http://www.w3.org/ns/shacl#ClosedConstraintComponent):
	Severity: sh:Violation
	Source Shape: chr:SchemaPropertyVocabularyShape
	Focus Node: ex:measurement_39156-5
	Value Node: Literal("2024-01-31T15:47:23+01:00" = 2024-01-31 15:47:23+01:00, datatype=xsd:dateTime)
	Result Path: <https://w3id.org/shexmap/resource/ontology-schema/d285f599-dc2e-4bd0-83f1-df21defa8821/hasMeasuredDate>
	Message: Only the 24 properties declared in the CHR schema (plus rdf:type and rdfs:label) may be used on an individual.
Constraint Violation in ClosedConstraintComponent (http://www.w3.org/ns/shacl#ClosedConstraintComponent):
	Severity: sh:Violation
	Source Shape: chr:SchemaPropertyVocabularyShape
	Focus Node: ex:measurement_39156-5
	Value Node: Literal("27.45", datatype=xsd:float)
	Result Path: <https://w3id.org/shexmap/resource/ontology-schema/d285f599-dc2e-4bd0-83f1-df21defa8821/hasQuantityValue>
	Message: Only the 24 properties declared in the CHR schema (plus rdf:type and rdfs:label) may be used on an individual.
Constraint Violation in ClosedConstraintComponent (http://www.w3.org/ns/shacl#ClosedConstraintComponent):
	Severity: sh:Violation
	Source Shape: chr:SchemaPropertyVocabularyShape
	Focus Node: ex:measurement_39156-5
	Value Node: ex:unit_kgperm2
	Result Path: <https://w3id.org/shexmap/resource/ontology-schema/d285f599-dc2e-4bd0-83f1-df21defa8821/hasUnit>
	Message: Only the 24 properties declared in the CHR schema (plus rdf:type and rdfs:label) may be used on an individual.
Constraint Violation in ClosedConstraintComponent (http://www.w3.org/ns/shacl#ClosedConstraintComponent):
	Severity: sh:Violation
	Source Shape: chr:SchemaPropertyVocabularyShape
	Focus Node: ex:measurement_4548-4
	Value Node: <https://loinc.org/4548-4>
	Result Path: <https://w3id.org/shexmap/resource/ontology-schema/d285f599-dc2e-4bd0-83f1-df21defa8821/hasCode>
	Message: Only the 24 properties declared in the CHR schema (plus rdf:type and rdfs:label) may be used on an individual.
Constraint Violation in ClosedConstraintComponent (http://www.w3.org/ns/shacl#ClosedConstraintComponent):
	Severity: sh:Violation
	Source Shape: chr:SchemaPropertyVocabularyShape
	Focus Node: ex:measurement_4548-4
	Value Node: Literal("2024-01-31T15:47:23+01:00" = 2024-01-31 15:47:23+01:00, datatype=xsd:dateTime)
	Result Path: <https://w3id.org/shexmap/resource/ontology-schema/d285f599-dc2e-4bd0-83f1-df21defa8821/hasMeasuredDate>
	Message: Only the 24 properties declared in the CHR schema (plus rdf:type and rdfs:label) may be used on an individual.
Constraint Violation in ClosedConstraintComponent (http://www.w3.org/ns/shacl#ClosedConstraintComponent):
	Severity: sh:Violation
	Source Shape: chr:SchemaPropertyVocabularyShape
	Focus Node: ex:measurement_4548-4
	Value Node: Literal("5.36", datatype=xsd:float)
	Result Path: <https://w3id.org/shexmap/resource/ontology-schema/d285f599-dc2e-4bd0-83f1-df21defa8821/hasQuantityValue>
	Message: Only the 24 properties declared in the CHR schema (plus rdf:type and rdfs:label) may be used on an individual.
Constraint Violation in ClosedConstraintComponent (http://www.w3.org/ns/shacl#ClosedConstraintComponent):
	Severity: sh:Violation
	Source Shape: chr:SchemaPropertyVocabularyShape
	Focus Node: ex:measurement_4548-4
	Value Node: ex:unit_percent
	Result Path: <https://w3id.org/shexmap/resource/ontology-schema/d285f599-dc2e-4bd0-83f1-df21defa8821/hasUnit>
	Message: Only the 24 properties declared in the CHR schema (plus rdf:type and rdfs:label) may be used on an individual.
Constraint Violation in ClosedConstraintComponent (http://www.w3.org/ns/shacl#ClosedConstraintComponent):
	Severity: sh:Violation
	Source Shape: chr:SchemaPropertyVocabularyShape
	Focus Node: ex:measurement_5803-2
	Value Node: <https://loinc.org/5803-2>
	Result Path: <https://w3id.org/shexmap/resource/ontology-schema/d285f599-dc2e-4bd0-83f1-df21defa8821/hasCode>
	Message: Only the 24 properties declared in the CHR schema (plus rdf:type and rdfs:label) may be used on an individual.
Constraint Violation in ClosedConstraintComponent (http://www.w3.org/ns/shacl#ClosedConstraintComponent):
	Severity: sh:Violation
	Source Shape: chr:SchemaPropertyVocabularyShape
	Focus Node: ex:measurement_5803-2
	Value Node: Literal("2024-01-31T15:47:23+01:00" = 2024-01-31 15:47:23+01:00, datatype=xsd:dateTime)
	Result Path: <https://w3id.org/shexmap/resource/ontology-schema/d285f599-dc2e-4bd0-83f1-df21defa8821/hasMeasuredDate>
	Message: Only the 24 properties declared in the CHR schema (plus rdf:type and rdfs:label) may be used on an individual.
Constraint Violation in ClosedConstraintComponent (http://www.w3.org/ns/shacl#ClosedConstraintComponent):
	Severity: sh:Violation
	Source Shape: chr:SchemaPropertyVocabularyShape
	Focus Node: ex:measurement_5803-2
	Value Node: Literal("6.8401", datatype=xsd:float)
	Result Path: <https://w3id.org/shexmap/resource/ontology-schema/d285f599-dc2e-4bd0-83f1-df21defa8821/hasQuantityValue>
	Message: Only the 24 properties declared in the CHR schema (plus rdf:type and rdfs:label) may be used on an individual.
Constraint Violation in ClosedConstraintComponent (http://www.w3.org/ns/shacl#ClosedConstraintComponent):
	Severity: sh:Violation
	Source Shape: chr:SchemaPropertyVocabularyShape
	Focus Node: ex:measurement_5803-2
	Value Node: ex:unit_ph
	Result Path: <https://w3id.org/shexmap/resource/ontology-schema/d285f599-dc2e-4bd0-83f1-df21defa8821/hasUnit>
	Message: Only the 24 properties declared in the CHR schema (plus rdf:type and rdfs:label) may be used on an individual.
Constraint Violation in ClosedConstraintComponent (http://www.w3.org/ns/shacl#ClosedConstraintComponent):
	Severity: sh:Violation
	Source Shape: chr:SchemaPropertyVocabularyShape
	Focus Node: ex:measurement_5804-0
	Value Node: <https://loinc.org/5804-0>
	Result Path: <https://w3id.org/shexmap/resource/ontology-schema/d285f599-dc2e-4bd0-83f1-df21defa8821/hasCode>
	Message: Only the 24 properties declared in the CHR schema (plus rdf:type and rdfs:label) may be used on an individual.
Constraint Violation in ClosedConstraintComponent (http://www.w3.org/ns/shacl#ClosedConstraintComponent):
	Severity: sh:Violation
	Source Shape: chr:SchemaPropertyVocabularyShape
	Focus Node: ex:measurement_5804-0
	Value Node: Literal("2024-01-31T15:47:23+01:00" = 2024-01-31 15:47:23+01:00, datatype=xsd:dateTime)
	Result Path: <https://w3id.org/shexmap/resource/ontology-schema/d285f599-dc2e-4bd0-83f1-df21defa8821/hasMeasuredDate>
	Message: Only the 24 properties declared in the CHR schema (plus rdf:type and rdfs:label) may be used on an individual.
Constraint Violation in ClosedConstraintComponent (http://www.w3.org/ns/shacl#ClosedConstraintComponent):
	Severity: sh:Violation
	Source Shape: chr:SchemaPropertyVocabularyShape
	Focus Node: ex:measurement_5804-0
	Value Node: Literal("360.85", datatype=xsd:float)
	Result Path: <https://w3id.org/shexmap/resource/ontology-schema/d285f599-dc2e-4bd0-83f1-df21defa8821/hasQuantityValue>
	Message: Only the 24 properties declared in the CHR schema (plus rdf:type and rdfs:label) may be used on an individual.
Constraint Violation in ClosedConstraintComponent (http://www.w3.org/ns/shacl#ClosedConstraintComponent):
	Severity: sh:Violation
	Source Shape: chr:SchemaPropertyVocabularyShape
	Focus Node: ex:measurement_5804-0
	Value Node: ex:unit_mgperdL
	Result Path: <https://w3id.org/shexmap/resource/ontology-schema/d285f599-dc2e-4bd0-83f1-df21defa8821/hasUnit>
	Message: Only the 24 properties declared in the CHR schema (plus rdf:type and rdfs:label) may be used on an individual.
Constraint Violation in ClosedConstraintComponent (http://www.w3.org/ns/shacl#ClosedConstraintComponent):
	Severity: sh:Violation
	Source Shape: chr:SchemaPropertyVocabularyShape
	Focus Node: ex:measurement_5811-5
	Value Node: <https://loinc.org/5811-5>
	Result Path: <https://w3id.org/shexmap/resource/ontology-schema/d285f599-dc2e-4bd0-83f1-df21defa8821/hasCode>
	Message: Only the 24 properties declared in the CHR schema (plus rdf:type and rdfs:label) may be used on an individual.
Constraint Violation in ClosedConstraintComponent (http://www.w3.org/ns/shacl#ClosedConstraintComponent):
	Severity: sh:Violation
	Source Shape: chr:SchemaPropertyVocabularyShape
	Focus Node: ex:measurement_5811-5
	Value Node: Literal("1.0053", datatype=xsd:float)
	Result Path: <https://w3id.org/shexmap/resource/ontology-schema/d285f599-dc2e-4bd0-83f1-df21defa8821/hasQuantityValue>
	Message: Only the 24 properties declared in the CHR schema (plus rdf:type and rdfs:label) may be used on an individual.
Constraint Violation in ClosedConstraintComponent (http://www.w3.org/ns/shacl#ClosedConstraintComponent):
	Severity: sh:Violation
	Source Shape: chr:SchemaPropertyVocabularyShape
	Focus Node: ex:measurement_5811-5
	Value Node: Literal("2024-01-31T15:47:23+01:00" = 2024-01-31 15:47:23+01:00, datatype=xsd:dateTime)
	Result Path: <https://w3id.org/shexmap/resource/ontology-schema/d285f599-dc2e-4bd0-83f1-df21defa8821/hasMeasuredDate>
	Message: Only the 24 properties declared in the CHR schema (plus rdf:type and rdfs:label) may be used on an individual.
Constraint Violation in ClosedConstraintComponent (http://www.w3.org/ns/shacl#ClosedConstraintComponent):
	Severity: sh:Violation
	Source Shape: chr:SchemaPropertyVocabularyShape
	Focus Node: ex:measurement_5811-5
	Value Node: ex:unit_cblnominalcbr
	Result Path: <https://w3id.org/shexmap/resource/ontology-schema/d285f599-dc2e-4bd0-83f1-df21defa8821/hasUnit>
	Message: Only the 24 properties declared in the CHR schema (plus rdf:type and rdfs:label) may be used on an individual.
Constraint Violation in ClosedConstraintComponent (http://www.w3.org/ns/shacl#ClosedConstraintComponent):
	Severity: sh:Violation
	Source Shape: chr:SchemaPropertyVocabularyShape
	Focus Node: ex:measurement_6299-2
	Value Node: <https://loinc.org/6299-2>
	Result Path: <https://w3id.org/shexmap/resource/ontology-schema/d285f599-dc2e-4bd0-83f1-df21defa8821/hasCode>
	Message: Only the 24 properties declared in the CHR schema (plus rdf:type and rdfs:label) may be used on an individual.
Constraint Violation in ClosedConstraintComponent (http://www.w3.org/ns/shacl#ClosedConstraintComponent):
	Severity: sh:Violation
	Source Shape: chr:SchemaPropertyVocabularyShape
	Focus Node: ex:measurement_6299-2
	Value Node: Literal("19.56", datatype=xsd:float)
	Result Path: <https://w3id.org/shexmap/resource/ontology-schema/d285f599-dc2e-4bd0-83f1-df21defa8821/hasQuantityValue>
	Message: Only the 24 properties declared in the CHR schema (plus rdf:type and rdfs:label) may be used on an individual.
Constraint Violation in ClosedConstraintComponent (http://www.w3.org/ns/shacl#ClosedConstraintComponent):
	Severity: sh:Violation
	Source Shape: chr:SchemaPropertyVocabularyShape
	Focus Node: ex:measurement_6299-2
	Value Node: Literal("2024-01-31T15:47:23+01:00" = 2024-01-31 15:47:23+01:00, datatype=xsd:dateTime)
	Result Path: <https://w3id.org/shexmap/resource/ontology-schema/d285f599-dc2e-4bd0-83f1-df21defa8821/hasMeasuredDate>
	Message: Only the 24 properties declared in the CHR schema (plus rdf:type and rdfs:label) may be used on an individual.
Constraint Violation in ClosedConstraintComponent (http://www.w3.org/ns/shacl#ClosedConstraintComponent):
	Severity: sh:Violation
	Source Shape: chr:SchemaPropertyVocabularyShape
	Focus Node: ex:measurement_6299-2
	Value Node: ex:unit_mgperdL
	Result Path: <https://w3id.org/shexmap/resource/ontology-schema/d285f599-dc2e-4bd0-83f1-df21defa8821/hasUnit>
	Message: Only the 24 properties declared in the CHR schema (plus rdf:type and rdfs:label) may be used on an individual.
Constraint Violation in ClosedConstraintComponent (http://www.w3.org/ns/shacl#ClosedConstraintComponent):
	Severity: sh:Violation
	Source Shape: chr:SchemaPropertyVocabularyShape
	Focus Node: ex:measurement_72514-3
	Value Node: <https://loinc.org/72514-3>
	Result Path: <https://w3id.org/shexmap/resource/ontology-schema/d285f599-dc2e-4bd0-83f1-df21defa8821/hasCode>
	Message: Only the 24 properties declared in the CHR schema (plus rdf:type and rdfs:label) may be used on an individual.
Constraint Violation in ClosedConstraintComponent (http://www.w3.org/ns/shacl#ClosedConstraintComponent):
	Severity: sh:Violation
	Source Shape: chr:SchemaPropertyVocabularyShape
	Focus Node: ex:measurement_72514-3
	Value Node: Literal("2024-01-31T15:47:23+01:00" = 2024-01-31 15:47:23+01:00, datatype=xsd:dateTime)
	Result Path: <https://w3id.org/shexmap/resource/ontology-schema/d285f599-dc2e-4bd0-83f1-df21defa8821/hasMeasuredDate>
	Message: Only the 24 properties declared in the CHR schema (plus rdf:type and rdfs:label) may be used on an individual.
Constraint Violation in ClosedConstraintComponent (http://www.w3.org/ns/shacl#ClosedConstraintComponent):
	Severity: sh:Violation
	Source Shape: chr:SchemaPropertyVocabularyShape
	Focus Node: ex:measurement_72514-3
	Value Node: Literal("3.0", datatype=xsd:float)
	Result Path: <https://w3id.org/shexmap/resource/ontology-schema/d285f599-dc2e-4bd0-83f1-df21defa8821/hasQuantityValue>
	Message: Only the 24 properties declared in the CHR schema (plus rdf:type and rdfs:label) may be used on an individual.
Constraint Violation in ClosedConstraintComponent (http://www.w3.org/ns/shacl#ClosedConstraintComponent):
	Severity: sh:Violation
	Source Shape: chr:SchemaPropertyVocabularyShape
	Focus Node: ex:measurement_72514-3
	Value Node: ex:unit_cblscorecbr
	Result Path: <https://w3id.org/shexmap/resource/ontology-schema/d285f599-dc2e-4bd0-83f1-df21defa8821/hasUnit>
	Message: Only the 24 properties declared in the CHR schema (plus rdf:type and rdfs:label) may be used on an individual.
Constraint Violation in ClosedConstraintComponent (http://www.w3.org/ns/shacl#ClosedConstraintComponent):
	Severity: sh:Violation
	Source Shape: chr:SchemaPropertyVocabularyShape
	Focus Node: ex:measurement_8302-2
	Value Node: <https://loinc.org/8302-2>
	Result Path: <https://w3id.org/shexmap/resource/ontology-schema/d285f599-dc2e-4bd0-83f1-df21defa8821/hasCode>
	Message: Only the 24 properties declared in the CHR schema (plus rdf:type and rdfs:label) may be used on an individual.
Constraint Violation in ClosedConstraintComponent (http://www.w3.org/ns/shacl#ClosedConstraintComponent):
	Severity: sh:Violation
	Source Shape: chr:SchemaPropertyVocabularyShape
	Focus Node: ex:measurement_8302-2
	Value Node: Literal("177.0", datatype=xsd:float)
	Result Path: <https://w3id.org/shexmap/resource/ontology-schema/d285f599-dc2e-4bd0-83f1-df21defa8821/hasQuantityValue>
	Message: Only the 24 properties declared in the CHR schema (plus rdf:type and rdfs:label) may be used on an individual.
Constraint Violation in ClosedConstraintComponent (http://www.w3.org/ns/shacl#ClosedConstraintComponent):
	Severity: sh:Violation
	Source Shape: chr:SchemaPropertyVocabularyShape
	Focus Node: ex:measurement_8302-2
	Value Node: Literal("2024-01-31T15:47:23+01:00" = 2024-01-31 15:47:23+01:00, datatype=xsd:dateTime)
	Result Path: <https://w3id.org/shexmap/resource/ontology-schema/d285f599-dc2e-4bd0-83f1-df21defa8821/hasMeasuredDate>
	Message: Only the 24 properties declared in the CHR schema (plus rdf:type and rdfs:label) may be used on an individual.
Constraint Violation in ClosedConstraintComponent (http://www.w3.org/ns/shacl#ClosedConstraintComponent):
	Severity: sh:Violation
	Source Shape: chr:SchemaPropertyVocabularyShape
	Focus Node: ex:measurement_8302-2
	Value Node: ex:unit_cm
	Result Path: <https://w3id.org/shexmap/resource/ontology-schema/d285f599-dc2e-4bd0-83f1-df21defa8821/hasUnit>
	Message: Only the 24 properties declared in the CHR schema (plus rdf:type and rdfs:label) may be used on an individual.
Constraint Violation in ClosedConstraintComponent (http://www.w3.org/ns/shacl#ClosedConstraintComponent):
	Severity: sh:Violation
	Source Shape: chr:SchemaPropertyVocabularyShape
	Focus Node: ex:measurement_8867-4
	Value Node: <https://loinc.org/8867-4>
	Result Path: <https://w3id.org/shexmap/resource/ontology-schema/d285f599-dc2e-4bd0-83f1-df21defa8821/hasCode>
	Message: Only the 24 properties declared in the CHR schema (plus rdf:type and rdfs:label) may be used on an individual.
Constraint Violation in ClosedConstraintComponent (http://www.w3.org/ns/shacl#ClosedConstraintComponent):
	Severity: sh:Violation
	Source Shape: chr:SchemaPropertyVocabularyShape
	Focus Node: ex:measurement_8867-4
	Value Node: Literal("2024-01-31T15:47:23+01:00" = 2024-01-31 15:47:23+01:00, datatype=xsd:dateTime)
	Result Path: <https://w3id.org/shexmap/resource/ontology-schema/d285f599-dc2e-4bd0-83f1-df21defa8821/hasMeasuredDate>
	Message: Only the 24 properties declared in the CHR schema (plus rdf:type and rdfs:label) may be used on an individual.
Constraint Violation in ClosedConstraintComponent (http://www.w3.org/ns/shacl#ClosedConstraintComponent):
	Severity: sh:Violation
	Source Shape: chr:SchemaPropertyVocabularyShape
	Focus Node: ex:measurement_8867-4
	Value Node: Literal("86.0", datatype=xsd:float)
	Result Path: <https://w3id.org/shexmap/resource/ontology-schema/d285f599-dc2e-4bd0-83f1-df21defa8821/hasQuantityValue>
	Message: Only the 24 properties declared in the CHR schema (plus rdf:type and rdfs:label) may be used on an individual.
Constraint Violation in ClosedConstraintComponent (http://www.w3.org/ns/shacl#ClosedConstraintComponent):
	Severity: sh:Violation
	Source Shape: chr:SchemaPropertyVocabularyShape
	Focus Node: ex:measurement_8867-4
	Value Node: ex:unit_permin
	Result Path: <https://w3id.org/shexmap/resource/ontology-schema/d285f599-dc2e-4bd0-83f1-df21defa8821/hasUnit>
	Message: Only the 24 properties declared in the CHR schema (plus rdf:type and rdfs:label) may be used on an individual.
Constraint Violation in ClosedConstraintComponent (http://www.w3.org/ns/shacl#ClosedConstraintComponent):
	Severity: sh:Violation
	Source Shape: chr:SchemaPropertyVocabularyShape
	Focus Node: ex:measurement_9279-1
	Value Node: <https://loinc.org/9279-1>
	Result Path: <https://w3id.org/shexmap/resource/ontology-schema/d285f599-dc2e-4bd0-83f1-df21defa8821/hasCode>
	Message: Only the 24 properties declared in the CHR schema (plus rdf:type and rdfs:label) may be used on an individual.
Constraint Violation in ClosedConstraintComponent (http://www.w3.org/ns/shacl#ClosedConstraintComponent):
	Severity: sh:Violation
	Source Shape: chr:SchemaPropertyVocabularyShape
	Focus Node: ex:measurement_9279-1
	Value Node: Literal("15.0", datatype=xsd:float)
	Result Path: <https://w3id.org/shexmap/resource/ontology-schema/d285f599-dc2e-4bd0-83f1-df21defa8821/hasQuantityValue>
	Message: Only the 24 properties declared in the CHR schema (plus rdf:type and rdfs:label) may be used on an individual.
Constraint Violation in ClosedConstraintComponent (http://www.w3.org/ns/shacl#ClosedConstraintComponent):
	Severity: sh:Violation
	Source Shape: chr:SchemaPropertyVocabularyShape
	Focus Node: ex:measurement_9279-1
	Value Node: Literal("2024-01-31T15:47:23+01:00" = 2024-01-31 15:47:23+01:00, datatype=xsd:dateTime)
	Result Path: <https://w3id.org/shexmap/resource/ontology-schema/d285f599-dc2e-4bd0-83f1-df21defa8821/hasMeasuredDate>
	Message: Only the 24 properties declared in the CHR schema (plus rdf:type and rdfs:label) may be used on an individual.
Constraint Violation in ClosedConstraintComponent (http://www.w3.org/ns/shacl#ClosedConstraintComponent):
	Severity: sh:Violation
	Source Shape: chr:SchemaPropertyVocabularyShape
	Focus Node: ex:measurement_9279-1
	Value Node: ex:unit_permin
	Result Path: <https://w3id.org/shexmap/resource/ontology-schema/d285f599-dc2e-4bd0-83f1-df21defa8821/hasUnit>
	Message: Only the 24 properties declared in the CHR schema (plus rdf:type and rdfs:label) may be used on an individual.
Constraint Violation in ClosedConstraintComponent (http://www.w3.org/ns/shacl#ClosedConstraintComponent):
	Severity: sh:Violation
	Source Shape: chr:SchemaPropertyVocabularyShape
	Focus Node: ex:measurement_process_2339-0
	Value Node: Literal("2024-01-31T15:47:23+01:00" = 2024-01-31 15:47:23+01:00, datatype=xsd:dateTime)
	Result Path: <https://w3id.org/shexmap/resource/ontology-schema/d285f599-dc2e-4bd0-83f1-df21defa8821/hasPerformedDate>
	Message: Only the 24 properties declared in the CHR schema (plus rdf:type and rdfs:label) may be used on an individual.
Constraint Violation in ClosedConstraintComponent (http://www.w3.org/ns/shacl#ClosedConstraintComponent):
	Severity: sh:Violation
	Source Shape: chr:SchemaPropertyVocabularyShape
	Focus Node: ex:measurement_process_2339-0
	Value Node: ex:Arlen68_Olson653
	Result Path: <https://w3id.org/shexmap/resource/ontology-schema/d285f599-dc2e-4bd0-83f1-df21defa8821/hasPatient>
	Message: Only the 24 properties declared in the CHR schema (plus rdf:type and rdfs:label) may be used on an individual.
Constraint Violation in ClosedConstraintComponent (http://www.w3.org/ns/shacl#ClosedConstraintComponent):
	Severity: sh:Violation
	Source Shape: chr:SchemaPropertyVocabularyShape
	Focus Node: ex:measurement_process_2339-0
	Value Node: ex:Dr_Domenic627_Blick895
	Result Path: <https://w3id.org/shexmap/resource/ontology-schema/d285f599-dc2e-4bd0-83f1-df21defa8821/hasPerformer>
	Message: Only the 24 properties declared in the CHR schema (plus rdf:type and rdfs:label) may be used on an individual.
Constraint Violation in ClosedConstraintComponent (http://www.w3.org/ns/shacl#ClosedConstraintComponent):
	Severity: sh:Violation
	Source Shape: chr:SchemaPropertyVocabularyShape
	Focus Node: ex:measurement_process_2339-0
	Value Node: ex:measurement_2339-0
	Result Path: <https://w3id.org/shexmap/resource/ontology-schema/d285f599-dc2e-4bd0-83f1-df21defa8821/hasResult>
	Message: Only the 24 properties declared in the CHR schema (plus rdf:type and rdfs:label) may be used on an individual.
Constraint Violation in ClosedConstraintComponent (http://www.w3.org/ns/shacl#ClosedConstraintComponent):
	Severity: sh:Violation
	Source Shape: chr:SchemaPropertyVocabularyShape
	Focus Node: ex:measurement_process_2339-0
	Value Node: ex:status_completed
	Result Path: <https://w3id.org/shexmap/resource/ontology-schema/d285f599-dc2e-4bd0-83f1-df21defa8821/hasStatus>
	Message: Only the 24 properties declared in the CHR schema (plus rdf:type and rdfs:label) may be used on an individual.
Constraint Violation in ClosedConstraintComponent (http://www.w3.org/ns/shacl#ClosedConstraintComponent):
	Severity: sh:Violation
	Source Shape: chr:SchemaPropertyVocabularyShape
	Focus Node: ex:measurement_process_29463-7
	Value Node: Literal("2024-01-31T15:47:23+01:00" = 2024-01-31 15:47:23+01:00, datatype=xsd:dateTime)
	Result Path: <https://w3id.org/shexmap/resource/ontology-schema/d285f599-dc2e-4bd0-83f1-df21defa8821/hasPerformedDate>
	Message: Only the 24 properties declared in the CHR schema (plus rdf:type and rdfs:label) may be used on an individual.
Constraint Violation in ClosedConstraintComponent (http://www.w3.org/ns/shacl#ClosedConstraintComponent):
	Severity: sh:Violation
	Source Shape: chr:SchemaPropertyVocabularyShape
	Focus Node: ex:measurement_process_29463-7
	Value Node: ex:Arlen68_Olson653
	Result Path: <https://w3id.org/shexmap/resource/ontology-schema/d285f599-dc2e-4bd0-83f1-df21defa8821/hasPatient>
	Message: Only the 24 properties declared in the CHR schema (plus rdf:type and rdfs:label) may be used on an individual.
Constraint Violation in ClosedConstraintComponent (http://www.w3.org/ns/shacl#ClosedConstraintComponent):
	Severity: sh:Violation
	Source Shape: chr:SchemaPropertyVocabularyShape
	Focus Node: ex:measurement_process_29463-7
	Value Node: ex:Dr_Domenic627_Blick895
	Result Path: <https://w3id.org/shexmap/resource/ontology-schema/d285f599-dc2e-4bd0-83f1-df21defa8821/hasPerformer>
	Message: Only the 24 properties declared in the CHR schema (plus rdf:type and rdfs:label) may be used on an individual.
Constraint Violation in ClosedConstraintComponent (http://www.w3.org/ns/shacl#ClosedConstraintComponent):
	Severity: sh:Violation
	Source Shape: chr:SchemaPropertyVocabularyShape
	Focus Node: ex:measurement_process_29463-7
	Value Node: ex:measurement_29463-7
	Result Path: <https://w3id.org/shexmap/resource/ontology-schema/d285f599-dc2e-4bd0-83f1-df21defa8821/hasResult>
	Message: Only the 24 properties declared in the CHR schema (plus rdf:type and rdfs:label) may be used on an individual.
Constraint Violation in ClosedConstraintComponent (http://www.w3.org/ns/shacl#ClosedConstraintComponent):
	Severity: sh:Violation
	Source Shape: chr:SchemaPropertyVocabularyShape
	Focus Node: ex:measurement_process_29463-7
	Value Node: ex:status_completed
	Result Path: <https://w3id.org/shexmap/resource/ontology-schema/d285f599-dc2e-4bd0-83f1-df21defa8821/hasStatus>
	Message: Only the 24 properties declared in the CHR schema (plus rdf:type and rdfs:label) may be used on an individual.
Constraint Violation in ClosedConstraintComponent (http://www.w3.org/ns/shacl#ClosedConstraintComponent):
	Severity: sh:Violation
	Source Shape: chr:SchemaPropertyVocabularyShape
	Focus Node: ex:measurement_process_39156-5
	Value Node: Literal("2024-01-31T15:47:23+01:00" = 2024-01-31 15:47:23+01:00, datatype=xsd:dateTime)
	Result Path: <https://w3id.org/shexmap/resource/ontology-schema/d285f599-dc2e-4bd0-83f1-df21defa8821/hasPerformedDate>
	Message: Only the 24 properties declared in the CHR schema (plus rdf:type and rdfs:label) may be used on an individual.
Constraint Violation in ClosedConstraintComponent (http://www.w3.org/ns/shacl#ClosedConstraintComponent):
	Severity: sh:Violation
	Source Shape: chr:SchemaPropertyVocabularyShape
	Focus Node: ex:measurement_process_39156-5
	Value Node: ex:Arlen68_Olson653
	Result Path: <https://w3id.org/shexmap/resource/ontology-schema/d285f599-dc2e-4bd0-83f1-df21defa8821/hasPatient>
	Message: Only the 24 properties declared in the CHR schema (plus rdf:type and rdfs:label) may be used on an individual.
Constraint Violation in ClosedConstraintComponent (http://www.w3.org/ns/shacl#ClosedConstraintComponent):
	Severity: sh:Violation
	Source Shape: chr:SchemaPropertyVocabularyShape
	Focus Node: ex:measurement_process_39156-5
	Value Node: ex:Dr_Domenic627_Blick895
	Result Path: <https://w3id.org/shexmap/resource/ontology-schema/d285f599-dc2e-4bd0-83f1-df21defa8821/hasPerformer>
	Message: Only the 24 properties declared in the CHR schema (plus rdf:type and rdfs:label) may be used on an individual.
Constraint Violation in ClosedConstraintComponent (http://www.w3.org/ns/shacl#ClosedConstraintComponent):
	Severity: sh:Violation
	Source Shape: chr:SchemaPropertyVocabularyShape
	Focus Node: ex:measurement_process_39156-5
	Value Node: ex:measurement_39156-5
	Result Path: <https://w3id.org/shexmap/resource/ontology-schema/d285f599-dc2e-4bd0-83f1-df21defa8821/hasResult>
	Message: Only the 24 properties declared in the CHR schema (plus rdf:type and rdfs:label) may be used on an individual.
Constraint Violation in ClosedConstraintComponent (http://www.w3.org/ns/shacl#ClosedConstraintComponent):
	Severity: sh:Violation
	Source Shape: chr:SchemaPropertyVocabularyShape
	Focus Node: ex:measurement_process_39156-5
	Value Node: ex:status_completed
	Result Path: <https://w3id.org/shexmap/resource/ontology-schema/d285f599-dc2e-4bd0-83f1-df21defa8821/hasStatus>
	Message: Only the 24 properties declared in the CHR schema (plus rdf:type and rdfs:label) may be used on an individual.
Constraint Violation in ClosedConstraintComponent (http://www.w3.org/ns/shacl#ClosedConstraintComponent):
	Severity: sh:Violation
	Source Shape: chr:SchemaPropertyVocabularyShape
	Focus Node: ex:measurement_process_4548-4
	Value Node: Literal("2024-01-31T15:47:23+01:00" = 2024-01-31 15:47:23+01:00, datatype=xsd:dateTime)
	Result Path: <https://w3id.org/shexmap/resource/ontology-schema/d285f599-dc2e-4bd0-83f1-df21defa8821/hasPerformedDate>
	Message: Only the 24 properties declared in the CHR schema (plus rdf:type and rdfs:label) may be used on an individual.
Constraint Violation in ClosedConstraintComponent (http://www.w3.org/ns/shacl#ClosedConstraintComponent):
	Severity: sh:Violation
	Source Shape: chr:SchemaPropertyVocabularyShape
	Focus Node: ex:measurement_process_4548-4
	Value Node: ex:Arlen68_Olson653
	Result Path: <https://w3id.org/shexmap/resource/ontology-schema/d285f599-dc2e-4bd0-83f1-df21defa8821/hasPatient>
	Message: Only the 24 properties declared in the CHR schema (plus rdf:type and rdfs:label) may be used on an individual.
Constraint Violation in ClosedConstraintComponent (http://www.w3.org/ns/shacl#ClosedConstraintComponent):
	Severity: sh:Violation
	Source Shape: chr:SchemaPropertyVocabularyShape
	Focus Node: ex:measurement_process_4548-4
	Value Node: ex:Dr_Domenic627_Blick895
	Result Path: <https://w3id.org/shexmap/resource/ontology-schema/d285f599-dc2e-4bd0-83f1-df21defa8821/hasPerformer>
	Message: Only the 24 properties declared in the CHR schema (plus rdf:type and rdfs:label) may be used on an individual.
Constraint Violation in ClosedConstraintComponent (http://www.w3.org/ns/shacl#ClosedConstraintComponent):
	Severity: sh:Violation
	Source Shape: chr:SchemaPropertyVocabularyShape
	Focus Node: ex:measurement_process_4548-4
	Value Node: ex:measurement_4548-4
	Result Path: <https://w3id.org/shexmap/resource/ontology-schema/d285f599-dc2e-4bd0-83f1-df21defa8821/hasResult>
	Message: Only the 24 properties declared in the CHR schema (plus rdf:type and rdfs:label) may be used on an individual.
Constraint Violation in ClosedConstraintComponent (http://www.w3.org/ns/shacl#ClosedConstraintComponent):
	Severity: sh:Violation
	Source Shape: chr:SchemaPropertyVocabularyShape
	Focus Node: ex:measurement_process_4548-4
	Value Node: ex:status_completed
	Result Path: <https://w3id.org/shexmap/resource/ontology-schema/d285f599-dc2e-4bd0-83f1-df21defa8821/hasStatus>
	Message: Only the 24 properties declared in the CHR schema (plus rdf:type and rdfs:label) may be used on an individual.
Constraint Violation in ClosedConstraintComponent (http://www.w3.org/ns/shacl#ClosedConstraintComponent):
	Severity: sh:Violation
	Source Shape: chr:SchemaPropertyVocabularyShape
	Focus Node: ex:measurement_process_5803-2
	Value Node: Literal("2024-01-31T15:47:23+01:00" = 2024-01-31 15:47:23+01:00, datatype=xsd:dateTime)
	Result Path: <https://w3id.org/shexmap/resource/ontology-schema/d285f599-dc2e-4bd0-83f1-df21defa8821/hasPerformedDate>
	Message: Only the 24 properties declared in the CHR schema (plus rdf:type and rdfs:label) may be used on an individual.
Constraint Violation in ClosedConstraintComponent (http://www.w3.org/ns/shacl#ClosedConstraintComponent):
	Severity: sh:Violation
	Source Shape: chr:SchemaPropertyVocabularyShape
	Focus Node: ex:measurement_process_5803-2
	Value Node: ex:Arlen68_Olson653
	Result Path: <https://w3id.org/shexmap/resource/ontology-schema/d285f599-dc2e-4bd0-83f1-df21defa8821/hasPatient>
	Message: Only the 24 properties declared in the CHR schema (plus rdf:type and rdfs:label) may be used on an individual.
Constraint Violation in ClosedConstraintComponent (http://www.w3.org/ns/shacl#ClosedConstraintComponent):
	Severity: sh:Violation
	Source Shape: chr:SchemaPropertyVocabularyShape
	Focus Node: ex:measurement_process_5803-2
	Value Node: ex:Dr_Domenic627_Blick895
	Result Path: <https://w3id.org/shexmap/resource/ontology-schema/d285f599-dc2e-4bd0-83f1-df21defa8821/hasPerformer>
	Message: Only the 24 properties declared in the CHR schema (plus rdf:type and rdfs:label) may be used on an individual.
Constraint Violation in ClosedConstraintComponent (http://www.w3.org/ns/shacl#ClosedConstraintComponent):
	Severity: sh:Violation
	Source Shape: chr:SchemaPropertyVocabularyShape
	Focus Node: ex:measurement_process_5803-2
	Value Node: ex:measurement_5803-2
	Result Path: <https://w3id.org/shexmap/resource/ontology-schema/d285f599-dc2e-4bd0-83f1-df21defa8821/hasResult>
	Message: Only the 24 properties declared in the CHR schema (plus rdf:type and rdfs:label) may be used on an individual.
Constraint Violation in ClosedConstraintComponent (http://www.w3.org/ns/shacl#ClosedConstraintComponent):
	Severity: sh:Violation
	Source Shape: chr:SchemaPropertyVocabularyShape
	Focus Node: ex:measurement_process_5803-2
	Value Node: ex:status_completed
	Result Path: <https://w3id.org/shexmap/resource/ontology-schema/d285f599-dc2e-4bd0-83f1-df21defa8821/hasStatus>
	Message: Only the 24 properties declared in the CHR schema (plus rdf:type and rdfs:label) may be used on an individual.
Constraint Violation in ClosedConstraintComponent (http://www.w3.org/ns/shacl#ClosedConstraintComponent):
	Severity: sh:Violation
	Source Shape: chr:SchemaPropertyVocabularyShape
	Focus Node: ex:measurement_process_5804-0
	Value Node: Literal("2024-01-31T15:47:23+01:00" = 2024-01-31 15:47:23+01:00, datatype=xsd:dateTime)
	Result Path: <https://w3id.org/shexmap/resource/ontology-schema/d285f599-dc2e-4bd0-83f1-df21defa8821/hasPerformedDate>
	Message: Only the 24 properties declared in the CHR schema (plus rdf:type and rdfs:label) may be used on an individual.
Constraint Violation in ClosedConstraintComponent (http://www.w3.org/ns/shacl#ClosedConstraintComponent):
	Severity: sh:Violation
	Source Shape: chr:SchemaPropertyVocabularyShape
	Focus Node: ex:measurement_process_5804-0
	Value Node: ex:Arlen68_Olson653
	Result Path: <https://w3id.org/shexmap/resource/ontology-schema/d285f599-dc2e-4bd0-83f1-df21defa8821/hasPatient>
	Message: Only the 24 properties declared in the CHR schema (plus rdf:type and rdfs:label) may be used on an individual.
Constraint Violation in ClosedConstraintComponent (http://www.w3.org/ns/shacl#ClosedConstraintComponent):
	Severity: sh:Violation
	Source Shape: chr:SchemaPropertyVocabularyShape
	Focus Node: ex:measurement_process_5804-0
	Value Node: ex:Dr_Domenic627_Blick895
	Result Path: <https://w3id.org/shexmap/resource/ontology-schema/d285f599-dc2e-4bd0-83f1-df21defa8821/hasPerformer>
	Message: Only the 24 properties declared in the CHR schema (plus rdf:type and rdfs:label) may be used on an individual.
Constraint Violation in ClosedConstraintComponent (http://www.w3.org/ns/shacl#ClosedConstraintComponent):
	Severity: sh:Violation
	Source Shape: chr:SchemaPropertyVocabularyShape
	Focus Node: ex:measurement_process_5804-0
	Value Node: ex:measurement_5804-0
	Result Path: <https://w3id.org/shexmap/resource/ontology-schema/d285f599-dc2e-4bd0-83f1-df21defa8821/hasResult>
	Message: Only the 24 properties declared in the CHR schema (plus rdf:type and rdfs:label) may be used on an individual.
Constraint Violation in ClosedConstraintComponent (http://www.w3.org/ns/shacl#ClosedConstraintComponent):
	Severity: sh:Violation
	Source Shape: chr:SchemaPropertyVocabularyShape
	Focus Node: ex:measurement_process_5804-0
	Value Node: ex:status_completed
	Result Path: <https://w3id.org/shexmap/resource/ontology-schema/d285f599-dc2e-4bd0-83f1-df21defa8821/hasStatus>
	Message: Only the 24 properties declared in the CHR schema (plus rdf:type and rdfs:label) may be used on an individual.
Constraint Violation in ClosedConstraintComponent (http://www.w3.org/ns/shacl#ClosedConstraintComponent):
	Severity: sh:Violation
	Source Shape: chr:SchemaPropertyVocabularyShape
	Focus Node: ex:measurement_process_5811-5
	Value Node: Literal("2024-01-31T15:47:23+01:00" = 2024-01-31 15:47:23+01:00, datatype=xsd:dateTime)
	Result Path: <https://w3id.org/shexmap/resource/ontology-schema/d285f599-dc2e-4bd0-83f1-df21defa8821/hasPerformedDate>
	Message: Only the 24 properties declared in the CHR schema (plus rdf:type and rdfs:label) may be used on an individual.
Constraint Violation in ClosedConstraintComponent (http://www.w3.org/ns/shacl#ClosedConstraintComponent):
	Severity: sh:Violation
	Source Shape: chr:SchemaPropertyVocabularyShape
	Focus Node: ex:measurement_process_5811-5
	Value Node: ex:Arlen68_Olson653
	Result Path: <https://w3id.org/shexmap/resource/ontology-schema/d285f599-dc2e-4bd0-83f1-df21defa8821/hasPatient>
	Message: Only the 24 properties declared in the CHR schema (plus rdf:type and rdfs:label) may be used on an individual.
Constraint Violation in ClosedConstraintComponent (http://www.w3.org/ns/shacl#ClosedConstraintComponent):
	Severity: sh:Violation
	Source Shape: chr:SchemaPropertyVocabularyShape
	Focus Node: ex:measurement_process_5811-5
	Value Node: ex:Dr_Domenic627_Blick895
	Result Path: <https://w3id.org/shexmap/resource/ontology-schema/d285f599-dc2e-4bd0-83f1-df21defa8821/hasPerformer>
	Message: Only the 24 properties declared in the CHR schema (plus rdf:type and rdfs:label) may be used on an individual.
Constraint Violation in ClosedConstraintComponent (http://www.w3.org/ns/shacl#ClosedConstraintComponent):
	Severity: sh:Violation
	Source Shape: chr:SchemaPropertyVocabularyShape
	Focus Node: ex:measurement_process_5811-5
	Value Node: ex:measurement_5811-5
	Result Path: <https://w3id.org/shexmap/resource/ontology-schema/d285f599-dc2e-4bd0-83f1-df21defa8821/hasResult>
	Message: Only the 24 properties declared in the CHR schema (plus rdf:type and rdfs:label) may be used on an individual.
Constraint Violation in ClosedConstraintComponent (http://www.w3.org/ns/shacl#ClosedConstraintComponent):
	Severity: sh:Violation
	Source Shape: chr:SchemaPropertyVocabularyShape
	Focus Node: ex:measurement_process_5811-5
	Value Node: ex:status_completed
	Result Path: <https://w3id.org/shexmap/resource/ontology-schema/d285f599-dc2e-4bd0-83f1-df21defa8821/hasStatus>
	Message: Only the 24 properties declared in the CHR schema (plus rdf:type and rdfs:label) may be used on an individual.
Constraint Violation in ClosedConstraintComponent (http://www.w3.org/ns/shacl#ClosedConstraintComponent):
	Severity: sh:Violation
	Source Shape: chr:SchemaPropertyVocabularyShape
	Focus Node: ex:measurement_process_6299-2
	Value Node: Literal("2024-01-31T15:47:23+01:00" = 2024-01-31 15:47:23+01:00, datatype=xsd:dateTime)
	Result Path: <https://w3id.org/shexmap/resource/ontology-schema/d285f599-dc2e-4bd0-83f1-df21defa8821/hasPerformedDate>
	Message: Only the 24 properties declared in the CHR schema (plus rdf:type and rdfs:label) may be used on an individual.
Constraint Violation in ClosedConstraintComponent (http://www.w3.org/ns/shacl#ClosedConstraintComponent):
	Severity: sh:Violation
	Source Shape: chr:SchemaPropertyVocabularyShape
	Focus Node: ex:measurement_process_6299-2
	Value Node: ex:Arlen68_Olson653
	Result Path: <https://w3id.org/shexmap/resource/ontology-schema/d285f599-dc2e-4bd0-83f1-df21defa8821/hasPatient>
	Message: Only the 24 properties declared in the CHR schema (plus rdf:type and rdfs:label) may be used on an individual.
Constraint Violation in ClosedConstraintComponent (http://www.w3.org/ns/shacl#ClosedConstraintComponent):
	Severity: sh:Violation
	Source Shape: chr:SchemaPropertyVocabularyShape
	Focus Node: ex:measurement_process_6299-2
	Value Node: ex:Dr_Domenic627_Blick895
	Result Path: <https://w3id.org/shexmap/resource/ontology-schema/d285f599-dc2e-4bd0-83f1-df21defa8821/hasPerformer>
	Message: Only the 24 properties declared in the CHR schema (plus rdf:type and rdfs:label) may be used on an individual.
Constraint Violation in ClosedConstraintComponent (http://www.w3.org/ns/shacl#ClosedConstraintComponent):
	Severity: sh:Violation
	Source Shape: chr:SchemaPropertyVocabularyShape
	Focus Node: ex:measurement_process_6299-2
	Value Node: ex:measurement_6299-2
	Result Path: <https://w3id.org/shexmap/resource/ontology-schema/d285f599-dc2e-4bd0-83f1-df21defa8821/hasResult>
	Message: Only the 24 properties declared in the CHR schema (plus rdf:type and rdfs:label) may be used on an individual.
Constraint Violation in ClosedConstraintComponent (http://www.w3.org/ns/shacl#ClosedConstraintComponent):
	Severity: sh:Violation
	Source Shape: chr:SchemaPropertyVocabularyShape
	Focus Node: ex:measurement_process_6299-2
	Value Node: ex:status_completed
	Result Path: <https://w3id.org/shexmap/resource/ontology-schema/d285f599-dc2e-4bd0-83f1-df21defa8821/hasStatus>
	Message: Only the 24 properties declared in the CHR schema (plus rdf:type and rdfs:label) may be used on an individual.
Constraint Violation in ClosedConstraintComponent (http://www.w3.org/ns/shacl#ClosedConstraintComponent):
	Severity: sh:Violation
	Source Shape: chr:SchemaPropertyVocabularyShape
	Focus Node: ex:measurement_process_72514-3
	Value Node: Literal("2024-01-31T15:47:23+01:00" = 2024-01-31 15:47:23+01:00, datatype=xsd:dateTime)
	Result Path: <https://w3id.org/shexmap/resource/ontology-schema/d285f599-dc2e-4bd0-83f1-df21defa8821/hasPerformedDate>
	Message: Only the 24 properties declared in the CHR schema (plus rdf:type and rdfs:label) may be used on an individual.
Constraint Violation in ClosedConstraintComponent (http://www.w3.org/ns/shacl#ClosedConstraintComponent):
	Severity: sh:Violation
	Source Shape: chr:SchemaPropertyVocabularyShape
	Focus Node: ex:measurement_process_72514-3
	Value Node: ex:Arlen68_Olson653
	Result Path: <https://w3id.org/shexmap/resource/ontology-schema/d285f599-dc2e-4bd0-83f1-df21defa8821/hasPatient>
	Message: Only the 24 properties declared in the CHR schema (plus rdf:type and rdfs:label) may be used on an individual.
Constraint Violation in ClosedConstraintComponent (http://www.w3.org/ns/shacl#ClosedConstraintComponent):
	Severity: sh:Violation
	Source Shape: chr:SchemaPropertyVocabularyShape
	Focus Node: ex:measurement_process_72514-3
	Value Node: ex:Dr_Domenic627_Blick895
	Result Path: <https://w3id.org/shexmap/resource/ontology-schema/d285f599-dc2e-4bd0-83f1-df21defa8821/hasPerformer>
	Message: Only the 24 properties declared in the CHR schema (plus rdf:type and rdfs:label) may be used on an individual.
Constraint Violation in ClosedConstraintComponent (http://www.w3.org/ns/shacl#ClosedConstraintComponent):
	Severity: sh:Violation
	Source Shape: chr:SchemaPropertyVocabularyShape
	Focus Node: ex:measurement_process_72514-3
	Value Node: ex:measurement_72514-3
	Result Path: <https://w3id.org/shexmap/resource/ontology-schema/d285f599-dc2e-4bd0-83f1-df21defa8821/hasResult>
	Message: Only the 24 properties declared in the CHR schema (plus rdf:type and rdfs:label) may be used on an individual.
Constraint Violation in ClosedConstraintComponent (http://www.w3.org/ns/shacl#ClosedConstraintComponent):
	Severity: sh:Violation
	Source Shape: chr:SchemaPropertyVocabularyShape
	Focus Node: ex:measurement_process_72514-3
	Value Node: ex:status_completed
	Result Path: <https://w3id.org/shexmap/resource/ontology-schema/d285f599-dc2e-4bd0-83f1-df21defa8821/hasStatus>
	Message: Only the 24 properties declared in the CHR schema (plus rdf:type and rdfs:label) may be used on an individual.
Constraint Violation in ClosedConstraintComponent (http://www.w3.org/ns/shacl#ClosedConstraintComponent):
	Severity: sh:Violation
	Source Shape: chr:SchemaPropertyVocabularyShape
	Focus Node: ex:measurement_process_8302-2
	Value Node: Literal("2024-01-31T15:47:23+01:00" = 2024-01-31 15:47:23+01:00, datatype=xsd:dateTime)
	Result Path: <https://w3id.org/shexmap/resource/ontology-schema/d285f599-dc2e-4bd0-83f1-df21defa8821/hasPerformedDate>
	Message: Only the 24 properties declared in the CHR schema (plus rdf:type and rdfs:label) may be used on an individual.
Constraint Violation in ClosedConstraintComponent (http://www.w3.org/ns/shacl#ClosedConstraintComponent):
	Severity: sh:Violation
	Source Shape: chr:SchemaPropertyVocabularyShape
	Focus Node: ex:measurement_process_8302-2
	Value Node: ex:Arlen68_Olson653
	Result Path: <https://w3id.org/shexmap/resource/ontology-schema/d285f599-dc2e-4bd0-83f1-df21defa8821/hasPatient>
	Message: Only the 24 properties declared in the CHR schema (plus rdf:type and rdfs:label) may be used on an individual.
Constraint Violation in ClosedConstraintComponent (http://www.w3.org/ns/shacl#ClosedConstraintComponent):
	Severity: sh:Violation
	Source Shape: chr:SchemaPropertyVocabularyShape
	Focus Node: ex:measurement_process_8302-2
	Value Node: ex:Dr_Domenic627_Blick895
	Result Path: <https://w3id.org/shexmap/resource/ontology-schema/d285f599-dc2e-4bd0-83f1-df21defa8821/hasPerformer>
	Message: Only the 24 properties declared in the CHR schema (plus rdf:type and rdfs:label) may be used on an individual.
Constraint Violation in ClosedConstraintComponent (http://www.w3.org/ns/shacl#ClosedConstraintComponent):
	Severity: sh:Violation
	Source Shape: chr:SchemaPropertyVocabularyShape
	Focus Node: ex:measurement_process_8302-2
	Value Node: ex:measurement_8302-2
	Result Path: <https://w3id.org/shexmap/resource/ontology-schema/d285f599-dc2e-4bd0-83f1-df21defa8821/hasResult>
	Message: Only the 24 properties declared in the CHR schema (plus rdf:type and rdfs:label) may be used on an individual.
Constraint Violation in ClosedConstraintComponent (http://www.w3.org/ns/shacl#ClosedConstraintComponent):
	Severity: sh:Violation
	Source Shape: chr:SchemaPropertyVocabularyShape
	Focus Node: ex:measurement_process_8302-2
	Value Node: ex:status_completed
	Result Path: <https://w3id.org/shexmap/resource/ontology-schema/d285f599-dc2e-4bd0-83f1-df21defa8821/hasStatus>
	Message: Only the 24 properties declared in the CHR schema (plus rdf:type and rdfs:label) may be used on an individual.
Constraint Violation in ClosedConstraintComponent (http://www.w3.org/ns/shacl#ClosedConstraintComponent):
	Severity: sh:Violation
	Source Shape: chr:SchemaPropertyVocabularyShape
	Focus Node: ex:measurement_process_8867-4
	Value Node: Literal("2024-01-31T15:47:23+01:00" = 2024-01-31 15:47:23+01:00, datatype=xsd:dateTime)
	Result Path: <https://w3id.org/shexmap/resource/ontology-schema/d285f599-dc2e-4bd0-83f1-df21defa8821/hasPerformedDate>
	Message: Only the 24 properties declared in the CHR schema (plus rdf:type and rdfs:label) may be used on an individual.
Constraint Violation in ClosedConstraintComponent (http://www.w3.org/ns/shacl#ClosedConstraintComponent):
	Severity: sh:Violation
	Source Shape: chr:SchemaPropertyVocabularyShape
	Focus Node: ex:measurement_process_8867-4
	Value Node: ex:Arlen68_Olson653
	Result Path: <https://w3id.org/shexmap/resource/ontology-schema/d285f599-dc2e-4bd0-83f1-df21defa8821/hasPatient>
	Message: Only the 24 properties declared in the CHR schema (plus rdf:type and rdfs:label) may be used on an individual.
Constraint Violation in ClosedConstraintComponent (http://www.w3.org/ns/shacl#ClosedConstraintComponent):
	Severity: sh:Violation
	Source Shape: chr:SchemaPropertyVocabularyShape
	Focus Node: ex:measurement_process_8867-4
	Value Node: ex:Dr_Domenic627_Blick895
	Result Path: <https://w3id.org/shexmap/resource/ontology-schema/d285f599-dc2e-4bd0-83f1-df21defa8821/hasPerformer>
	Message: Only the 24 properties declared in the CHR schema (plus rdf:type and rdfs:label) may be used on an individual.
Constraint Violation in ClosedConstraintComponent (http://www.w3.org/ns/shacl#ClosedConstraintComponent):
	Severity: sh:Violation
	Source Shape: chr:SchemaPropertyVocabularyShape
	Focus Node: ex:measurement_process_8867-4
	Value Node: ex:measurement_8867-4
	Result Path: <https://w3id.org/shexmap/resource/ontology-schema/d285f599-dc2e-4bd0-83f1-df21defa8821/hasResult>
	Message: Only the 24 properties declared in the CHR schema (plus rdf:type and rdfs:label) may be used on an individual.
Constraint Violation in ClosedConstraintComponent (http://www.w3.org/ns/shacl#ClosedConstraintComponent):
	Severity: sh:Violation
	Source Shape: chr:SchemaPropertyVocabularyShape
	Focus Node: ex:measurement_process_8867-4
	Value Node: ex:status_completed
	Result Path: <https://w3id.org/shexmap/resource/ontology-schema/d285f599-dc2e-4bd0-83f1-df21defa8821/hasStatus>
	Message: Only the 24 properties declared in the CHR schema (plus rdf:type and rdfs:label) may be used on an individual.
Constraint Violation in ClosedConstraintComponent (http://www.w3.org/ns/shacl#ClosedConstraintComponent):
	Severity: sh:Violation
	Source Shape: chr:SchemaPropertyVocabularyShape
	Focus Node: ex:measurement_process_9279-1
	Value Node: Literal("2024-01-31T15:47:23+01:00" = 2024-01-31 15:47:23+01:00, datatype=xsd:dateTime)
	Result Path: <https://w3id.org/shexmap/resource/ontology-schema/d285f599-dc2e-4bd0-83f1-df21defa8821/hasPerformedDate>
	Message: Only the 24 properties declared in the CHR schema (plus rdf:type and rdfs:label) may be used on an individual.
Constraint Violation in ClosedConstraintComponent (http://www.w3.org/ns/shacl#ClosedConstraintComponent):
	Severity: sh:Violation
	Source Shape: chr:SchemaPropertyVocabularyShape
	Focus Node: ex:measurement_process_9279-1
	Value Node: ex:Arlen68_Olson653
	Result Path: <https://w3id.org/shexmap/resource/ontology-schema/d285f599-dc2e-4bd0-83f1-df21defa8821/hasPatient>
	Message: Only the 24 properties declared in the CHR schema (plus rdf:type and rdfs:label) may be used on an individual.
Constraint Violation in ClosedConstraintComponent (http://www.w3.org/ns/shacl#ClosedConstraintComponent):
	Severity: sh:Violation
	Source Shape: chr:SchemaPropertyVocabularyShape
	Focus Node: ex:measurement_process_9279-1
	Value Node: ex:Dr_Domenic627_Blick895
	Result Path: <https://w3id.org/shexmap/resource/ontology-schema/d285f599-dc2e-4bd0-83f1-df21defa8821/hasPerformer>
	Message: Only the 24 properties declared in the CHR schema (plus rdf:type and rdfs:label) may be used on an individual.
Constraint Violation in ClosedConstraintComponent (http://www.w3.org/ns/shacl#ClosedConstraintComponent):
	Severity: sh:Violation
	Source Shape: chr:SchemaPropertyVocabularyShape
	Focus Node: ex:measurement_process_9279-1
	Value Node: ex:measurement_9279-1
	Result Path: <https://w3id.org/shexmap/resource/ontology-schema/d285f599-dc2e-4bd0-83f1-df21defa8821/hasResult>
	Message: Only the 24 properties declared in the CHR schema (plus rdf:type and rdfs:label) may be used on an individual.
Constraint Violation in ClosedConstraintComponent (http://www.w3.org/ns/shacl#ClosedConstraintComponent):
	Severity: sh:Violation
	Source Shape: chr:SchemaPropertyVocabularyShape
	Focus Node: ex:measurement_process_9279-1
	Value Node: ex:status_completed
	Result Path: <https://w3id.org/shexmap/resource/ontology-schema/d285f599-dc2e-4bd0-83f1-df21defa8821/hasStatus>
	Message: Only the 24 properties declared in the CHR schema (plus rdf:type and rdfs:label) may be used on an individual.
Constraint Violation in ClosedConstraintComponent (http://www.w3.org/ns/shacl#ClosedConstraintComponent):
	Severity: sh:Violation
	Source Shape: chr:SchemaPropertyVocabularyShape
	Focus Node: ex:process_calcium_49765_1
	Value Node: Literal("2024-01-31T15:47:23+01:00" = 2024-01-31 15:47:23+01:00, datatype=xsd:dateTime)
	Result Path: <https://w3id.org/shexmap/resource/ontology-schema/d285f599-dc2e-4bd0-83f1-df21defa8821/hasPerformedDate>
	Message: Only the 24 properties declared in the CHR schema (plus rdf:type and rdfs:label) may be used on an individual.
Constraint Violation in ClosedConstraintComponent (http://www.w3.org/ns/shacl#ClosedConstraintComponent):
	Severity: sh:Violation
	Source Shape: chr:SchemaPropertyVocabularyShape
	Focus Node: ex:process_calcium_49765_1
	Value Node: ex:Arlen68_Olson653
	Result Path: <https://w3id.org/shexmap/resource/ontology-schema/d285f599-dc2e-4bd0-83f1-df21defa8821/hasPatient>
	Message: Only the 24 properties declared in the CHR schema (plus rdf:type and rdfs:label) may be used on an individual.
Constraint Violation in ClosedConstraintComponent (http://www.w3.org/ns/shacl#ClosedConstraintComponent):
	Severity: sh:Violation
	Source Shape: chr:SchemaPropertyVocabularyShape
	Focus Node: ex:process_calcium_49765_1
	Value Node: ex:Dr_Domenic627_Blick895
	Result Path: <https://w3id.org/shexmap/resource/ontology-schema/d285f599-dc2e-4bd0-83f1-df21defa8821/hasPerformer>
	Message: Only the 24 properties declared in the CHR schema (plus rdf:type and rdfs:label) may be used on an individual.
Constraint Violation in ClosedConstraintComponent (http://www.w3.org/ns/shacl#ClosedConstraintComponent):
	Severity: sh:Violation
	Source Shape: chr:SchemaPropertyVocabularyShape
	Focus Node: ex:process_calcium_49765_1
	Value Node: ex:measurement_Calcium_49765-1
	Result Path: <https://w3id.org/shexmap/resource/ontology-schema/d285f599-dc2e-4bd0-83f1-df21defa8821/hasResult>
	Message: Only the 24 properties declared in the CHR schema (plus rdf:type and rdfs:label) may be used on an individual.
Constraint Violation in ClosedConstraintComponent (http://www.w3.org/ns/shacl#ClosedConstraintComponent):
	Severity: sh:Violation
	Source Shape: chr:SchemaPropertyVocabularyShape
	Focus Node: ex:process_calcium_49765_1
	Value Node: ex:status_completed
	Result Path: <https://w3id.org/shexmap/resource/ontology-schema/d285f599-dc2e-4bd0-83f1-df21defa8821/hasStatus>
	Message: Only the 24 properties declared in the CHR schema (plus rdf:type and rdfs:label) may be used on an individual.
Constraint Violation in ClosedConstraintComponent (http://www.w3.org/ns/shacl#ClosedConstraintComponent):
	Severity: sh:Violation
	Source Shape: chr:SchemaPropertyVocabularyShape
	Focus Node: ex:process_carbon_dioxide_20565_8
	Value Node: Literal("2024-01-31T15:47:23+01:00" = 2024-01-31 15:47:23+01:00, datatype=xsd:dateTime)
	Result Path: <https://w3id.org/shexmap/resource/ontology-schema/d285f599-dc2e-4bd0-83f1-df21defa8821/hasPerformedDate>
	Message: Only the 24 properties declared in the CHR schema (plus rdf:type and rdfs:label) may be used on an individual.
Constraint Violation in ClosedConstraintComponent (http://www.w3.org/ns/shacl#ClosedConstraintComponent):
	Severity: sh:Violation
	Source Shape: chr:SchemaPropertyVocabularyShape
	Focus Node: ex:process_carbon_dioxide_20565_8
	Value Node: ex:Arlen68_Olson653
	Result Path: <https://w3id.org/shexmap/resource/ontology-schema/d285f599-dc2e-4bd0-83f1-df21defa8821/hasPatient>
	Message: Only the 24 properties declared in the CHR schema (plus rdf:type and rdfs:label) may be used on an individual.
Constraint Violation in ClosedConstraintComponent (http://www.w3.org/ns/shacl#ClosedConstraintComponent):
	Severity: sh:Violation
	Source Shape: chr:SchemaPropertyVocabularyShape
	Focus Node: ex:process_carbon_dioxide_20565_8
	Value Node: ex:Dr_Domenic627_Blick895
	Result Path: <https://w3id.org/shexmap/resource/ontology-schema/d285f599-dc2e-4bd0-83f1-df21defa8821/hasPerformer>
	Message: Only the 24 properties declared in the CHR schema (plus rdf:type and rdfs:label) may be used on an individual.
Constraint Violation in ClosedConstraintComponent (http://www.w3.org/ns/shacl#ClosedConstraintComponent):
	Severity: sh:Violation
	Source Shape: chr:SchemaPropertyVocabularyShape
	Focus Node: ex:process_carbon_dioxide_20565_8
	Value Node: ex:measurement_Carbon_dioxide_20565-8
	Result Path: <https://w3id.org/shexmap/resource/ontology-schema/d285f599-dc2e-4bd0-83f1-df21defa8821/hasResult>
	Message: Only the 24 properties declared in the CHR schema (plus rdf:type and rdfs:label) may be used on an individual.
Constraint Violation in ClosedConstraintComponent (http://www.w3.org/ns/shacl#ClosedConstraintComponent):
	Severity: sh:Violation
	Source Shape: chr:SchemaPropertyVocabularyShape
	Focus Node: ex:process_carbon_dioxide_20565_8
	Value Node: ex:status_completed
	Result Path: <https://w3id.org/shexmap/resource/ontology-schema/d285f599-dc2e-4bd0-83f1-df21defa8821/hasStatus>
	Message: Only the 24 properties declared in the CHR schema (plus rdf:type and rdfs:label) may be used on an individual.
Constraint Violation in ClosedConstraintComponent (http://www.w3.org/ns/shacl#ClosedConstraintComponent):
	Severity: sh:Violation
	Source Shape: chr:SchemaPropertyVocabularyShape
	Focus Node: ex:process_chloride_2069_3
	Value Node: Literal("2024-01-31T15:47:23+01:00" = 2024-01-31 15:47:23+01:00, datatype=xsd:dateTime)
	Result Path: <https://w3id.org/shexmap/resource/ontology-schema/d285f599-dc2e-4bd0-83f1-df21defa8821/hasPerformedDate>
	Message: Only the 24 properties declared in the CHR schema (plus rdf:type and rdfs:label) may be used on an individual.
Constraint Violation in ClosedConstraintComponent (http://www.w3.org/ns/shacl#ClosedConstraintComponent):
	Severity: sh:Violation
	Source Shape: chr:SchemaPropertyVocabularyShape
	Focus Node: ex:process_chloride_2069_3
	Value Node: ex:Arlen68_Olson653
	Result Path: <https://w3id.org/shexmap/resource/ontology-schema/d285f599-dc2e-4bd0-83f1-df21defa8821/hasPatient>
	Message: Only the 24 properties declared in the CHR schema (plus rdf:type and rdfs:label) may be used on an individual.
Constraint Violation in ClosedConstraintComponent (http://www.w3.org/ns/shacl#ClosedConstraintComponent):
	Severity: sh:Violation
	Source Shape: chr:SchemaPropertyVocabularyShape
	Focus Node: ex:process_chloride_2069_3
	Value Node: ex:Dr_Domenic627_Blick895
	Result Path: <https://w3id.org/shexmap/resource/ontology-schema/d285f599-dc2e-4bd0-83f1-df21defa8821/hasPerformer>
	Message: Only the 24 properties declared in the CHR schema (plus rdf:type and rdfs:label) may be used on an individual.
Constraint Violation in ClosedConstraintComponent (http://www.w3.org/ns/shacl#ClosedConstraintComponent):
	Severity: sh:Violation
	Source Shape: chr:SchemaPropertyVocabularyShape
	Focus Node: ex:process_chloride_2069_3
	Value Node: ex:measurement_Chloride_2069-3
	Result Path: <https://w3id.org/shexmap/resource/ontology-schema/d285f599-dc2e-4bd0-83f1-df21defa8821/hasResult>
	Message: Only the 24 properties declared in the CHR schema (plus rdf:type and rdfs:label) may be used on an individual.
Constraint Violation in ClosedConstraintComponent (http://www.w3.org/ns/shacl#ClosedConstraintComponent):
	Severity: sh:Violation
	Source Shape: chr:SchemaPropertyVocabularyShape
	Focus Node: ex:process_chloride_2069_3
	Value Node: ex:status_completed
	Result Path: <https://w3id.org/shexmap/resource/ontology-schema/d285f599-dc2e-4bd0-83f1-df21defa8821/hasStatus>
	Message: Only the 24 properties declared in the CHR schema (plus rdf:type and rdfs:label) may be used on an individual.
Constraint Violation in ClosedConstraintComponent (http://www.w3.org/ns/shacl#ClosedConstraintComponent):
	Severity: sh:Violation
	Source Shape: chr:SchemaPropertyVocabularyShape
	Focus Node: ex:process_cholesterol_2093_3
	Value Node: Literal("2024-01-31T15:47:23+01:00" = 2024-01-31 15:47:23+01:00, datatype=xsd:dateTime)
	Result Path: <https://w3id.org/shexmap/resource/ontology-schema/d285f599-dc2e-4bd0-83f1-df21defa8821/hasPerformedDate>
	Message: Only the 24 properties declared in the CHR schema (plus rdf:type and rdfs:label) may be used on an individual.
Constraint Violation in ClosedConstraintComponent (http://www.w3.org/ns/shacl#ClosedConstraintComponent):
	Severity: sh:Violation
	Source Shape: chr:SchemaPropertyVocabularyShape
	Focus Node: ex:process_cholesterol_2093_3
	Value Node: ex:Arlen68_Olson653
	Result Path: <https://w3id.org/shexmap/resource/ontology-schema/d285f599-dc2e-4bd0-83f1-df21defa8821/hasPatient>
	Message: Only the 24 properties declared in the CHR schema (plus rdf:type and rdfs:label) may be used on an individual.
Constraint Violation in ClosedConstraintComponent (http://www.w3.org/ns/shacl#ClosedConstraintComponent):
	Severity: sh:Violation
	Source Shape: chr:SchemaPropertyVocabularyShape
	Focus Node: ex:process_cholesterol_2093_3
	Value Node: ex:Dr_Domenic627_Blick895
	Result Path: <https://w3id.org/shexmap/resource/ontology-schema/d285f599-dc2e-4bd0-83f1-df21defa8821/hasPerformer>
	Message: Only the 24 properties declared in the CHR schema (plus rdf:type and rdfs:label) may be used on an individual.
Constraint Violation in ClosedConstraintComponent (http://www.w3.org/ns/shacl#ClosedConstraintComponent):
	Severity: sh:Violation
	Source Shape: chr:SchemaPropertyVocabularyShape
	Focus Node: ex:process_cholesterol_2093_3
	Value Node: ex:measurement_Cholesterol_2093-3
	Result Path: <https://w3id.org/shexmap/resource/ontology-schema/d285f599-dc2e-4bd0-83f1-df21defa8821/hasResult>
	Message: Only the 24 properties declared in the CHR schema (plus rdf:type and rdfs:label) may be used on an individual.
Constraint Violation in ClosedConstraintComponent (http://www.w3.org/ns/shacl#ClosedConstraintComponent):
	Severity: sh:Violation
	Source Shape: chr:SchemaPropertyVocabularyShape
	Focus Node: ex:process_cholesterol_2093_3
	Value Node: ex:status_completed
	Result Path: <https://w3id.org/shexmap/resource/ontology-schema/d285f599-dc2e-4bd0-83f1-df21defa8821/hasStatus>
	Message: Only the 24 properties declared in the CHR schema (plus rdf:type and rdfs:label) may be used on an individual.
Constraint Violation in ClosedConstraintComponent (http://www.w3.org/ns/shacl#ClosedConstraintComponent):
	Severity: sh:Violation
	Source Shape: chr:SchemaPropertyVocabularyShape
	Focus Node: ex:process_cholesterol_hdl_2085_9
	Value Node: Literal("2024-01-31T15:47:23+01:00" = 2024-01-31 15:47:23+01:00, datatype=xsd:dateTime)
	Result Path: <https://w3id.org/shexmap/resource/ontology-schema/d285f599-dc2e-4bd0-83f1-df21defa8821/hasPerformedDate>
	Message: Only the 24 properties declared in the CHR schema (plus rdf:type and rdfs:label) may be used on an individual.
Constraint Violation in ClosedConstraintComponent (http://www.w3.org/ns/shacl#ClosedConstraintComponent):
	Severity: sh:Violation
	Source Shape: chr:SchemaPropertyVocabularyShape
	Focus Node: ex:process_cholesterol_hdl_2085_9
	Value Node: ex:Arlen68_Olson653
	Result Path: <https://w3id.org/shexmap/resource/ontology-schema/d285f599-dc2e-4bd0-83f1-df21defa8821/hasPatient>
	Message: Only the 24 properties declared in the CHR schema (plus rdf:type and rdfs:label) may be used on an individual.
Constraint Violation in ClosedConstraintComponent (http://www.w3.org/ns/shacl#ClosedConstraintComponent):
	Severity: sh:Violation
	Source Shape: chr:SchemaPropertyVocabularyShape
	Focus Node: ex:process_cholesterol_hdl_2085_9
	Value Node: ex:Dr_Domenic627_Blick895
	Result Path: <https://w3id.org/shexmap/resource/ontology-schema/d285f599-dc2e-4bd0-83f1-df21defa8821/hasPerformer>
	Message: Only the 24 properties declared in the CHR schema (plus rdf:type and rdfs:label) may be used on an individual.
Constraint Violation in ClosedConstraintComponent (http://www.w3.org/ns/shacl#ClosedConstraintComponent):
	Severity: sh:Violation
	Source Shape: chr:SchemaPropertyVocabularyShape
	Focus Node: ex:process_cholesterol_hdl_2085_9
	Value Node: ex:measurement_Cholesterol_HDL_2085-9
	Result Path: <https://w3id.org/shexmap/resource/ontology-schema/d285f599-dc2e-4bd0-83f1-df21defa8821/hasResult>
	Message: Only the 24 properties declared in the CHR schema (plus rdf:type and rdfs:label) may be used on an individual.
Constraint Violation in ClosedConstraintComponent (http://www.w3.org/ns/shacl#ClosedConstraintComponent):
	Severity: sh:Violation
	Source Shape: chr:SchemaPropertyVocabularyShape
	Focus Node: ex:process_cholesterol_hdl_2085_9
	Value Node: ex:status_completed
	Result Path: <https://w3id.org/shexmap/resource/ontology-schema/d285f599-dc2e-4bd0-83f1-df21defa8821/hasStatus>
	Message: Only the 24 properties declared in the CHR schema (plus rdf:type and rdfs:label) may be used on an individual.
Constraint Violation in ClosedConstraintComponent (http://www.w3.org/ns/shacl#ClosedConstraintComponent):
	Severity: sh:Violation
	Source Shape: chr:SchemaPropertyVocabularyShape
	Focus Node: ex:process_cholesterol_ldl_18262_6
	Value Node: Literal("2024-01-31T15:47:23+01:00" = 2024-01-31 15:47:23+01:00, datatype=xsd:dateTime)
	Result Path: <https://w3id.org/shexmap/resource/ontology-schema/d285f599-dc2e-4bd0-83f1-df21defa8821/hasPerformedDate>
	Message: Only the 24 properties declared in the CHR schema (plus rdf:type and rdfs:label) may be used on an individual.
Constraint Violation in ClosedConstraintComponent (http://www.w3.org/ns/shacl#ClosedConstraintComponent):
	Severity: sh:Violation
	Source Shape: chr:SchemaPropertyVocabularyShape
	Focus Node: ex:process_cholesterol_ldl_18262_6
	Value Node: ex:Arlen68_Olson653
	Result Path: <https://w3id.org/shexmap/resource/ontology-schema/d285f599-dc2e-4bd0-83f1-df21defa8821/hasPatient>
	Message: Only the 24 properties declared in the CHR schema (plus rdf:type and rdfs:label) may be used on an individual.
Constraint Violation in ClosedConstraintComponent (http://www.w3.org/ns/shacl#ClosedConstraintComponent):
	Severity: sh:Violation
	Source Shape: chr:SchemaPropertyVocabularyShape
	Focus Node: ex:process_cholesterol_ldl_18262_6
	Value Node: ex:Dr_Domenic627_Blick895
	Result Path: <https://w3id.org/shexmap/resource/ontology-schema/d285f599-dc2e-4bd0-83f1-df21defa8821/hasPerformer>
	Message: Only the 24 properties declared in the CHR schema (plus rdf:type and rdfs:label) may be used on an individual.
Constraint Violation in ClosedConstraintComponent (http://www.w3.org/ns/shacl#ClosedConstraintComponent):
	Severity: sh:Violation
	Source Shape: chr:SchemaPropertyVocabularyShape
	Focus Node: ex:process_cholesterol_ldl_18262_6
	Value Node: ex:measurement_Cholesterol_LDL_18262-6
	Result Path: <https://w3id.org/shexmap/resource/ontology-schema/d285f599-dc2e-4bd0-83f1-df21defa8821/hasResult>
	Message: Only the 24 properties declared in the CHR schema (plus rdf:type and rdfs:label) may be used on an individual.
Constraint Violation in ClosedConstraintComponent (http://www.w3.org/ns/shacl#ClosedConstraintComponent):
	Severity: sh:Violation
	Source Shape: chr:SchemaPropertyVocabularyShape
	Focus Node: ex:process_cholesterol_ldl_18262_6
	Value Node: ex:status_completed
	Result Path: <https://w3id.org/shexmap/resource/ontology-schema/d285f599-dc2e-4bd0-83f1-df21defa8821/hasStatus>
	Message: Only the 24 properties declared in the CHR schema (plus rdf:type and rdfs:label) may be used on an individual.
Constraint Violation in ClosedConstraintComponent (http://www.w3.org/ns/shacl#ClosedConstraintComponent):
	Severity: sh:Violation
	Source Shape: chr:SchemaPropertyVocabularyShape
	Focus Node: ex:process_creatinine_38483_4
	Value Node: Literal("2024-01-31T15:47:23+01:00" = 2024-01-31 15:47:23+01:00, datatype=xsd:dateTime)
	Result Path: <https://w3id.org/shexmap/resource/ontology-schema/d285f599-dc2e-4bd0-83f1-df21defa8821/hasPerformedDate>
	Message: Only the 24 properties declared in the CHR schema (plus rdf:type and rdfs:label) may be used on an individual.
Constraint Violation in ClosedConstraintComponent (http://www.w3.org/ns/shacl#ClosedConstraintComponent):
	Severity: sh:Violation
	Source Shape: chr:SchemaPropertyVocabularyShape
	Focus Node: ex:process_creatinine_38483_4
	Value Node: ex:Arlen68_Olson653
	Result Path: <https://w3id.org/shexmap/resource/ontology-schema/d285f599-dc2e-4bd0-83f1-df21defa8821/hasPatient>
	Message: Only the 24 properties declared in the CHR schema (plus rdf:type and rdfs:label) may be used on an individual.
Constraint Violation in ClosedConstraintComponent (http://www.w3.org/ns/shacl#ClosedConstraintComponent):
	Severity: sh:Violation
	Source Shape: chr:SchemaPropertyVocabularyShape
	Focus Node: ex:process_creatinine_38483_4
	Value Node: ex:Dr_Domenic627_Blick895
	Result Path: <https://w3id.org/shexmap/resource/ontology-schema/d285f599-dc2e-4bd0-83f1-df21defa8821/hasPerformer>
	Message: Only the 24 properties declared in the CHR schema (plus rdf:type and rdfs:label) may be used on an individual.
Constraint Violation in ClosedConstraintComponent (http://www.w3.org/ns/shacl#ClosedConstraintComponent):
	Severity: sh:Violation
	Source Shape: chr:SchemaPropertyVocabularyShape
	Focus Node: ex:process_creatinine_38483_4
	Value Node: ex:measurement_38483_4
	Result Path: <https://w3id.org/shexmap/resource/ontology-schema/d285f599-dc2e-4bd0-83f1-df21defa8821/hasResult>
	Message: Only the 24 properties declared in the CHR schema (plus rdf:type and rdfs:label) may be used on an individual.
Constraint Violation in ClosedConstraintComponent (http://www.w3.org/ns/shacl#ClosedConstraintComponent):
	Severity: sh:Violation
	Source Shape: chr:SchemaPropertyVocabularyShape
	Focus Node: ex:process_creatinine_38483_4
	Value Node: ex:status_completed
	Result Path: <https://w3id.org/shexmap/resource/ontology-schema/d285f599-dc2e-4bd0-83f1-df21defa8821/hasStatus>
	Message: Only the 24 properties declared in the CHR schema (plus rdf:type and rdfs:label) may be used on an individual.
Constraint Violation in ClosedConstraintComponent (http://www.w3.org/ns/shacl#ClosedConstraintComponent):
	Severity: sh:Violation
	Source Shape: chr:SchemaPropertyVocabularyShape
	Focus Node: ex:process_gfr_33914_3
	Value Node: Literal("2024-01-31T15:47:23+01:00" = 2024-01-31 15:47:23+01:00, datatype=xsd:dateTime)
	Result Path: <https://w3id.org/shexmap/resource/ontology-schema/d285f599-dc2e-4bd0-83f1-df21defa8821/hasPerformedDate>
	Message: Only the 24 properties declared in the CHR schema (plus rdf:type and rdfs:label) may be used on an individual.
Constraint Violation in ClosedConstraintComponent (http://www.w3.org/ns/shacl#ClosedConstraintComponent):
	Severity: sh:Violation
	Source Shape: chr:SchemaPropertyVocabularyShape
	Focus Node: ex:process_gfr_33914_3
	Value Node: ex:Arlen68_Olson653
	Result Path: <https://w3id.org/shexmap/resource/ontology-schema/d285f599-dc2e-4bd0-83f1-df21defa8821/hasPatient>
	Message: Only the 24 properties declared in the CHR schema (plus rdf:type and rdfs:label) may be used on an individual.
Constraint Violation in ClosedConstraintComponent (http://www.w3.org/ns/shacl#ClosedConstraintComponent):
	Severity: sh:Violation
	Source Shape: chr:SchemaPropertyVocabularyShape
	Focus Node: ex:process_gfr_33914_3
	Value Node: ex:Dr_Domenic627_Blick895
	Result Path: <https://w3id.org/shexmap/resource/ontology-schema/d285f599-dc2e-4bd0-83f1-df21defa8821/hasPerformer>
	Message: Only the 24 properties declared in the CHR schema (plus rdf:type and rdfs:label) may be used on an individual.
Constraint Violation in ClosedConstraintComponent (http://www.w3.org/ns/shacl#ClosedConstraintComponent):
	Severity: sh:Violation
	Source Shape: chr:SchemaPropertyVocabularyShape
	Focus Node: ex:process_gfr_33914_3
	Value Node: ex:measurement_gfr_33914-3
	Result Path: <https://w3id.org/shexmap/resource/ontology-schema/d285f599-dc2e-4bd0-83f1-df21defa8821/hasResult>
	Message: Only the 24 properties declared in the CHR schema (plus rdf:type and rdfs:label) may be used on an individual.
Constraint Violation in ClosedConstraintComponent (http://www.w3.org/ns/shacl#ClosedConstraintComponent):
	Severity: sh:Violation
	Source Shape: chr:SchemaPropertyVocabularyShape
	Focus Node: ex:process_gfr_33914_3
	Value Node: ex:status_completed
	Result Path: <https://w3id.org/shexmap/resource/ontology-schema/d285f599-dc2e-4bd0-83f1-df21defa8821/hasStatus>
	Message: Only the 24 properties declared in the CHR schema (plus rdf:type and rdfs:label) may be used on an individual.
Constraint Violation in ClosedConstraintComponent (http://www.w3.org/ns/shacl#ClosedConstraintComponent):
	Severity: sh:Violation
	Source Shape: chr:SchemaPropertyVocabularyShape
	Focus Node: ex:process_microalbumin_14959_1
	Value Node: Literal("2024-01-31T15:47:23+01:00" = 2024-01-31 15:47:23+01:00, datatype=xsd:dateTime)
	Result Path: <https://w3id.org/shexmap/resource/ontology-schema/d285f599-dc2e-4bd0-83f1-df21defa8821/hasPerformedDate>
	Message: Only the 24 properties declared in the CHR schema (plus rdf:type and rdfs:label) may be used on an individual.
Constraint Violation in ClosedConstraintComponent (http://www.w3.org/ns/shacl#ClosedConstraintComponent):
	Severity: sh:Violation
	Source Shape: chr:SchemaPropertyVocabularyShape
	Focus Node: ex:process_microalbumin_14959_1
	Value Node: ex:Arlen68_Olson653
	Result Path: <https://w3id.org/shexmap/resource/ontology-schema/d285f599-dc2e-4bd0-83f1-df21defa8821/hasPatient>
	Message: Only the 24 properties declared in the CHR schema (plus rdf:type and rdfs:label) may be used on an individual.
Constraint Violation in ClosedConstraintComponent (http://www.w3.org/ns/shacl#ClosedConstraintComponent):
	Severity: sh:Violation
	Source Shape: chr:SchemaPropertyVocabularyShape
	Focus Node: ex:process_microalbumin_14959_1
	Value Node: ex:Dr_Domenic627_Blick895
	Result Path: <https://w3id.org/shexmap/resource/ontology-schema/d285f599-dc2e-4bd0-83f1-df21defa8821/hasPerformer>
	Message: Only the 24 properties declared in the CHR schema (plus rdf:type and rdfs:label) may be used on an individual.
Constraint Violation in ClosedConstraintComponent (http://www.w3.org/ns/shacl#ClosedConstraintComponent):
	Severity: sh:Violation
	Source Shape: chr:SchemaPropertyVocabularyShape
	Focus Node: ex:process_microalbumin_14959_1
	Value Node: ex:measurement_Microalbumin_14959-1
	Result Path: <https://w3id.org/shexmap/resource/ontology-schema/d285f599-dc2e-4bd0-83f1-df21defa8821/hasResult>
	Message: Only the 24 properties declared in the CHR schema (plus rdf:type and rdfs:label) may be used on an individual.
Constraint Violation in ClosedConstraintComponent (http://www.w3.org/ns/shacl#ClosedConstraintComponent):
	Severity: sh:Violation
	Source Shape: chr:SchemaPropertyVocabularyShape
	Focus Node: ex:process_microalbumin_14959_1
	Value Node: ex:status_completed
	Result Path: <https://w3id.org/shexmap/resource/ontology-schema/d285f599-dc2e-4bd0-83f1-df21defa8821/hasStatus>
	Message: Only the 24 properties declared in the CHR schema (plus rdf:type and rdfs:label) may be used on an individual.
Constraint Violation in ClosedConstraintComponent (http://www.w3.org/ns/shacl#ClosedConstraintComponent):
	Severity: sh:Violation
	Source Shape: chr:SchemaPropertyVocabularyShape
	Focus Node: ex:process_potassium_6298_4
	Value Node: Literal("2024-01-31T15:47:23+01:00" = 2024-01-31 15:47:23+01:00, datatype=xsd:dateTime)
	Result Path: <https://w3id.org/shexmap/resource/ontology-schema/d285f599-dc2e-4bd0-83f1-df21defa8821/hasPerformedDate>
	Message: Only the 24 properties declared in the CHR schema (plus rdf:type and rdfs:label) may be used on an individual.
Constraint Violation in ClosedConstraintComponent (http://www.w3.org/ns/shacl#ClosedConstraintComponent):
	Severity: sh:Violation
	Source Shape: chr:SchemaPropertyVocabularyShape
	Focus Node: ex:process_potassium_6298_4
	Value Node: ex:Arlen68_Olson653
	Result Path: <https://w3id.org/shexmap/resource/ontology-schema/d285f599-dc2e-4bd0-83f1-df21defa8821/hasPatient>
	Message: Only the 24 properties declared in the CHR schema (plus rdf:type and rdfs:label) may be used on an individual.
Constraint Violation in ClosedConstraintComponent (http://www.w3.org/ns/shacl#ClosedConstraintComponent):
	Severity: sh:Violation
	Source Shape: chr:SchemaPropertyVocabularyShape
	Focus Node: ex:process_potassium_6298_4
	Value Node: ex:Dr_Domenic627_Blick895
	Result Path: <https://w3id.org/shexmap/resource/ontology-schema/d285f599-dc2e-4bd0-83f1-df21defa8821/hasPerformer>
	Message: Only the 24 properties declared in the CHR schema (plus rdf:type and rdfs:label) may be used on an individual.
Constraint Violation in ClosedConstraintComponent (http://www.w3.org/ns/shacl#ClosedConstraintComponent):
	Severity: sh:Violation
	Source Shape: chr:SchemaPropertyVocabularyShape
	Focus Node: ex:process_potassium_6298_4
	Value Node: ex:measurement_Potassium_6298-4
	Result Path: <https://w3id.org/shexmap/resource/ontology-schema/d285f599-dc2e-4bd0-83f1-df21defa8821/hasResult>
	Message: Only the 24 properties declared in the CHR schema (plus rdf:type and rdfs:label) may be used on an individual.
Constraint Violation in ClosedConstraintComponent (http://www.w3.org/ns/shacl#ClosedConstraintComponent):
	Severity: sh:Violation
	Source Shape: chr:SchemaPropertyVocabularyShape
	Focus Node: ex:process_potassium_6298_4
	Value Node: ex:status_completed
	Result Path: <https://w3id.org/shexmap/resource/ontology-schema/d285f599-dc2e-4bd0-83f1-df21defa8821/hasStatus>
	Message: Only the 24 properties declared in the CHR schema (plus rdf:type and rdfs:label) may be used on an individual.
Constraint Violation in ClosedConstraintComponent (http://www.w3.org/ns/shacl#ClosedConstraintComponent):
	Severity: sh:Violation
	Source Shape: chr:SchemaPropertyVocabularyShape
	Focus Node: ex:process_sodium_2947_0
	Value Node: Literal("2024-01-31T15:47:23+01:00" = 2024-01-31 15:47:23+01:00, datatype=xsd:dateTime)
	Result Path: <https://w3id.org/shexmap/resource/ontology-schema/d285f599-dc2e-4bd0-83f1-df21defa8821/hasPerformedDate>
	Message: Only the 24 properties declared in the CHR schema (plus rdf:type and rdfs:label) may be used on an individual.
Constraint Violation in ClosedConstraintComponent (http://www.w3.org/ns/shacl#ClosedConstraintComponent):
	Severity: sh:Violation
	Source Shape: chr:SchemaPropertyVocabularyShape
	Focus Node: ex:process_sodium_2947_0
	Value Node: ex:Arlen68_Olson653
	Result Path: <https://w3id.org/shexmap/resource/ontology-schema/d285f599-dc2e-4bd0-83f1-df21defa8821/hasPatient>
	Message: Only the 24 properties declared in the CHR schema (plus rdf:type and rdfs:label) may be used on an individual.
Constraint Violation in ClosedConstraintComponent (http://www.w3.org/ns/shacl#ClosedConstraintComponent):
	Severity: sh:Violation
	Source Shape: chr:SchemaPropertyVocabularyShape
	Focus Node: ex:process_sodium_2947_0
	Value Node: ex:Dr_Domenic627_Blick895
	Result Path: <https://w3id.org/shexmap/resource/ontology-schema/d285f599-dc2e-4bd0-83f1-df21defa8821/hasPerformer>
	Message: Only the 24 properties declared in the CHR schema (plus rdf:type and rdfs:label) may be used on an individual.
Constraint Violation in ClosedConstraintComponent (http://www.w3.org/ns/shacl#ClosedConstraintComponent):
	Severity: sh:Violation
	Source Shape: chr:SchemaPropertyVocabularyShape
	Focus Node: ex:process_sodium_2947_0
	Value Node: ex:measurement_Sodium_2947-0
	Result Path: <https://w3id.org/shexmap/resource/ontology-schema/d285f599-dc2e-4bd0-83f1-df21defa8821/hasResult>
	Message: Only the 24 properties declared in the CHR schema (plus rdf:type and rdfs:label) may be used on an individual.
Constraint Violation in ClosedConstraintComponent (http://www.w3.org/ns/shacl#ClosedConstraintComponent):
	Severity: sh:Violation
	Source Shape: chr:SchemaPropertyVocabularyShape
	Focus Node: ex:process_sodium_2947_0
	Value Node: ex:status_completed
	Result Path: <https://w3id.org/shexmap/resource/ontology-schema/d285f599-dc2e-4bd0-83f1-df21defa8821/hasStatus>
	Message: Only the 24 properties declared in the CHR schema (plus rdf:type and rdfs:label) may be used on an individual.
Constraint Violation in ClosedConstraintComponent (http://www.w3.org/ns/shacl#ClosedConstraintComponent):
	Severity: sh:Violation
	Source Shape: chr:SchemaPropertyVocabularyShape
	Focus Node: ex:process_triglyceride_2571_8
	Value Node: Literal("2024-01-31T15:47:23+01:00" = 2024-01-31 15:47:23+01:00, datatype=xsd:dateTime)
	Result Path: <https://w3id.org/shexmap/resource/ontology-schema/d285f599-dc2e-4bd0-83f1-df21defa8821/hasPerformedDate>
	Message: Only the 24 properties declared in the CHR schema (plus rdf:type and rdfs:label) may be used on an individual.
Constraint Violation in ClosedConstraintComponent (http://www.w3.org/ns/shacl#ClosedConstraintComponent):
	Severity: sh:Violation
	Source Shape: chr:SchemaPropertyVocabularyShape
	Focus Node: ex:process_triglyceride_2571_8
	Value Node: ex:Arlen68_Olson653
	Result Path: <https://w3id.org/shexmap/resource/ontology-schema/d285f599-dc2e-4bd0-83f1-df21defa8821/hasPatient>
	Message: Only the 24 properties declared in the CHR schema (plus rdf:type and rdfs:label) may be used on an individual.
Constraint Violation in ClosedConstraintComponent (http://www.w3.org/ns/shacl#ClosedConstraintComponent):
	Severity: sh:Violation
	Source Shape: chr:SchemaPropertyVocabularyShape
	Focus Node: ex:process_triglyceride_2571_8
	Value Node: ex:Dr_Domenic627_Blick895
	Result Path: <https://w3id.org/shexmap/resource/ontology-schema/d285f599-dc2e-4bd0-83f1-df21defa8821/hasPerformer>
	Message: Only the 24 properties declared in the CHR schema (plus rdf:type and rdfs:label) may be used on an individual.
Constraint Violation in ClosedConstraintComponent (http://www.w3.org/ns/shacl#ClosedConstraintComponent):
	Severity: sh:Violation
	Source Shape: chr:SchemaPropertyVocabularyShape
	Focus Node: ex:process_triglyceride_2571_8
	Value Node: ex:measurement_Triglyceride_2571-8
	Result Path: <https://w3id.org/shexmap/resource/ontology-schema/d285f599-dc2e-4bd0-83f1-df21defa8821/hasResult>
	Message: Only the 24 properties declared in the CHR schema (plus rdf:type and rdfs:label) may be used on an individual.
Constraint Violation in ClosedConstraintComponent (http://www.w3.org/ns/shacl#ClosedConstraintComponent):
	Severity: sh:Violation
	Source Shape: chr:SchemaPropertyVocabularyShape
	Focus Node: ex:process_triglyceride_2571_8
	Value Node: ex:status_completed
	Result Path: <https://w3id.org/shexmap/resource/ontology-schema/d285f599-dc2e-4bd0-83f1-df21defa8821/hasStatus>
	Message: Only the 24 properties declared in the CHR schema (plus rdf:type and rdfs:label) may be used on an individual.
Constraint Violation in HasValueConstraintComponent (http://www.w3.org/ns/shacl#HasValueConstraintComponent):
	Severity: sh:Violation
	Source Shape: [ sh:hasValue chr:CHRConcept ; sh:message Literal("rdf:type must be a class declared in the CHR schema (a subclass of chr:CHRConcept); this class is not in the schema.") ; sh:path [ sh:zeroOrMorePath rdfs:subClassOf ] ]
	Focus Node: ns1:ClinicalCondition
	Result Path: [ sh:zeroOrMorePath rdfs:subClassOf ]
	Message: rdf:type must be a class declared in the CHR schema (a subclass of chr:CHRConcept); this class is not in the schema.
Constraint Violation in HasValueConstraintComponent (http://www.w3.org/ns/shacl#HasValueConstraintComponent):
	Severity: sh:Violation
	Source Shape: [ sh:hasValue chr:CHRConcept ; sh:message Literal("rdf:type must be a class declared in the CHR schema (a subclass of chr:CHRConcept); this class is not in the schema.") ; sh:path [ sh:zeroOrMorePath rdfs:subClassOf ] ]
	Focus Node: ns1:Measurement
	Result Path: [ sh:zeroOrMorePath rdfs:subClassOf ]
	Message: rdf:type must be a class declared in the CHR schema (a subclass of chr:CHRConcept); this class is not in the schema.
Constraint Violation in HasValueConstraintComponent (http://www.w3.org/ns/shacl#HasValueConstraintComponent):
	Severity: sh:Violation
	Source Shape: [ sh:hasValue chr:CHRConcept ; sh:message Literal("rdf:type must be a class declared in the CHR schema (a subclass of chr:CHRConcept); this class is not in the schema.") ; sh:path [ sh:zeroOrMorePath rdfs:subClassOf ] ]
	Focus Node: ns1:MeasurementProcess
	Result Path: [ sh:zeroOrMorePath rdfs:subClassOf ]
	Message: rdf:type must be a class declared in the CHR schema (a subclass of chr:CHRConcept); this class is not in the schema.
Constraint Violation in HasValueConstraintComponent (http://www.w3.org/ns/shacl#HasValueConstraintComponent):
	Severity: sh:Violation
	Source Shape: [ sh:hasValue chr:CHRConcept ; sh:message Literal("rdf:type must be a class declared in the CHR schema (a subclass of chr:CHRConcept); this class is not in the schema.") ; sh:path [ sh:zeroOrMorePath rdfs:subClassOf ] ]
	Focus Node: ns1:ProcessStatus
	Result Path: [ sh:zeroOrMorePath rdfs:subClassOf ]
	Message: rdf:type must be a class declared in the CHR schema (a subclass of chr:CHRConcept); this class is not in the schema.
Constraint Violation in HasValueConstraintComponent (http://www.w3.org/ns/shacl#HasValueConstraintComponent):
	Severity: sh:Violation
	Source Shape: [ sh:hasValue chr:CHRConcept ; sh:message Literal("rdf:type must be a class declared in the CHR schema (a subclass of chr:CHRConcept); this class is not in the schema.") ; sh:path [ sh:zeroOrMorePath rdfs:subClassOf ] ]
	Focus Node: ns1:Severity
	Result Path: [ sh:zeroOrMorePath rdfs:subClassOf ]
	Message: rdf:type must be a class declared in the CHR schema (a subclass of chr:CHRConcept); this class is not in the schema.
Constraint Violation in OrConstraintComponent (http://www.w3.org/ns/shacl#OrConstraintComponent):
	Severity: sh:Violation
	Source Shape: chr:HasProcedureRangeShape
	Focus Node: ex:proc_14959_1
	Value Node: ex:proc_14959_1
	Message: Object of chr:hasProcedure must be a chr:MedicalProcedure or subclass thereof.
Constraint Violation in OrConstraintComponent (http://www.w3.org/ns/shacl#OrConstraintComponent):
	Severity: sh:Violation
	Source Shape: chr:HasProcedureRangeShape
	Focus Node: ex:proc_17861_6
	Value Node: ex:proc_17861_6
	Message: Object of chr:hasProcedure must be a chr:MedicalProcedure or subclass thereof.
Constraint Violation in OrConstraintComponent (http://www.w3.org/ns/shacl#OrConstraintComponent):
	Severity: sh:Violation
	Source Shape: chr:HasProcedureRangeShape
	Focus Node: ex:proc_18262_6
	Value Node: ex:proc_18262_6
	Message: Object of chr:hasProcedure must be a chr:MedicalProcedure or subclass thereof.
Constraint Violation in OrConstraintComponent (http://www.w3.org/ns/shacl#OrConstraintComponent):
	Severity: sh:Violation
	Source Shape: chr:HasProcedureRangeShape
	Focus Node: ex:proc_2028_9
	Value Node: ex:proc_2028_9
	Message: Object of chr:hasProcedure must be a chr:MedicalProcedure or subclass thereof.
Constraint Violation in OrConstraintComponent (http://www.w3.org/ns/shacl#OrConstraintComponent):
	Severity: sh:Violation
	Source Shape: chr:HasProcedureRangeShape
	Focus Node: ex:proc_20505_4
	Value Node: ex:proc_20505_4
	Message: Object of chr:hasProcedure must be a chr:MedicalProcedure or subclass thereof.
Constraint Violation in OrConstraintComponent (http://www.w3.org/ns/shacl#OrConstraintComponent):
	Severity: sh:Violation
	Source Shape: chr:HasProcedureRangeShape
	Focus Node: ex:proc_20565_8
	Value Node: ex:proc_20565_8
	Message: Object of chr:hasProcedure must be a chr:MedicalProcedure or subclass thereof.
Constraint Violation in OrConstraintComponent (http://www.w3.org/ns/shacl#OrConstraintComponent):
	Severity: sh:Violation
	Source Shape: chr:HasProcedureRangeShape
	Focus Node: ex:proc_2069_3
	Value Node: ex:proc_2069_3
	Message: Object of chr:hasProcedure must be a chr:MedicalProcedure or subclass thereof.
Constraint Violation in OrConstraintComponent (http://www.w3.org/ns/shacl#OrConstraintComponent):
	Severity: sh:Violation
	Source Shape: chr:HasProcedureRangeShape
	Focus Node: ex:proc_2075_0
	Value Node: ex:proc_2075_0
	Message: Object of chr:hasProcedure must be a chr:MedicalProcedure or subclass thereof.
Constraint Violation in OrConstraintComponent (http://www.w3.org/ns/shacl#OrConstraintComponent):
	Severity: sh:Violation
	Source Shape: chr:HasProcedureRangeShape
	Focus Node: ex:proc_2085_9
	Value Node: ex:proc_2085_9
	Message: Object of chr:hasProcedure must be a chr:MedicalProcedure or subclass thereof.
Constraint Violation in OrConstraintComponent (http://www.w3.org/ns/shacl#OrConstraintComponent):
	Severity: sh:Violation
	Source Shape: chr:HasProcedureRangeShape
	Focus Node: ex:proc_2093_3
	Value Node: ex:proc_2093_3
	Message: Object of chr:hasProcedure must be a chr:MedicalProcedure or subclass thereof.
Constraint Violation in OrConstraintComponent (http://www.w3.org/ns/shacl#OrConstraintComponent):
	Severity: sh:Violation
	Source Shape: chr:HasProcedureRangeShape
	Focus Node: ex:proc_2160_0
	Value Node: ex:proc_2160_0
	Message: Object of chr:hasProcedure must be a chr:MedicalProcedure or subclass thereof.
Constraint Violation in OrConstraintComponent (http://www.w3.org/ns/shacl#OrConstraintComponent):
	Severity: sh:Violation
	Source Shape: chr:HasProcedureRangeShape
	Focus Node: ex:proc_2339_0
	Value Node: ex:proc_2339_0
	Message: Object of chr:hasProcedure must be a chr:MedicalProcedure or subclass thereof.
Constraint Violation in OrConstraintComponent (http://www.w3.org/ns/shacl#OrConstraintComponent):
	Severity: sh:Violation
	Source Shape: chr:HasProcedureRangeShape
	Focus Node: ex:proc_2345_7
	Value Node: ex:proc_2345_7
	Message: Object of chr:hasProcedure must be a chr:MedicalProcedure or subclass thereof.
Constraint Violation in OrConstraintComponent (http://www.w3.org/ns/shacl#OrConstraintComponent):
	Severity: sh:Violation
	Source Shape: chr:HasProcedureRangeShape
	Focus Node: ex:proc_2571_8
	Value Node: ex:proc_2571_8
	Message: Object of chr:hasProcedure must be a chr:MedicalProcedure or subclass thereof.
Constraint Violation in OrConstraintComponent (http://www.w3.org/ns/shacl#OrConstraintComponent):
	Severity: sh:Violation
	Source Shape: chr:HasProcedureRangeShape
	Focus Node: ex:proc_2823_3
	Value Node: ex:proc_2823_3
	Message: Object of chr:hasProcedure must be a chr:MedicalProcedure or subclass thereof.
Constraint Violation in OrConstraintComponent (http://www.w3.org/ns/shacl#OrConstraintComponent):
	Severity: sh:Violation
	Source Shape: chr:HasProcedureRangeShape
	Focus Node: ex:proc_29463_7
	Value Node: ex:proc_29463_7
	Message: Object of chr:hasProcedure must be a chr:MedicalProcedure or subclass thereof.
Constraint Violation in OrConstraintComponent (http://www.w3.org/ns/shacl#OrConstraintComponent):
	Severity: sh:Violation
	Source Shape: chr:HasProcedureRangeShape
	Focus Node: ex:proc_2947_0
	Value Node: ex:proc_2947_0
	Message: Object of chr:hasProcedure must be a chr:MedicalProcedure or subclass thereof.
Constraint Violation in OrConstraintComponent (http://www.w3.org/ns/shacl#OrConstraintComponent):
	Severity: sh:Violation
	Source Shape: chr:HasProcedureRangeShape
	Focus Node: ex:proc_2951_2
	Value Node: ex:proc_2951_2
	Message: Object of chr:hasProcedure must be a chr:MedicalProcedure or subclass thereof.
Constraint Violation in OrConstraintComponent (http://www.w3.org/ns/shacl#OrConstraintComponent):
	Severity: sh:Violation
	Source Shape: chr:HasProcedureRangeShape
	Focus Node: ex:proc_3094_0
	Value Node: ex:proc_3094_0
	Message: Object of chr:hasProcedure must be a chr:MedicalProcedure or subclass thereof.
Constraint Violation in OrConstraintComponent (http://www.w3.org/ns/shacl#OrConstraintComponent):
	Severity: sh:Violation
	Source Shape: chr:HasProcedureRangeShape
	Focus Node: ex:proc_33914_3
	Value Node: ex:proc_33914_3
	Message: Object of chr:hasProcedure must be a chr:MedicalProcedure or subclass thereof.
Constraint Violation in OrConstraintComponent (http://www.w3.org/ns/shacl#OrConstraintComponent):
	Severity: sh:Violation
	Source Shape: chr:HasProcedureRangeShape
	Focus Node: ex:proc_33914_3_2
	Value Node: ex:proc_33914_3_2
	Message: Object of chr:hasProcedure must be a chr:MedicalProcedure or subclass thereof.
Constraint Violation in OrConstraintComponent (http://www.w3.org/ns/shacl#OrConstraintComponent):
	Severity: sh:Violation
	Source Shape: chr:HasProcedureRangeShape
	Focus Node: ex:proc_38483_4
	Value Node: ex:proc_38483_4
	Message: Object of chr:hasProcedure must be a chr:MedicalProcedure or subclass thereof.
Constraint Violation in OrConstraintComponent (http://www.w3.org/ns/shacl#OrConstraintComponent):
	Severity: sh:Violation
	Source Shape: chr:HasProcedureRangeShape
	Focus Node: ex:proc_39156_5
	Value Node: ex:proc_39156_5
	Message: Object of chr:hasProcedure must be a chr:MedicalProcedure or subclass thereof.
Constraint Violation in OrConstraintComponent (http://www.w3.org/ns/shacl#OrConstraintComponent):
	Severity: sh:Violation
	Source Shape: chr:HasProcedureRangeShape
	Focus Node: ex:proc_4548_4
	Value Node: ex:proc_4548_4
	Message: Object of chr:hasProcedure must be a chr:MedicalProcedure or subclass thereof.
Constraint Violation in OrConstraintComponent (http://www.w3.org/ns/shacl#OrConstraintComponent):
	Severity: sh:Violation
	Source Shape: chr:HasProcedureRangeShape
	Focus Node: ex:proc_49765_1
	Value Node: ex:proc_49765_1
	Message: Object of chr:hasProcedure must be a chr:MedicalProcedure or subclass thereof.
Constraint Violation in OrConstraintComponent (http://www.w3.org/ns/shacl#OrConstraintComponent):
	Severity: sh:Violation
	Source Shape: chr:HasProcedureRangeShape
	Focus Node: ex:proc_55758_7
	Value Node: ex:proc_55758_7
	Message: Object of chr:hasProcedure must be a chr:MedicalProcedure or subclass thereof.
Constraint Violation in OrConstraintComponent (http://www.w3.org/ns/shacl#OrConstraintComponent):
	Severity: sh:Violation
	Source Shape: chr:HasProcedureRangeShape
	Focus Node: ex:proc_5792_7
	Value Node: ex:proc_5792_7
	Message: Object of chr:hasProcedure must be a chr:MedicalProcedure or subclass thereof.
Constraint Violation in OrConstraintComponent (http://www.w3.org/ns/shacl#OrConstraintComponent):
	Severity: sh:Violation
	Source Shape: chr:HasProcedureRangeShape
	Focus Node: ex:proc_5797_6
	Value Node: ex:proc_5797_6
	Message: Object of chr:hasProcedure must be a chr:MedicalProcedure or subclass thereof.
Constraint Violation in OrConstraintComponent (http://www.w3.org/ns/shacl#OrConstraintComponent):
	Severity: sh:Violation
	Source Shape: chr:HasProcedureRangeShape
	Focus Node: ex:proc_5803_2
	Value Node: ex:proc_5803_2
	Message: Object of chr:hasProcedure must be a chr:MedicalProcedure or subclass thereof.
Constraint Violation in OrConstraintComponent (http://www.w3.org/ns/shacl#OrConstraintComponent):
	Severity: sh:Violation
	Source Shape: chr:HasProcedureRangeShape
	Focus Node: ex:proc_5804_0
	Value Node: ex:proc_5804_0
	Message: Object of chr:hasProcedure must be a chr:MedicalProcedure or subclass thereof.
Constraint Violation in OrConstraintComponent (http://www.w3.org/ns/shacl#OrConstraintComponent):
	Severity: sh:Violation
	Source Shape: chr:HasProcedureRangeShape
	Focus Node: ex:proc_5811_5
	Value Node: ex:proc_5811_5
	Message: Object of chr:hasProcedure must be a chr:MedicalProcedure or subclass thereof.
Constraint Violation in OrConstraintComponent (http://www.w3.org/ns/shacl#OrConstraintComponent):
	Severity: sh:Violation
	Source Shape: chr:HasProcedureRangeShape
	Focus Node: ex:proc_59460_6
	Value Node: ex:proc_59460_6
	Message: Object of chr:hasProcedure must be a chr:MedicalProcedure or subclass thereof.
Constraint Violation in OrConstraintComponent (http://www.w3.org/ns/shacl#OrConstraintComponent):
	Severity: sh:Violation
	Source Shape: chr:HasProcedureRangeShape
	Focus Node: ex:proc_6298_4
	Value Node: ex:proc_6298_4
	Message: Object of chr:hasProcedure must be a chr:MedicalProcedure or subclass thereof.
Constraint Violation in OrConstraintComponent (http://www.w3.org/ns/shacl#OrConstraintComponent):
	Severity: sh:Violation
	Source Shape: chr:HasProcedureRangeShape
	Focus Node: ex:proc_6299_2
	Value Node: ex:proc_6299_2
	Message: Object of chr:hasProcedure must be a chr:MedicalProcedure or subclass thereof.
Constraint Violation in OrConstraintComponent (http://www.w3.org/ns/shacl#OrConstraintComponent):
	Severity: sh:Violation
	Source Shape: chr:HasProcedureRangeShape
	Focus Node: ex:proc_72514_3
	Value Node: ex:proc_72514_3
	Message: Object of chr:hasProcedure must be a chr:MedicalProcedure or subclass thereof.
Constraint Violation in OrConstraintComponent (http://www.w3.org/ns/shacl#OrConstraintComponent):
	Severity: sh:Violation
	Source Shape: chr:HasProcedureRangeShape
	Focus Node: ex:proc_8302_2
	Value Node: ex:proc_8302_2
	Message: Object of chr:hasProcedure must be a chr:MedicalProcedure or subclass thereof.
Constraint Violation in OrConstraintComponent (http://www.w3.org/ns/shacl#OrConstraintComponent):
	Severity: sh:Violation
	Source Shape: chr:HasProcedureRangeShape
	Focus Node: ex:proc_8867_4
	Value Node: ex:proc_8867_4
	Message: Object of chr:hasProcedure must be a chr:MedicalProcedure or subclass thereof.
Constraint Violation in OrConstraintComponent (http://www.w3.org/ns/shacl#OrConstraintComponent):
	Severity: sh:Violation
	Source Shape: chr:HasProcedureRangeShape
	Focus Node: ex:proc_9279_1
	Value Node: ex:proc_9279_1
	Message: Object of chr:hasProcedure must be a chr:MedicalProcedure or subclass thereof.
Constraint Violation in PatternConstraintComponent (http://www.w3.org/ns/shacl#PatternConstraintComponent):
	Severity: sh:Violation
	Source Shape: chr:SchemaClassVocabularyShape
	Focus Node: ns1:ClinicalCondition
	Value Node: ns1:ClinicalCondition
	Message: rdf:type must be a class declared in the CHR schema; this class is not in the schema.
Constraint Violation in PatternConstraintComponent (http://www.w3.org/ns/shacl#PatternConstraintComponent):
	Severity: sh:Violation
	Source Shape: chr:SchemaClassVocabularyShape
	Focus Node: ns1:Measurement
	Value Node: ns1:Measurement
	Message: rdf:type must be a class declared in the CHR schema; this class is not in the schema.
Constraint Violation in PatternConstraintComponent (http://www.w3.org/ns/shacl#PatternConstraintComponent):
	Severity: sh:Violation
	Source Shape: chr:SchemaClassVocabularyShape
	Focus Node: ns1:MeasurementProcess
	Value Node: ns1:MeasurementProcess
	Message: rdf:type must be a class declared in the CHR schema; this class is not in the schema.
Constraint Violation in PatternConstraintComponent (http://www.w3.org/ns/shacl#PatternConstraintComponent):
	Severity: sh:Violation
	Source Shape: chr:SchemaClassVocabularyShape
	Focus Node: ns1:ProcessStatus
	Value Node: ns1:ProcessStatus
	Message: rdf:type must be a class declared in the CHR schema; this class is not in the schema.
Constraint Violation in PatternConstraintComponent (http://www.w3.org/ns/shacl#PatternConstraintComponent):
	Severity: sh:Violation
	Source Shape: chr:SchemaClassVocabularyShape
	Focus Node: ns1:Severity
	Value Node: ns1:Severity
	Message: rdf:type must be a class declared in the CHR schema; this class is not in the schema.

exit=1
